customerID,tenure,MonthlyCharges,TotalCharges,Churn,EstimatedCLV,CLVGroup
7590-VHVEG,1,29.85,29.85,No,967.7903156996588,Standard-Value
5575-GNVDE,34,56.95,1889.5,No,1846.4207195676909,Standard-Value
3668-QPYBK,2,53.85,108.15,Yes,1745.9131825938568,Standard-Value
7795-CFOCW,45,42.3,1840.75,No,1371.441552901024,Standard-Value
9237-HQITU,2,70.7,151.65,Yes,2292.220278725825,Standard-Value
9305-CDSKC,8,99.65,820.5,Yes,3230.8309869169516,High-Value
1452-KIOVK,22,89.1,1949.4,No,2888.78114334471,Standard-Value
6713-OKOMC,10,29.75,301.9,No,964.5481370875996,Standard-Value
7892-POOKP,28,104.8,3046.05,Yes,3397.803185437998,High-Value
6388-TABGU,62,56.15,3487.95,No,1820.4832906712174,Standard-Value
9763-GRSKD,13,49.95,587.45,No,1619.4682167235496,Standard-Value
7469-LKBCI,16,18.95,326.8,No,614.3928469852104,Standard-Value
8091-TTVAX,58,100.35,5681.1,No,3253.5262372013653,High-Value
0280-XJGEX,49,103.7,5036.3,Yes,3362.1392207053473,High-Value
5129-JLPIS,25,105.5,2686.05,No,3420.498435722412,High-Value
3655-SNQYZ,69,113.25,7895.15,No,3671.767278156997,High-Value
8191-XWSZG,52,20.65,1022.95,No,669.5098833902161,Standard-Value
9959-WOFKT,71,106.7,7382.25,No,3459.404579067122,High-Value
4190-MFLUW,10,55.2,528.35,Yes,1789.6825938566556,Standard-Value
4183-MYFRB,21,90.05,1862.9,No,2919.581840159272,High-Value
8779-QRDMV,1,39.65,39.65,Yes,1285.5238196814562,Standard-Value
1680-VDCWW,12,19.8,202.25,No,641.9513651877133,Standard-Value
1066-JKSGK,1,20.15,20.15,Yes,653.2989903299203,Standard-Value
3638-WEABW,58,59.9,3505.1,No,1942.0649886234357,Standard-Value
6322-HRPFA,49,59.6,2970.3,No,1932.3384527872583,Standard-Value
6865-JZNKO,30,55.3,1530.6,No,1792.9247724687145,Standard-Value
6467-CHFZW,47,99.35,4749.15,Yes,3221.1044510807737,High-Value
8665-UTDHZ,1,30.2,30.2,Yes,979.1379408418658,Standard-Value
5248-YGIJN,72,90.25,6369.45,No,2926.0661973833903,High-Value
8773-HHUOZ,17,64.7,1093.1,Yes,2097.6895620022756,Standard-Value
3841-NFECX,71,96.35,6766.95,No,3123.839092718999,High-Value
4929-XIHVW,2,95.5,181.65,No,3096.2805745164965,High-Value
6827-IEAUQ,27,66.15,1874.45,No,2144.7011518771333,Standard-Value
7310-EGVHZ,1,20.2,20.2,No,654.92007963595,Standard-Value
3413-BMNZE,1,45.25,45.25,No,1467.0858219567692,Standard-Value
6234-RAAPL,72,99.9,7251.7,No,3238.9364334470993,High-Value
6047-YHPVI,5,69.7,316.9,Yes,2259.7984926052336,Standard-Value
6572-ADKRS,46,74.8,3548.3,No,2425.14960182025,Standard-Value
5380-WJKOV,34,106.35,3549.25,Yes,3448.056953924915,High-Value
8168-UQWWF,11,97.85,1105.4,Yes,3172.4717718998863,High-Value
8865-TNMNX,10,49.55,475.7,No,1606.4995022753128,Standard-Value
9489-DEDVP,70,69.2,4872.35,No,2243.587599544938,Standard-Value
9867-JCZSP,17,20.75,418.25,No,672.7520620022754,Standard-Value
4671-VJLCL,63,79.85,4861.45,No,2588.879621729238,Standard-Value
4080-IIARD,13,76.2,981.45,No,2470.5401023890786,Standard-Value
3714-NTNFO,49,84.5,3906.7,No,2739.640927189989,Standard-Value
5948-UJZLF,2,49.25,97.0,No,1596.7729664391354,Standard-Value
7760-OYPDY,2,80.65,144.15,Yes,2614.8170506257115,Standard-Value
7639-LIAYI,52,79.75,4217.8,No,2585.637443117179,Standard-Value
2954-PIBKO,69,64.15,4254.1,No,2079.85757963595,Standard-Value
8012-SOUDQ,43,90.25,3838.75,No,2926.0661973833903,High-Value
9420-LOJKX,15,99.1,1426.4,Yes,3212.9990045506256,High-Value
6575-SUVOI,25,69.5,1752.65,No,2253.314135381115,Standard-Value
7495-OOKFY,8,80.65,633.3,Yes,2614.8170506257115,Standard-Value
4667-QONEA,60,74.85,4456.35,No,2426.77069112628,Standard-Value
1658-BYGOY,18,95.45,1752.55,Yes,3094.6594852104668,High-Value
8769-KKTPH,63,99.65,6311.2,No,3230.8309869169516,High-Value
5067-XJQFU,66,108.45,7076.35,No,3516.142704778157,High-Value
3957-SQXML,34,24.95,894.3,No,808.92356370876,Standard-Value
5954-BDFSG,72,107.5,7853.7,No,3485.3420079635953,High-Value
0434-CSFON,47,100.5,4707.1,No,3258.389505119454,High-Value
1215-FIGMP,60,89.9,5450.7,No,2914.7185722411837,High-Value
0526-SXDJP,72,42.1,2962.0,No,1364.9571956769057,Standard-Value
0557-ASKVU,18,54.4,957.1,No,1763.7451649601821,Standard-Value
5698-BQJOH,9,94.4,857.25,Yes,3060.616609783846,High-Value
5122-CYFXA,3,75.3,244.1,No,2441.360494880546,Standard-Value
8627-ZYGSZ,47,78.9,3650.35,No,2558.078924914676,Standard-Value
3410-YOQBQ,31,79.2,2497.2,No,2567.8054607508534,Standard-Value
3170-NMYVV,50,20.15,930.9,No,653.2989903299203,Standard-Value
7410-OIEDU,10,79.85,887.35,No,2588.879621729238,Standard-Value
2273-QCKXA,1,49.05,49.05,No,1590.288609215017,Standard-Value
0731-EBJQB,52,20.4,1090.65,No,661.4044368600682,Standard-Value
1891-QRQSA,64,111.6,7099.0,No,3618.2713310580207,High-Value
8028-PNXHQ,62,24.25,1424.6,No,786.2283134243459,Standard-Value
5630-AHZIL,3,64.5,177.4,No,2091.205204778157,Standard-Value
2673-CXQEU,56,110.5,6139.5,No,3582.60736632537,High-Value
6416-JNVRK,46,55.65,2688.85,No,1804.2723976109216,Standard-Value
5590-ZSKRV,8,54.65,482.25,No,1771.85061149033,Standard-Value
0191-ZHSKZ,30,74.75,2111.3,No,2423.528512514221,Standard-Value
3887-PBQAO,45,25.9,1216.6,No,839.724260523322,Standard-Value
5919-TMRGD,1,79.35,79.35,Yes,2572.668728668942,Standard-Value
8108-UXRQN,11,50.55,565.35,No,1638.9212883959044,Standard-Value
9191-MYQKX,7,75.15,496.9,Yes,2436.4972269624577,Standard-Value
9919-YLNNG,42,103.8,4327.5,No,3365.3813993174062,High-Value
0318-ZOPWS,49,20.15,973.35,No,653.2989903299203,Standard-Value
4445-ZJNMU,9,99.3,918.75,No,3219.483361774744,High-Value
4808-YNLEU,35,62.15,2215.45,No,2015.0140073947668,Standard-Value
1862-QRWPE,48,20.65,1057.0,No,669.5098833902161,Standard-Value
2796-NNUFI,46,19.95,927.1,No,646.814633105802,Standard-Value
3016-KSVCP,29,33.75,1009.25,No,1094.235281569966,Standard-Value
4767-HZZHQ,30,82.05,2570.2,No,2660.2075511945395,Standard-Value
2424-WVHPL,1,74.7,74.7,No,2421.9074232081916,Standard-Value
7233-PAHHL,66,84.0,5714.25,No,2723.430034129693,Standard-Value
6067-NGCEU,65,111.05,7107.0,No,3600.439348691695,High-Value
9848-JQJTX,72,100.9,7459.05,No,3271.358219567691,High-Value
8637-XJIVR,12,78.95,927.35,Yes,2559.7000142207057,Standard-Value
9803-FTJCG,71,66.85,4748.7,No,2167.396402161547,Standard-Value
0278-YXOOG,5,21.05,113.85,Yes,682.4785978384529,Standard-Value
3212-KXOCR,52,21.0,1107.2,No,680.8575085324233,Standard-Value
4598-XLKNJ,25,98.5,2514.5,Yes,3193.545932878271,High-Value
6380-ARCEH,1,20.2,20.2,No,654.92007963595,Standard-Value
3679-XASPY,1,19.45,19.45,No,630.6037400455062,Standard-Value
7123-WQUHX,38,95.0,3605.6,No,3080.0696814562007,High-Value
5386-THSLQ,66,45.55,3027.25,No,1476.8123577929466,Standard-Value
3192-NQECA,68,110.0,7611.85,Yes,3566.3964732650743,High-Value
6180-YBIQI,5,24.3,100.2,No,787.8494027303755,Standard-Value
6728-DKUCO,72,104.15,7303.05,No,3376.729024459614,High-Value
9750-BOOHV,32,30.15,927.65,No,977.5168515358362,Standard-Value
8597-CWYHH,43,94.35,3921.3,No,3058.9955204778157,High-Value
2848-YXSMW,72,19.4,1363.25,No,628.9826507394766,Standard-Value
0486-HECZI,55,96.75,5238.9,Yes,3136.8078071672358,High-Value
4549-ZDQYY,52,57.95,3042.25,No,1878.8425056882825,Standard-Value
5712-AHQNN,43,91.65,3954.1,No,2971.4566979522187,High-Value
4846-WHAFZ,37,76.5,2868.15,Yes,2480.266638225256,Standard-Value
5256-SKJGO,64,54.6,3423.5,No,1770.2295221843005,Standard-Value
3071-VBYPO,3,89.85,248.4,No,2913.0974829351535,Standard-Value
9560-BBZXK,36,31.05,1126.35,No,1006.6964590443687,Standard-Value
5299-RULOA,10,100.25,1064.65,Yes,3250.2840585893064,High-Value
8402-OOOHJ,41,20.65,835.15,No,669.5098833902161,Standard-Value
9445-ZUEQE,27,85.2,2151.6,No,2762.336177474403,Standard-Value
1091-SOZGA,56,99.8,5515.45,No,3235.69425483504,High-Value
2928-HLDBA,6,20.7,112.75,No,671.1309726962457,Standard-Value
0404-SWRVG,3,74.4,229.55,Yes,2412.1808873720142,Standard-Value
6497-TILVL,7,50.7,350.35,No,1643.7845563139933,Standard-Value
7219-TLZHO,4,20.85,62.9,No,675.9942406143346,Standard-Value
4622-YNKIJ,33,88.95,3027.65,No,2883.9178754266213,Standard-Value
4412-YLTKF,27,78.05,2135.5,Yes,2530.520406712173,Standard-Value
6734-PSBAW,72,23.55,1723.95,No,763.5330631399319,Standard-Value
3930-ZGWVE,1,19.75,19.75,No,640.3302758816837,Standard-Value
2639-UGMAZ,71,56.45,3985.35,No,1830.209826507395,Standard-Value
2876-GZYZC,13,85.95,1215.65,No,2786.6525170648465,Standard-Value
6207-WIOLX,25,58.6,1502.65,Yes,1899.916666666667,Standard-Value
8587-XYZSF,67,50.55,3260.1,No,1638.9212883959044,Standard-Value
3091-FYHKI,1,35.45,35.45,Yes,1149.3523179749718,Standard-Value
2372-HWUHI,2,44.35,81.25,Yes,1437.9062144482368,Standard-Value
7799-LGRDP,43,25.7,1188.2,No,833.2399032992037,Standard-Value
7850-VWJUU,23,75.0,1778.5,No,2431.6339590443686,Standard-Value
3774-VBNXY,64,20.2,1277.75,No,654.92007963595,Standard-Value
6217-KDYWC,57,19.6,1170.55,No,635.467007963595,Standard-Value
0390-DCFDQ,1,70.45,70.45,Yes,2284.114832195677,Standard-Value
3146-MSEGF,72,88.05,6425.65,No,2854.7382679180887,Standard-Value
4080-OGPJL,8,71.15,563.65,Yes,2306.8100824800913,Standard-Value
1095-WGNGG,61,101.05,5971.25,No,3276.2214874857796,High-Value
2636-SJDOU,64,84.3,5289.05,No,2733.1565699658704,Standard-Value
1131-QQZEB,71,23.95,1756.2,No,776.5017775881685,Standard-Value
5716-EZXZN,65,99.05,6416.7,No,3211.3779152445964,High-Value
6837-BJYDQ,3,19.6,61.35,No,635.467007963595,Standard-Value
2135-RXIHG,1,45.65,45.65,Yes,1480.0545364050058,Standard-Value
6440-DKQGE,30,64.5,1929.95,No,2091.205204778157,Standard-Value
3466-BYAVD,15,69.5,1071.4,No,2253.314135381115,Standard-Value
3780-YVMFA,8,68.55,564.35,No,2222.513438566553,Standard-Value
3874-EQOEP,7,95.0,655.5,Yes,3080.0696814562007,High-Value
1679-JRFBR,70,108.15,7930.55,No,3506.41616894198,High-Value
9073-ZZIAY,62,86.1,5215.25,No,2791.515784982935,Standard-Value
3077-RSNTJ,6,19.7,113.5,No,638.7091865756541,Standard-Value
6551-GNYDG,14,80.9,1152.8,No,2622.922497155859,Standard-Value
9167-APMXZ,22,84.15,1821.95,No,2728.293302047782,Standard-Value
2749-CTKAJ,22,20.15,419.9,No,653.2989903299203,Standard-Value
6371-NZYEG,16,64.25,1024.0,No,2083.099758248009,Standard-Value
7554-NEWDD,10,25.7,251.6,No,833.2399032992037,Standard-Value
8992-VONJD,13,56.0,764.55,No,1815.6200227531288,Standard-Value
0867-MKZVY,20,82.4,1592.35,Yes,2671.5551763367466,Standard-Value
4482-EWFMI,2,69.7,135.2,No,2259.7984926052336,Standard-Value
4648-YPBTM,53,73.9,3958.25,No,2395.9699943117184,Standard-Value
2907-ILJBN,11,20.6,233.9,No,667.8887940841867,Standard-Value
6345-FZOQH,69,19.9,1363.45,No,645.1935437997724,Standard-Value
3376-BMGFE,4,70.9,273.0,Yes,2298.7046359499436,Standard-Value
5997-OPVFA,72,89.05,6254.45,No,2887.1600540386803,Standard-Value
3445-HXXGF,58,45.3,2651.2,Yes,1468.7069112627987,Standard-Value
1159-WFSGR,16,20.4,321.4,No,661.4044368600682,Standard-Value
7654-YWJUF,43,84.25,3539.25,No,2731.535480659841,Standard-Value
1875-QIVME,2,104.4,242.8,Yes,3384.8344709897615,High-Value
6727-IOTLZ,14,81.95,1181.75,No,2656.9653725824805,Standard-Value
0691-JVSYA,53,94.85,5000.2,Yes,3075.2064135381115,High-Value
5918-VUKWP,32,20.55,654.55,No,666.267704778157,Standard-Value
1744-JHKYS,34,24.7,780.2,No,800.818117178612,Standard-Value
2656-FMOKZ,15,74.45,1145.7,Yes,2413.8019766780435,Standard-Value
2070-FNEXE,7,76.45,503.6,Yes,2478.6455489192267,Standard-Value
5947-SGKCL,15,105.35,1559.25,No,3415.6351678043234,High-Value
3712-PKXZA,61,20.55,1252.0,No,666.267704778157,Standard-Value
6317-YPKDH,1,29.95,29.95,Yes,971.0324943117179,Standard-Value
6582-OIVSP,1,45.3,45.3,No,1468.7069112627987,Standard-Value
9367-WXLCH,8,84.5,662.65,Yes,2739.640927189989,Standard-Value
5524-KHNJP,33,74.75,2453.3,No,2423.528512514221,Standard-Value
1918-ZBFQJ,13,79.25,1111.65,Yes,2569.426550056883,Standard-Value
1024-GUALD,1,24.8,24.8,Yes,804.0602957906713,Standard-Value
4827-USJHP,20,51.8,1023.85,No,1679.448521046644,Standard-Value
8167-GJLRN,3,30.4,82.15,No,985.6222980659841,Standard-Value
0956-SYCWG,13,19.65,244.8,No,637.0880972696245,Standard-Value
8017-UVSZU,40,56.6,2379.1,No,1835.0730944254838,Standard-Value
7100-FQPRV,43,71.9,3173.35,No,2331.126422070535,Standard-Value
2472-OVKUP,6,91.0,531.0,Yes,2950.3825369738342,High-Value
2984-RGEYA,69,19.75,1375.4,No,640.3302758816837,Standard-Value
9680-NIAUV,72,109.7,8129.3,No,3556.669937428897,High-Value
2146-EGVDT,59,19.3,1192.7,No,625.7404721274175,Standard-Value
2604-IJPDU,20,96.55,1901.65,No,3130.3234499431173,High-Value
9178-JHUVJ,24,24.1,587.4,No,781.3650455062572,Standard-Value
6168-YBYNP,59,111.35,6519.75,No,3610.1658845278725,High-Value
7255-SSFBC,72,112.25,8041.65,No,3639.345492036405,High-Value
3645-DEYGF,1,20.75,20.75,No,672.7520620022754,Standard-Value
9323-HGFWY,27,101.9,2681.15,No,3303.7800056882825,High-Value
8544-GOQSH,14,80.05,1112.3,No,2595.3639789533563,Standard-Value
3363-DTIVD,71,105.55,7405.5,No,3422.119525028442,High-Value
7018-WBJNK,13,78.3,1033.95,No,2538.6258532423208,Standard-Value
9142-KZXOP,44,68.85,2958.95,No,2232.2399744027302,Standard-Value
7674-YTAFD,33,79.95,2684.85,No,2592.1218003412973,Standard-Value
6348-SNFUS,72,55.45,4179.2,No,1797.7880403868035,Standard-Value
1285-OKIPP,1,79.9,79.9,Yes,2590.5007110352676,Standard-Value
7825-ECJRF,19,106.6,1934.45,Yes,3456.1624004550627,High-Value
1347-KTTTA,64,102.45,6654.1,No,3321.611988054608,High-Value
7841-TZDMQ,2,46.0,84.5,Yes,1491.402161547213,Standard-Value
4195-NZGTA,1,25.25,25.25,No,818.6500995449375,Standard-Value
7157-SMCFK,61,19.75,1124.2,No,640.3302758816837,Standard-Value
4709-LKHYG,29,20.0,540.05,No,648.4357224118316,Standard-Value
2504-DSHIH,23,86.8,1975.85,No,2814.2110352673494,Standard-Value
0699-NDKJM,57,58.75,3437.45,No,1904.7799345847554,Standard-Value
9286-BHDQG,72,45.25,3139.8,No,1467.0858219567692,Standard-Value
0230-WEQUW,66,56.6,3789.2,No,1835.0730944254838,Standard-Value
2040-LDIWQ,65,84.2,5324.5,No,2729.9143913538114,Standard-Value
6496-JDSSB,8,80.0,624.6,No,2593.7428896473266,Standard-Value
9408-SSNVZ,4,70.15,268.35,Yes,2274.3882963594997,Standard-Value
4443-EMBNA,71,24.75,1836.9,No,802.4392064846417,Standard-Value
6469-MRVET,1,20.2,20.2,No,654.92007963595,Standard-Value
0742-MOABM,4,50.05,179.35,Yes,1622.7103953356086,Standard-Value
5961-VUSRV,12,19.35,219.35,No,627.3615614334472,Standard-Value
6778-JFCMK,24,50.6,1288.75,No,1640.5423777019341,Standard-Value
6341-JVQGF,31,81.15,2545.75,No,2631.0279436860073,Standard-Value
2232-DMLXU,1,55.2,55.2,Yes,1789.6825938566556,Standard-Value
4811-JBUVU,30,89.9,2723.15,No,2914.7185722411837,High-Value
0945-TSONX,47,85.3,4107.25,No,2765.578356086462,Standard-Value
2651-ZCBXV,54,108.0,5760.65,No,3501.552901023891,High-Value
3316-UWXUY,50,93.5,4747.5,No,3031.4370022753133,High-Value
8937-RDTHP,1,84.6,84.6,Yes,2742.883105802048,Standard-Value
7083-MIOPC,72,20.25,1566.9,No,656.5411689419795,Standard-Value
1984-GPTEH,29,25.15,702.0,No,815.4079209328783,Standard-Value
1251-KRREG,2,54.4,114.1,Yes,1763.7451649601821,Standard-Value
0621-JFHOL,10,29.6,299.05,No,959.6848691695109,Standard-Value
9903-LYSAB,18,73.15,1305.95,No,2371.6536547212745,Standard-Value
0094-OIFMO,11,95.0,1120.3,Yes,3080.0696814562007,High-Value
9227-UAQFT,16,19.75,284.35,No,640.3302758816837,Standard-Value
7301-ABVAD,72,86.6,6350.5,No,2807.726678043231,Standard-Value
6614-FHDBO,72,109.2,7878.3,No,3540.459044368601,High-Value
7576-ASEJU,41,74.7,3187.65,No,2421.9074232081916,Standard-Value
9058-HRZSV,65,94.4,6126.15,No,3060.616609783846,High-Value
4522-AKYLR,13,54.8,731.3,No,1776.7138794084187,Standard-Value
0221-WMXNQ,4,75.35,273.4,No,2442.9815841865757,Standard-Value
0303-UNCIP,41,65.0,2531.8,No,2107.416097838453,Standard-Value
9947-OTFQU,15,74.4,1074.3,Yes,2412.1808873720142,Standard-Value
0322-YINQP,1,48.55,48.55,Yes,1574.0777161547212,Standard-Value
0959-WHOKV,42,99.0,4298.45,No,3209.7568259385666,High-Value
4075-JFPGR,51,93.5,4619.55,No,3031.4370022753133,High-Value
4629-NRXKX,2,70.4,147.15,Yes,2282.493742889648,Standard-Value
9514-JDSKI,1,40.2,40.2,Yes,1303.3558020477817,Standard-Value
3282-ZISZV,32,83.7,2633.3,No,2713.7034982935156,Standard-Value
3675-YDUPJ,10,19.85,193.05,No,643.572454493743,Standard-Value
4111-BNXIF,67,59.55,4103.9,No,1930.7173634812286,Standard-Value
7017-VFHAY,61,115.1,7008.15,No,3731.7475824800913,High-Value
6655-LHBYW,50,114.35,5791.1,No,3707.4312428896474,High-Value
4959-JOSRX,2,44.6,80.55,Yes,1446.0116609783847,Standard-Value
5046-NUHWD,29,45.0,1228.65,No,1458.9803754266213,Standard-Value
7273-TEFQD,3,41.15,132.2,Yes,1334.1564988623436,Standard-Value
3606-TWKGI,13,106.9,1364.3,Yes,3465.8889362912405,High-Value
7529-ZDFXI,57,89.85,4925.35,No,2913.0974829351535,Standard-Value
7605-BDWDC,31,49.85,1520.1,No,1616.2260381114904,Standard-Value
1950-KSVVJ,45,113.3,5032.25,No,3673.3883674630265,High-Value
0123-CRBRT,61,88.1,5526.75,No,2856.3593572241184,Standard-Value
6292-TOSSS,50,24.9,1195.25,No,807.3024744027304,Standard-Value
3197-ARFOY,19,105.0,2007.25,No,3404.2875426621163,High-Value
6323-AYBRX,59,19.35,1099.6,Yes,627.3615614334472,Standard-Value
7014-ZZXAW,71,24.25,1732.95,No,786.2283134243459,Standard-Value
4385-GZQXV,16,94.45,1511.2,Yes,3062.237699089875,High-Value
7633-MVPUY,57,59.75,3450.15,No,1937.201720705347,Standard-Value
6366-ZGQGL,1,24.8,24.8,Yes,804.0602957906713,Standard-Value
4716-HHKQH,20,107.05,2172.05,No,3470.7522042093287,High-Value
5940-AHUHD,1,70.6,70.6,Yes,2288.978100113766,Standard-Value
6432-TWQLB,5,85.4,401.1,Yes,2768.8205346985214,Standard-Value
4484-GLZOU,52,105.05,5624.85,Yes,3405.908631968146,High-Value
3179-GBRWV,21,64.95,1339.8,No,2105.7950085324233,Standard-Value
8645-KWHJO,14,55.0,771.95,No,1783.1982366325371,Standard-Value
4130-MZLCC,5,50.55,244.75,No,1638.9212883959044,Standard-Value
0314-TKOSI,6,55.15,322.9,No,1788.0615045506258,Standard-Value
8229-MYEJZ,10,51.2,498.25,No,1659.9954493742891,Standard-Value
2080-SRCDE,1,25.4,25.4,No,823.5133674630262,Standard-Value
9577-WJVCQ,68,54.45,3687.75,No,1765.3662542662119,Standard-Value
9512-UIBFX,18,95.15,1779.95,Yes,3084.9329493742894,High-Value
6202-DYYFX,22,76.0,1783.6,No,2464.05574516496,Standard-Value
3808-HFKDE,20,44.35,927.15,No,1437.9062144482368,Standard-Value
5583-SXDAG,1,70.0,70.0,Yes,2269.525028441411,Standard-Value
3488-PGMQJ,8,74.5,606.55,Yes,2415.423065984073,Standard-Value
3580-REOAC,10,44.85,435.4,Yes,1454.1171075085326,Standard-Value
7534-BFESC,24,76.1,1712.7,Yes,2467.297923777019,Standard-Value
3727-OWVYD,35,61.2,2021.2,No,1984.213310580205,Standard-Value
2294-SALNE,23,86.8,1940.8,No,2814.2110352673494,Standard-Value
4847-TAJYI,6,89.35,567.8,No,2896.8865898748577,Standard-Value
1563-IWQEX,12,19.7,220.35,No,638.7091865756541,Standard-Value
8203-XJZRC,1,20.25,20.25,No,656.5411689419795,Standard-Value
6556-DBKZF,71,76.05,5436.45,No,2465.67683447099,Standard-Value
6851-WEFYX,35,100.8,3437.5,No,3268.1160409556314,High-Value
2985-JUUBZ,40,74.55,3015.75,No,2417.0441552901025,Standard-Value
6390-DSAZX,1,73.6,73.6,Yes,2386.2434584755406,Standard-Value
0895-LMRSF,23,64.9,1509.8,No,2104.173919226394,Standard-Value
8098-LLAZX,4,95.45,396.1,Yes,3094.6594852104668,High-Value
8266-VBFQL,4,90.4,356.65,No,2930.9294653014795,High-Value
8181-YHCMF,68,60.3,4109.0,No,1955.0337030716723,Standard-Value
2240-HSJQD,38,81.85,3141.7,No,2653.723193970421,Standard-Value
1248-DYXUB,52,24.8,1229.1,No,804.0602957906713,Standard-Value
0265-EDXBD,32,74.9,2303.35,Yes,2428.3917804323096,Standard-Value
4115-BNPJY,29,75.55,2054.4,No,2449.465941410694,Standard-Value
3167-SNQPL,38,101.15,3741.85,No,3279.463666097839,High-Value
4091-TVOCN,48,78.75,3682.45,No,2553.2156569965873,Standard-Value
1098-TDVUQ,1,19.25,19.25,No,624.119382821388,Standard-Value
7277-OZCGZ,22,89.05,1886.25,No,2887.1600540386803,Standard-Value
1557-EMYVT,43,115.05,4895.1,No,3730.1264931740616,High-Value
2799-ARNLO,5,69.35,341.6,No,2248.450867463026,Standard-Value
7563-BIUPC,5,80.6,415.55,Yes,2613.1959613196814,Standard-Value
5027-YOCXN,51,110.05,5686.4,No,3568.0175625711036,High-Value
3973-SKMLN,71,19.9,1355.1,No,645.1935437997724,Standard-Value
2321-OMBXY,38,80.3,3058.65,Yes,2603.469425483504,Standard-Value
2840-XANRC,24,93.15,2231.05,Yes,3020.089377133106,High-Value
6745-JEFZB,35,91.5,3236.35,No,2966.59343003413,High-Value
5020-ZSTTY,54,82.45,4350.1,Yes,2673.1762656427763,Standard-Value
9880-TDQAC,72,60.0,4264.0,No,1945.307167235495,Standard-Value
8705-WZCYL,1,44.8,44.8,No,1452.496018202503,Standard-Value
7102-JJVTX,9,48.6,422.3,No,1575.698805460751,Standard-Value
8626-PTQGE,69,60.05,4176.7,No,1946.9282565415244,Standard-Value
4983-CLMLV,52,102.7,5138.1,No,3329.7174345847557,High-Value
5701-YVSVF,11,82.9,880.05,No,2687.7660693970424,Standard-Value
5804-LEPIM,2,70.35,139.05,Yes,2280.8726535836176,Standard-Value
5697-GOMBF,28,35.9,973.65,No,1163.942121729238,Standard-Value
2739-CACDQ,17,82.65,1470.05,No,2679.6606228668948,Standard-Value
9385-EHGDO,35,19.85,739.35,No,643.572454493743,Standard-Value
9498-FIMXL,8,19.2,161.95,No,622.4982935153583,Standard-Value
2379-GYFLQ,46,94.9,4422.95,No,3076.8275028441417,High-Value
0122-OAHPZ,7,73.85,511.25,Yes,2394.3489050056883,Standard-Value
2868-SNELZ,2,80.6,155.8,Yes,2613.1959613196814,Standard-Value
4322-RCYMT,68,75.8,5293.95,Yes,2457.5713879408418,Standard-Value
6680-NENYN,43,104.6,4759.85,Yes,3391.3188282138794,High-Value
2088-IEBAU,68,88.15,6148.45,No,2857.980446530148,Standard-Value
7982-VCELR,36,94.8,3565.65,No,3073.5853242320823,High-Value
1343-EHPYB,63,103.4,6603.0,Yes,3352.41268486917,High-Value
6035-BXTTY,32,54.65,1830.1,No,1771.85061149033,Standard-Value
6885-PKOAM,71,85.75,6223.8,No,2780.168159840728,Standard-Value
7520-HQWJU,66,67.45,4508.65,No,2186.8494738339023,Standard-Value
9639-BUJXT,63,20.5,1328.15,No,664.6466154721275,Standard-Value
5924-SNGKP,41,20.25,865.0,No,656.5411689419795,Standard-Value
0021-IKXGC,1,72.1,72.1,No,2337.610779294653,Standard-Value
2034-GDRCN,2,90.4,168.2,Yes,2930.9294653014795,High-Value
8966-SNIZF,70,19.45,1303.5,No,630.6037400455062,Standard-Value
6243-OZGFH,23,44.95,996.85,No,1457.3592861205918,Standard-Value
4654-DLAMQ,64,97.0,6430.9,No,3144.9132536973834,High-Value
0513-RBGPE,37,62.8,2278.75,No,2036.0881683731513,Standard-Value
5160-UXJED,17,44.6,681.4,No,1446.0116609783847,Standard-Value
4115-NZRKS,7,89.15,574.35,No,2890.4022326507397,Standard-Value
0219-YTZUE,4,84.8,371.9,Yes,2749.367463026166,Standard-Value
0623-IIHUG,21,41.9,840.1,Yes,1358.4728384527873,Standard-Value
4572-DVCGN,10,80.25,846.0,Yes,2601.8483361774747,Standard-Value
3351-NGXYI,16,54.1,889.0,No,1754.0186291240047,Standard-Value
8984-EYLLL,64,105.25,6823.4,No,3412.3929891922644,High-Value
9057-MSWCO,27,30.75,805.1,Yes,996.9699232081912,Standard-Value
9833-TGFHX,42,97.1,4016.75,No,3148.1554323094424,High-Value
9294-TDIPC,5,20.2,83.75,No,654.92007963595,Standard-Value
5229-DTFYB,41,98.8,3959.15,No,3203.272468714448,High-Value
0104-PPXDV,58,50.3,2878.55,No,1630.8158418657565,Standard-Value
5176-LMJXE,47,20.55,945.7,No,666.267704778157,Standard-Value
3583-KRKMD,18,75.9,1373.05,No,2460.813566552901,Standard-Value
1010-DIAUQ,5,96.5,492.55,Yes,3128.7023606370876,High-Value
9069-LGEUL,23,59.95,1406.0,No,1943.6860779294655,Standard-Value
7302-ZHMHP,1,19.15,19.15,No,620.8772042093287,Standard-Value
9571-EDEBV,71,98.65,6962.85,No,3198.40920079636,High-Value
3520-FJGCV,72,112.6,8126.65,No,3650.6931171786123,High-Value
6563-VRERX,33,20.6,690.25,No,667.8887940841867,Standard-Value
0259-GBZSH,2,85.65,181.5,Yes,2776.925981228669,Standard-Value
6122-EFVKN,24,35.75,830.8,No,1159.0788538111492,Standard-Value
2805-EDJPQ,56,99.75,5608.4,No,3234.0731655290106,High-Value
6862-CQUMB,37,96.1,3646.8,No,3115.733646188851,High-Value
7156-MXBJE,43,85.1,3662.25,No,2759.0939988623436,Standard-Value
6158-HDPXZ,1,25.35,25.35,No,821.8922781569967,Standard-Value
9601-BRXPO,25,104.95,2566.5,Yes,3402.666453356087,High-Value
2863-IMQDR,61,89.65,5308.7,No,2906.6131257110355,Standard-Value
5686-CMAWK,17,86.75,1410.25,No,2812.5899459613197,Standard-Value
5651-CRHKQ,41,86.2,3339.05,No,2794.7579635949946,Standard-Value
6905-NIQIN,1,50.65,50.65,Yes,1642.1634670079636,Standard-Value
8204-YJCLA,72,64.8,4732.35,No,2100.9317406143346,Standard-Value
5167-ZFFMM,1,90.85,90.85,Yes,2945.519269055745,High-Value
6583-SZVGP,48,108.1,5067.45,No,3504.79507963595,High-Value
4895-TMWIR,11,19.95,214.75,Yes,646.814633105802,Standard-Value
0533-BNWKF,55,85.45,4874.7,Yes,2770.4416240045507,Standard-Value
1708-PBBOA,42,54.75,2348.45,No,1775.0927901023892,Standard-Value
8782-LKFPK,44,90.4,4063.0,No,2930.9294653014795,High-Value
5522-JBWMO,1,44.0,44.0,No,1426.5585893060297,Standard-Value
3597-MVHJT,27,95.6,2595.25,No,3099.5227531285555,High-Value
9774-NRNAU,27,84.8,2309.55,No,2749.367463026166,Standard-Value
0224-RLWWD,2,44.3,89.3,No,1436.285125142207,Standard-Value
9967-ATRFS,19,19.9,367.55,No,645.1935437997724,Standard-Value
3951-NJCVI,42,95.05,3944.5,No,3081.69077076223,High-Value
2977-CEBSX,66,90.05,5965.95,No,2919.581840159272,High-Value
0177-PXBAT,33,109.9,3694.7,No,3563.1542946530153,High-Value
6599-CEBNN,34,73.95,2524.45,Yes,2397.5910836177477,Standard-Value
2519-ERQOJ,33,54.6,1803.7,No,1770.2295221843005,Standard-Value
5876-QMYLD,23,20.05,415.1,No,650.0568117178613,Standard-Value
2277-AXSDC,32,19.75,624.15,No,640.3302758816837,Standard-Value
9442-JTWDL,11,20.05,237.7,No,650.0568117178613,Standard-Value
0979-PHULV,69,99.45,7007.6,Yes,3224.346629692833,High-Value
3067-SVMTC,68,55.9,3848.8,No,1812.3778441410695,Standard-Value
5495-GPSRW,20,19.7,419.4,No,638.7091865756541,Standard-Value
7606-BPHHN,72,19.8,1468.75,No,641.9513651877133,Standard-Value
4742-DRORA,60,95.4,5812.0,No,3093.0383959044375,High-Value
0111-KLBQG,32,93.95,2861.45,No,3046.0268060295793,High-Value
4800-VHZKI,1,19.9,19.9,Yes,645.1935437997724,Standard-Value
7989-CHGTL,1,19.6,19.6,Yes,635.467007963595,Standard-Value
0334-GDDSO,3,81.35,233.7,Yes,2637.5123009101253,Standard-Value
4163-NCJAK,46,24.45,1066.15,No,792.7126706484642,Standard-Value
5233-AOZUF,29,74.95,2149.05,No,2430.0128697383393,Standard-Value
5973-EJGDP,51,87.35,4473.0,No,2832.0430176336745,Standard-Value
1996-DBMUS,48,70.65,3545.05,No,2290.5991894197955,Standard-Value
7916-VCCPB,16,73.25,1195.75,No,2374.8958333333335,Standard-Value
4686-GEFRM,70,98.7,6858.9,No,3200.0302901023892,High-Value
5249-QYHEX,40,24.8,1024.7,No,804.0602957906713,Standard-Value
0578-SKVMF,22,83.3,1845.9,Yes,2700.734783845279,Standard-Value
5564-NEMQO,1,75.3,75.3,Yes,2441.360494880546,Standard-Value
2233-FAGXV,5,24.3,132.25,No,787.8494027303755,Standard-Value
5605-IYGFG,7,69.85,515.45,No,2264.661760523322,Standard-Value
7663-ZTEGJ,29,100.55,2830.45,No,3260.0105944254838,High-Value
3935-TBRZZ,44,25.7,1110.5,No,833.2399032992037,Standard-Value
8111-BKVDS,10,40.7,449.3,No,1319.5666951080775,Standard-Value
2055-SIFSS,55,51.65,2838.55,No,1674.5852531285552,Standard-Value
2806-MLNTI,52,105.1,5376.4,No,3407.5297212741752,High-Value
8734-DKSTZ,10,85.95,858.6,No,2786.6525170648465,Standard-Value
4360-PNRQB,18,75.6,1395.05,No,2451.0870307167233,Standard-Value
6152-ONASV,68,58.25,3975.7,No,1888.5690415244599,Standard-Value
9063-ZGTUY,61,19.4,1182.55,Yes,628.9826507394766,Standard-Value
7781-HVGMK,72,65.2,4784.45,No,2113.9004550625714,Standard-Value
2181-UAESM,2,53.45,119.5,No,1732.9444681456202,Standard-Value
2957-LOLHO,12,45.4,518.9,Yes,1471.949089874858,Standard-Value
6048-NJXHX,41,19.75,899.45,No,640.3302758816837,Standard-Value
2320-SLKMB,26,44.45,1183.8,No,1441.148393060296,Standard-Value
4980-URKXC,36,20.85,720.05,No,675.9942406143346,Standard-Value
4376-KFVRS,72,114.05,8468.2,No,3697.70470705347,High-Value
5886-VLQVU,35,89.85,3161.2,No,2913.0974829351535,Standard-Value
3577-AMVUX,1,55.05,55.05,No,1784.8193259385666,Standard-Value
0771-WLCLA,16,112.95,1882.55,No,3662.0407423208194,High-Value
5628-RKIFK,49,101.55,5070.4,No,3292.4323805460754,High-Value
0206-TBWLC,54,114.65,6049.5,No,3717.157778725825,High-Value
2937-FTHUR,18,64.8,1166.7,No,2100.9317406143346,Standard-Value
1910-FMXJM,36,80.4,2937.65,No,2606.7116040955634,Standard-Value
7752-XUSCI,60,105.9,6396.45,Yes,3433.467150170649,High-Value
4110-PFEUZ,1,69.55,69.55,Yes,2254.9352246871445,Standard-Value
0732-OCQOC,52,25.05,1270.25,No,812.1657423208192,Standard-Value
5168-MSWXT,8,94.75,759.55,No,3071.9642349260525,High-Value
1090-ESELR,72,105.5,7611.55,No,3420.498435722412,High-Value
8592-PLTMQ,64,24.7,1642.75,No,800.818117178612,Standard-Value
5760-WRAHC,22,69.75,1545.4,No,2261.419581911263,Standard-Value
8847-GEOOQ,60,60.2,3582.4,No,1951.7915244596134,Standard-Value
0256-LTHVJ,28,81.05,2227.1,Yes,2627.785765073948,Standard-Value
4785-FCIFB,61,24.4,1417.9,No,791.0915813424346,Standard-Value
8313-NDOIA,24,104.15,2494.65,No,3376.729024459614,High-Value
5149-CUZUJ,28,92.9,2768.35,No,3011.9839306029585,High-Value
0942-KOWSM,30,80.8,2369.3,No,2619.6803185438,Standard-Value
4237-CLSMM,2,20.0,38.0,No,648.4357224118316,Standard-Value
1452-VOQCH,1,75.1,75.1,No,2434.8761376564275,Standard-Value
4719-UMSIY,6,19.65,100.9,No,637.0880972696245,Standard-Value
6614-VBEGU,24,69.45,1614.05,No,2251.6930460750855,Standard-Value
0880-TKATG,4,101.15,385.9,Yes,3279.463666097839,High-Value
3811-VBYBZ,7,99.8,673.25,Yes,3235.69425483504,High-Value
1480-BKXGA,72,116.05,8404.9,No,3762.548279294653,High-Value
2996-XAUVF,70,40.05,2799.75,No,1298.4925341296928,Standard-Value
9076-AXYIK,64,102.1,6538.45,No,3310.2643629124004,High-Value
5968-XQIVE,72,89.7,6588.95,No,2908.2342150170653,Standard-Value
8896-RAZCR,44,19.9,868.1,No,645.1935437997724,Standard-Value
4640-UHDOS,13,55.95,734.35,Yes,1813.9989334470993,Standard-Value
4933-IKULF,17,20.65,330.6,No,669.5098833902161,Standard-Value
3583-EKAPL,1,55.0,55.0,Yes,1783.1982366325371,Standard-Value
1304-BCCFO,9,70.05,564.4,No,2271.1461177474403,Standard-Value
4104-PVRPS,24,53.6,1315.35,No,1737.807736063709,Standard-Value
9399-APLBT,1,74.7,74.7,Yes,2421.9074232081916,Standard-Value
2359-KMGLI,24,80.25,1861.5,Yes,2601.8483361774747,Standard-Value
3780-DDGSE,35,76.05,2747.2,No,2465.67683447099,Standard-Value
4431-EDMIQ,7,75.7,554.05,No,2454.329209328783,Standard-Value
0306-JAELE,5,96.1,453.4,Yes,3115.733646188851,High-Value
6227-HWPWX,15,69.0,994.8,Yes,2237.1032423208194,Standard-Value
0486-LGCCH,11,19.65,225.75,No,637.0880972696245,Standard-Value
0447-BEMNG,48,45.3,2145.0,Yes,1468.7069112627987,Standard-Value
4612-SSVHJ,20,81.45,1671.6,No,2640.7544795221847,Standard-Value
5168-MQQCA,72,108.5,8003.8,No,3517.763794084187,High-Value
5949-XIKAE,8,83.55,680.05,Yes,2708.840230375427,Standard-Value
7971-HLVXI,72,84.5,6130.85,No,2739.640927189989,Standard-Value
9094-AZPHK,15,100.15,1415.0,No,3247.0418799772474,High-Value
3649-JPUGY,72,88.6,6201.95,No,2872.570250284414,Standard-Value
8372-JUXUI,1,74.35,74.35,Yes,2410.559798065984,Standard-Value
3552-CTCYF,63,104.8,6597.25,No,3397.803185437998,High-Value
6778-YSNIH,2,59.0,114.15,No,1912.8853811149033,Standard-Value
0388-EOPEX,2,74.4,139.4,Yes,2412.1808873720142,Standard-Value
5756-OZRIO,61,64.05,3902.6,No,2076.6154010238906,Standard-Value
6579-JPICP,1,20.4,20.4,No,661.4044368600682,Standard-Value
8205-OTCHB,22,43.75,903.6,Yes,1418.4531427758818,Standard-Value
4134-BSXLX,28,60.9,1785.65,No,1974.4867747440273,Standard-Value
0505-SPOOW,70,19.8,1397.65,No,641.9513651877133,Standard-Value
6235-VDHOM,5,28.45,131.05,Yes,922.3998151308306,Standard-Value
7783-YKGDV,12,99.7,1238.45,Yes,3232.452076222981,High-Value
4374-YMUSQ,34,116.25,3899.05,No,3769.0326365187716,High-Value
4513-CXYIX,71,80.7,5676.0,No,2616.438139931741,Standard-Value
3957-HHLMR,70,65.2,4543.15,No,2113.9004550625714,Standard-Value
7803-XOCCZ,52,84.05,4326.8,No,2725.0511234357227,Standard-Value
5736-YEJAX,69,79.45,5502.55,No,2575.9109072810015,Standard-Value
5609-CEBID,20,94.1,1782.4,Yes,3050.890073947668,High-Value
8981-FJGLA,11,78.0,851.8,No,2528.8993174061434,Standard-Value
7218-HKQFK,2,94.2,167.5,Yes,3054.1322525597275,High-Value
4636-QRJKY,6,80.5,502.85,Yes,2609.9537827076224,Standard-Value
1135-LMECX,1,19.85,19.85,No,643.572454493743,Standard-Value
4332-MUOEZ,20,94.3,1818.3,No,3057.3744311717865,High-Value
8535-SFUTN,61,106.45,6300.15,No,3451.2991325369744,High-Value
5956-VKDTT,5,74.35,334.8,Yes,2410.559798065984,Standard-Value
8677-HDZEE,56,105.45,5916.95,No,3418.877346416383,High-Value
2475-MROZF,30,95.0,2852.4,No,3080.0696814562007,High-Value
9412-GHEEC,40,104.8,4131.95,Yes,3397.803185437998,High-Value
3482-ABPKK,28,54.3,1546.3,No,1760.502986348123,Standard-Value
6705-LXORM,5,70.05,302.6,No,2271.1461177474403,Standard-Value
0257-ZESQC,27,75.2,1929.35,Yes,2438.118316268487,Standard-Value
7531-GQHME,12,20.05,265.45,No,650.0568117178613,Standard-Value
5174-ITUMV,67,105.4,6989.45,No,3417.256257110353,High-Value
4109-CYRBD,29,51.6,1442.0,No,1672.9641638225257,Standard-Value
0913-XWSCN,55,85.5,4713.4,No,2772.0627133105804,Standard-Value
6825-UYPFK,23,75.6,1758.6,Yes,2451.0870307167233,Standard-Value
8397-MVTAZ,34,100.05,3480.0,Yes,3243.799701365188,High-Value
0750-EBAIU,52,91.25,4738.3,No,2958.487983503982,High-Value
8606-CIQUL,72,115.75,8399.15,No,3752.821743458476,High-Value
3571-DPYUH,58,94.7,5430.35,No,3070.3431456200233,High-Value
7601-GNDYK,35,19.6,686.95,No,635.467007963595,Standard-Value
0356-OBMAC,56,99.9,5706.3,No,3238.9364334470993,High-Value
8067-NIOYM,24,21.1,490.65,No,684.0996871444825,Standard-Value
1403-GYAFU,70,20.05,1360.25,No,650.0568117178613,Standard-Value
4234-XTNEA,2,79.95,174.45,No,2592.1218003412973,Standard-Value
1297-VQDRP,68,107.15,7379.8,No,3473.994382821388,High-Value
9282-IZGQK,1,85.0,85.0,Yes,2755.8518202502846,Standard-Value
5348-CAGXB,12,89.55,1021.75,No,2903.370947098976,Standard-Value
0621-HJWXJ,63,81.55,5029.05,No,2643.9966581342437,Standard-Value
5844-QVTAT,33,58.45,1955.4,No,1895.0533987485783,Standard-Value
8905-IAZPF,69,95.65,6744.2,No,3101.143842434585,High-Value
5394-MEITZ,60,80.6,4946.7,No,2613.1959613196814,Standard-Value
6859-QNXIQ,72,113.1,8248.5,No,3666.904010238908,High-Value
2782-LFZVW,11,58.95,601.6,No,1911.2642918088738,Standard-Value
2866-IKBTM,1,19.55,19.55,No,633.8459186575654,Standard-Value
1342-JPNKI,10,86.05,834.1,Yes,2789.8946956769055,Standard-Value
2817-NTQDO,13,45.55,597.0,Yes,1476.8123577929466,Standard-Value
7129-AZJDE,34,78.95,2647.2,No,2559.7000142207057,Standard-Value
6986-IJDHX,39,86.3,3266.0,Yes,2798.0001422070536,Standard-Value
2560-PPCHE,65,105.05,6744.25,No,3405.908631968146,High-Value
4676-MQUEA,50,101.9,5265.5,No,3303.7800056882825,High-Value
8138-EALND,15,19.75,311.6,No,640.3302758816837,Standard-Value
3580-HYCSP,72,110.3,7966.9,No,3576.1230091012517,High-Value
1352-HNSAW,72,115.6,8220.4,No,3747.958475540387,High-Value
2075-PUEPR,55,19.35,1153.25,No,627.3615614334472,Standard-Value
1982-FEBTD,23,25.6,514.75,No,829.9977246871446,Standard-Value
5301-GAUUY,32,80.35,2596.15,Yes,2605.0905147895337,Standard-Value
5791-KAJFD,56,68.75,3808.0,No,2228.9977957906713,Standard-Value
2654-VBVPB,1,19.9,19.9,No,645.1935437997724,Standard-Value
1154-HYWWO,38,70.6,2708.2,No,2288.978100113766,Standard-Value
2501-XWWTZ,11,70.2,760.05,No,2276.0093856655294,Standard-Value
3716-UVSPD,1,49.3,49.3,No,1598.394055745165,Standard-Value
6815-ABQFQ,56,107.25,6033.3,No,3477.236561433447,High-Value
7343-EOBEU,3,23.6,89.05,No,765.1541524459615,Standard-Value
3701-SFMUH,7,69.7,516.15,No,2259.7984926052336,Standard-Value
6103-LIANB,59,99.5,5861.75,No,3225.9677189988624,High-Value
7319-VENRZ,7,64.3,445.95,No,2084.7208475540388,Standard-Value
5846-NEQVZ,71,70.85,4973.4,No,2297.0835466439135,Standard-Value
6967-QIQRV,15,101.9,1667.25,No,3303.7800056882825,High-Value
5781-RFZRP,71,73.5,5357.75,No,2383.0012798634816,Standard-Value
0939-YAPAF,35,100.25,3527.6,Yes,3250.2840585893064,High-Value
0308-IVGOK,11,40.4,422.6,No,1309.8401592719,Standard-Value
7293-LSCDV,60,19.25,1103.25,No,624.119382821388,Standard-Value
7025-WCBNE,47,59.6,2754.0,No,1932.3384527872583,Standard-Value
5756-JYOJT,11,64.9,697.25,No,2104.173919226394,Standard-Value
4710-FDUIZ,56,100.3,5614.45,Yes,3251.9051478953356,High-Value
6030-REHUX,28,110.85,3204.4,No,3593.9549914675767,High-Value
9548-LIGTA,61,81.05,4747.65,No,2627.785765073948,Standard-Value
5150-LJNSR,31,98.05,3082.1,No,3178.9561291240047,High-Value
8270-RKSAP,9,70.5,597.9,No,2285.735921501707,Standard-Value
6522-YRBXD,35,94.55,3365.4,No,3065.479877701934,High-Value
2640-LYMOV,2,19.65,38.8,No,637.0880972696245,Standard-Value
1218-VKFPE,12,19.0,233.55,Yes,616.01393629124,Standard-Value
3627-FHKBK,1,75.3,75.3,Yes,2441.360494880546,Standard-Value
2865-TCHJW,4,89.2,346.2,Yes,2892.0233219567695,Standard-Value
1423-BMPBQ,1,19.0,19.0,No,616.01393629124,Standard-Value
2393-DIVAI,3,20.0,61.7,No,648.4357224118316,Standard-Value
5192-EBGOV,1,85.7,85.7,Yes,2778.547070534699,Standard-Value
4568-KNYWR,52,63.25,3342.45,No,2050.677972127418,Standard-Value
8752-IMQOS,5,20.1,85.1,No,651.6779010238909,Standard-Value
0742-LAFQK,72,99.15,7422.1,No,3214.620093856656,High-Value
0795-LAFGP,71,90.4,6668.05,No,2930.9294653014795,High-Value
0619-OLYUR,72,111.9,8071.05,No,3627.9978668941985,High-Value
5512-IDZEI,46,24.9,1174.8,No,807.3024744027304,Standard-Value
0459-SPZHJ,63,83.5,5435.0,No,2707.219141069397,Standard-Value
0215-BQKGS,30,84.3,2438.6,No,2733.1565699658704,Standard-Value
9244-ZVAPM,1,45.6,45.6,No,1478.4334470989763,Standard-Value
0719-SYFRB,12,61.65,713.75,Yes,1998.803114334471,Standard-Value
8208-EUMTE,16,54.85,916.15,No,1778.3349687144485,Standard-Value
5172-MIGPM,4,65.55,237.2,No,2125.248080204778,Standard-Value
1710-RCXUS,51,90.35,4614.55,No,2929.3083759954493,High-Value
0374-FIUCA,65,20.4,1414.45,No,661.4044368600682,Standard-Value
5839-SUYVZ,16,74.55,1170.5,No,2417.0441552901025,Standard-Value
5173-ZXXXL,2,19.95,47.7,No,646.814633105802,Standard-Value
1096-ADRUX,66,74.25,4859.25,No,2407.317619453925,Standard-Value
2001-MCUUW,46,108.65,4903.2,No,3522.6270620022756,High-Value
2731-GJRDG,32,109.55,3608.0,No,3551.8066695108078,High-Value
4723-BEGSG,72,86.65,6094.25,No,2809.3477673492607,Standard-Value
6516-NKQBO,38,81.0,3084.9,No,2626.164675767918,Standard-Value
8672-OAUPW,51,47.85,2356.75,No,1551.3824658703074,Standard-Value
8207-DMRVL,72,114.55,8306.05,No,3713.915600113766,High-Value
3419-SNJJD,65,105.25,6786.4,Yes,3412.3929891922644,High-Value
6543-CPZMK,9,29.95,248.95,Yes,971.0324943117179,Standard-Value
4765-OXPPD,9,65.0,663.05,Yes,2107.416097838453,Standard-Value
2804-ETQDK,66,20.55,1357.1,No,666.267704778157,Standard-Value
6689-VRRTK,44,109.8,4860.35,No,3559.912116040956,High-Value
7138-GIRSH,50,69.5,3418.2,No,2253.314135381115,Standard-Value
9396-ZSFLL,15,48.85,631.4,No,1583.8042519908988,Standard-Value
6464-KEXXH,8,25.25,186.3,No,818.6500995449375,Standard-Value
7134-MJPDY,66,102.85,6976.75,No,3334.5807025028444,High-Value
5240-CAOYT,57,87.55,4884.85,No,2838.527374857793,Standard-Value
4059-IIEBK,7,78.55,522.95,No,2546.731299772469,Standard-Value
4881-JVQOD,10,34.55,362.6,No,1120.1727104664392,Standard-Value
0516-UXRMT,62,92.05,5755.8,No,2984.425412400455,High-Value
4851-BQDNX,40,85.05,3355.65,No,2757.4729095563143,Standard-Value
5148-HKFIR,20,19.7,406.95,No,638.7091865756541,Standard-Value
1009-IRMNA,7,20.0,137.6,Yes,648.4357224118316,Standard-Value
3003-CMDUU,25,95.15,2395.7,No,3084.9329493742894,High-Value
5016-IBERQ,23,84.25,1968.1,No,2731.535480659841,Standard-Value
6797-UCJHZ,66,104.6,6819.45,No,3391.3188282138794,High-Value
2469-DTSGX,72,111.65,7943.45,No,3619.8924203640504,High-Value
4554-YGZIH,49,90.05,4547.25,Yes,2919.581840159272,High-Value
5099-BAILX,43,110.75,4687.9,Yes,3590.7128128555178,High-Value
9931-KGHOA,46,55.0,2473.95,No,1783.1982366325371,Standard-Value
1775-KWJKQ,72,89.85,6562.9,No,2913.0974829351535,Standard-Value
7665-VIGUD,10,20.35,176.3,No,659.7833475540388,Standard-Value
9411-TPQQV,40,54.55,2236.2,No,1768.6084328782708,Standard-Value
7207-RMRDB,65,105.5,6985.65,Yes,3420.498435722412,High-Value
7954-MLBUN,31,99.45,3109.9,No,3224.346629692833,High-Value
2077-DDHJK,68,70.9,4911.35,No,2298.7046359499436,Standard-Value
4913-EHYUI,56,104.55,5794.65,Yes,3389.69773890785,High-Value
0195-IESCP,10,85.25,855.3,Yes,2763.9572667804327,Standard-Value
9574-BOSMD,68,25.4,1620.2,No,823.5133674630262,Standard-Value
4580-TMHJU,43,56.15,2499.3,Yes,1820.4832906712174,Standard-Value
0970-ETWGE,1,89.55,89.55,Yes,2903.370947098976,Standard-Value
4908-XAXAY,49,89.85,4287.2,No,2913.0974829351535,Standard-Value
8404-VLQFB,15,25.25,394.85,No,818.6500995449375,Standard-Value
1626-ERCMM,20,94.55,1899.65,Yes,3065.479877701934,High-Value
0887-HJGAR,1,45.7,45.7,Yes,1481.6756257110355,Standard-Value
2391-IPLOP,50,69.65,3442.15,No,2258.177403299204,Standard-Value
5644-PDMZC,2,89.5,161.5,Yes,2901.749857792947,Standard-Value
3509-GWQGF,24,70.0,1732.6,No,2269.525028441411,Standard-Value
9576-ANLXO,3,69.55,222.3,Yes,2254.9352246871445,Standard-Value
2024-BASKD,1,74.6,74.6,Yes,2418.6652445961317,Standard-Value
5845-BZZIB,35,20.1,655.3,No,651.6779010238909,Standard-Value
1140-UKVZG,17,24.8,475.25,No,804.0602957906713,Standard-Value
4160-AMJTL,8,19.65,164.3,Yes,637.0880972696245,Standard-Value
5183-SNMJQ,10,95.1,865.1,No,3083.3118600682596,High-Value
8100-PNJMH,68,88.85,6132.7,No,2880.675696814562,Standard-Value
7838-LAZFO,45,78.8,3597.5,No,2554.8367463026166,Standard-Value
4464-JCOLN,2,19.85,35.9,Yes,643.572454493743,Standard-Value
2085-JVGAD,37,20.35,697.65,No,659.7833475540388,Standard-Value
5650-VDUDS,4,24.25,96.05,Yes,786.2283134243459,Standard-Value
8095-WANWK,10,45.25,428.7,No,1467.0858219567692,Standard-Value
3030-ZKIWL,1,20.05,20.05,No,650.0568117178613,Standard-Value
9565-FLVCG,65,69.55,4459.15,No,2254.9352246871445,Standard-Value
8755-OGKNA,57,19.5,1167.6,No,632.2248293515358,Standard-Value
2800-VEQXM,3,74.75,238.1,No,2423.528512514221,Standard-Value
7538-GWHML,2,69.65,145.15,Yes,2258.177403299204,Standard-Value
5533-RJFTJ,49,30.2,1453.1,No,979.1379408418658,Standard-Value
3859-CVCET,4,45.65,191.05,Yes,1480.0545364050058,Standard-Value
0214-JHPFW,70,57.8,4039.3,No,1873.9792377701935,Standard-Value
5642-MHDQT,53,19.85,1039.45,No,643.572454493743,Standard-Value
3088-FVYWK,53,25.55,1336.1,No,828.376635381115,Standard-Value
3276-HDUEG,1,75.05,75.05,Yes,2433.2550483503983,Standard-Value
9092-GDZKO,22,24.85,493.4,No,805.6813850967009,Standard-Value
0823-HSCDJ,52,49.15,2550.9,Yes,1593.5307878270762,Standard-Value
3729-OWRVL,65,110.35,7246.15,No,3577.744098407281,High-Value
2324-AALNO,48,24.55,1203.95,No,795.9548492605234,Standard-Value
0822-GAVAP,2,34.7,62.25,Yes,1125.035978384528,Standard-Value
5760-IFJOZ,3,107.95,313.6,No,3499.9318117178614,High-Value
2826-UWHIS,45,81.4,3775.85,No,2639.133390216155,Standard-Value
1448-PWKYE,1,80.0,80.0,Yes,2593.7428896473266,Standard-Value
7501-IWUNG,61,73.8,4616.05,No,2392.727815699659,Standard-Value
4957-TREIR,3,64.4,195.65,No,2087.963026166098,Standard-Value
7251-LJBQN,40,103.75,4188.4,No,3363.760310011377,High-Value
8040-MNRTF,1,71.1,71.1,No,2305.1889931740616,Standard-Value
1536-HBSWP,1,49.9,49.9,No,1617.84712741752,Standard-Value
5313-FPXWG,51,24.6,1266.4,No,797.575938566553,Standard-Value
0067-DKWBL,2,49.25,91.1,Yes,1596.7729664391354,Standard-Value
0946-FKYTX,52,30.1,1623.4,No,975.8957622298067,Standard-Value
5076-YVXCM,51,83.4,4149.45,No,2703.9769624573382,Standard-Value
8262-COGGB,1,20.45,20.45,No,663.0255261660978,Standard-Value
6663-JOCQO,31,75.25,2344.5,No,2439.7394055745167,Standard-Value
9620-QJREV,47,20.55,1013.05,No,666.267704778157,Standard-Value
2276-YDAVZ,3,75.1,270.7,Yes,2434.8761376564275,Standard-Value
2682-KEVRP,22,20.05,417.0,No,650.0568117178613,Standard-Value
2480-JZOSN,1,20.65,20.65,No,669.5098833902161,Standard-Value
0078-XZMHT,72,85.15,6316.2,No,2760.7150881683738,Standard-Value
5896-NPFWW,3,50.15,168.15,Yes,1625.9525739476678,Standard-Value
9978-HYCIN,47,84.95,4018.05,No,2754.2307309442554,Standard-Value
8338-QIUNR,72,66.5,4811.6,No,2156.0487770193404,Standard-Value
1525-LNLOJ,66,63.3,4189.7,No,2052.299061433447,Standard-Value
9450-TRJUU,35,83.15,2848.45,No,2695.8715159271906,Standard-Value
1766-GKNMI,29,84.9,2516.2,No,2752.6096416382256,Standard-Value
6942-LBFDP,2,20.55,33.6,No,666.267704778157,Standard-Value
1456-TWCGB,4,49.25,208.45,No,1596.7729664391354,Standard-Value
7133-VBDCG,25,79.85,2015.35,Yes,2588.879621729238,Standard-Value
7596-ZYWBB,65,59.6,3739.8,No,1932.3384527872583,Standard-Value
8329-UTMVM,27,104.65,2964.0,No,3392.9399175199096,High-Value
3014-WJKSM,29,75.3,2263.4,No,2441.360494880546,Standard-Value
3347-YJZZE,29,80.1,2211.8,No,2596.9850682593856,Standard-Value
1029-QFBEN,1,19.55,19.55,Yes,633.8459186575654,Standard-Value
7929-DMBCV,20,81.0,1683.7,No,2626.164675767918,Standard-Value
9661-JALZV,58,24.7,1519.0,No,800.818117178612,Standard-Value
5433-KYGHE,14,86.0,1164.05,No,2788.273606370876,Standard-Value
4312-KFRXN,72,25.4,1710.9,No,823.5133674630262,Standard-Value
5575-TPIZQ,46,89.15,4245.55,No,2890.4022326507397,Standard-Value
0114-IGABW,71,58.25,4145.9,No,1888.5690415244599,Standard-Value
9944-AEXBM,32,85.65,2664.3,No,2776.925981228669,Standard-Value
1853-ARAAQ,26,50.35,1277.5,No,1632.4369311717862,Standard-Value
6952-OMNWB,68,80.35,5589.3,No,2605.0905147895337,Standard-Value
4697-LUPSU,2,20.2,34.75,No,654.92007963595,Standard-Value
8434-VGEQQ,61,20.55,1305.95,No,666.267704778157,Standard-Value
4952-YSOGZ,4,85.95,381.3,Yes,2786.6525170648465,Standard-Value
1589-AGTLK,3,45.35,141.5,Yes,1470.3280005688284,Standard-Value
5244-IRFIH,33,94.5,3105.55,Yes,3063.858788395905,High-Value
6549-YMFAW,9,21.25,204.55,No,688.9629550625712,Standard-Value
4950-HKQTE,22,26.25,605.9,No,851.0718856655291,Standard-Value
6786-OBWQR,5,80.85,356.1,No,2621.3014078498295,Standard-Value
2684-EIWEO,30,91.7,2758.15,Yes,2973.0777872582485,High-Value
2753-JMMCV,65,74.2,4805.65,No,2405.696530147896,Standard-Value
6439-GTPCA,45,87.25,3941.7,Yes,2828.8008390216155,Standard-Value
6621-YOBKI,5,20.35,92.75,No,659.7833475540388,Standard-Value
1216-JWVUX,25,75.5,1901.05,No,2447.8448521046644,Standard-Value
7564-GHCVB,72,79.05,5730.7,No,2562.9421928327647,Standard-Value
1173-NOEYG,27,90.15,2423.4,No,2922.8240187713313,High-Value
7595-EHCDL,32,50.6,1653.45,No,1640.5423777019341,Standard-Value
6647-ZEDXT,30,110.45,3327.05,No,3580.9862770193404,High-Value
2521-NPUZR,70,101.0,7085.5,No,3274.60039817975,High-Value
1307-TVUFB,42,79.35,3344.1,No,2572.668728668942,Standard-Value
7503-MIOGA,72,89.85,6697.35,No,2913.0974829351535,Standard-Value
4381-MHQDC,47,65.0,2879.9,No,2107.416097838453,Standard-Value
6923-JHPMP,2,80.45,137.1,No,2608.332693401593,Standard-Value
5138-WVKYJ,10,98.55,1008.55,Yes,3195.1670221843005,High-Value
4018-PPNDW,61,24.1,1551.6,No,781.3650455062572,Standard-Value
1635-FJFCC,5,44.05,202.15,No,1428.1796786120592,Standard-Value
2499-AJYUA,72,110.8,7882.25,No,3592.3339021615475,High-Value
6919-ELBGL,72,114.95,8196.4,No,3726.8843145620026,High-Value
3966-HRMZA,3,75.05,202.9,No,2433.2550483503983,Standard-Value
6425-JWTDV,48,19.25,855.1,No,624.119382821388,Standard-Value
8405-IGQFX,63,90.05,5817.0,No,2919.581840159272,High-Value
8224-IVVPA,27,56.7,1652.95,No,1838.315273037543,Standard-Value
9477-LGWQI,70,80.15,5600.15,No,2598.6061575654157,Standard-Value
1410-RSCMR,7,71.35,515.75,No,2313.2944397042093,Standard-Value
0139-IVFJG,2,90.35,190.5,No,2929.3083759954493,High-Value
6683-VLCTZ,20,98.55,1842.8,Yes,3195.1670221843005,High-Value
5730-DBDSI,66,19.7,1253.8,No,638.7091865756541,Standard-Value
0030-FNXPP,3,19.85,57.2,No,643.572454493743,Standard-Value
2189-WWOEW,15,85.9,1269.55,Yes,2785.0314277588172,Standard-Value
5684-FJVYR,72,90.35,6563.4,No,2929.3083759954493,High-Value
4013-GUXND,1,20.8,20.8,No,674.373151308305,Standard-Value
1894-IGFSG,22,89.25,1907.85,Yes,2893.6444112627987,Standard-Value
7379-POKDZ,3,70.3,208.85,Yes,2279.2515642775884,Standard-Value
1266-NZYUI,72,66.85,4758.8,No,2167.396402161547,Standard-Value
7969-FFOWG,65,19.9,1292.6,No,645.1935437997724,Standard-Value
4718-DHSMV,11,35.8,363.15,No,1160.6999431171787,Standard-Value
5175-WLYXL,22,78.85,1600.25,No,2556.4578356086463,Standard-Value
7817-OMJNA,14,20.4,275.7,No,661.4044368600682,Standard-Value
8728-SKJLR,41,74.25,3089.1,No,2407.317619453925,Standard-Value
3137-NYQQI,17,64.8,1175.6,No,2100.9317406143346,Standard-Value
7706-DZNKK,11,20.45,237.3,No,663.0255261660978,Standard-Value
0236-HFWSV,15,93.35,1444.65,Yes,3026.573734357224,High-Value
3900-AQPHZ,1,19.9,19.9,Yes,645.1935437997724,Standard-Value
5842-POCOP,5,88.9,454.15,Yes,2882.296786120592,Standard-Value
2037-XJFUP,33,95.8,3036.75,Yes,3106.007110352674,High-Value
8823-RLPWL,72,110.65,8065.65,No,3587.470634243459,High-Value
9505-SQFSW,3,40.3,92.5,No,1306.5979806598407,Standard-Value
7314-OXENN,2,82.0,184.65,Yes,2658.58646188851,Standard-Value
3758-CKOQL,59,107.0,6152.3,No,3469.1311149032995,High-Value
0322-CHQRU,2,45.35,89.5,Yes,1470.3280005688284,Standard-Value
5676-CFLYY,71,73.35,5154.5,No,2378.1380119453925,Standard-Value
7521-AFHAB,5,44.8,220.45,No,1452.496018202503,Standard-Value
0285-INHLN,27,54.75,1510.3,No,1775.0927901023892,Standard-Value
4678-DVQEO,1,52.2,52.2,Yes,1692.4172354948807,Standard-Value
5125-CNDSP,63,40.6,2588.95,No,1316.3245164960183,Standard-Value
0691-IFBQW,46,110.0,4874.8,Yes,3566.3964732650743,High-Value
4992-LTJNE,72,55.3,3983.6,No,1792.9247724687145,Standard-Value
2202-OUTMO,34,60.85,2003.6,No,1972.8656854379979,Standard-Value
0810-BDHAW,24,78.4,1832.4,No,2541.86803185438,Standard-Value
0229-LFJAF,72,69.65,4908.25,No,2258.177403299204,Standard-Value
7131-ZQZNK,60,59.85,3590.2,No,1940.4438993174062,Standard-Value
3442-ZHHCC,68,76.9,5023.0,No,2493.235352673493,Standard-Value
5726-CVNYA,8,19.85,146.6,No,643.572454493743,Standard-Value
9871-ELEYA,34,67.65,2339.3,No,2193.3338310580207,Standard-Value
4257-GAESD,6,45.0,298.7,No,1458.9803754266213,Standard-Value
5173-WXOQV,2,64.2,143.65,No,2081.47866894198,Standard-Value
2040-OBMLJ,31,81.7,2548.65,No,2648.8599260523324,Standard-Value
6286-ZHAOK,20,25.55,507.4,No,828.376635381115,Standard-Value
3807-XHCJH,1,20.0,20.0,No,648.4357224118316,Standard-Value
3009-JWMPU,62,96.75,6125.4,Yes,3136.8078071672358,High-Value
5671-RQRLP,70,75.65,5411.4,No,2452.7081200227535,Standard-Value
1450-GALXR,10,98.5,1058.25,Yes,3193.545932878271,High-Value
8859-AXJZP,39,23.8,903.8,No,771.6385096700798,Standard-Value
3174-AKMAS,46,64.2,3009.5,No,2081.47866894198,Standard-Value
3138-BKYAV,6,85.35,489.45,Yes,2767.1994453924913,Standard-Value
9926-PJHDQ,72,76.8,5468.45,No,2489.9931740614334,Standard-Value
7382-DFJTU,18,55.2,1058.1,No,1789.6825938566556,Standard-Value
2798-NYLMZ,71,108.55,7616.0,No,3519.384883390216,High-Value
4289-DTDKW,40,101.3,4113.1,Yes,3284.3269340159272,High-Value
1820-TQVEV,1,69.55,69.55,Yes,2254.9352246871445,Standard-Value
2239-JALAW,58,103.25,6017.65,Yes,3347.549416951081,High-Value
4853-RULSV,70,104.0,7250.15,Yes,3371.8657565415247,High-Value
8098-TDCBU,42,25.25,1108.2,No,818.6500995449375,Standard-Value
3551-GAEGL,34,30.4,938.65,No,985.6222980659841,Standard-Value
4785-NKHCX,5,20.05,94.15,No,650.0568117178613,Standard-Value
3196-NVXLZ,25,84.6,2088.05,No,2742.883105802048,Standard-Value
6275-YDUVO,2,86.2,178.7,Yes,2794.7579635949946,Standard-Value
0036-IHMOT,55,103.7,5656.75,No,3362.1392207053473,High-Value
0115-TFERT,21,111.2,2317.1,Yes,3605.3026166097843,High-Value
4178-EGMON,70,88.0,5986.45,No,2853.1171786120594,Standard-Value
4220-TINQT,61,106.35,6751.35,No,3448.056953924915,High-Value
5318-YKDPV,43,79.15,3566.6,No,2566.184371444824,Standard-Value
7975-TZMLR,47,103.1,4889.3,No,3342.686149032992,High-Value
0295-QVKPB,5,63.95,318.1,No,2073.373222411832,Standard-Value
4335-BSMJS,62,25.8,1563.95,No,836.4820819112629,Standard-Value
2311-QYMUQ,16,89.45,1430.25,Yes,2900.128768486917,Standard-Value
3643-AHCFP,7,95.6,644.35,Yes,3099.5227531285555,High-Value
9146-JRIOX,14,25.55,372.45,No,828.376635381115,Standard-Value
3104-OWCGK,60,90.95,5453.4,Yes,2948.7614476678045,High-Value
5337-IIWKZ,34,44.85,1442.6,No,1454.1171075085326,Standard-Value
9101-BWFSS,50,108.55,5610.7,Yes,3519.384883390216,High-Value
9650-VBUOG,38,25.05,963.95,No,812.1657423208192,Standard-Value
3487-EARAT,70,74.1,5222.3,No,2402.4543515358364,Standard-Value
2672-TGEFF,37,88.8,3340.55,No,2879.0546075085326,Standard-Value
9231-ZJYAM,4,78.85,292.8,Yes,2556.4578356086463,Standard-Value
4250-WAROZ,60,93.25,5774.55,No,3023.331555745165,High-Value
8184-WMOFI,62,71.4,4487.3,No,2314.9155290102394,Standard-Value
6982-SSHFK,1,44.4,44.4,Yes,1439.5273037542663,Standard-Value
6092-QZVPP,36,79.2,2854.95,No,2567.8054607508534,Standard-Value
4625-LAMOB,44,20.4,905.55,No,661.4044368600682,Standard-Value
0727-BMPLR,55,100.0,5509.3,Yes,3242.1786120591582,High-Value
0392-BZIUW,72,105.0,7589.8,No,3404.2875426621163,High-Value
1038-ZAGBI,12,19.8,229.6,Yes,641.9513651877133,Standard-Value
6549-NNDYT,13,30.85,394.1,No,1000.2121018202504,Standard-Value
3027-ZTDHO,1,89.9,89.9,Yes,2914.7185722411837,High-Value
0422-OHQHQ,15,20.55,295.95,No,666.267704778157,Standard-Value
6916-HIJSE,65,84.85,5459.2,No,2750.988552332196,Standard-Value
2316-ESMLS,12,33.15,444.75,No,1074.782209897611,Standard-Value
9778-OGKQZ,72,92.0,6782.15,No,2982.804323094426,High-Value
7408-OFWXJ,72,89.8,6510.45,No,2911.4763936291242,Standard-Value
6007-TCTST,72,115.8,8476.5,No,3754.4428327645055,High-Value
2252-NKNSI,52,85.15,4461.85,No,2760.7150881683738,Standard-Value
8713-IGZSO,2,24.85,62.0,No,805.6813850967009,Standard-Value
7905-TVXTA,5,64.35,352.65,No,2086.341936860068,Standard-Value
7695-PKLCZ,68,20.5,1424.9,No,664.6466154721275,Standard-Value
2382-BCKQJ,62,100.15,6413.65,Yes,3247.0418799772474,High-Value
8374-UULRV,72,86.05,6309.65,No,2789.8946956769055,Standard-Value
2207-NHRJK,1,50.8,50.8,Yes,1647.0267349260523,Standard-Value
3224-DFQNQ,66,89.0,5898.6,No,2885.538964732651,Standard-Value
5275-PMFUT,72,64.8,4719.75,No,2100.9317406143346,Standard-Value
4795-UXVCJ,26,19.8,457.3,No,641.9513651877133,Standard-Value
9777-IQHWP,64,93.4,5822.3,No,3028.1948236632543,High-Value
0947-MUGVO,20,73.65,1463.5,Yes,2387.8645477815703,Standard-Value
9944-HKVVB,3,95.1,307.4,Yes,3083.3118600682596,High-Value
4124-MMETB,22,94.65,2104.55,Yes,3068.7220563139936,High-Value
3671-SHRSP,4,80.6,319.15,Yes,2613.1959613196814,Standard-Value
0979-MOZQI,62,39.0,2337.45,No,1264.4496587030717,Standard-Value
2732-ISEZX,5,20.5,104.3,No,664.6466154721275,Standard-Value
3313-QKNKB,59,85.55,5084.65,Yes,2773.6838026166097,Standard-Value
0323-XWWTN,3,26.4,121.25,No,855.9351535836178,Standard-Value
1937-OTUKY,72,98.2,7015.9,No,3183.8193970420934,High-Value
1573-LGXBA,57,97.55,5598.0,No,3162.745236063709,High-Value
1764-VUUMT,66,19.95,1269.1,No,646.814633105802,Standard-Value
5073-WXOYN,60,50.8,3027.4,Yes,1647.0267349260523,Standard-Value
4713-ZBURT,45,99.7,4634.35,No,3232.452076222981,High-Value
3050-GBUSH,3,34.8,113.95,No,1128.278156996587,Standard-Value
0207-MDKNV,15,105.1,1582.75,Yes,3407.5297212741752,High-Value
7876-AEHIG,51,60.15,3077.0,No,1950.1704351535836,Standard-Value
7945-HLKEA,60,64.75,4039.5,No,2099.310651308305,Standard-Value
9342-VNIMQ,33,54.65,1665.2,No,1771.85061149033,Standard-Value
9851-KIELU,10,110.1,1043.3,Yes,3569.6386518771333,High-Value
3523-BRGUW,26,19.3,504.2,No,625.7404721274175,Standard-Value
3908-BLSYF,6,83.9,497.55,Yes,2720.187855517634,Standard-Value
3199-NPKCN,67,111.25,7511.65,No,3606.9237059158136,High-Value
5170-PTRKA,49,35.8,1782.0,No,1160.6999431171787,Standard-Value
4661-NJEUX,1,20.05,20.05,No,650.0568117178613,Standard-Value
2123-AGEEN,7,84.35,609.65,No,2734.7776592719,Standard-Value
1258-YMZNM,27,110.5,2857.6,No,3582.60736632537,High-Value
0048-LUMLS,37,91.2,3247.55,No,2956.8668941979527,High-Value
7549-MYGPK,63,100.55,6215.35,Yes,3260.0105944254838,High-Value
5898-IGSLP,31,89.3,2823.0,No,2895.2655005688284,Standard-Value
3804-RVTGV,50,103.85,5017.9,Yes,3367.002488623436,High-Value
6259-WJQLC,32,81.1,2619.25,No,2629.406854379977,Standard-Value
9227-LUNBG,1,24.6,24.6,Yes,797.575938566553,Standard-Value
7997-EASSD,63,81.2,4965.1,No,2632.6490329920366,Standard-Value
0730-KOAVE,30,94.3,2679.7,No,3057.3744311717865,High-Value
8975-SKGRX,71,116.1,8310.55,No,3764.169368600683,High-Value
0678-RLHVP,53,105.55,5682.25,No,3422.119525028442,High-Value
4315-MURBD,12,98.9,1120.95,Yes,3206.5146473265077,High-Value
2267-FPIMA,50,94.4,4914.9,No,3060.616609783846,High-Value
1051-GEJLJ,2,19.5,27.55,No,632.2248293515358,Standard-Value
9734-YWGEX,9,98.3,923.5,Yes,3187.0615756541524,High-Value
2719-BDAQO,17,93.85,1625.65,Yes,3042.78462741752,High-Value
5285-MVEHD,56,105.6,6068.65,No,3423.740614334471,High-Value
0379-DJQHR,67,81.35,5398.6,No,2637.5123009101253,Standard-Value
0781-LKXBR,9,100.5,918.6,Yes,3258.389505119454,High-Value
5543-QDCRY,4,56.4,234.85,No,1828.5887372013653,Standard-Value
0297-RBCSG,19,65.35,1231.85,No,2118.7637229806596,Standard-Value
4694-PHWFW,8,19.95,170.9,No,646.814633105802,Standard-Value
0835-JKADZ,71,111.25,7984.15,No,3606.9237059158136,High-Value
1907-UBQFC,10,72.85,688.65,Yes,2361.9271188850967,Standard-Value
7508-SMHXL,15,89.0,1288.3,No,2885.538964732651,Standard-Value
3865-YIOTT,72,106.1,7848.5,No,3439.951507394767,High-Value
5993-BQHEA,12,20.05,267.0,No,650.0568117178613,Standard-Value
6024-RUGGH,72,25.2,1798.9,No,817.0290102389079,Standard-Value
6513-EECDB,1,73.55,73.55,Yes,2384.622369169511,Standard-Value
3956-CJUST,23,75.4,1643.55,No,2444.6026734926054,Standard-Value
4079-WWQQQ,72,65.55,4807.45,No,2125.248080204778,Standard-Value
6103-BOCOU,26,80.7,2193.0,No,2616.438139931741,Standard-Value
5149-TGWDZ,21,104.55,2239.4,No,3389.69773890785,High-Value
7471-WNSUF,60,24.15,1505.9,No,782.9861348122867,Standard-Value
8942-DBMHZ,12,20.45,255.35,No,663.0255261660978,Standard-Value
4301-VVZKA,16,75.4,1189.4,No,2444.6026734926054,Standard-Value
9199-PWQVC,63,79.7,4786.15,No,2584.016353811149,Standard-Value
4824-GUCBY,22,81.7,1820.9,No,2648.8599260523324,Standard-Value
5393-HJZSM,32,76.3,2404.15,No,2473.7822810011376,Standard-Value
7074-IEVOJ,3,79.4,205.05,Yes,2574.289817974972,Standard-Value
9625-QSTYE,13,81.15,952.3,Yes,2631.0279436860073,Standard-Value
0862-PRCBS,68,103.75,7039.45,No,3363.760310011377,High-Value
8812-ZRHFP,30,86.45,2538.05,No,2802.8634101251423,Standard-Value
5146-CBVOE,16,75.1,1212.85,No,2434.8761376564275,Standard-Value
0454-OKRCT,33,80.6,2651.1,No,2613.1959613196814,Standard-Value
5787-KXGIY,72,19.3,1304.8,No,625.7404721274175,Standard-Value
4750-ZRXIU,4,84.6,360.1,Yes,2742.883105802048,Standard-Value
4198-VFOEA,12,33.6,435.45,No,1089.3720136518773,Standard-Value
6630-UJZMY,4,83.25,308.05,No,2699.1136945392495,Standard-Value
6400-BWQKW,6,79.05,434.5,Yes,2562.9421928327647,Standard-Value
2692-AQCPF,65,108.05,7118.9,No,3503.1739903299203,High-Value
0347-UBKUZ,15,19.9,320.45,No,645.1935437997724,Standard-Value
0835-DUUIQ,24,21.05,531.55,No,682.4785978384529,Standard-Value
0811-GSDTP,13,30.15,382.2,No,977.5168515358362,Standard-Value
7567-ECMCM,24,79.85,2001.0,No,2588.879621729238,Standard-Value
6115-ZTBFQ,72,65.5,4919.7,No,2123.6269908987488,Standard-Value
6353-BRMMA,54,104.1,5645.8,No,3375.1079351535836,High-Value
6680-WKXRZ,3,74.4,215.8,Yes,2412.1808873720142,Standard-Value
6231-WFGFH,4,20.5,77.6,No,664.6466154721275,Standard-Value
9904-EHEVJ,32,91.35,2896.55,No,2961.730162116041,High-Value
7028-DVOIQ,35,99.05,3395.8,Yes,3211.3779152445964,High-Value
6169-PPETC,35,20.5,759.35,No,664.6466154721275,Standard-Value
4208-UFFGW,2,44.95,85.15,Yes,1457.3592861205918,Standard-Value
8584-KMVXD,8,75.6,535.55,No,2451.0870307167233,Standard-Value
8467-WYNSR,22,55.1,1253.15,No,1786.4404152445964,Standard-Value
0851-DFJKB,15,58.95,955.15,No,1911.2642918088738,Standard-Value
5382-SOYZL,22,95.1,2162.6,No,3083.3118600682596,High-Value
9448-REEVD,1,44.7,44.7,Yes,1449.253839590444,Standard-Value
3261-CQXOL,71,25.45,1813.35,No,825.1344567690558,Standard-Value
8388-FYNPZ,4,56.75,245.15,No,1839.9363623435725,Standard-Value
4002-BQWPQ,25,81.75,2028.8,No,2650.481015358362,Standard-Value
5651-YLPRD,32,86.1,2723.75,No,2791.515784982935,Standard-Value
2826-DXLQO,7,29.8,220.45,No,966.1692263936292,Standard-Value
4378-BZYFP,17,20.5,365.8,No,664.6466154721275,Standard-Value
9489-UTFKA,8,60.9,551.95,No,1974.4867747440273,Standard-Value
4849-PYRLQ,56,73.25,4054.2,No,2374.8958333333335,Standard-Value
9117-SHLZX,1,45.7,45.7,Yes,1481.6756257110355,Standard-Value
9889-TMAHG,8,100.3,832.35,Yes,3251.9051478953356,High-Value
4541-RMRLG,7,19.25,112.3,Yes,624.119382821388,Standard-Value
7764-BDPEE,3,20.85,60.65,No,675.9942406143346,Standard-Value
3429-IFLEM,71,77.35,5550.1,No,2507.825156427759,Standard-Value
3158-MOERK,2,96.0,174.8,Yes,3112.4914675767923,High-Value
7294-TMAOP,1,90.55,90.55,Yes,2935.7927332195677,High-Value
5002-GCQFH,49,93.85,4733.1,No,3042.78462741752,High-Value
0556-FJEGU,58,70.1,4048.95,No,2272.76720705347,Standard-Value
8919-FYFQZ,44,30.35,1359.7,Yes,984.0012087599546,Standard-Value
0604-THJFP,59,75.95,4542.35,No,2462.434655858931,Standard-Value
2834-JRTUA,71,108.05,7532.15,Yes,3503.1739903299203,High-Value
5875-YPQFJ,1,69.9,69.9,Yes,2266.282849829352,Standard-Value
5879-SESNB,11,75.25,888.65,No,2439.7394055745167,Standard-Value
6646-QVXLR,62,103.75,6383.35,Yes,3363.760310011377,High-Value
6461-PPAXN,35,54.95,1916.0,No,1781.5771473265077,Standard-Value
3318-ISQFQ,20,19.5,413.0,No,632.2248293515358,Standard-Value
1106-HRLKZ,40,19.6,808.95,No,635.467007963595,Standard-Value
2483-XSSMZ,39,47.85,1886.4,No,1551.3824658703074,Standard-Value
8603-IJWDN,1,86.6,86.6,Yes,2807.726678043231,Standard-Value
8165-ZJRNM,72,23.75,1679.25,No,770.0174203640502,Standard-Value
9369-XFEHK,33,80.6,2656.5,Yes,2613.1959613196814,Standard-Value
2604-XVDAM,12,43.8,540.95,No,1420.0742320819113,Standard-Value
3717-OFRTN,1,19.75,19.75,No,640.3302758816837,Standard-Value
9046-JBFWA,27,19.15,537.35,No,620.8772042093287,Standard-Value
3280-NMUVX,34,19.6,678.8,No,635.467007963595,Standard-Value
1206-EHBDD,56,80.3,4513.65,No,2603.469425483504,Standard-Value
8361-LBRDI,58,24.35,1423.85,No,789.4704920364051,Standard-Value
4883-KCPZJ,22,25.25,555.4,No,818.6500995449375,Standard-Value
9108-EQPNQ,10,26.1,225.55,No,846.2086177474404,Standard-Value
7277-KAMWT,13,20.0,268.45,No,648.4357224118316,Standard-Value
3842-IYKUE,35,85.3,2917.5,Yes,2765.578356086462,Standard-Value
6641-XRPSU,34,70.0,2416.1,Yes,2269.525028441411,Standard-Value
1374-DMZUI,4,94.3,424.45,Yes,3057.3744311717865,High-Value
2545-LXYVJ,72,20.7,1492.1,No,671.1309726962457,Standard-Value
3234-VKACU,2,70.3,132.4,No,2279.2515642775884,Standard-Value
8357-EQXFO,7,95.35,660.9,Yes,3091.4173065984073,High-Value
1989-PRJHP,27,75.5,1893.95,Yes,2447.8448521046644,Standard-Value
8120-JDCAM,4,69.55,284.9,No,2254.9352246871445,Standard-Value
8917-FAEMR,37,19.85,784.25,No,643.572454493743,Standard-Value
7047-YXDMZ,21,20.0,417.7,No,648.4357224118316,Standard-Value
2858-EIMXH,53,95.85,5016.25,No,3107.628199658703,High-Value
9524-EGPJC,18,90.1,1612.75,Yes,2921.2029294653016,High-Value
6993-OHLXR,2,68.95,119.75,Yes,2235.4821530147897,Standard-Value
8818-XYFCQ,32,99.55,3204.65,Yes,3227.588808304892,High-Value
6419-ZTTLE,23,20.75,485.2,No,672.7520620022754,Standard-Value
0929-HYQEW,3,50.15,160.85,No,1625.9525739476678,Standard-Value
6614-YOLAC,71,58.65,4145.25,No,1901.5377559726962,Standard-Value
7426-RHZGU,9,95.9,827.45,No,3109.2492889647333,High-Value
4065-JJAVA,1,49.5,49.5,No,1604.8784129692833,Standard-Value
4695-VADHF,18,57.45,990.85,Yes,1862.6316126279867,Standard-Value
3863-IUBJR,12,53.65,696.35,Yes,1739.4288253697384,Standard-Value
7649-SIJJF,71,80.1,5585.4,No,2596.9850682593856,Standard-Value
9361-YNQWJ,64,24.4,1601.2,No,791.0915813424346,Standard-Value
3748-FVMZZ,4,40.05,162.45,No,1298.4925341296928,Standard-Value
9391-TTOYH,23,19.5,470.2,No,632.2248293515358,Standard-Value
1452-XRSJV,39,51.05,2066.0,No,1655.1321814562002,Standard-Value
3422-WJOYD,28,54.35,1426.45,No,1762.1240756541526,Standard-Value
8242-SOQUO,5,84.7,392.5,No,2746.125284414107,Standard-Value
7460-ITWWP,45,86.1,3861.45,No,2791.515784982935,Standard-Value
7147-AYBAA,37,70.35,2552.9,No,2280.8726535836176,Standard-Value
7868-TMWMZ,60,110.0,6668.35,No,3566.3964732650743,High-Value
4822-RVYBB,8,100.6,819.4,Yes,3261.631683731513,High-Value
6732-FZUGP,47,94.9,4615.25,No,3076.8275028441417,High-Value
8436-BJUMM,26,83.75,2070.6,Yes,2715.3245875995453,Standard-Value
4184-TJFAN,3,88.3,273.75,Yes,2862.843714448237,Standard-Value
8329-GWVPJ,50,69.75,3557.7,No,2261.419581911263,Standard-Value
1352-VHKAJ,27,71.6,1957.1,No,2321.3998862343574,Standard-Value
4145-UQXUQ,8,92.1,729.95,Yes,2986.046501706485,High-Value
2632-TACXW,62,23.65,1416.75,No,766.775241751991,Standard-Value
8146-QQKZH,71,81.85,5924.4,No,2653.723193970421,Standard-Value
1767-CJKBA,66,25.1,1697.7,No,813.7868316268488,Standard-Value
6445-TNRXS,68,114.7,7849.85,No,3718.778868031855,High-Value
4581-LNWUM,13,49.15,649.4,No,1593.5307878270762,Standard-Value
4869-EPIUS,56,80.9,4557.5,No,2622.922497155859,Standard-Value
9948-YPTDG,38,79.45,3013.05,Yes,2575.9109072810015,Standard-Value
1236-WFCDV,14,90.45,1266.1,Yes,2932.5505546075087,High-Value
1915-OAKWD,16,19.3,360.35,No,625.7404721274175,Standard-Value
7296-PIXQY,14,70.2,1046.5,No,2276.0093856655294,Standard-Value
4883-QICIH,32,69.75,2347.9,Yes,2261.419581911263,Standard-Value
3354-OADJP,8,54.25,447.75,No,1758.8818970420934,Standard-Value
3524-WQDSG,43,99.3,4209.95,No,3219.483361774744,High-Value
0810-DHDBD,52,74.0,3877.65,No,2399.2121729237774,Standard-Value
4026-SKKHW,3,50.25,152.3,No,1629.194752559727,Standard-Value
2829-HYVZP,29,19.8,572.2,No,641.9513651877133,Standard-Value
8329-IBCTI,1,19.65,19.65,Yes,637.0880972696245,Standard-Value
1271-SJBGZ,12,43.65,526.95,Yes,1415.2109641638226,Standard-Value
3845-JHAMY,16,35.5,552.7,No,1150.9734072810013,Standard-Value
7013-PSXHK,40,80.75,3208.65,No,2618.0592292377705,Standard-Value
5669-SRAIP,5,39.5,210.75,Yes,1280.6605517633675,Standard-Value
5981-ITEMU,40,97.1,3706.95,Yes,3148.1554323094424,High-Value
3486-NPGST,36,19.55,620.75,No,633.8459186575654,Standard-Value
6941-PMGEP,5,80.0,412.5,Yes,2593.7428896473266,Standard-Value
1624-WOIWJ,10,84.7,832.05,Yes,2746.125284414107,Standard-Value
2074-GKOWZ,2,89.55,185.55,Yes,2903.370947098976,Standard-Value
0376-YMCJC,23,90.6,1943.2,Yes,2937.4138225255974,High-Value
6100-FJZDG,26,20.05,505.9,No,650.0568117178613,Standard-Value
4829-ZLJTK,72,112.4,8046.85,No,3644.2087599544943,High-Value
1730-VFMWO,34,50.2,1815.3,No,1627.5736632536975,Standard-Value
7143-BQIBA,10,62.25,612.95,No,2018.256186006826,Standard-Value
3800-LYTRK,14,55.7,795.15,No,1805.8934869169514,Standard-Value
0634-SZPQA,23,90.05,2169.8,Yes,2919.581840159272,High-Value
9646-NMHXE,47,19.65,973.1,No,637.0880972696245,Standard-Value
7030-NJVDP,24,89.25,2210.2,No,2893.6444112627987,Standard-Value
5536-RTPWK,49,99.05,4853.75,Yes,3211.3779152445964,High-Value
8883-GRDWQ,20,54.0,1055.9,No,1750.7764505119455,Standard-Value
6166-ILMNY,2,69.75,144.55,Yes,2261.419581911263,Standard-Value
3097-NNSPB,2,49.05,91.1,Yes,1590.288609215017,Standard-Value
7771-ZONAT,22,56.75,1304.85,No,1839.9363623435725,Standard-Value
0655-RBDUG,7,98.05,713.0,Yes,3178.9561291240047,High-Value
2111-DWYHN,1,21.1,21.1,No,684.0996871444825,Standard-Value
4194-WHFCB,59,96.65,5580.8,No,3133.5656285551768,High-Value
4121-AGSIN,58,24.5,1497.9,No,794.3337599544938,Standard-Value
4361-BKAXE,41,114.5,4527.45,Yes,3712.2945108077365,High-Value
9845-PEEKO,59,79.2,4590.35,No,2567.8054607508534,Standard-Value
0455-XFASS,3,69.55,200.2,No,2254.9352246871445,Standard-Value
0301-KOBTQ,32,20.05,614.45,No,650.0568117178613,Standard-Value
1751-NCDLI,46,98.85,4564.9,No,3204.893558020478,High-Value
9878-TNQGW,2,80.95,171.15,Yes,2624.543586461889,Standard-Value
9170-ARBTB,52,19.6,1012.4,No,635.467007963595,Standard-Value
4441-NIHPT,13,74.3,940.35,Yes,2408.938708759955,Standard-Value
8999-BOHSE,11,89.7,1047.7,Yes,2908.2342150170653,Standard-Value
7241-AJHFS,32,87.65,2766.4,No,2841.7695534698523,Standard-Value
7029-RPUAV,17,100.45,1622.45,Yes,3256.768415813425,High-Value
4546-FOKWR,16,74.75,1129.35,No,2423.528512514221,Standard-Value
9036-CSKBW,51,107.45,5680.9,No,3483.7209186575656,High-Value
5832-TRLPB,29,75.35,2243.9,No,2442.9815841865757,Standard-Value
8590-YFFQO,70,64.95,4523.25,No,2105.7950085324233,Standard-Value
8659-IOOPU,71,100.45,7159.7,No,3256.768415813425,High-Value
1338-CECEE,41,68.5,2839.95,No,2220.8923492605236,Standard-Value
7439-DKZTW,1,80.55,80.55,No,2611.574872013652,Standard-Value
4646-QZXTF,7,81.25,580.1,No,2634.2701222980663,Standard-Value
4607-CHPCA,25,90.4,2178.6,Yes,2930.9294653014795,High-Value
9742-XOKTS,67,89.55,6038.55,No,2903.370947098976,Standard-Value
6921-OZMFH,5,55.7,259.4,No,1805.8934869169514,Standard-Value
9578-FOMUK,15,24.8,324.15,No,804.0602957906713,Standard-Value
4712-UYOOI,20,20.0,417.65,No,648.4357224118316,Standard-Value
8824-RWFXJ,3,56.15,168.15,Yes,1820.4832906712174,Standard-Value
7722-CVFXN,54,105.2,5637.85,No,3410.7718998862347,High-Value
8717-VCTXJ,42,19.55,839.4,No,633.8459186575654,Standard-Value
7363-QTBIW,9,79.75,769.1,No,2585.637443117179,Standard-Value
4159-NAAIX,63,97.45,6253.0,No,3159.50305745165,High-Value
0971-QIFJK,69,24.25,1641.8,No,786.2283134243459,Standard-Value
9397-TZSHA,69,24.6,1678.05,No,797.575938566553,Standard-Value
3391-JSQEW,40,50.15,2058.5,No,1625.9525739476678,Standard-Value
0343-QLUZP,60,39.6,2424.5,No,1283.9027303754267,Standard-Value
9763-PDTKK,4,94.4,387.2,Yes,3060.616609783846,High-Value
2176-LVPNX,71,89.85,6293.45,No,2913.0974829351535,Standard-Value
7627-JKIAZ,37,78.95,2839.65,Yes,2559.7000142207057,Standard-Value
3312-UUMZW,32,98.85,3145.9,No,3204.893558020478,High-Value
1271-UODNO,39,53.85,2200.7,No,1745.9131825938568,Standard-Value
8461-EFQYM,38,24.25,914.4,No,786.2283134243459,Standard-Value
6900-RBKER,52,89.45,4577.75,No,2900.128768486917,Standard-Value
6891-JPYFF,48,105.25,4997.5,No,3412.3929891922644,High-Value
1459-QNFQT,70,59.5,4144.8,No,1929.0962741751991,Standard-Value
1047-NNCBF,20,70.55,1493.55,No,2287.357010807736,Standard-Value
3696-XRIEN,50,82.5,4179.1,No,2674.7973549488056,Standard-Value
4081-DYXAV,19,44.85,893.55,Yes,1454.1171075085326,Standard-Value
0074-HDKDG,25,61.6,1611.0,No,1997.1820250284416,Standard-Value
8791-GFXLZ,12,49.05,593.05,No,1590.288609215017,Standard-Value
8111-SLLHI,39,105.65,4284.8,Yes,3425.361703640501,High-Value
0927-LCSMG,7,74.65,544.55,Yes,2420.286333902162,Standard-Value
9330-DHBFL,23,66.25,1533.8,No,2147.9433304891922,Standard-Value
0098-BOWSO,27,19.4,529.8,No,628.9826507394766,Standard-Value
3452-ABWRL,47,86.05,3865.6,No,2789.8946956769055,Standard-Value
5859-HZYLF,26,19.15,515.75,No,620.8772042093287,Standard-Value
8257-RZAHR,14,64.7,941.0,Yes,2097.6895620022756,Standard-Value
5293-WXJAK,11,104.05,1133.65,Yes,3373.4868458475544,High-Value
3156-QLHBO,2,19.25,48.35,No,624.119382821388,Standard-Value
2208-NQBCT,26,81.95,2070.05,No,2656.9653725824805,Standard-Value
1779-PWPMG,72,114.65,8333.95,No,3717.157778725825,High-Value
6621-NRZAK,63,20.0,1209.25,No,648.4357224118316,Standard-Value
0831-JNISG,71,19.8,1396.25,No,641.9513651877133,Standard-Value
0774-IFUVM,11,65.15,723.35,No,2112.2793657565417,Standard-Value
3082-WQRVY,14,19.65,228.65,No,637.0880972696245,Standard-Value
9553-DLCLU,13,88.95,1161.75,No,2883.9178754266213,Standard-Value
1641-BYBTK,6,20.2,98.35,No,654.92007963595,Standard-Value
2460-NGXBJ,11,75.2,775.3,No,2438.118316268487,Standard-Value
2446-ZKVAF,18,56.8,1074.65,No,1841.557451649602,Standard-Value
0841-NULXI,1,35.55,35.55,Yes,1152.5944965870308,Standard-Value
3522-CDKHF,32,75.5,2324.7,No,2447.8448521046644,Standard-Value
1430-SFQSA,29,35.6,1072.6,No,1154.2155858930605,Standard-Value
0411-EZJZE,3,60.25,170.5,No,1953.4126137656428,Standard-Value
7851-WZEKY,2,95.15,196.9,Yes,3084.9329493742894,High-Value
8844-TONUD,13,96.65,1162.85,Yes,3133.5656285551768,High-Value
8807-ARQET,41,40.35,1677.85,No,1308.2190699658704,Standard-Value
8992-CEUEN,1,18.85,18.85,No,611.1506683731513,Standard-Value
4320-QMLLA,7,54.85,370.4,No,1778.3349687144485,Standard-Value
8777-PVYGU,52,64.3,3410.6,No,2084.7208475540388,Standard-Value
8292-ITGYJ,45,24.65,1138.8,No,799.1970278725825,Standard-Value
6870-ZWMNX,70,76.1,5264.25,No,2467.297923777019,Standard-Value
0621-CXBKL,53,18.7,1005.7,No,606.2874004550625,Standard-Value
5268-DSMNQ,62,97.95,5936.55,No,3175.7139505119458,High-Value
5334-JLAXU,60,94.1,5475.9,No,3050.890073947668,High-Value
4086-YQSNZ,3,80.4,224.05,Yes,2606.7116040955634,Standard-Value
6242-MBHPK,23,95.1,2326.05,No,3083.3118600682596,High-Value
5868-CZJDR,1,31.35,31.35,Yes,1016.4229948805462,Standard-Value
9359-UGBTK,67,72.35,4991.5,No,2345.716225824801,Standard-Value
0135-NMXAP,12,89.75,1052.4,Yes,2909.8553043230945,Standard-Value
4782-OSFXZ,71,82.7,5831.2,No,2681.281712172924,Standard-Value
6479-OAUSD,25,19.9,510.8,No,645.1935437997724,Standard-Value
7129-ACFOG,5,53.8,283.95,No,1744.2920932878271,Standard-Value
4189-NAKJS,26,51.55,1295.4,No,1671.343074516496,Standard-Value
5562-BETPV,1,19.65,19.65,No,637.0880972696245,Standard-Value
1282-IHQAC,70,44.05,3011.65,No,1428.1796786120592,Standard-Value
9127-FHJBZ,72,114.0,8093.15,No,3696.0836177474407,High-Value
6270-OMFIW,60,94.4,5610.25,Yes,3060.616609783846,High-Value
1641-RQDAY,32,100.4,3217.65,No,3255.147326507395,High-Value
0107-WESLM,1,19.85,19.85,Yes,643.572454493743,Standard-Value
6994-ORCWG,14,54.25,773.2,No,1758.8818970420934,Standard-Value
1346-UFHAX,13,80.0,1029.35,No,2593.7428896473266,Standard-Value
3992-YWPKO,6,109.9,669.45,Yes,3563.1542946530153,High-Value
2933-XEUJM,46,79.2,3593.8,No,2567.8054607508534,Standard-Value
0125-LZQXK,15,101.35,1553.95,Yes,3285.948023321957,High-Value
5461-QKNTN,43,94.3,3953.15,No,3057.3744311717865,High-Value
4835-YSJMR,39,49.8,1971.15,No,1614.6049488054607,Standard-Value
8399-YNDCH,21,60.05,1236.15,Yes,1946.9282565415244,Standard-Value
3164-YAXFY,57,53.75,3196.0,No,1742.6710039817976,Standard-Value
0887-WBJVH,53,93.45,4872.2,No,3029.8159129692835,High-Value
4660-IRIBM,18,87.9,1500.5,No,2849.8750000000005,Standard-Value
5673-FSSMF,1,60.15,60.15,Yes,1950.1704351535836,Standard-Value
7670-ZBPOQ,58,61.05,3478.75,No,1979.350042662116,Standard-Value
8089-UZWLX,71,104.05,7413.55,No,3373.4868458475544,High-Value
0080-OROZO,35,99.25,3532.0,No,3217.8622724687148,High-Value
3916-NRPAP,3,85.7,256.75,No,2778.547070534699,Standard-Value
6807-SIWJI,38,104.85,3887.25,No,3399.4242747440276,High-Value
8221-HVAYI,35,69.15,2490.15,No,2241.966510238908,Standard-Value
1579-KLYDT,7,90.45,593.45,Yes,2932.5505546075087,High-Value
5232-NXPAY,47,74.45,3510.3,No,2413.8019766780435,Standard-Value
8967-SZQAS,14,50.45,765.45,No,1635.6791097838454,Standard-Value
4468-KAZHE,20,60.0,1259.35,No,1945.307167235495,Standard-Value
0455-ENTCR,66,85.25,5538.35,No,2763.9572667804327,Standard-Value
8944-AILEF,15,19.45,340.85,No,630.6037400455062,Standard-Value
5542-NKVRU,42,20.75,844.45,No,672.7520620022754,Standard-Value
7126-RBHSD,17,78.9,1348.95,No,2558.078924914676,Standard-Value
5370-IIVVL,37,104.5,3778.0,No,3388.0766496018205,High-Value
6789-HJBWG,12,49.4,611.65,No,1601.636234357224,Standard-Value
3927-NLNRY,53,94.25,4867.95,Yes,3055.7533418657567,High-Value
9087-EYCPR,60,25.0,1505.05,No,810.5446530147896,Standard-Value
6791-YBNAK,18,25.55,467.85,No,828.376635381115,Standard-Value
6358-LYNGM,1,74.9,74.9,Yes,2428.3917804323096,Standard-Value
6077-BDPXA,3,70.15,194.2,No,2274.3882963594997,Standard-Value
0013-MHZWF,9,69.4,571.45,No,2250.071956769056,Standard-Value
5494-HECPR,1,80.25,80.25,Yes,2601.8483361774747,Standard-Value
8268-YDIXR,56,93.15,5253.95,No,3020.089377133106,High-Value
9824-BEMCV,17,69.0,1149.65,Yes,2237.1032423208194,Standard-Value
1373-ORVIZ,11,66.35,740.8,Yes,2151.1855091012512,Standard-Value
4291-SHSBH,7,69.55,521.35,No,2254.9352246871445,Standard-Value
6980-IMXXE,69,20.2,1412.65,No,654.92007963595,Standard-Value
9866-QEVEE,19,86.0,1532.45,Yes,2788.273606370876,Standard-Value
9897-KXHCM,3,80.3,250.05,Yes,2603.469425483504,Standard-Value
0040-HALCW,54,20.4,1090.6,No,661.4044368600682,Standard-Value
0784-GTUUK,62,23.75,1446.8,No,770.0174203640502,Standard-Value
7979-CORPM,24,90.55,2282.55,Yes,2935.7927332195677,High-Value
2294-DMMUS,62,70.45,4300.45,No,2284.114832195677,Standard-Value
0872-JCPIB,17,65.75,1111.2,No,2131.7324374288964,Standard-Value
3055-MJDSB,9,24.6,190.1,No,797.575938566553,Standard-Value
9091-WTUUY,64,69.25,4447.75,No,2245.208688850967,Standard-Value
1618-CFHME,2,75.9,143.35,Yes,2460.813566552901,Standard-Value
3165-HDOEW,1,45.85,45.85,Yes,1486.5388936291242,Standard-Value
6581-NQCBA,16,49.95,810.2,Yes,1619.4682167235496,Standard-Value
7115-IRDHS,72,24.65,1830.05,No,799.1970278725825,Standard-Value
8496-DMZUK,30,90.4,2820.65,No,2930.9294653014795,High-Value
2040-VZIKE,49,100.85,4847.35,No,3269.737130261661,High-Value
9068-VPWQQ,61,75.35,4729.3,No,2442.9815841865757,Standard-Value
0178-SZBHO,47,87.2,4017.45,No,2827.1797497155862,Standard-Value
0384-RVBPI,20,64.4,1398.6,No,2087.963026166098,Standard-Value
1689-MRZQR,34,78.3,2564.3,Yes,2538.6258532423208,Standard-Value
1299-AURJA,70,24.7,1685.9,No,800.818117178612,Standard-Value
4525-VZCZG,54,105.85,5826.65,No,3431.846060864619,High-Value
1543-LLLFT,61,98.3,6066.55,No,3187.0615756541524,High-Value
5835-BEQEU,3,76.95,228.4,Yes,2494.8564419795225,Standard-Value
2788-CJQAQ,13,19.45,270.2,No,630.6037400455062,Standard-Value
5565-FILXA,16,96.15,1529.2,Yes,3117.354735494881,High-Value
0319-QZTCO,3,58.7,168.6,No,1903.1588452787262,Standard-Value
2120-SMPEX,25,20.15,536.35,No,653.2989903299203,Standard-Value
0096-FCPUF,30,64.5,1888.45,No,2091.205204778157,Standard-Value
0668-OGMHD,21,28.5,629.35,No,924.0209044368602,Standard-Value
5552-ZNFSJ,1,45.3,45.3,Yes,1468.7069112627987,Standard-Value
2223-KAGMX,15,19.4,289.3,Yes,628.9826507394766,Standard-Value
6507-ZJSUR,23,90.45,2117.25,No,2932.5505546075087,High-Value
9408-HRXRK,45,105.15,4730.9,No,3409.1508105802054,High-Value
5593-SUAOO,24,83.15,2033.05,No,2695.8715159271906,Standard-Value
7321-PKUYW,11,90.15,987.95,Yes,2922.8240187713313,High-Value
2833-SLKDQ,1,45.05,45.05,Yes,1460.6014647326508,Standard-Value
6766-HFKLA,56,103.2,5744.35,No,3345.9283276450515,High-Value
7595-EUIVN,1,75.8,75.8,Yes,2457.5713879408418,Standard-Value
7617-EYGLW,1,19.45,19.45,No,630.6037400455062,Standard-Value
2026-TGDHM,7,79.3,523.15,Yes,2571.0476393629124,Standard-Value
9220-ZNKJI,55,88.8,4805.3,No,2879.0546075085326,Standard-Value
4030-VPZBD,2,30.9,59.05,Yes,1001.8331911262799,Standard-Value
2226-ICFDO,72,85.9,6110.75,No,2785.0314277588172,Standard-Value
0723-VSOBE,45,34.2,1596.6,No,1108.8250853242323,Standard-Value
5529-GIBVH,47,20.15,1046.2,No,653.2989903299203,Standard-Value
4187-CINZD,46,95.25,4424.2,Yes,3088.1751279863483,High-Value
9992-UJOEL,2,50.3,92.75,No,1630.8158418657565,Standard-Value
4741-WWJQZ,2,80.15,194.55,No,2598.6061575654157,Standard-Value
6625-UTXEW,12,51.25,612.1,No,1661.6165386803186,Standard-Value
6818-WOBHJ,68,89.6,6127.6,Yes,2904.992036405006,Standard-Value
6244-BESBM,69,95.2,6671.7,No,3086.554038680319,High-Value
1004-NOZNR,56,94.8,5264.3,No,3073.5853242320823,High-Value
1251-STYSZ,4,80.25,303.7,No,2601.8483361774747,Standard-Value
2612-PHGOX,64,76.1,4818.8,No,2467.297923777019,Standard-Value
2408-TZMJL,59,110.15,6448.05,Yes,3571.259741183163,High-Value
8480-PPONV,62,115.55,7159.05,No,3746.3373862343574,High-Value
8780-IHCRN,63,24.65,1574.5,No,799.1970278725825,Standard-Value
4598-ZADCK,53,53.6,2879.2,No,1737.807736063709,Standard-Value
1257-SXUXQ,5,19.45,86.05,No,630.6037400455062,Standard-Value
9681-KYGYB,49,88.2,4159.45,No,2859.601535836178,Standard-Value
7182-OVLBJ,62,101.15,6638.35,No,3279.463666097839,High-Value
5095-ETBRJ,55,56.8,3112.05,No,1841.557451649602,Standard-Value
7005-CYUIL,71,99.4,7168.25,No,3222.7255403868035,High-Value
4821-WQOYN,72,20.1,1326.25,No,651.6779010238909,Standard-Value
4730-AWNAU,36,60.7,2234.55,No,1968.0024175199092,Standard-Value
3452-FLHYD,25,20.95,495.15,No,679.2364192263937,Standard-Value
2388-LAESQ,72,114.85,8317.95,No,3723.642135949943,High-Value
9531-NSBMR,36,19.25,679.8,No,624.119382821388,Standard-Value
6260-ONULR,1,62.8,62.8,No,2036.0881683731513,Standard-Value
4389-UEFCZ,72,105.5,7544.0,No,3420.498435722412,High-Value
8711-LOBKY,59,19.85,1188.25,No,643.572454493743,Standard-Value
9134-CEQMF,7,89.5,676.7,Yes,2901.749857792947,Standard-Value
8985-OOPOS,1,74.1,74.1,No,2402.4543515358364,Standard-Value
8800-ZKRFW,30,107.5,3242.5,No,3485.3420079635953,High-Value
2616-FLVQC,64,19.55,1240.15,No,633.8459186575654,Standard-Value
9968-FFVVH,63,68.8,4111.35,No,2230.618885096701,Standard-Value
3108-PCCGG,72,84.45,5899.85,No,2738.0198378839596,Standard-Value
7993-PYKOF,8,75.0,632.95,Yes,2431.6339590443686,Standard-Value
8390-FESFV,62,84.5,5193.2,No,2739.640927189989,Standard-Value
3022-BEXHZ,67,111.2,7530.8,No,3605.3026166097843,High-Value
5027-XWQHA,6,44.75,270.95,Yes,1450.8749288964734,Standard-Value
6248-TKCQV,70,80.6,5460.2,No,2613.1959613196814,Standard-Value
6729-GDNGC,20,80.7,1614.2,No,2616.438139931741,Standard-Value
6198-ZFIOJ,5,75.6,402.5,No,2451.0870307167233,Standard-Value
5989-OMNJE,24,57.6,1367.75,No,1867.4948805460754,Standard-Value
4566-QVRRW,11,44.05,483.7,Yes,1428.1796786120592,Standard-Value
1291-CUOCY,72,110.6,7962.2,No,3585.849544937429,High-Value
9795-SHUHB,66,58.2,3810.8,No,1886.9479522184304,Standard-Value
3230-IUALN,45,81.0,3533.6,No,2626.164675767918,Standard-Value
0042-RLHYP,69,19.7,1396.9,No,638.7091865756541,Standard-Value
8519-IMDHU,15,85.6,1345.55,Yes,2775.3048919226394,Standard-Value
4945-RVMTE,28,59.55,1646.45,No,1930.7173634812286,Standard-Value
0201-OAMXR,70,115.55,8127.6,Yes,3746.3373862343574,High-Value
1866-NXPSP,36,75.55,2680.15,No,2449.465941410694,Standard-Value
3372-KWFBM,16,86.6,1281.0,Yes,2807.726678043231,Standard-Value
7831-QGOXH,18,85.2,1553.9,Yes,2762.336177474403,Standard-Value
6393-WRYZE,34,97.65,3207.55,Yes,3165.9874146757684,High-Value
3941-XTSKM,42,45.1,2049.05,No,1462.2225540386805,Standard-Value
1661-CZBAU,48,70.95,3629.2,No,2300.325725255973,Standard-Value
6599-RCLCJ,47,109.55,5124.55,Yes,3551.8066695108078,High-Value
9831-BPFRI,39,89.55,3474.45,Yes,2903.370947098976,Standard-Value
5158-RIVOP,11,20.9,202.3,No,677.615329920364,Standard-Value
9788-YTFGE,7,19.95,147.5,No,646.814633105802,Standard-Value
9277-JOOMO,3,24.6,86.35,No,797.575938566553,Standard-Value
1907-YLNYW,8,66.7,579.0,No,2162.533134243459,Standard-Value
1725-MIMXW,1,19.45,19.45,Yes,630.6037400455062,Standard-Value
8947-YRTDV,32,94.8,3131.55,No,3073.5853242320823,High-Value
3161-ONRWK,60,65.85,3928.3,No,2134.9746160409554,Standard-Value
0114-RSRRW,10,19.95,187.75,No,646.814633105802,Standard-Value
4565-NLZBV,71,24.65,1710.15,No,799.1970278725825,Standard-Value
0031-PVLZI,4,20.35,76.35,Yes,659.7833475540388,Standard-Value
7206-GZCDC,1,69.25,69.25,Yes,2245.208688850967,Standard-Value
6682-VCIXC,43,51.25,2151.6,No,1661.6165386803186,Standard-Value
4791-QRGMF,59,99.5,5961.1,Yes,3225.9677189988624,High-Value
6475-VHUIZ,23,54.25,1221.55,No,1758.8818970420934,Standard-Value
3910-MRQOY,72,19.4,1496.45,No,628.9826507394766,Standard-Value
0661-WCQNQ,22,56.25,1292.2,No,1823.7254692832767,Standard-Value
7537-RBWEA,1,25.15,25.15,No,815.4079209328783,Standard-Value
4656-CAURT,69,23.95,1713.1,No,776.5017775881685,Standard-Value
0121-SNYRK,50,35.4,1748.9,No,1147.731228668942,Standard-Value
1768-ZAIFU,1,25.2,25.2,Yes,817.0290102389079,Standard-Value
4671-LXRDQ,2,45.0,96.45,Yes,1458.9803754266213,Standard-Value
3733-LSYCE,15,75.35,1114.55,No,2442.9815841865757,Standard-Value
6265-FRMTQ,31,20.4,609.1,No,661.4044368600682,Standard-Value
1934-SJVJK,1,20.15,20.15,Yes,653.2989903299203,Standard-Value
3838-OZURD,66,105.0,7133.25,Yes,3404.2875426621163,High-Value
9269-CQOOL,3,54.7,169.45,Yes,1773.4717007963598,Standard-Value
2017-CCBLH,8,20.0,141.6,No,648.4357224118316,Standard-Value
7690-KPNCU,64,73.05,4688.65,No,2368.411476109215,Standard-Value
0536-BGFMZ,28,20.5,563.05,No,664.6466154721275,Standard-Value
2293-IJWPS,57,100.75,5985.0,No,3266.494951649602,High-Value
2845-HSJCY,14,87.25,1258.6,Yes,2828.8008390216155,Standard-Value
5469-NUJUR,19,19.95,373.5,No,646.814633105802,Standard-Value
1184-PJVDB,10,79.95,857.2,Yes,2592.1218003412973,Standard-Value
2625-TRCZQ,51,49.65,2553.35,No,1609.741680887372,Standard-Value
4102-HLENU,67,65.65,4322.85,No,2128.4902588168375,Standard-Value
7266-GSSJX,11,20.45,250.8,No,663.0255261660978,Standard-Value
7722-VJRQD,72,60.95,4549.05,No,1976.107864050057,Standard-Value
7073-QETQY,66,20.35,1359.5,No,659.7833475540388,Standard-Value
9415-DPEWS,18,88.35,1639.3,Yes,2864.464803754266,Standard-Value
5624-RYAMH,9,19.5,178.85,No,632.2248293515358,Standard-Value
0196-JTUQI,9,75.2,633.85,No,2438.118316268487,Standard-Value
7130-YXBRO,48,111.45,5315.1,No,3613.408063139932,High-Value
9272-LSVYH,10,70.15,735.5,No,2274.3882963594997,Standard-Value
7943-RQCHR,9,94.75,889.9,Yes,3071.9642349260525,High-Value
3793-MMFUH,13,95.05,1290.0,Yes,3081.69077076223,High-Value
3249-ZPQRG,4,78.45,330.05,Yes,2543.48912116041,Standard-Value
2568-BRGYX,4,70.2,237.95,Yes,2276.0093856655294,Standard-Value
3084-DOWLE,72,92.0,6474.4,No,2982.804323094426,High-Value
1084-MNSMJ,51,85.5,4421.95,No,2772.0627133105804,Standard-Value
7721-JXEAW,59,41.05,2452.7,Yes,1330.9143202502844,Standard-Value
7249-WBIYX,10,85.6,813.85,Yes,2775.3048919226394,Standard-Value
4238-HFHSN,61,82.15,4904.85,No,2663.449729806599,Standard-Value
6250-CGGUN,54,84.4,4484.05,No,2736.39874857793,Standard-Value
5478-JJVZK,33,60.9,2033.85,No,1974.4867747440273,Standard-Value
7596-IIWYC,27,20.25,538.2,No,656.5411689419795,Standard-Value
6567-HOOPW,1,79.2,79.2,Yes,2567.8054607508534,Standard-Value
9793-WECQC,23,95.3,2192.9,No,3089.796217292378,High-Value
4291-HPAXL,1,19.85,19.85,No,643.572454493743,Standard-Value
8999-YPYBV,45,84.35,3858.05,No,2734.7776592719,Standard-Value
1839-FBNFR,39,19.85,854.8,No,643.572454493743,Standard-Value
3164-AALRN,5,70.0,347.4,Yes,2269.525028441411,Standard-Value
3071-MVJCD,72,82.3,5815.15,No,2668.312997724687,Standard-Value
1697-BCSHV,58,66.8,3970.4,No,2165.7753128555178,Standard-Value
0562-KBDVM,70,44.6,3058.15,No,1446.0116609783847,Standard-Value
1131-SUEKT,61,98.45,6145.2,No,3191.9248435722416,High-Value
3717-OEAUQ,2,70.7,129.2,No,2292.220278725825,Standard-Value
4538-WNTMJ,46,24.95,1165.9,No,808.92356370876,Standard-Value
3334-CTHOL,1,49.95,49.95,Yes,1619.4682167235496,Standard-Value
4704-ERYFC,22,69.25,1554.0,Yes,2245.208688850967,Standard-Value
9432-RUVSL,48,102.5,4904.25,No,3323.2330773606373,High-Value
8060-HIWJJ,64,86.55,5632.55,No,2806.1055887372013,Standard-Value
7684-XSZIY,72,24.3,1643.25,No,787.8494027303755,Standard-Value
9089-UOWJG,12,58.35,740.55,No,1891.811220136519,Standard-Value
8621-MNIHH,34,94.25,3217.55,Yes,3055.7533418657567,High-Value
8039-ACLPL,72,68.75,4888.2,No,2228.9977957906713,Standard-Value
9885-AIBVB,29,85.8,2440.25,No,2781.789249146758,Standard-Value
1934-MKPXS,33,20.1,620.55,No,651.6779010238909,Standard-Value
2592-YKDIF,1,20.35,20.35,No,659.7833475540388,Standard-Value
2272-JKMSI,62,110.8,6840.95,No,3592.3339021615475,High-Value
0471-LVHGK,41,73.0,3001.2,Yes,2366.790386803186,Standard-Value
9518-RWHZL,64,100.05,6254.2,Yes,3243.799701365188,High-Value
8714-CTZJW,4,82.85,319.6,No,2686.1449800910127,Standard-Value
3569-EDBPQ,24,84.35,1938.05,No,2734.7776592719,Standard-Value
3131-NWVFJ,14,19.55,294.5,No,633.8459186575654,Standard-Value
7521-YXVZY,3,19.95,58.3,No,646.814633105802,Standard-Value
5419-CONWX,4,99.8,442.85,Yes,3235.69425483504,High-Value
6240-EURKS,18,35.0,553.0,Yes,1134.7625142207055,Standard-Value
2373-NTKOD,8,66.25,546.45,No,2147.9433304891922,Standard-Value
1970-KKFWL,35,23.3,797.1,No,755.427616609784,Standard-Value
6960-HVYXR,1,76.0,76.0,Yes,2464.05574516496,Standard-Value
9337-SRRNI,66,25.3,1673.8,No,820.2711888509671,Standard-Value
0895-UADGO,8,44.55,343.45,No,1444.390571672355,Standard-Value
5678-VFNEQ,71,104.1,7412.25,No,3375.1079351535836,High-Value
5977-CKHON,43,92.55,4039.0,No,3000.636305460751,High-Value
7024-OHCCK,2,93.85,170.85,Yes,3042.78462741752,High-Value
2692-BUCFV,29,101.45,2948.6,No,3289.1902019340164,High-Value
7861-UVUFT,15,84.3,1308.4,Yes,2733.1565699658704,Standard-Value
1830-GGFNM,65,94.55,6078.75,No,3065.479877701934,High-Value
5302-BDJNT,35,95.5,3418.2,No,3096.2805745164965,High-Value
5223-UZAVK,64,100.3,6603.8,No,3251.9051478953356,High-Value
4859-ZSRDZ,58,55.5,3166.9,No,1799.409129692833,Standard-Value
5651-WYIPH,18,49.85,865.75,No,1616.2260381114904,Standard-Value
9350-VLHMB,67,89.55,6373.1,No,2903.370947098976,Standard-Value
3498-LZGQZ,63,19.15,1177.05,No,620.8772042093287,Standard-Value
8785-CJSHH,60,99.8,5985.75,No,3235.69425483504,High-Value
5357-TZHPP,9,84.4,732.5,Yes,2736.39874857793,Standard-Value
3870-SPZSI,70,113.05,7869.05,No,3665.2829209328784,High-Value
0680-DFNNY,15,101.1,1504.05,Yes,3277.842576791809,High-Value
7560-QRBXH,48,19.95,936.7,No,646.814633105802,Standard-Value
7077-XJMET,12,74.15,741.4,No,2404.075440841866,Standard-Value
8752-GHJFU,71,92.0,6585.2,No,2982.804323094426,High-Value
6896-SRVYQ,44,73.85,3122.4,No,2394.3489050056883,Standard-Value
7767-UXAGJ,1,50.45,50.45,Yes,1635.6791097838454,Standard-Value
4652-ODEVH,45,24.45,1088.25,No,792.7126706484642,Standard-Value
6510-UPNKS,23,24.8,615.35,No,804.0602957906713,Standard-Value
6718-BDGHG,43,64.85,2908.2,No,2102.552829920364,Standard-Value
9046-DQMTP,35,20.75,739.9,No,672.7520620022754,Standard-Value
6439-LAJXL,9,68.95,593.85,No,2235.4821530147897,Standard-Value
1571-SAVHK,12,99.95,1132.75,Yes,3240.557522753129,High-Value
9052-VKDUW,65,109.4,7227.45,No,3546.9434015927195,High-Value
9546-CQJSU,2,91.4,193.6,Yes,2963.351251422071,High-Value
1666-JZPZT,27,49.0,1291.35,No,1588.6675199089875,Standard-Value
5777-KJIRB,40,50.25,2023.55,No,1629.194752559727,Standard-Value
0506-LVNGN,5,75.55,349.65,Yes,2449.465941410694,Standard-Value
7677-SJJJK,8,19.9,153.95,No,645.1935437997724,Standard-Value
2480-EJWYP,58,97.8,5458.8,No,3170.8506825938566,High-Value
3253-HKOKL,52,100.3,5244.45,No,3251.9051478953356,High-Value
7055-HNEOJ,3,55.8,154.55,No,1809.1356655290103,Standard-Value
5514-YQENT,41,111.15,4507.15,No,3603.6815273037546,High-Value
3211-AAPKX,20,98.55,2031.95,No,3195.1670221843005,High-Value
8445-DNBAE,1,50.05,50.05,No,1622.7103953356086,Standard-Value
2951-QOQTK,4,80.8,332.45,Yes,2619.6803185438,Standard-Value
2958-NHPPS,23,20.85,473.9,No,675.9942406143346,Standard-Value
6806-YDEUL,6,19.5,106.8,No,632.2248293515358,Standard-Value
1735-XMJVH,8,19.35,152.6,No,627.3615614334472,Standard-Value
6890-PFRQX,18,69.5,1199.4,No,2253.314135381115,Standard-Value
0222-CNVPT,52,48.8,2555.05,No,1582.183162684869,Standard-Value
5899-OUVKV,31,94.5,2979.2,No,3063.858788395905,High-Value
8681-ICONS,29,20.65,654.85,No,669.5098833902161,Standard-Value
1621-YNCJH,36,106.05,3834.4,No,3438.3304180887376,High-Value
3473-XIIIT,16,100.0,1534.75,Yes,3242.1786120591582,High-Value
6362-QHAFM,42,108.3,4586.15,No,3511.2794368600685,High-Value
7893-IXHRQ,1,20.55,20.55,Yes,666.267704778157,Standard-Value
3070-BDOQC,60,99.65,5941.05,No,3230.8309869169516,High-Value
2952-QAYZF,5,85.3,424.15,Yes,2765.578356086462,Standard-Value
6234-PFPXL,22,95.9,2234.95,No,3109.2492889647333,High-Value
9824-QCJPK,36,20.0,666.75,No,648.4357224118316,Standard-Value
4763-PGDPO,4,70.4,281.0,Yes,2282.493742889648,Standard-Value
4283-IVYCI,9,64.95,547.8,No,2105.7950085324233,Standard-Value
1866-OBPNR,1,74.6,74.6,No,2418.6652445961317,Standard-Value
8205-MQUGY,12,49.2,571.15,No,1595.151877133106,Standard-Value
8970-ANWXO,23,73.75,1756.6,No,2391.1067263936293,Standard-Value
9480-BQJEI,62,92.3,5731.45,No,2992.5308589306032,High-Value
5394-SVGJV,37,98.8,3475.55,Yes,3203.272468714448,High-Value
6979-TNDEU,8,19.2,156.85,No,622.4982935153583,Standard-Value
9777-WJJPR,31,88.65,2683.2,No,2874.191339590444,Standard-Value
9283-LZQOH,13,74.4,896.75,Yes,2412.1808873720142,Standard-Value
7079-QRCBC,24,98.75,2407.3,Yes,3201.651379408419,High-Value
9495-SKLKD,45,95.95,4456.65,No,3110.8703782707626,High-Value
6048-UWKAL,69,105.4,6998.95,No,3417.256257110353,High-Value
5067-DGXLL,2,20.25,36.8,No,656.5411689419795,Standard-Value
5469-CTCWN,61,106.0,6547.7,Yes,3436.709328782708,High-Value
9851-QXEEQ,41,104.7,4346.4,Yes,3394.561006825939,High-Value
6281-FKEWS,44,49.05,2265.0,No,1590.288609215017,Standard-Value
8898-KASCD,39,35.55,1309.15,No,1152.5944965870308,Standard-Value
9242-TKFSV,72,65.1,4754.3,No,2110.658276450512,Standard-Value
9290-SHCMB,13,96.85,1235.55,No,3140.0499857792947,High-Value
0743-HNPFG,51,69.75,3562.5,No,2261.419581911263,Standard-Value
2277-BKJKN,71,99.2,7213.75,No,3216.241183162685,High-Value
9809-IMGCQ,22,96.7,2082.95,Yes,3135.186717861206,High-Value
5208-HFSBT,2,55.05,102.75,Yes,1784.8193259385666,Standard-Value
5035-PGZXH,56,106.8,5914.4,No,3462.646757679181,High-Value
8695-WDYEA,1,51.25,51.25,No,1661.6165386803186,Standard-Value
6543-JXSOO,23,57.75,1282.85,No,1872.358148464164,Standard-Value
8016-ZMGMO,66,70.85,4738.85,No,2297.0835466439135,Standard-Value
8605-ITULD,1,19.55,19.55,No,633.8459186575654,Standard-Value
3254-YRILK,19,88.2,1775.8,Yes,2859.601535836178,Standard-Value
6416-YJTTB,11,79.5,795.65,No,2577.531996587031,Standard-Value
2667-WYLWJ,8,19.75,145.0,Yes,640.3302758816837,Standard-Value
4472-VESGY,52,98.15,4993.4,No,3182.198307736064,High-Value
3195-TQDZX,3,20.25,61.45,No,656.5411689419795,Standard-Value
3128-YOVTD,51,79.15,4018.55,No,2566.184371444824,Standard-Value
0529-ONKER,15,75.65,1146.65,Yes,2452.7081200227535,Standard-Value
1728-CXQBE,64,94.25,6081.4,No,3055.7533418657567,High-Value
7041-TXQJH,37,40.2,1478.85,No,1303.3558020477817,Standard-Value
5014-GSOUQ,13,19.95,243.65,No,646.814633105802,Standard-Value
5724-BIDBU,49,55.35,2633.95,No,1794.5458617747443,Standard-Value
0481-SUMCB,45,102.15,4735.35,No,3311.8854522184306,High-Value
1769-GRUIK,18,71.1,1247.75,No,2305.1889931740616,Standard-Value
5240-IJOQT,1,74.7,74.7,Yes,2421.9074232081916,Standard-Value
8819-WFGGJ,68,54.1,3794.5,No,1754.0186291240047,Standard-Value
7427-AUFPY,54,19.65,1008.7,No,637.0880972696245,Standard-Value
2811-POVEX,23,88.45,2130.55,No,2867.7069823663255,Standard-Value
1092-GANHU,17,76.65,1313.55,Yes,2485.129906143345,Standard-Value
7898-PDWQE,71,80.4,5727.15,No,2606.7116040955634,Standard-Value
9972-EWRJS,67,19.25,1372.9,No,624.119382821388,Standard-Value
9314-IJWSQ,14,84.8,1203.9,No,2749.367463026166,Standard-Value
0661-XEYAN,1,25.8,25.8,Yes,836.4820819112629,Standard-Value
5799-JRCZO,63,19.5,1215.1,No,632.2248293515358,Standard-Value
1921-KYSAY,41,68.6,2877.05,No,2224.1345278725826,Standard-Value
6198-RTPMF,17,92.6,1579.7,No,3002.2573947667806,High-Value
2924-KHUVI,56,100.55,5514.95,No,3260.0105944254838,High-Value
1925-GMVBW,5,20.55,96.1,No,666.267704778157,Standard-Value
7881-EVUAD,2,42.6,72.4,Yes,1381.1680887372015,Standard-Value
6184-DYUOB,3,19.6,55.25,No,635.467007963595,Standard-Value
9207-ZPANB,37,67.45,2443.3,No,2186.8494738339023,Standard-Value
5766-XQXMQ,29,68.85,1970.5,Yes,2232.2399744027302,Standard-Value
9327-QSDED,8,43.55,335.4,No,1411.9687855517634,Standard-Value
1656-DRSMG,63,109.85,7002.95,No,3561.533205346985,High-Value
3012-VFFMN,7,20.65,158.95,No,669.5098833902161,Standard-Value
2984-AFWNC,3,95.4,293.15,No,3093.0383959044375,High-Value
0640-YJTPY,72,21.0,1493.75,No,680.8575085324233,Standard-Value
8096-LOIST,19,56.2,1093.4,No,1822.1043799772472,Standard-Value
9764-REAFF,59,18.4,1057.85,No,596.5608646188851,Standard-Value
3703-VAVCL,2,90.0,190.05,Yes,2917.9607508532426,High-Value
7107-UBYKY,35,25.75,882.55,No,834.8609926052333,Standard-Value
4881-GQJTW,14,19.6,300.4,No,635.467007963595,Standard-Value
8519-QJGJD,14,75.35,1025.95,Yes,2442.9815841865757,Standard-Value
7876-DNYAP,69,19.8,1436.95,No,641.9513651877133,Standard-Value
7905-NJMXS,7,64.2,475.0,No,2081.47866894198,Standard-Value
2882-WDTBA,69,75.75,5388.15,No,2455.9502986348125,Standard-Value
2091-GPPIQ,72,78.95,5730.15,No,2559.7000142207057,Standard-Value
6326-MTTXK,8,100.85,819.55,Yes,3269.737130261661,High-Value
5071-FBJFS,4,50.3,217.1,No,1630.8158418657565,Standard-Value
2796-UUZZO,63,80.3,4896.35,No,2603.469425483504,Standard-Value
2429-AYKKO,72,19.85,1434.1,No,643.572454493743,Standard-Value
9798-OPFEM,46,21.1,937.1,No,684.0996871444825,Standard-Value
0330-IVZHA,5,69.95,330.15,Yes,2267.9039391353813,Standard-Value
3794-NFNCH,30,50.0,1474.9,No,1621.0893060295791,Standard-Value
5193-QLVZB,63,104.75,6536.5,No,3396.1820961319686,High-Value
7114-AEOZE,60,19.85,1128.1,No,643.572454493743,Standard-Value
2886-KEFUM,63,107.5,6873.75,Yes,3485.3420079635953,High-Value
5522-NYKPB,25,85.9,2199.05,No,2785.0314277588172,Standard-Value
4237-RLAQD,1,45.85,45.85,Yes,1486.5388936291242,Standard-Value
9957-YODKZ,6,80.8,457.1,No,2619.6803185438,Standard-Value
6518-KZXCB,22,25.25,566.5,No,818.6500995449375,Standard-Value
2245-ADZFJ,31,80.55,2471.6,No,2611.574872013652,Standard-Value
7776-QGYJC,39,81.5,3107.3,No,2642.375568828214,Standard-Value
9313-QOLTZ,26,20.9,518.3,No,677.615329920364,Standard-Value
9651-GTSAQ,53,106.1,5769.75,Yes,3439.951507394767,High-Value
3186-BAXNB,1,91.7,91.7,Yes,2973.0777872582485,High-Value
4672-FOTSD,12,67.25,832.3,No,2180.365116609784,Standard-Value
0637-YLETY,16,95.6,1555.65,Yes,3099.5227531285555,High-Value
9818-XQCUV,2,20.35,45.3,No,659.7833475540388,Standard-Value
7338-ERIVA,39,45.05,1790.6,No,1460.6014647326508,Standard-Value
1157-BQCUW,1,74.95,74.95,Yes,2430.0128697383393,Standard-Value
8259-NFJTV,7,34.65,246.6,No,1123.4148890784984,Standard-Value
3223-DWFIO,4,69.35,261.65,No,2248.450867463026,Standard-Value
2660-EMUBI,10,95.35,898.35,Yes,3091.4173065984073,High-Value
6968-GMKPR,55,81.55,4509.5,No,2643.9966581342437,Standard-Value
4751-ERMAN,72,75.4,5480.25,No,2444.6026734926054,Standard-Value
1436-ZMJAN,10,67.8,653.15,No,2198.1970989761094,Standard-Value
3292-PBZEJ,11,111.4,1183.05,No,3611.7869738339027,High-Value
0799-DDIHE,15,46.3,639.45,No,1501.1286973833903,Standard-Value
3070-FNFZQ,23,20.4,478.75,No,661.4044368600682,Standard-Value
2812-SFXMJ,1,20.05,20.05,No,650.0568117178613,Standard-Value
7675-OZCZG,3,45.0,127.1,Yes,1458.9803754266213,Standard-Value
5014-WUQMG,47,96.1,4391.45,No,3115.733646188851,High-Value
5312-TSZVC,15,19.65,270.6,No,637.0880972696245,Standard-Value
2003-CKLOR,66,99.5,6710.5,Yes,3225.9677189988624,High-Value
0993-OSGPT,68,60.65,3975.9,No,1966.3813282138794,Standard-Value
9254-RBFON,17,98.6,1704.95,Yes,3196.78811149033,High-Value
1205-WNWPJ,7,59.5,415.95,Yes,1929.0962741751991,Standard-Value
9391-EOYLI,12,80.45,950.2,Yes,2608.332693401593,Standard-Value
7108-DGVUU,21,71.7,1497.05,No,2324.642064846417,Standard-Value
2782-JEEBU,21,36.0,780.15,No,1167.184300341297,Standard-Value
5127-BZENZ,56,65.2,3512.15,No,2113.9004550625714,Standard-Value
2720-FVBQP,6,48.95,273.25,No,1587.046430602958,Standard-Value
9906-NHHVC,65,53.5,3517.9,No,1734.5655574516497,Standard-Value
4522-XRWWI,42,80.45,3375.9,No,2608.332693401593,Standard-Value
3766-EJLFL,68,109.05,7508.55,No,3535.595776450512,High-Value
5939-SXWHM,48,26.3,1245.05,No,852.6929749715587,Standard-Value
8152-UOBNY,50,106.8,5347.95,No,3462.646757679181,High-Value
7351-KYHQH,7,64.95,493.65,No,2105.7950085324233,Standard-Value
7643-RCHXS,63,19.35,1263.85,No,627.3615614334472,Standard-Value
8246-SHFGA,17,21.1,385.55,No,684.0996871444825,Standard-Value
8387-MOJJT,42,77.95,3384.0,Yes,2527.278228100114,Standard-Value
0620-XEFWH,4,18.85,84.2,No,611.1506683731513,Standard-Value
6485-QXWWE,62,26.0,1638.7,No,842.9664391353812,Standard-Value
2761-OCIAX,2,74.7,165.4,Yes,2421.9074232081916,Standard-Value
7321-VGNKU,2,70.35,120.25,No,2280.8726535836176,Standard-Value
5327-CNLUQ,48,96.9,4473.45,No,3141.6710750853244,High-Value
7552-KEYGT,27,19.55,520.55,No,633.8459186575654,Standard-Value
5816-JMLGY,70,80.4,5717.85,No,2606.7116040955634,Standard-Value
3068-OMWZA,1,88.8,88.8,Yes,2879.0546075085326,Standard-Value
2927-QRRQV,46,94.65,4312.5,No,3068.7220563139936,High-Value
6032-KRXXO,30,90.25,2755.35,Yes,2926.0661973833903,High-Value
7459-RRWQZ,15,64.65,994.55,Yes,2096.068472696246,Standard-Value
6265-SXWBU,69,95.75,6511.25,No,3104.386021046644,High-Value
7941-RCJOW,65,19.55,1218.65,No,633.8459186575654,Standard-Value
6374-NTQLP,72,104.1,7447.7,No,3375.1079351535836,High-Value
4154-AQUGT,13,89.05,1169.35,Yes,2887.1600540386803,Standard-Value
2387-KDZQY,17,20.1,279.5,No,651.6779010238909,Standard-Value
3584-WKTTW,51,111.55,5720.35,No,3616.650241751991,High-Value
3399-BMLVW,51,60.5,3121.45,No,1961.5180602957907,Standard-Value
1971-DTCZB,72,90.95,6468.6,No,2948.7614476678045,High-Value
3092-IGHWF,67,87.4,5918.8,Yes,2833.6641069397047,Standard-Value
3374-PZLXD,34,19.7,675.6,No,638.7091865756541,Standard-Value
3813-DHBBB,67,50.95,3521.7,No,1651.8900028441412,Standard-Value
2812-REYAT,49,20.05,923.1,No,650.0568117178613,Standard-Value
6518-PPLMZ,53,19.4,1110.35,No,628.9826507394766,Standard-Value
4939-KYYPY,27,59.45,1611.65,No,1927.4751848691697,Standard-Value
8017-LXHFA,23,94.75,2293.6,Yes,3071.9642349260525,High-Value
5930-GBIWP,69,81.5,5553.25,No,2642.375568828214,Standard-Value
6022-KOUQO,2,29.05,44.75,No,941.8528868031856,Standard-Value
6352-TWCAU,35,86.45,3029.1,Yes,2802.8634101251423,Standard-Value
2361-UPSND,46,70.6,3231.05,No,2288.978100113766,Standard-Value
6035-RIIOM,54,97.2,5129.45,No,3151.397610921502,High-Value
2929-QNSRW,56,98.25,5508.35,Yes,3185.440486348123,High-Value
1262-OPMFY,9,75.75,655.9,Yes,2455.9502986348125,Standard-Value
9504-DSHWM,20,59.2,1191.2,No,1919.3697383390218,Standard-Value
5035-BVCXS,11,75.9,866.4,No,2460.813566552901,Standard-Value
6267-DCFFZ,30,90.05,2627.2,No,2919.581840159272,High-Value
3533-UVMOM,68,70.95,4741.45,No,2300.325725255973,Standard-Value
2439-LYPMQ,38,102.6,4009.2,No,3326.4752559726962,High-Value
4248-QPAVC,17,85.35,1463.45,Yes,2767.1994453924913,Standard-Value
1899-VXWXM,48,106.1,5082.8,Yes,3439.951507394767,High-Value
1478-VPOAD,1,43.8,43.8,No,1420.0742320819113,Standard-Value
9995-HOTOH,63,59.0,3707.6,No,1912.8853811149033,Standard-Value
2988-PLAHS,3,69.95,220.45,No,2267.9039391353813,Standard-Value
1371-OJCEK,48,24.35,1133.7,No,789.4704920364051,Standard-Value
4999-IEZLT,66,29.45,1983.15,No,954.8216012514221,Standard-Value
8883-ANODQ,68,84.4,5746.75,No,2736.39874857793,Standard-Value
4690-LLKUA,17,45.05,770.6,Yes,1460.6014647326508,Standard-Value
2351-RRBUE,7,20.65,134.05,No,669.5098833902161,Standard-Value
5980-BDHPY,72,87.1,6230.1,No,2823.937571103527,Standard-Value
1498-DQNRX,29,19.85,573.05,No,643.572454493743,Standard-Value
9469-WEJBT,37,90.35,3419.3,No,2929.3083759954493,High-Value
3331-HQDTW,34,109.8,3587.25,Yes,3559.912116040956,High-Value
9490-DFPMD,42,84.65,3541.35,Yes,2744.504195108078,Standard-Value
2581-VKIRT,59,65.5,3801.3,No,2123.6269908987488,Standard-Value
5442-XSDCW,11,79.5,868.5,Yes,2577.531996587031,Standard-Value
7426-WEIJX,60,80.95,4859.1,No,2624.543586461889,Standard-Value
2851-MMUTZ,27,56.15,1439.35,No,1820.4832906712174,Standard-Value
3049-NDXFL,1,85.8,85.8,Yes,2781.789249146758,Standard-Value
8580-AECUZ,1,79.1,79.1,Yes,2564.563282138794,Standard-Value
3307-TLCUD,17,34.4,592.75,No,1115.3094425483505,Standard-Value
6625-FLENO,58,20.75,1185.95,No,672.7520620022754,Standard-Value
2967-MXRAV,1,18.8,18.8,No,609.5295790671217,Standard-Value
7963-GQRMY,3,44.3,134.5,Yes,1436.285125142207,Standard-Value
8189-HBVRW,53,90.8,4921.2,No,2943.898179749716,High-Value
4163-KIUHY,35,25.6,901.25,No,829.9977246871446,Standard-Value
1228-FZFRV,50,105.95,5341.8,Yes,3435.0882394766786,High-Value
3500-NSDOA,68,70.8,4859.95,No,2295.462457337884,Standard-Value
1171-TYKUR,47,25.4,1139.2,No,823.5133674630262,Standard-Value
3761-FLYZI,65,108.8,7082.45,No,3527.4903299203643,High-Value
2058-DCJBE,5,69.75,324.6,Yes,2261.419581911263,Standard-Value
5364-XYIRR,51,94.65,4812.75,Yes,3068.7220563139936,High-Value
4829-AUOAX,46,96.05,4399.5,Yes,3114.1125568828215,High-Value
1219-NNDDO,9,76.85,663.55,No,2491.614263367463,Standard-Value
8388-DMKAE,8,20.25,174.65,No,656.5411689419795,Standard-Value
4403-BWPAY,14,24.8,321.7,No,804.0602957906713,Standard-Value
9659-QEQSY,45,115.65,5125.5,No,3749.579564846417,High-Value
5405-ZMYXQ,8,74.6,548.9,No,2418.6652445961317,Standard-Value
5047-LHVLY,1,50.15,50.15,Yes,1625.9525739476678,Standard-Value
1442-OKRJE,66,103.15,7031.3,No,3344.307238339022,High-Value
4737-AQCPU,72,72.1,5016.65,No,2337.610779294653,Standard-Value
9158-VCTQB,41,113.6,4594.95,Yes,3683.114903299204,High-Value
2808-CHTDM,23,25.1,611.45,No,813.7868316268488,Standard-Value
6311-UEUME,29,78.9,2384.15,Yes,2558.078924914676,Standard-Value
0793-TWELN,4,80.15,319.85,No,2598.6061575654157,Standard-Value
3283-WCWXT,6,25.4,153.3,No,823.5133674630262,Standard-Value
1060-ENTOF,67,105.4,7035.6,No,3417.256257110353,High-Value
0999-QXNSA,7,45.75,344.2,No,1483.296715017065,Standard-Value
5451-MHQOF,56,24.45,1431.65,No,792.7126706484642,Standard-Value
4836-WNFNO,72,25.0,1849.2,No,810.5446530147896,Standard-Value
9225-BZLNZ,72,85.25,6083.1,No,2763.9572667804327,Standard-Value
0354-VXMJC,23,19.6,426.65,No,635.467007963595,Standard-Value
4422-QVIJA,35,50.15,1655.35,No,1625.9525739476678,Standard-Value
9365-SRSZE,27,70.55,1943.9,No,2287.357010807736,Standard-Value
6839-ITVZJ,26,60.05,1616.15,Yes,1946.9282565415244,Standard-Value
8332-OSJDW,12,26.4,314.95,No,855.9351535836178,Standard-Value
4735-BJKOU,40,20.15,804.85,No,653.2989903299203,Standard-Value
0274-JKUJR,7,58.85,465.7,No,1908.0221131968146,Standard-Value
5740-YHGTW,70,97.55,6669.05,No,3162.745236063709,High-Value
8917-SZTTJ,60,19.65,1161.75,No,637.0880972696245,Standard-Value
1696-MZVAU,39,25.25,947.75,No,818.6500995449375,Standard-Value
7359-WWYJV,72,114.45,8375.05,No,3710.673421501707,High-Value
0375-HVGXO,1,34.7,34.7,Yes,1125.035978384528,Standard-Value
4906-ZHGPK,54,70.7,3770.0,No,2292.220278725825,Standard-Value
8593-WHYHV,3,85.3,264.8,Yes,2765.578356086462,Standard-Value
3795-GWTRD,63,75.55,4707.85,No,2449.465941410694,Standard-Value
1298-PHBTI,71,84.8,6152.4,No,2749.367463026166,Standard-Value
6223-DHJGV,42,20.65,958.1,No,669.5098833902161,Standard-Value
6961-MJKBO,47,20.45,943.0,No,663.0255261660978,Standard-Value
6097-EQISJ,66,102.45,6615.15,Yes,3321.611988054608,High-Value
4423-YLHDV,21,104.4,2200.25,Yes,3384.8344709897615,High-Value
8158-WPEZG,11,35.65,425.1,No,1155.83667519909,Standard-Value
0107-YHINA,1,99.75,99.75,Yes,3234.0731655290106,High-Value
4918-FYJNT,55,90.45,5044.8,No,2932.5505546075087,High-Value
0727-BNRLG,69,97.65,6743.55,No,3165.9874146757684,High-Value
4854-CIDCF,3,73.85,196.4,No,2394.3489050056883,Standard-Value
8640-SDGKB,4,74.4,299.7,Yes,2412.1808873720142,Standard-Value
3280-MRDOF,30,69.1,2093.9,No,2240.3454209328784,Standard-Value
6435-SRWBJ,5,82.75,417.75,No,2682.9028014789537,Standard-Value
9964-WBQDJ,71,24.4,1725.4,No,791.0915813424346,Standard-Value
6303-KFWSL,29,55.25,1620.2,No,1791.303683162685,Standard-Value
1702-CCFNJ,52,61.35,3169.55,No,1989.0765784982937,Standard-Value
8932-CZHRQ,68,76.75,5233.25,No,2488.372084755404,Standard-Value
0386-CWRGM,46,19.4,967.85,No,628.9826507394766,Standard-Value
5515-RUGKN,8,54.75,438.05,No,1775.0927901023892,Standard-Value
0404-AHASP,72,19.7,1421.9,No,638.7091865756541,Standard-Value
7279-NMVJC,17,19.9,323.15,No,645.1935437997724,Standard-Value
2081-VEYEH,3,107.95,318.6,No,3499.9318117178614,High-Value
6407-UTSLV,2,83.8,163.7,No,2716.9456769055746,Standard-Value
4116-TZAQJ,9,74.25,639.65,Yes,2407.317619453925,Standard-Value
9060-HJJRW,51,56.4,2928.5,No,1828.5887372013653,Standard-Value
2587-YNLES,6,20.1,100.35,No,651.6779010238909,Standard-Value
7398-SKNQZ,3,94.9,273.2,No,3076.8275028441417,High-Value
5935-FCCNB,17,94.2,1608.15,No,3054.1322525597275,High-Value
1958-RNRKS,30,49.9,1441.95,No,1617.84712741752,Standard-Value
5136-RGMZO,31,71.05,2168.15,No,2303.567903868032,Standard-Value
8345-MVDYC,45,81.65,3618.7,No,2647.238836746303,Standard-Value
8226-BXGES,64,89.45,5692.65,No,2900.128768486917,Standard-Value
3877-JRJIP,1,59.85,59.85,Yes,1940.4438993174062,Standard-Value
8375-DKEBR,1,69.6,69.6,Yes,2256.556313993174,Standard-Value
9705-IOVQQ,61,99.0,5969.3,No,3209.7568259385666,High-Value
1015-OWJKI,1,19.05,19.05,No,617.6350255972696,Standard-Value
7511-YMXVQ,9,45.4,418.8,Yes,1471.949089874858,Standard-Value
2040-XBAVJ,72,114.45,8100.55,No,3710.673421501707,High-Value
7551-JOHTI,1,19.5,19.5,Yes,632.2248293515358,Standard-Value
8887-IPQNC,7,44.25,313.45,No,1434.6640358361776,Standard-Value
8646-JCOMS,66,90.55,6130.95,No,2935.7927332195677,High-Value
9804-ICWBG,1,69.9,69.9,Yes,2266.282849829352,Standard-Value
1222-KJNZD,40,20.4,745.3,No,661.4044368600682,Standard-Value
0106-GHRQR,16,71.4,1212.1,No,2314.9155290102394,Standard-Value
5318-IXUZF,2,87.15,183.75,Yes,2825.5586604095565,Standard-Value
3768-VHXQO,67,24.85,1583.5,No,805.6813850967009,Standard-Value
8952-WCVCD,41,104.45,4162.05,No,3386.455560295791,High-Value
2418-TPEUN,56,19.8,1119.9,No,641.9513651877133,Standard-Value
3963-RYFNS,72,116.45,8013.55,No,3775.51699374289,High-Value
3198-VELRD,3,84.75,264.85,Yes,2747.746373720137,Standard-Value
8540-ZQGEA,54,20.05,1102.4,No,650.0568117178613,Standard-Value
1320-REHCS,52,110.75,5832.0,No,3590.7128128555178,High-Value
4137-JOPHL,50,89.7,4304.5,No,2908.2342150170653,Standard-Value
9436-ZBZCT,14,89.95,1178.4,Yes,2916.339661547213,High-Value
7801-CEDNV,27,48.7,1421.75,No,1578.9409840728101,Standard-Value
2057-BOYKM,72,96.6,6827.5,No,3131.9445392491466,High-Value
3658-QQJYD,62,74.3,4698.05,No,2408.938708759955,Standard-Value
1803-BGNBD,12,54.3,654.5,No,1760.502986348123,Standard-Value
0134-XWXCE,44,74.85,3268.05,No,2426.77069112628,Standard-Value
6950-TWMYB,54,79.95,4362.05,No,2592.1218003412973,Standard-Value
5848-FHRFC,68,20.05,1386.9,No,650.0568117178613,Standard-Value
2243-FNMMI,20,19.4,415.4,No,628.9826507394766,Standard-Value
2511-MORQY,50,54.9,2614.1,No,1779.956058020478,Standard-Value
5356-KZCKT,58,24.45,1513.6,No,792.7126706484642,Standard-Value
9470-XCCEM,35,89.65,3161.6,No,2906.6131257110355,Standard-Value
6519-CFDBX,2,45.4,80.95,No,1471.949089874858,Standard-Value
3902-MIVLE,63,75.7,4676.7,No,2454.329209328783,Standard-Value
0409-WTMPL,58,110.65,6526.65,No,3587.470634243459,High-Value
8763-KIAFH,27,20.55,583.3,No,666.267704778157,Standard-Value
3669-WHAFY,71,115.15,8078.1,No,3733.368671786121,High-Value
3055-VTCGS,63,58.55,3503.5,No,1898.2955773606373,Standard-Value
3144-KMTWZ,71,93.25,6669.45,No,3023.331555745165,High-Value
7279-BUYWN,41,113.2,4689.5,Yes,3670.1461888509675,High-Value
7156-MHUGY,13,90.5,1201.15,Yes,2934.1716439135384,High-Value
7198-GLXTC,2,79.0,143.65,Yes,2561.321103526735,Standard-Value
2007-QVGAW,68,19.35,1292.65,No,627.3615614334472,Standard-Value
5207-PLSTK,1,48.75,48.75,No,1580.5620733788396,Standard-Value
2307-FYNNL,65,109.05,7108.2,No,3535.595776450512,High-Value
5605-XNWEN,72,25.0,1802.55,No,810.5446530147896,Standard-Value
2155-AMQRX,28,54.9,1505.15,No,1779.956058020478,Standard-Value
6181-AXXYF,72,24.75,1859.1,No,802.4392064846417,Standard-Value
5091-HFAZW,2,91.15,168.5,No,2955.245804891923,High-Value
0516-VRYBW,18,20.15,390.85,Yes,653.2989903299203,Standard-Value
2519-LBNQL,60,104.35,6339.45,No,3383.2133816837318,High-Value
8623-ULFNQ,26,66.05,1652.4,No,2141.458973265074,Standard-Value
8380-PEFPE,1,71.65,71.65,Yes,2323.020975540387,Standard-Value
5687-DKDTV,4,20.35,77.5,Yes,659.7833475540388,Standard-Value
1568-LJSZU,68,92.2,6392.85,No,2989.2886803185443,High-Value
7530-HDYDS,38,84.25,3264.5,Yes,2731.535480659841,Standard-Value
7789-HKSBS,42,105.2,4599.15,No,3410.7718998862347,High-Value
7416-CKTEP,57,19.6,1134.25,No,635.467007963595,Standard-Value
2586-CWXVV,54,30.4,1621.35,No,985.6222980659841,Standard-Value
3096-IZETN,12,78.1,947.3,Yes,2532.1414960182024,Standard-Value
2348-KCJLT,44,61.5,2722.2,No,1993.9398464163824,Standard-Value
8401-EMUWF,42,69.4,3058.3,No,2250.071956769056,Standard-Value
4193-IBKSW,72,24.75,1769.6,No,802.4392064846417,Standard-Value
5377-NDTOU,71,91.05,6293.75,No,2952.0036262798635,High-Value
5922-ABDVO,19,89.65,1761.05,Yes,2906.6131257110355,Standard-Value
2474-LCNUE,23,73.65,1642.75,No,2387.8645477815703,Standard-Value
0839-QNXME,30,19.4,578.5,No,628.9826507394766,Standard-Value
3506-OVLKD,35,26.2,954.9,No,849.4507963594995,Standard-Value
9172-ANCRX,10,98.7,973.25,Yes,3200.0302901023892,High-Value
6650-VJONK,1,43.85,43.85,No,1421.695321387941,Standard-Value
2178-PMGCJ,22,69.7,1490.4,No,2259.7984926052336,Standard-Value
7492-TAFJD,7,38.55,280.0,No,1249.8598549488054,Standard-Value
2773-MADBQ,36,53.1,1901.25,No,1721.5968430034131,Standard-Value
6016-LVTJQ,34,20.65,716.4,No,669.5098833902161,Standard-Value
7860-KSUGX,72,64.45,4720.0,No,2089.5841154721275,Standard-Value
8966-KZXXA,36,25.1,930.95,No,813.7868316268488,Standard-Value
6910-HADCM,1,76.35,76.35,Yes,2475.4033703071673,Standard-Value
4816-LXZYW,23,79.15,1676.95,Yes,2566.184371444824,Standard-Value
9606-PBKBQ,32,85.0,2642.05,Yes,2755.8518202502846,Standard-Value
5149-QYTTU,71,95.15,6770.85,No,3084.9329493742894,High-Value
2070-XYMFH,23,79.35,1835.3,No,2572.668728668942,Standard-Value
2085-BOJKI,17,96.65,1588.25,No,3133.5656285551768,High-Value
0817-HSUSE,1,75.5,75.5,No,2447.8448521046644,Standard-Value
5442-PPTJY,12,19.7,258.35,No,638.7091865756541,Standard-Value
1927-QEWMY,72,20.5,1502.25,No,664.6466154721275,Standard-Value
1663-MHLHE,1,19.2,19.2,No,622.4982935153583,Standard-Value
5663-QBGIS,72,98.35,6929.4,No,3188.682664960182,High-Value
4450-MDZFX,60,74.35,4453.3,No,2410.559798065984,Standard-Value
6701-DHKWQ,61,51.35,3244.4,No,1664.8587172923778,Standard-Value
7554-AKDQF,6,45.65,323.45,No,1480.0545364050058,Standard-Value
3536-IQCTX,32,85.3,2661.1,Yes,2765.578356086462,Standard-Value
4911-BANWH,31,86.55,2697.4,Yes,2806.1055887372013,Standard-Value
8496-EJAUI,19,73.85,1424.5,Yes,2394.3489050056883,Standard-Value
0794-YVSGE,72,20.3,1401.15,No,658.1622582480092,Standard-Value
5423-BHIXO,32,54.2,1739.6,No,1757.260807736064,Standard-Value
6908-VVYHM,65,90.65,5931.0,No,2939.034911831627,High-Value
2959-EEXWB,45,50.9,2333.85,No,1650.2689135381115,Standard-Value
1839-UMACK,42,25.05,949.85,No,812.1657423208192,Standard-Value
3030-YDNRM,8,74.85,572.45,No,2426.77069112628,Standard-Value
7321-KKSDU,32,20.5,696.8,No,664.6466154721275,Standard-Value
3402-XRIUO,22,63.55,1381.8,No,2060.4045079635953,Standard-Value
3132-TVFDZ,57,44.85,2572.95,Yes,1454.1171075085326,Standard-Value
8286-AFUYI,1,47.95,47.95,No,1554.6246444823666,Standard-Value
8080-DDEMJ,1,45.1,45.1,Yes,1462.2225540386805,Standard-Value
8356-WUAOJ,1,45.0,45.0,No,1458.9803754266213,Standard-Value
6365-MTGZX,24,96.0,2122.45,Yes,3112.4914675767923,High-Value
1349-WXNGG,1,20.05,20.05,Yes,650.0568117178613,Standard-Value
8058-DMYRU,54,90.05,4931.8,No,2919.581840159272,High-Value
9350-ZXYJC,4,25.3,116.95,No,820.2711888509671,Standard-Value
6990-YNRIO,65,108.65,6937.95,Yes,3522.6270620022756,High-Value
8958-JPTRR,56,24.3,1261.7,No,787.8494027303755,Standard-Value
6959-GQEGV,45,75.95,3273.8,No,2462.434655858931,Standard-Value
3173-WSSUE,71,19.7,1415.85,No,638.7091865756541,Standard-Value
1265-HVPZB,59,66.4,3958.2,No,2152.8065984072814,Standard-Value
4115-UMJFQ,69,35.75,2492.25,No,1159.0788538111492,Standard-Value
7369-TRPFD,19,18.8,279.2,No,609.5295790671217,Standard-Value
1098-KFQEC,55,19.4,1083.0,No,628.9826507394766,Standard-Value
7190-XHTWJ,38,19.3,755.5,No,625.7404721274175,Standard-Value
0621-TWIEM,10,45.55,402.6,Yes,1476.8123577929466,Standard-Value
3537-RYBHH,47,67.45,3252.0,No,2186.8494738339023,Standard-Value
2485-ITVKB,2,35.1,68.75,Yes,1138.0046928327647,Standard-Value
3669-OYSJI,1,46.2,46.2,Yes,1497.8865187713313,Standard-Value
1612-EOHDH,1,45.15,45.15,Yes,1463.84364334471,Standard-Value
6702-OHFWR,1,43.3,43.3,Yes,1403.8633390216155,Standard-Value
5296-BFCYD,46,20.1,936.85,No,651.6779010238909,Standard-Value
4510-PYUSH,38,57.15,2250.65,Yes,1852.905076791809,Standard-Value
9359-JANWS,65,58.9,3857.1,No,1909.6432025028441,Standard-Value
7517-SAWMO,19,73.2,1441.1,Yes,2373.274744027304,Standard-Value
4143-HHPMK,52,85.35,4338.6,Yes,2767.1994453924913,Standard-Value
3279-DYZQM,71,19.45,1378.45,No,630.6037400455062,Standard-Value
7054-LGEQW,1,45.95,45.95,Yes,1489.7810722411834,Standard-Value
0523-VNGTF,52,50.5,2566.3,No,1637.300199089875,Standard-Value
9575-IWCAZ,6,25.1,171.0,No,813.7868316268488,Standard-Value
7105-MXJLL,26,60.7,1597.4,No,1968.0024175199092,Standard-Value
7064-FRRSW,48,99.0,4744.35,No,3209.7568259385666,High-Value
7940-UQQUG,64,104.4,6721.6,No,3384.8344709897615,High-Value
0923-PNFUB,3,83.75,247.25,Yes,2715.3245875995453,Standard-Value
3961-SXAXY,1,44.05,44.05,No,1428.1796786120592,Standard-Value
7010-BRBUU,72,24.1,1734.65,No,781.3650455062572,Standard-Value
3566-HJGPK,1,45.55,45.55,No,1476.8123577929466,Standard-Value
3062-ICYZQ,51,93.8,4539.35,No,3041.1635381114907,High-Value
9938-PRCVK,41,19.7,804.25,No,638.7091865756541,Standard-Value
0973-KYVNF,72,70.65,5011.15,No,2290.5991894197955,Standard-Value
5129-HHMZC,43,86.45,3574.5,No,2802.8634101251423,Standard-Value
9637-CDTKZ,72,114.1,8086.4,No,3699.3257963594997,High-Value
3946-JEWRQ,47,95.2,4563.0,No,3086.554038680319,High-Value
7873-CVMAW,72,88.55,6362.35,No,2870.9491609783845,Standard-Value
0463-WZZKO,3,20.75,67.1,No,672.7520620022754,Standard-Value
3494-JCHRQ,1,70.05,70.05,Yes,2271.1461177474403,Standard-Value
6474-FVJLC,2,86.0,165.45,Yes,2788.273606370876,Standard-Value
4524-QCSSM,26,44.65,1156.55,No,1447.6327502844142,Standard-Value
5832-EXGTT,29,60.2,1834.15,No,1951.7915244596134,Standard-Value
8840-DQLGN,35,100.5,3653.35,Yes,3258.389505119454,High-Value
2039-JONDJ,27,55.45,1477.65,No,1797.7880403868035,Standard-Value
7217-JYHOQ,24,70.3,1706.45,No,2279.2515642775884,Standard-Value
6695-FRVEC,67,60.4,3953.7,No,1958.2758816837315,Standard-Value
4547-LYTDD,16,72.65,1194.3,Yes,2355.4427616609787,Standard-Value
9894-QMIMJ,23,55.8,1327.85,No,1809.1356655290103,Standard-Value
8069-YQQAJ,14,31.1,419.7,No,1008.3175483503983,Standard-Value
6770-XUAGN,1,21.0,21.0,Yes,680.8575085324233,Standard-Value
4193-ORFCL,1,45.1,45.1,Yes,1462.2225540386805,Standard-Value
1636-NTNCO,4,50.95,207.35,No,1651.8900028441412,Standard-Value
3466-WAESX,16,69.1,1083.7,No,2240.3454209328784,Standard-Value
9281-PKKZE,46,43.95,2007.85,No,1424.9375000000002,Standard-Value
3638-VBZTA,68,86.5,5882.75,No,2804.484499431172,Standard-Value
7459-IMVYU,38,69.95,2657.55,No,2267.9039391353813,Standard-Value
7776-QWNFX,30,50.4,1527.5,Yes,1634.0580204778157,Standard-Value
6689-TCZHQ,5,78.95,378.4,Yes,2559.7000142207057,Standard-Value
8563-OYMQY,17,90.95,1612.2,No,2948.7614476678045,High-Value
0754-EEBDC,4,19.9,76.65,No,645.1935437997724,Standard-Value
5777-ZPQNC,12,20.15,260.7,No,653.2989903299203,Standard-Value
1951-IEYXM,72,90.6,6441.85,No,2937.4138225255974,High-Value
3318-NMQXL,3,92.0,266.8,No,2982.804323094426,High-Value
3143-ILDAL,56,94.45,5124.6,Yes,3062.237699089875,High-Value
1022-RKXDR,41,24.85,962.25,No,805.6813850967009,Standard-Value
2361-FJWNO,40,36.0,1382.9,No,1167.184300341297,Standard-Value
2272-UOINI,7,78.5,571.05,No,2545.110210466439,Standard-Value
8232-UTFOZ,69,19.95,1399.35,No,646.814633105802,Standard-Value
3750-YHRYO,7,20.65,150.0,No,669.5098833902161,Standard-Value
6637-KYRCV,5,30.5,167.2,No,988.8644766780433,Standard-Value
5668-MEISB,72,106.1,7657.4,No,3439.951507394767,High-Value
0129-QMPDR,44,20.5,865.05,No,664.6466154721275,Standard-Value
7188-CBBBA,65,95.5,6153.85,No,3096.2805745164965,High-Value
5356-CSVSQ,3,64.6,174.2,No,2094.447383390216,Standard-Value
3221-CJMSG,24,51.1,1269.6,No,1656.75327076223,Standard-Value
4720-VSTSI,44,84.8,3862.55,Yes,2749.367463026166,Standard-Value
3219-JQRSL,72,89.1,6352.4,No,2888.78114334471,Standard-Value
2801-NISEI,24,54.95,1348.5,No,1781.5771473265077,Standard-Value
3946-MHCZW,1,50.9,50.9,Yes,1650.2689135381115,Standard-Value
4623-ZKHLY,22,20.45,471.55,No,663.0255261660978,Standard-Value
6732-VAILE,70,85.95,5931.75,No,2786.6525170648465,Standard-Value
8201-AAXCB,25,60.35,1404.65,No,1956.654792377702,Standard-Value
7696-CFTAT,37,19.8,726.1,No,641.9513651877133,Standard-Value
1845-CSBRZ,22,85.35,1961.6,No,2767.1994453924913,Standard-Value
2123-VSCOT,59,72.1,4194.85,No,2337.610779294653,Standard-Value
6651-AZVTJ,49,99.8,4872.45,Yes,3235.69425483504,High-Value
4566-GOLUK,47,107.35,5118.95,Yes,3480.478740045506,High-Value
2484-DGXPZ,31,19.55,658.95,Yes,633.8459186575654,Standard-Value
2018-QKYGT,1,81.05,81.05,No,2627.785765073948,Standard-Value
2792-VPPET,3,20.5,76.95,No,664.6466154721275,Standard-Value
7409-JURKQ,53,111.8,5809.75,No,3624.755688282139,High-Value
3247-MHJKM,1,20.2,20.2,No,654.92007963595,Standard-Value
1964-SVLEA,20,19.7,415.9,No,638.7091865756541,Standard-Value
4587-NUKOX,3,79.1,246.5,Yes,2564.563282138794,Standard-Value
7297-DVYGA,51,19.85,996.95,No,643.572454493743,Standard-Value
2239-CGBUZ,51,60.5,3145.15,No,1961.5180602957907,Standard-Value
0854-UYHZD,13,19.55,265.3,No,633.8459186575654,Standard-Value
7243-LCGGZ,1,20.9,20.9,No,677.615329920364,Standard-Value
8267-KFGYD,1,21.05,21.05,No,682.4785978384529,Standard-Value
4890-VMUAV,63,71.5,4576.3,No,2318.1577076222984,Standard-Value
9261-WDCAF,3,54.65,189.1,No,1771.85061149033,Standard-Value
3764-MNMOI,46,19.2,908.15,No,622.4982935153583,Standard-Value
7442-YGZFK,1,49.8,49.8,No,1614.6049488054607,Standard-Value
0420-BWTPW,8,25.5,215.2,Yes,826.7555460750854,Standard-Value
8229-BUJHX,71,20.5,1500.95,No,664.6466154721275,Standard-Value
7449-HVPIV,55,90.4,5099.15,No,2930.9294653014795,High-Value
5504-WSIUR,70,90.25,6385.95,No,2926.0661973833903,High-Value
8183-ONMXC,2,80.75,159.45,Yes,2618.0592292377705,Standard-Value
8466-PZBLH,67,104.6,6885.75,No,3391.3188282138794,High-Value
9614-RMGHA,65,91.85,5940.85,Yes,2977.9410551763367,High-Value
8735-IJJEG,14,50.2,668.85,No,1627.5736632536975,Standard-Value
0564-MUUQK,20,95.5,1916.2,No,3096.2805745164965,High-Value
5054-IEXZT,1,75.35,75.35,Yes,2442.9815841865757,Standard-Value
5834-ASPWA,1,75.45,75.45,Yes,2446.223762798635,Standard-Value
0701-RFGFI,49,95.4,4613.95,No,3093.0383959044375,High-Value
0019-EFAEP,72,101.3,7261.25,No,3284.3269340159272,High-Value
5619-PTMIK,46,53.1,2459.8,No,1721.5968430034131,Standard-Value
3737-XBQDD,24,84.85,2048.8,No,2750.988552332196,Standard-Value
5882-CMAZQ,5,34.25,163.55,No,1110.4461746302618,Standard-Value
5846-QFDFI,33,88.6,2888.7,No,2872.570250284414,Standard-Value
4445-KWOKW,42,60.15,2421.6,No,1950.1704351535836,Standard-Value
3511-APPBJ,23,99.95,2292.75,No,3240.557522753129,High-Value
7967-HYCDE,8,70.7,553.4,No,2292.220278725825,Standard-Value
2430-RRYUW,66,54.8,3465.7,No,1776.7138794084187,Standard-Value
3948-XHGNA,24,49.55,1210.4,Yes,1606.4995022753128,Standard-Value
3723-BFBGR,24,54.8,1291.3,No,1776.7138794084187,Standard-Value
0565-IYCGT,69,78.6,5356.45,Yes,2548.352389078498,Standard-Value
5447-WZAFP,53,100.3,5200.8,No,3251.9051478953356,High-Value
5110-CHOPY,60,53.6,3237.05,No,1737.807736063709,Standard-Value
5445-UTODQ,7,81.1,576.65,Yes,2629.406854379977,Standard-Value
4425-OWHWB,20,19.35,433.75,No,627.3615614334472,Standard-Value
7892-QVYKW,23,85.6,1868.4,No,2775.3048919226394,Standard-Value
9675-ICXCT,72,80.8,5728.55,No,2619.6803185438,Standard-Value
1024-VRZHF,11,74.95,825.7,Yes,2430.0128697383393,Standard-Value
4703-MQYKT,21,19.6,390.4,No,635.467007963595,Standard-Value
9497-QCMMS,1,93.55,93.55,Yes,3033.0580915813425,High-Value
5692-ICXLW,31,90.7,2845.15,No,2940.656001137657,High-Value
0602-DDUML,57,69.75,3894.4,No,2261.419581911263,Standard-Value
2208-MPXIO,45,20.0,886.4,No,648.4357224118316,Standard-Value
1960-UYCNN,10,95.25,1021.55,No,3088.1751279863483,High-Value
0348-SDKOL,58,102.1,5885.4,Yes,3310.2643629124004,High-Value
3190-FZATL,14,19.95,268.4,No,646.814633105802,Standard-Value
7336-RLLRH,27,80.85,2204.35,No,2621.3014078498295,Standard-Value
4373-MAVJG,14,90.9,1259.0,Yes,2947.1403583617753,High-Value
8901-HJXTF,12,29.2,309.1,Yes,946.7161547212743,Standard-Value
7710-JSYOA,69,93.3,6398.05,No,3024.952645051195,High-Value
5419-KLXBN,25,89.15,2257.75,Yes,2890.4022326507397,Standard-Value
3424-NMNBO,58,108.85,6287.25,Yes,3529.1114192263935,High-Value
9885-MFVSU,35,46.35,1662.05,No,1502.74978668942,Standard-Value
4514-GFCFI,16,84.75,1350.15,Yes,2747.746373720137,Standard-Value
0607-MVMGC,45,78.75,3600.65,No,2553.2156569965873,Standard-Value
3365-SAIGS,17,83.55,1329.15,No,2708.840230375427,Standard-Value
9828-AOQLM,1,45.7,45.7,Yes,1481.6756257110355,Standard-Value
8022-BECSI,22,19.6,422.5,No,635.467007963595,Standard-Value
8000-REIQB,1,69.95,69.95,Yes,2267.9039391353813,Standard-Value
9993-LHIEB,67,67.85,4627.65,No,2199.8181882821386,Standard-Value
0266-CLZKZ,67,105.65,6717.9,No,3425.361703640501,High-Value
7615-ESMYF,2,44.6,97.1,Yes,1446.0116609783847,Standard-Value
3858-VOBET,23,74.95,1710.45,Yes,2430.0128697383393,Standard-Value
7020-OZKXZ,9,75.5,637.4,No,2447.8448521046644,Standard-Value
3977-QCRSL,5,20.15,117.95,No,653.2989903299203,Standard-Value
0017-DINOC,54,45.2,2460.55,No,1465.4647326507397,Standard-Value
1447-PJGGA,57,95.25,5464.65,Yes,3088.1751279863483,High-Value
8565-CLBZW,24,89.85,2165.05,Yes,2913.0974829351535,Standard-Value
9139-WQQDY,49,100.45,4941.8,Yes,3256.768415813425,High-Value
0224-HJAPT,5,47.15,223.15,Yes,1528.6872155858932,Standard-Value
8086-OVPWV,2,80.2,181.1,Yes,2600.227246871445,Standard-Value
9430-FRQOC,4,87.1,341.45,Yes,2823.937571103527,Standard-Value
7639-OPLNG,70,79.25,5731.85,No,2569.426550056883,Standard-Value
3074-GQWYX,5,75.9,357.75,Yes,2460.813566552901,Standard-Value
1492-QGCLU,53,85.7,4616.1,No,2778.547070534699,Standard-Value
6845-RGTYS,47,98.75,4533.7,Yes,3201.651379408419,High-Value
7328-OWMOM,31,20.1,589.25,No,651.6779010238909,Standard-Value
4418-LZMSV,13,61.8,750.1,No,2003.6663822525597,Standard-Value
5155-AZQPB,28,49.9,1410.25,No,1617.84712741752,Standard-Value
8861-HGGKB,10,86.45,830.85,Yes,2802.8634101251423,Standard-Value
1087-GRUYI,38,20.4,743.5,No,661.4044368600682,Standard-Value
7065-YUNRY,1,45.3,45.3,Yes,1468.7069112627987,Standard-Value
7694-VLBWQ,67,104.1,7040.85,Yes,3375.1079351535836,High-Value
2546-KZAAT,52,75.4,3865.45,No,2444.6026734926054,Standard-Value
0181-RITDD,62,108.15,6825.65,No,3506.41616894198,High-Value
5989-PGKJB,16,86.25,1340.1,No,2796.379052901024,Standard-Value
4795-KTRTH,5,81.0,371.65,Yes,2626.164675767918,Standard-Value
8272-ONJLV,12,95.7,1184.0,No,3102.764931740615,High-Value
1488-PBLJN,72,116.85,8477.7,No,3788.4857081911264,High-Value
0308-GIQJT,71,105.75,7382.85,No,3428.60388225256,High-Value
3778-FOAQW,24,20.15,456.85,No,653.2989903299203,Standard-Value
4452-ROHMO,15,19.6,331.6,No,635.467007963595,Standard-Value
6481-OGDOO,67,90.6,6056.15,Yes,2937.4138225255974,High-Value
3090-LETTY,2,60.95,134.6,No,1976.107864050057,Standard-Value
5349-AZPEW,5,25.05,125.5,No,812.1657423208192,Standard-Value
3753-TSEMP,15,88.15,1390.6,Yes,2857.980446530148,Standard-Value
8305-VHZBZ,1,20.2,20.2,Yes,654.92007963595,Standard-Value
9720-JJJOR,41,60.3,2511.3,No,1955.0337030716723,Standard-Value
8100-HZZLJ,43,63.95,2737.05,No,2073.373222411832,Standard-Value
8775-ERLNB,1,74.3,74.3,No,2408.938708759955,Standard-Value
8309-IEYJD,1,70.6,70.6,No,2288.978100113766,Standard-Value
9172-JITSM,26,90.8,2361.8,Yes,2943.898179749716,High-Value
6298-QDFNH,22,79.35,1730.35,Yes,2572.668728668942,Standard-Value
7398-HPYZQ,71,90.55,6404.0,No,2935.7927332195677,High-Value
3546-GHEAE,7,19.45,165.35,No,630.6037400455062,Standard-Value
7361-YPXFS,28,64.45,1867.6,No,2089.5841154721275,Standard-Value
6557-BZXLQ,16,69.65,1043.3,No,2258.177403299204,Standard-Value
2550-QHZGP,7,19.5,128.6,No,632.2248293515358,Standard-Value
7519-JTWQH,69,110.5,7455.45,No,3582.60736632537,High-Value
2538-OIMXF,1,24.7,24.7,No,800.818117178612,Standard-Value
8543-MSDMF,3,77.4,206.15,No,2509.4462457337886,Standard-Value
9961-JBNMK,21,96.8,2030.3,Yes,3138.428896473265,High-Value
1170-SASML,69,85.4,5869.4,No,2768.8205346985214,Standard-Value
4872-JCVCA,71,47.6,3377.8,No,1543.2770193401595,Standard-Value
5346-BZCHP,69,19.4,1346.2,No,628.9826507394766,Standard-Value
2038-LLMLM,48,103.85,4946.05,No,3367.002488623436,High-Value
6173-ITPWD,47,83.35,4065.0,Yes,2702.3558731513085,Standard-Value
9734-UYXQI,2,49.4,106.55,Yes,1601.636234357224,Standard-Value
1216-BGTSP,45,108.45,4964.7,No,3516.142704778157,High-Value
4138-NAXED,51,81.0,4085.75,No,2626.164675767918,Standard-Value
2189-UXTKY,22,79.2,1742.75,Yes,2567.8054607508534,Standard-Value
0744-BIKKF,72,86.65,6224.8,No,2809.3477673492607,Standard-Value
7483-IQWIB,37,92.95,3415.25,No,3013.6050199089877,High-Value
5248-KWLAR,71,90.35,6325.25,No,2929.3083759954493,High-Value
4958-GZWIY,7,48.7,340.25,Yes,1578.9409840728101,Standard-Value
7996-MHXLW,66,25.15,1683.6,No,815.4079209328783,Standard-Value
7833-PKIHD,51,76.4,3966.3,No,2477.024459613197,Standard-Value
7061-OVMIM,30,19.55,608.5,No,633.8459186575654,Standard-Value
5153-RTHKF,34,85.35,2896.6,No,2767.1994453924913,Standard-Value
1852-QSWCD,64,24.8,1514.85,No,804.0602957906713,Standard-Value
4832-VRBMR,65,103.15,6792.45,No,3344.307238339022,High-Value
9079-LWTFD,47,100.75,4669.2,No,3266.494951649602,High-Value
6356-ELRKD,1,95.6,95.6,Yes,3099.5227531285555,High-Value
8624-GIOUT,49,59.75,2934.3,Yes,1937.201720705347,Standard-Value
3392-EHMNK,67,94.1,6302.8,No,3050.890073947668,High-Value
5986-WWXDV,39,19.35,779.2,No,627.3615614334472,Standard-Value
3061-BCKYI,14,19.9,283.75,No,645.1935437997724,Standard-Value
6179-GJPSO,43,108.15,4600.7,Yes,3506.41616894198,High-Value
7901-TBKJX,56,101.05,5594.0,No,3276.2214874857796,High-Value
7228-PAQPD,14,59.1,772.85,No,1916.1275597269625,Standard-Value
3177-LASXD,1,71.35,71.35,Yes,2313.2944397042093,Standard-Value
7746-QYVCO,16,55.85,857.8,No,1810.75675483504,Standard-Value
5804-HYIEZ,70,106.05,7554.05,No,3438.3304180887376,High-Value
9919-FZDED,72,84.1,5981.65,No,2726.672212741752,Standard-Value
5934-TSSAU,23,75.3,1702.9,No,2441.360494880546,Standard-Value
3486-KHMLI,21,24.7,467.15,No,800.818117178612,Standard-Value
4897-QSUYC,1,20.15,20.15,Yes,653.2989903299203,Standard-Value
1084-UQCHV,1,69.75,69.75,Yes,2261.419581911263,Standard-Value
8290-YWKHZ,32,93.2,2931.0,Yes,3021.710466439136,High-Value
2955-BJZHG,17,80.85,1400.85,Yes,2621.3014078498295,Standard-Value
3806-DXQOM,4,33.65,137.85,Yes,1090.9931029579068,Standard-Value
6784-XYJAE,36,55.8,1941.5,No,1809.1356655290103,Standard-Value
3933-DQPWX,50,39.7,1932.75,No,1287.144908987486,Standard-Value
6661-EIPZC,48,29.5,1423.05,No,956.4426905574517,Standard-Value
8957-THMOA,50,20.15,970.85,No,653.2989903299203,Standard-Value
2251-PYLPB,72,79.55,5810.9,No,2579.1530858930605,Standard-Value
5555-RNPGT,10,24.8,223.9,No,804.0602957906713,Standard-Value
1057-FOGLZ,18,19.65,391.7,No,637.0880972696245,Standard-Value
9300-RENDD,1,79.95,79.95,Yes,2592.1218003412973,Standard-Value
0761-AETCS,1,19.3,19.3,Yes,625.7404721274175,Standard-Value
8087-LGYHQ,9,94.05,811.65,No,3049.2689846416383,High-Value
4137-BTIKL,2,90.75,174.75,No,2942.277090443686,High-Value
2190-BCXEC,40,78.85,3126.85,No,2556.4578356086463,Standard-Value
6227-FBDXH,69,99.5,6841.45,No,3225.9677189988624,High-Value
2153-MREFK,37,99.2,3754.6,Yes,3216.241183162685,High-Value
2911-WDXMV,18,80.55,1406.65,No,2611.574872013652,Standard-Value
7206-PQBBZ,11,70.2,834.7,No,2276.0093856655294,Standard-Value
3106-ULWFW,8,85.2,627.4,Yes,2762.336177474403,Standard-Value
0925-VYDLG,3,75.25,242.0,Yes,2439.7394055745167,Standard-Value
4547-FZJWE,55,59.45,3157.0,No,1927.4751848691697,Standard-Value
7422-WNBTY,33,93.35,3092.0,No,3026.573734357224,High-Value
0842-IWYCP,46,44.95,2168.9,No,1457.3592861205918,Standard-Value
3521-HTQTV,34,26.1,980.35,No,846.2086177474404,Standard-Value
3744-ZBHON,3,20.2,65.95,No,654.92007963595,Standard-Value
3373-DIUUN,30,21.25,711.9,No,688.9629550625712,Standard-Value
8383-SGHJU,33,59.4,1952.8,No,1925.85409556314,Standard-Value
7607-QKKTJ,45,95.0,4368.85,No,3080.0696814562007,High-Value
7707-PYBBH,40,61.9,2647.1,No,2006.908560864619,Standard-Value
8984-HPEMB,71,118.65,8477.6,No,3846.8449232081916,High-Value
4349-GFQHK,1,54.35,54.35,Yes,1762.1240756541526,Standard-Value
4139-DETXS,72,64.45,4528.0,No,2089.5841154721275,Standard-Value
9779-DPNEJ,22,80.15,1790.65,No,2598.6061575654157,Standard-Value
9805-FILKB,46,20.2,845.6,No,654.92007963595,Standard-Value
5793-YOLJN,55,21.0,1210.3,No,680.8575085324233,Standard-Value
0673-IGUQO,1,20.45,20.45,No,663.0255261660978,Standard-Value
4123-FCVCB,12,75.85,854.45,No,2459.1924772468715,Standard-Value
8819-IMISP,31,80.45,2429.1,No,2608.332693401593,Standard-Value
7802-EFKNY,5,24.95,100.4,Yes,808.92356370876,Standard-Value
8311-UEUAB,67,75.5,5229.45,No,2447.8448521046644,Standard-Value
5858-EAFCZ,1,44.45,44.45,No,1441.148393060296,Standard-Value
8035-BUYVG,40,42.35,1716.45,Yes,1373.0626422070536,Standard-Value
1163-ONYEY,41,74.55,3023.55,No,2417.0441552901025,Standard-Value
9787-XVQIU,1,75.3,75.3,Yes,2441.360494880546,Standard-Value
8945-MUQUF,51,94.8,4837.6,Yes,3073.5853242320823,High-Value
5656-MJEFC,42,48.15,2032.3,No,1561.1090017064846,Standard-Value
6082-OQFBA,23,19.65,436.9,No,637.0880972696245,Standard-Value
8051-HJRLT,1,70.55,70.55,Yes,2287.357010807736,Standard-Value
8974-OVACP,1,20.15,20.15,No,653.2989903299203,Standard-Value
4010-YLMVT,56,106.6,5893.95,No,3456.1624004550627,High-Value
1379-FRVEB,15,91.0,1430.05,No,2950.3825369738342,High-Value
8612-GXIDD,12,25.4,313.0,No,823.5133674630262,Standard-Value
6288-CHQJB,54,69.95,3871.85,No,2267.9039391353813,Standard-Value
8160-HOWOX,7,66.85,458.1,No,2167.396402161547,Standard-Value
3023-GFLBR,33,86.15,2745.7,Yes,2793.136874288965,Standard-Value
6648-INWPS,16,20.15,341.35,No,653.2989903299203,Standard-Value
4223-BKEOR,21,64.85,1336.8,No,2102.552829920364,Standard-Value
4079-VTGLK,30,74.85,2181.75,No,2426.77069112628,Standard-Value
1763-WQFUK,3,50.5,147.75,No,1637.300199089875,Standard-Value
1391-UBDAR,11,72.9,818.45,No,2363.548208191127,Standard-Value
8894-JVDCV,62,115.05,7133.45,No,3730.1264931740616,High-Value
2023-VQFDL,18,19.0,348.8,No,616.01393629124,Standard-Value
1345-GKDZZ,6,19.55,128.6,No,633.8459186575654,Standard-Value
2014-MKGMH,46,101.1,4674.4,No,3277.842576791809,High-Value
5628-FCGYG,21,84.1,1737.45,No,2726.672212741752,Standard-Value
2560-WBWXF,68,24.15,1498.85,No,782.9861348122867,Standard-Value
0248-IPDFW,1,50.1,50.1,No,1624.3314846416383,Standard-Value
7978-DKUQH,25,74.6,1797.75,No,2418.6652445961317,Standard-Value
4335-UPJSI,24,19.75,498.1,No,640.3302758816837,Standard-Value
0524-IAVZO,30,85.0,2624.25,Yes,2755.8518202502846,Standard-Value
2737-YNGYW,2,80.55,184.1,Yes,2611.574872013652,Standard-Value
1784-EZDKJ,51,106.8,5498.8,No,3462.646757679181,High-Value
9297-FVVDH,57,84.5,4845.4,No,2739.640927189989,Standard-Value
8007-YYPWD,15,25.05,369.1,No,812.1657423208192,Standard-Value
7101-HRBLJ,72,83.7,6096.9,No,2713.7034982935156,Standard-Value
5159-YFPKQ,2,75.8,160.75,Yes,2457.5713879408418,Standard-Value
6635-CPNUN,28,96.6,2684.35,No,3131.9445392491466,High-Value
4021-RQSNY,29,98.5,3004.15,Yes,3193.545932878271,High-Value
5453-YBTWV,70,101.1,6994.8,No,3277.842576791809,High-Value
5039-LZRQT,13,20.2,273.25,No,654.92007963595,Standard-Value
2931-VUVJN,59,94.05,5483.9,No,3049.2689846416383,High-Value
9061-TIHDA,13,95.25,1233.65,Yes,3088.1751279863483,High-Value
8699-ASUFO,7,74.4,527.9,Yes,2412.1808873720142,Standard-Value
6418-PIQSP,62,81.0,4985.9,No,2626.164675767918,Standard-Value
8220-OCUFY,21,60.25,1258.35,No,1953.4126137656428,Standard-Value
3995-WFCSM,2,60.85,111.4,No,1972.8656854379979,Standard-Value
1895-QTKDO,1,43.95,43.95,No,1424.9375000000002,Standard-Value
2038-OEQZH,4,86.05,308.1,No,2789.8946956769055,Standard-Value
1178-PZGAB,19,20.25,383.65,No,656.5411689419795,Standard-Value
7927-AUXBZ,30,85.15,2555.9,Yes,2760.7150881683738,Standard-Value
2626-VEEWG,67,19.4,1284.2,No,628.9826507394766,Standard-Value
2878-RMWXY,72,102.65,7550.3,No,3328.0963452787264,High-Value
1657-DYMBM,53,19.9,1110.05,No,645.1935437997724,Standard-Value
7311-MQJCH,5,19.55,99.6,No,633.8459186575654,Standard-Value
7375-WMVMT,71,95.5,6707.15,No,3096.2805745164965,High-Value
1136-XGEQU,50,84.15,4164.4,No,2728.293302047782,Standard-Value
2530-FMFXO,56,103.2,5873.75,No,3345.9283276450515,High-Value
6844-DZKRF,2,50.2,109.25,No,1627.5736632536975,Standard-Value
4695-WJZUE,2,88.55,179.25,Yes,2870.9491609783845,Standard-Value
7619-ODSGN,24,54.75,1338.15,Yes,1775.0927901023892,Standard-Value
5970-GHJAW,46,19.95,862.4,No,646.814633105802,Standard-Value
8879-XUAHX,71,116.25,8564.75,No,3769.0326365187716,High-Value
3689-MOZGR,29,31.2,926.2,No,1011.5597269624574,Standard-Value
4195-PNGZS,69,24.45,1718.2,No,792.7126706484642,Standard-Value
5003-XZWWO,71,84.2,5956.85,No,2729.9143913538114,Standard-Value
3988-RQIXO,1,91.3,91.3,Yes,2960.1090728100116,High-Value
7622-FWGEW,56,85.65,4824.45,No,2776.925981228669,Standard-Value
6922-NCEDI,56,21.2,1238.65,No,687.3418657565416,Standard-Value
2514-GINMM,1,79.5,79.5,Yes,2577.531996587031,Standard-Value
9891-NQDBD,28,25.55,672.2,No,828.376635381115,Standard-Value
6131-IUNXN,19,20.2,382.2,No,654.92007963595,Standard-Value
8548-AWOFC,66,63.85,4264.6,No,2070.1310437997727,Standard-Value
9798-DRYDS,17,61.95,1070.7,No,2008.5296501706487,Standard-Value
8532-UEFWH,52,25.75,1345.85,No,834.8609926052333,Standard-Value
6296-DDOOR,19,58.2,1045.25,No,1886.9479522184304,Standard-Value
7951-VRDVK,36,85.85,3003.55,No,2783.410338452787,Standard-Value
5931-FLJJF,7,70.1,467.55,Yes,2272.76720705347,Standard-Value
4815-YOSUK,72,104.9,7537.5,No,3401.0453640500573,High-Value
2659-VXMWZ,67,111.3,7482.1,Yes,3608.5447952218433,High-Value
0380-NEAVX,34,99.85,3343.15,No,3237.3153441410695,High-Value
3207-OYBWH,57,95.25,5427.05,Yes,3088.1751279863483,High-Value
4285-GYRQC,7,86.25,587.1,Yes,2796.379052901024,Standard-Value
7216-EWTRS,1,100.8,100.8,Yes,3268.1160409556314,High-Value
4365-MSDYN,8,19.55,161.15,No,633.8459186575654,Standard-Value
7036-TYDEC,69,104.0,7028.5,No,3371.8657565415247,High-Value
5802-ADBRC,50,104.4,5232.9,No,3384.8344709897615,High-Value
8076-FEZKJ,10,19.5,225.85,No,632.2248293515358,Standard-Value
5197-YPYBZ,12,25.25,274.7,No,818.6500995449375,Standard-Value
8337-MSSXB,14,86.3,1180.95,Yes,2798.0001422070536,Standard-Value
4312-GVYNH,70,49.85,3370.2,No,1616.2260381114904,Standard-Value
8495-LJDFO,64,108.95,7111.3,No,3532.353597838453,High-Value
0839-JTCUD,66,89.9,5958.85,No,2914.7185722411837,High-Value
5494-WOZRZ,71,82.0,5999.85,No,2658.58646188851,Standard-Value
1302-UHBDD,20,89.95,1648.45,No,2916.339661547213,High-Value
2234-EOFPT,72,79.35,5753.25,No,2572.668728668942,Standard-Value
8619-IJNDK,71,64.05,4492.9,No,2076.6154010238906,Standard-Value
8378-LKJAF,38,101.15,3956.7,No,3279.463666097839,High-Value
8182-BJDSI,28,89.95,2625.55,Yes,2916.339661547213,High-Value
2528-HFYZX,17,76.45,1233.4,Yes,2478.6455489192267,Standard-Value
1153-GNOLC,33,39.1,1309.0,No,1267.691837315131,Standard-Value
3298-QEICA,23,34.6,813.45,No,1121.793799772469,Standard-Value
0788-DXBFY,58,19.55,1108.8,No,633.8459186575654,Standard-Value
3597-YASZG,70,104.45,7349.35,No,3386.455560295791,High-Value
3496-LFSZU,4,70.5,294.2,No,2285.735921501707,Standard-Value
5242-UOWHD,45,20.35,929.2,No,659.7833475540388,Standard-Value
2482-CZGBB,10,70.0,740.0,Yes,2269.525028441411,Standard-Value
6479-SZPLM,36,19.45,754.5,No,630.6037400455062,Standard-Value
8097-VBQTZ,54,69.9,3883.3,No,2266.282849829352,Standard-Value
4500-HKANN,23,59.7,1414.2,No,1935.5806313993176,Standard-Value
9917-KWRBE,41,78.35,3211.2,No,2540.2469425483505,Standard-Value
3420-ZDBMA,5,71.45,371.6,No,2316.5366183162687,Standard-Value
2212-LYASK,27,45.85,1246.4,No,1486.5388936291242,Standard-Value
1393-IMKZG,1,95.85,95.85,No,3107.628199658703,High-Value
8069-RHUXK,67,35.7,2545.7,No,1157.4577645051197,Standard-Value
3398-GCPMU,72,89.55,6448.85,No,2903.370947098976,Standard-Value
2908-WGAXL,56,24.95,1468.9,No,808.92356370876,Standard-Value
3378-AJRAO,44,24.85,1013.6,No,805.6813850967009,Standard-Value
1013-QCWAM,66,100.8,6690.75,No,3268.1160409556314,High-Value
0866-QLSIR,34,64.4,2088.75,Yes,2087.963026166098,Standard-Value
6050-FFXES,69,105.35,7240.65,No,3415.6351678043234,High-Value
7181-BQYBV,1,102.45,102.45,Yes,3321.611988054608,High-Value
0362-RAOQO,40,19.65,830.25,No,637.0880972696245,Standard-Value
9554-DFKIC,30,54.45,1588.7,No,1765.3662542662119,Standard-Value
5527-ACHSO,11,70.5,829.3,No,2285.735921501707,Standard-Value
0829-DDVLK,15,20.1,302.45,No,651.6779010238909,Standard-Value
1399-UBQIU,11,69.35,712.25,No,2248.450867463026,Standard-Value
1813-JLKWR,64,19.8,1336.65,No,641.9513651877133,Standard-Value
0336-PIKEI,72,74.4,5360.75,No,2412.1808873720142,Standard-Value
7322-OCWHC,72,93.05,6735.05,No,3016.8471985210467,High-Value
9537-VHDTA,1,51.2,51.2,No,1659.9954493742891,Standard-Value
4957-TIALW,15,65.6,1010.0,No,2126.8691695108078,Standard-Value
2054-PJOCK,60,80.55,4847.05,No,2611.574872013652,Standard-Value
9150-HEPMB,56,52.7,3019.7,No,1708.6281285551765,Standard-Value
9030-QGZNL,8,20.85,161.65,No,675.9942406143346,Standard-Value
6204-IEUXJ,3,80.1,217.55,Yes,2596.9850682593856,Standard-Value
3126-WQMGH,49,52.15,2583.75,No,1690.796146188851,Standard-Value
4529-CKBCL,2,80.2,146.05,Yes,2600.227246871445,Standard-Value
2506-CLAKW,6,98.15,567.45,Yes,3182.198307736064,High-Value
7176-WRTNX,70,114.95,7711.25,No,3726.8843145620026,High-Value
1583-IHQZE,12,112.95,1384.75,Yes,3662.0407423208194,High-Value
5732-IKGQH,52,104.45,5481.25,No,3386.455560295791,High-Value
9239-GZHZE,72,113.65,8124.2,No,3684.7359926052336,High-Value
7205-BAIAD,40,20.6,827.3,No,667.8887940841867,Standard-Value
0151-ONTOV,1,70.9,70.9,Yes,2298.7046359499436,Standard-Value
4140-MUHUG,3,86.85,220.95,Yes,2815.8321245733787,Standard-Value
0093-EXYQL,40,91.55,3673.6,No,2968.2145193401593,High-Value
8064-RAVOH,1,49.85,49.85,No,1616.2260381114904,Standard-Value
0219-QAERP,30,19.8,576.65,No,641.9513651877133,Standard-Value
0320-JDNQG,23,99.85,2331.3,Yes,3237.3153441410695,High-Value
7180-PISOG,1,74.5,74.5,Yes,2415.423065984073,Standard-Value
9168-INPSZ,44,104.15,4495.65,No,3376.729024459614,High-Value
3571-RFHAR,65,109.15,6941.2,Yes,3538.8379550625714,High-Value
0015-UOCOJ,7,48.2,340.35,No,1562.7300910125143,Standard-Value
5334-AFQJB,72,25.1,1789.9,No,813.7868316268488,Standard-Value
2754-SDJRD,8,100.15,908.55,No,3247.0418799772474,High-Value
9578-VRMNM,16,65.2,1043.35,Yes,2113.9004550625714,Standard-Value
1587-FKLZB,66,99.5,6822.15,Yes,3225.9677189988624,High-Value
6140-QNRQQ,1,71.55,71.55,Yes,2319.7787969283277,Standard-Value
8963-JLGJT,3,55.9,157.55,No,1812.3778441410695,Standard-Value
4307-KTUMW,53,93.9,5029.2,Yes,3044.40571672355,High-Value
1465-LNTLJ,8,64.4,581.7,No,2087.963026166098,Standard-Value
5440-FLBQG,69,108.4,7318.2,Yes,3514.521615472128,High-Value
2135-DQWAQ,5,85.3,420.45,No,2765.578356086462,Standard-Value
4056-QHXHZ,72,107.45,7576.7,No,3483.7209186575656,High-Value
7470-MCQTK,13,48.75,633.4,Yes,1580.5620733788396,Standard-Value
7488-MXJIV,4,85.65,321.65,Yes,2776.925981228669,Standard-Value
7401-JIXNM,54,91.3,4965.0,No,2960.1090728100116,High-Value
9339-FIIJL,72,85.95,6151.9,No,2786.6525170648465,Standard-Value
2027-FECZV,12,106.7,1253.9,Yes,3459.404579067122,High-Value
2672-DZUOY,1,25.15,25.15,Yes,815.4079209328783,Standard-Value
4706-DGAHW,1,45.2,45.2,No,1465.4647326507397,Standard-Value
3870-MQAMG,54,110.35,5893.15,Yes,3577.744098407281,High-Value
6670-MFRPK,69,79.2,5420.65,No,2567.8054607508534,Standard-Value
6177-PEVRA,48,55.5,2627.35,No,1799.409129692833,Standard-Value
4800-CZMPC,48,103.25,5037.55,Yes,3347.549416951081,High-Value
4813-HQMGZ,8,90.25,743.75,No,2926.0661973833903,High-Value
7579-KKLOE,71,91.25,6589.6,No,2958.487983503982,High-Value
7377-DMMRI,2,47.8,92.45,Yes,1549.7613765642777,Standard-Value
8402-EIVQS,67,100.9,6733.15,No,3271.358219567691,High-Value
4947-DSMXK,34,97.7,3410.0,No,3167.6085039817976,High-Value
7245-NIIWQ,3,69.85,199.85,No,2264.661760523322,Standard-Value
0002-ORFBO,9,65.6,593.3,No,2126.8691695108078,Standard-Value
3324-OIRTO,71,104.65,7288.4,No,3392.9399175199096,High-Value
5414-OFQCB,57,90.45,5229.8,No,2932.5505546075087,High-Value
4967-WPNCF,72,63.7,4464.8,No,2065.267775881684,Standard-Value
8552-OBVRU,48,104.5,5068.05,No,3388.0766496018205,High-Value
8499-BRXTD,18,20.1,401.85,No,651.6779010238909,Standard-Value
9154-QDGTH,43,104.3,4451.85,No,3381.592292377702,High-Value
8197-BFWVU,72,93.25,6688.95,No,3023.331555745165,High-Value
2577-GVSIL,35,73.45,2661.1,No,2381.380190557452,Standard-Value
9367-OIUXP,4,20.7,73.05,No,671.1309726962457,Standard-Value
6770-UAYGJ,49,25.25,1211.65,No,818.6500995449375,Standard-Value
6463-HHXJR,71,100.5,7030.65,No,3258.389505119454,High-Value
7928-VJYAB,11,90.6,1020.2,No,2937.4138225255974,High-Value
1187-WILMM,63,89.4,5597.65,No,2898.507679180888,Standard-Value
9776-OJUZI,65,95.45,6223.3,No,3094.6594852104668,High-Value
1306-RPWXZ,49,20.45,1024.65,No,663.0255261660978,Standard-Value
8949-JTMAY,29,98.6,2933.2,Yes,3196.78811149033,High-Value
2774-LVQUS,15,83.05,1258.3,Yes,2692.629337315131,Standard-Value
3097-PYWXL,4,19.95,82.9,No,646.814633105802,Standard-Value
2266-SJNAT,72,109.15,7789.6,No,3538.8379550625714,High-Value
0869-PAPRP,26,85.7,2067.0,No,2778.547070534699,Standard-Value
4238-JSSWH,35,102.05,3452.55,No,3308.643273606371,High-Value
2972-YDYUW,57,94.7,5468.95,No,3070.3431456200233,High-Value
1104-FEJAM,28,64.4,1802.15,No,2087.963026166098,Standard-Value
2809-ILCYT,25,26.8,733.55,No,868.9038680318545,Standard-Value
5499-ECUTN,47,66.05,3021.45,No,2141.458973265074,Standard-Value
4981-FLTMF,57,65.2,3687.85,No,2113.9004550625714,Standard-Value
9121-PHQSR,16,85.05,1391.15,No,2757.4729095563143,Standard-Value
3113-IWHLC,5,55.8,274.35,No,1809.1356655290103,Standard-Value
3211-ILJTT,17,70.4,1214.05,Yes,2282.493742889648,Standard-Value
4612-THJBS,56,104.75,5510.65,Yes,3396.1820961319686,High-Value
4277-BWBML,72,19.95,1322.85,No,646.814633105802,Standard-Value
4094-NSEDU,21,94.25,1973.75,Yes,3055.7533418657567,High-Value
0234-TEVTT,48,45.0,2196.3,No,1458.9803754266213,Standard-Value
4304-TSPVK,68,114.9,7843.55,No,3725.2632252559733,High-Value
1552-AAGRX,30,106.4,3211.9,No,3449.6780432309447,High-Value
2637-FKFSY,3,46.1,130.15,No,1494.6443401592721,Standard-Value
9796-MVYXX,14,39.7,692.35,No,1287.144908987486,Standard-Value
7874-ECPQJ,4,20.05,85.5,No,650.0568117178613,Standard-Value
0020-INWCK,71,95.75,6849.4,No,3104.386021046644,High-Value
7089-RKVSZ,8,24.4,203.95,No,791.0915813424346,Standard-Value
2683-JXWQQ,61,33.6,2117.2,No,1089.3720136518773,Standard-Value
9548-ZMVTX,72,90.45,6565.85,No,2932.5505546075087,High-Value
8739-XNIKG,5,84.0,424.75,No,2723.430034129693,Standard-Value
9755-JHNMN,49,67.4,3306.85,No,2185.228384527873,Standard-Value
3981-QSVQI,8,19.7,168.9,No,638.7091865756541,Standard-Value
2789-HQBOU,3,80.35,253.8,No,2605.0905147895337,Standard-Value
9424-CMPOG,9,19.6,197.4,No,635.467007963595,Standard-Value
5067-WJEUN,67,54.2,3838.2,No,1757.260807736064,Standard-Value
3450-WXOAT,46,45.2,2065.15,No,1465.4647326507397,Standard-Value
9251-WNSOD,67,75.1,5064.45,No,2434.8761376564275,Standard-Value
6974-DAFLI,55,19.7,1140.05,No,638.7091865756541,Standard-Value
2616-UUTFK,33,72.75,2447.45,No,2358.6849402730377,Standard-Value
7064-JHXCE,62,20.05,1263.9,No,650.0568117178613,Standard-Value
5103-MHMHY,1,45.95,45.95,Yes,1489.7810722411834,Standard-Value
7989-AWGEH,49,39.2,1838.15,No,1270.93401592719,Standard-Value
4373-VVHQL,1,44.75,44.75,No,1450.8749288964734,Standard-Value
4559-UWIHT,14,82.65,1185.0,No,2679.6606228668948,Standard-Value
7268-IGMFD,18,93.9,1743.9,No,3044.40571672355,High-Value
1846-XWOQN,1,70.15,70.15,Yes,2274.3882963594997,Standard-Value
0235-KGSLC,1,85.55,85.55,Yes,2773.6838026166097,Standard-Value
6650-BWFRT,72,117.15,8529.5,No,3798.212244027304,High-Value
9570-KYEUA,64,99.25,6549.45,No,3217.8622724687148,High-Value
6993-YGFJV,69,112.55,7806.5,No,3649.0720278725826,High-Value
2712-SYWAY,1,25.7,25.7,No,833.2399032992037,Standard-Value
0730-BGQGF,71,90.3,6287.3,No,2927.68728668942,High-Value
5498-IBWPI,66,49.4,3251.85,No,1601.636234357224,Standard-Value
9101-NTIXF,2,19.4,50.6,No,628.9826507394766,Standard-Value
0013-SMEOE,71,109.7,7904.25,No,3556.669937428897,High-Value
9314-QDMDW,11,61.25,729.95,No,1985.8343998862345,Standard-Value
9308-ANMVE,47,55.3,2654.05,No,1792.9247724687145,Standard-Value
2884-GBPFB,35,70.3,2416.55,Yes,2279.2515642775884,Standard-Value
3757-NJYBX,32,106.35,3520.75,Yes,3448.056953924915,High-Value
3413-DHLPB,60,103.75,5969.95,No,3363.760310011377,High-Value
7649-PHJVR,11,19.5,226.8,No,632.2248293515358,Standard-Value
6114-TCFID,29,39.5,1082.75,No,1280.6605517633675,Standard-Value
3787-TRIAL,21,26.05,565.75,No,844.5875284414108,Standard-Value
2573-GYRUU,48,91.05,4370.75,No,2952.0036262798635,High-Value
5156-UMKOW,3,29.65,90.05,No,961.3059584755404,Standard-Value
1247-QBVSH,43,50.2,2169.4,No,1627.5736632536975,Standard-Value
6734-GMPVK,5,105.3,550.6,No,3414.0140784982937,High-Value
9822-OAOVB,1,55.45,55.45,No,1797.7880403868035,Standard-Value
6161-ERDGD,71,85.45,6300.85,No,2770.4416240045507,Standard-Value
1226-JZNKR,8,19.8,160.05,No,641.9513651877133,Standard-Value
7318-EIVKO,8,59.25,436.6,No,1920.9908276450512,Standard-Value
3771-PZOBW,20,90.7,1781.35,No,2940.656001137657,High-Value
5136-KCKGI,33,103.7,3467.0,Yes,3362.1392207053473,High-Value
8231-BSWXX,71,79.05,5552.5,No,2562.9421928327647,Standard-Value
6486-LHTMA,31,90.7,2835.5,No,2940.656001137657,High-Value
4083-BFNYK,38,95.0,3591.25,No,3080.0696814562007,High-Value
3722-WPXTK,1,88.35,88.35,Yes,2864.464803754266,Standard-Value
7389-KBFIT,2,30.25,63.75,No,980.7590301478954,Standard-Value
7176-WIONM,12,49.85,617.15,No,1616.2260381114904,Standard-Value
5141-ZUVBH,9,93.0,870.25,No,3015.2261092150175,High-Value
1089-HDMKP,11,54.55,601.25,No,1768.6084328782708,Standard-Value
7623-HKYRK,6,19.7,111.65,No,638.7091865756541,Standard-Value
0310-SUCIN,71,84.8,6046.1,No,2749.367463026166,Standard-Value
5197-PYEPU,42,94.45,3923.8,No,3062.237699089875,High-Value
2929-ERCFZ,8,94.2,777.3,Yes,3054.1322525597275,High-Value
7548-SEPYI,5,96.25,512.45,Yes,3120.59691410694,High-Value
8835-VSDSE,2,70.7,141.45,Yes,2292.220278725825,Standard-Value
6619-RPLQZ,45,20.85,892.15,No,675.9942406143346,Standard-Value
3275-RHRNE,28,60.0,1682.05,No,1945.307167235495,Standard-Value
3503-TYDAY,43,80.45,3398.9,No,2608.332693401593,Standard-Value
6901-GOGZG,60,84.95,4984.85,No,2754.2307309442554,Standard-Value
1623-NLDOT,42,33.55,1445.3,Yes,1087.7509243458476,Standard-Value
7021-XSNYE,7,49.65,305.55,No,1609.741680887372,Standard-Value
9621-OUPYD,25,20.2,507.9,No,654.92007963595,Standard-Value
9898-KZQDZ,40,94.55,3640.45,Yes,3065.479877701934,High-Value
8982-NHAVY,27,100.5,2673.45,No,3258.389505119454,High-Value
4307-KWMXE,10,35.75,389.8,No,1159.0788538111492,Standard-Value
0141-YEAYS,27,86.45,2401.05,No,2802.8634101251423,Standard-Value
2450-ZKEED,11,53.8,651.55,No,1744.2920932878271,Standard-Value
3694-DELSO,4,38.55,156.1,No,1249.8598549488054,Standard-Value
3893-JRNFS,68,39.9,2796.35,No,1293.629266211604,Standard-Value
9603-OAIHC,1,70.05,70.05,No,2271.1461177474403,Standard-Value
1133-KXCGE,18,20.1,407.05,No,651.6779010238909,Standard-Value
5236-PERKL,57,112.95,6465.0,Yes,3662.0407423208194,High-Value
0142-GVYSN,26,20.3,511.25,No,658.1622582480092,Standard-Value
1049-FYSYG,17,35.65,646.05,No,1155.83667519909,Standard-Value
7854-FOKSF,1,35.9,35.9,Yes,1163.942121729238,Standard-Value
2519-FAKOD,38,99.25,3777.15,Yes,3217.8622724687148,High-Value
8406-LNMHF,59,82.95,4903.15,No,2689.387158703072,Standard-Value
1821-BUCWY,30,55.65,1653.85,No,1804.2723976109216,Standard-Value
8263-JQAIK,2,24.45,47.5,Yes,792.7126706484642,Standard-Value
0023-UYUPN,50,25.2,1306.3,No,817.0290102389079,Standard-Value
8314-DPQHL,9,50.8,463.6,No,1647.0267349260523,Standard-Value
1465-WCZVT,3,19.65,60.65,No,637.0880972696245,Standard-Value
9481-SFCQY,14,59.8,824.85,No,1938.8228100113765,Standard-Value
6360-SVNWV,31,73.55,2094.65,No,2384.622369169511,Standard-Value
0567-GGCAC,7,61.4,438.9,No,1990.6976678043231,Standard-Value
7089-IVVAZ,8,103.35,847.3,Yes,3350.79159556314,High-Value
8884-MRNSU,17,19.9,329.75,No,645.1935437997724,Standard-Value
2171-UDMFD,32,19.45,674.55,No,630.6037400455062,Standard-Value
9050-IKDZA,2,81.5,162.55,No,2642.375568828214,Standard-Value
2205-YMZZJ,7,84.8,546.95,Yes,2749.367463026166,Standard-Value
9802-CAQUT,72,109.55,7887.25,No,3551.8066695108078,High-Value
1254-IZEYF,31,99.95,3186.65,Yes,3240.557522753129,High-Value
0187-WZNAB,27,74.4,1972.35,No,2412.1808873720142,Standard-Value
9492-TOKRI,18,90.0,1527.35,Yes,2917.9607508532426,High-Value
1475-VWVDO,7,74.9,490.55,No,2428.3917804323096,Standard-Value
9221-OTIVJ,14,104.85,1531.4,Yes,3399.4242747440276,High-Value
1357-MVDOZ,11,59.65,683.25,No,1933.9595420932878,Standard-Value
7602-MVRMB,72,110.45,8058.85,No,3580.9862770193404,High-Value
3325-FUYCG,28,106.1,2847.4,Yes,3439.951507394767,High-Value
5908-QMGOE,15,74.2,1133.9,Yes,2405.696530147896,Standard-Value
1197-BVMVG,4,74.45,294.45,No,2413.8019766780435,Standard-Value
5406-KGRMX,71,24.55,1719.15,No,795.9548492605234,Standard-Value
8481-YYXWG,5,89.35,461.7,Yes,2896.8865898748577,Standard-Value
5968-HYJRZ,47,24.55,1160.45,No,795.9548492605234,Standard-Value
5198-EFNBM,57,90.65,5199.8,No,2939.034911831627,High-Value
7516-GMHUV,50,105.05,5163.3,No,3405.908631968146,High-Value
7140-ADSMJ,8,20.45,162.3,No,663.0255261660978,Standard-Value
2230-XTUWL,48,19.55,883.35,No,633.8459186575654,Standard-Value
7706-YLMQA,70,19.7,1341.5,No,638.7091865756541,Standard-Value
2585-KTFRE,1,70.45,70.45,No,2284.114832195677,Standard-Value
7994-UYIVZ,8,85.65,659.45,No,2776.925981228669,Standard-Value
2609-IAICY,1,77.15,77.15,Yes,2501.340799203641,Standard-Value
1740-CSDJP,1,35.25,35.25,Yes,1142.8679607508534,Standard-Value
7717-BICXI,60,20.55,1205.05,No,666.267704778157,Standard-Value
6559-RAKOZ,49,97.95,4917.9,No,3175.7139505119458,High-Value
2636-OHFMN,4,48.55,201.0,Yes,1574.0777161547212,Standard-Value
4716-MRVEN,29,20.0,599.3,No,648.4357224118316,Standard-Value
2143-LJULT,67,25.25,1733.15,No,818.6500995449375,Standard-Value
1323-OOEPC,53,98.4,5149.5,Yes,3190.303754266212,High-Value
3200-MNQTF,67,70.9,4677.1,No,2298.7046359499436,Standard-Value
6164-HXUGH,6,19.85,119.3,No,643.572454493743,Standard-Value
5630-IXDXV,47,106.35,4849.1,No,3448.056953924915,High-Value
0320-DWVTU,53,99.5,5424.25,No,3225.9677189988624,High-Value
9135-MGVPY,69,84.7,5878.9,No,2746.125284414107,Standard-Value
1212-GLHMD,3,86.05,244.85,No,2789.8946956769055,Standard-Value
7878-JGDKK,4,44.55,220.75,No,1444.390571672355,Standard-Value
1088-AUUZZ,56,75.85,4261.2,No,2459.1924772468715,Standard-Value
0397-GZBBC,59,93.85,5574.75,Yes,3042.78462741752,High-Value
6614-YWYSC,61,25.0,1501.75,No,810.5446530147896,Standard-Value
9588-OZDMQ,2,45.0,89.75,No,1458.9803754266213,Standard-Value
7641-EUYET,46,100.7,4541.2,Yes,3264.8738623435725,High-Value
6476-EPYZR,12,20.5,255.5,No,664.6466154721275,Standard-Value
9921-ZVRHG,14,80.45,1072.0,Yes,2608.332693401593,Standard-Value
1174-FGIFN,28,90.45,2509.25,No,2932.5505546075087,High-Value
6620-HVDUJ,24,60.45,1440.75,No,1959.8969709897613,Standard-Value
4701-MLJPN,31,55.25,1715.65,Yes,1791.303683162685,Standard-Value
1032-MAELW,68,78.45,5333.35,No,2543.48912116041,Standard-Value
7641-TQFHN,39,100.55,3895.35,No,3260.0105944254838,High-Value
1552-TKMXS,42,20.35,869.9,No,659.7833475540388,Standard-Value
9206-GVPEQ,13,54.45,706.85,Yes,1765.3662542662119,Standard-Value
8622-ZLFKO,6,90.75,512.25,No,2942.277090443686,High-Value
1596-BBVTG,35,75.35,2636.05,Yes,2442.9815841865757,Standard-Value
6188-UXBBR,38,20.25,814.75,No,656.5411689419795,Standard-Value
2333-KWEWW,18,20.05,388.6,No,650.0568117178613,Standard-Value
5702-SKUOB,4,19.6,93.45,No,635.467007963595,Standard-Value
1134-YWTYF,27,53.8,1389.85,No,1744.2920932878271,Standard-Value
6061-GWWAV,41,70.2,2894.55,No,2276.0093856655294,Standard-Value
0679-TDGAK,50,75.5,4025.6,No,2447.8448521046644,Standard-Value
6585-WCEWR,72,20.35,1354.4,No,659.7833475540388,Standard-Value
9067-YGSCA,70,26.05,1856.4,No,844.5875284414108,Standard-Value
9067-SQTNS,44,20.6,926.0,No,667.8887940841867,Standard-Value
8433-WXGNA,2,75.7,189.2,Yes,2454.329209328783,Standard-Value
1776-SPBWV,34,20.1,682.1,No,651.6779010238909,Standard-Value
8735-SDUFN,72,24.3,1778.7,No,787.8494027303755,Standard-Value
9668-PUGNU,71,24.5,1816.2,No,794.3337599544938,Standard-Value
9405-GPBBG,64,110.5,7069.25,No,3582.60736632537,High-Value
1926-QUZNN,72,25.25,1841.2,No,818.6500995449375,Standard-Value
3707-GNWHM,1,74.25,74.25,Yes,2407.317619453925,Standard-Value
7016-NVRIC,29,90.1,2656.7,No,2921.2029294653016,High-Value
5829-NVSQN,23,68.75,1689.45,No,2228.9977957906713,Standard-Value
9565-AXSMR,52,19.2,1054.75,No,622.4982935153583,Standard-Value
8922-LIEGH,25,89.7,2187.55,Yes,2908.2342150170653,Standard-Value
8869-LIHMK,64,115.1,7334.05,No,3731.7475824800913,High-Value
8245-UMPYT,16,96.4,1581.2,Yes,3125.4601820250286,High-Value
5186-SAMNZ,1,69.5,69.5,Yes,2253.314135381115,Standard-Value
0447-RXSGD,24,99.65,2404.85,No,3230.8309869169516,High-Value
4927-WWOOZ,2,91.45,171.45,No,2964.9723407281003,High-Value
5788-YPOEG,34,84.75,2839.45,No,2747.746373720137,Standard-Value
5373-SFODM,36,85.25,3132.75,Yes,2763.9572667804327,Standard-Value
0661-KBKPA,53,78.75,3942.45,No,2553.2156569965873,Standard-Value
9081-WWXKP,47,20.25,873.4,No,656.5411689419795,Standard-Value
0784-ZQJZX,72,19.9,1529.65,No,645.1935437997724,Standard-Value
3133-PZNSR,72,97.75,6991.6,No,3169.2295932878274,High-Value
5766-ZJYBB,1,19.4,19.4,Yes,628.9826507394766,Standard-Value
8931-GJJIQ,9,83.3,803.3,Yes,2700.734783845279,Standard-Value
4277-PVRAN,8,80.1,679.3,Yes,2596.9850682593856,Standard-Value
0022-TCJCI,45,62.7,2791.5,Yes,2032.8459897610924,Standard-Value
0722-SVSFK,7,100.4,715.0,No,3255.147326507395,High-Value
3612-YVGSJ,71,24.45,1681.6,No,792.7126706484642,Standard-Value
9825-YCXWZ,41,101.1,4016.2,No,3277.842576791809,High-Value
5397-NSKQG,67,50.9,3281.65,No,1650.2689135381115,Standard-Value
8565-HBFNN,69,107.2,7317.1,No,3475.615472127418,High-Value
2000-DHJUY,70,92.2,6474.45,No,2989.2886803185443,High-Value
0203-HHYIJ,25,25.3,676.35,Yes,820.2711888509671,Standard-Value
8670-ERCJH,72,113.4,8164.1,No,3676.630546075086,High-Value
7758-UJWYS,34,40.55,1325.85,No,1314.7034271899886,Standard-Value
2050-ONYDQ,65,26.0,1654.85,No,842.9664391353812,Standard-Value
7055-JCGNI,70,111.95,7795.95,No,3629.618956200228,High-Value
0739-UUAJR,72,53.8,3952.45,No,1744.2920932878271,Standard-Value
4826-DXMUP,35,72.1,2495.15,No,2337.610779294653,Standard-Value
0952-KMEEH,13,98.15,1230.25,Yes,3182.198307736064,High-Value
7285-KLOTR,12,78.85,876.75,No,2556.4578356086463,Standard-Value
0654-PQKDW,62,70.75,4263.45,No,2293.8413680318545,Standard-Value
7175-NTIXE,25,76.15,1992.95,No,2468.9190130830493,Standard-Value
7963-SHNDT,52,39.1,1982.1,No,1267.691837315131,Standard-Value
9796-BPKIW,8,69.95,562.7,No,2267.9039391353813,Standard-Value
0188-GWFLE,2,20.05,33.7,No,650.0568117178613,Standard-Value
8129-GMVGI,56,20.05,1090.1,No,650.0568117178613,Standard-Value
2882-DDZPG,12,19.45,227.45,No,630.6037400455062,Standard-Value
3547-LQRIK,47,26.9,1250.85,No,872.1460466439136,Standard-Value
9137-NOQKA,2,19.2,37.2,No,622.4982935153583,Standard-Value
5843-TTHGI,18,50.0,892.7,No,1621.0893060295791,Standard-Value
1849-RJYIG,8,60.0,487.75,No,1945.307167235495,Standard-Value
8868-GAGIO,45,84.55,3713.95,No,2741.2620164960185,Standard-Value
4061-UKJWL,3,45.45,141.7,No,1473.5701791808876,Standard-Value
5380-XPJNZ,38,20.05,678.2,No,650.0568117178613,Standard-Value
8263-QMNTJ,72,115.55,8425.3,No,3746.3373862343574,High-Value
8178-EYZUO,46,93.7,4154.8,Yes,3037.9213594994317,High-Value
3230-JCNZS,71,99.0,7061.65,No,3209.7568259385666,High-Value
0277-ORXQS,66,50.55,3364.55,No,1638.9212883959044,Standard-Value
5130-IEKQT,25,105.95,2655.25,Yes,3435.0882394766786,High-Value
3230-WYKIR,18,82.0,1425.45,Yes,2658.58646188851,Standard-Value
7996-BPXHY,13,25.0,332.5,No,810.5446530147896,Standard-Value
3227-WLKLI,65,91.55,5963.95,No,2968.2145193401593,High-Value
0407-BDJKB,60,95.75,5742.9,Yes,3104.386021046644,High-Value
2266-FUBDZ,15,19.35,278.85,No,627.3615614334472,Standard-Value
8237-ULIXL,72,24.85,1871.85,No,805.6813850967009,Standard-Value
9600-UDOPK,30,94.05,2866.45,Yes,3049.2689846416383,High-Value
8216-AZUUZ,42,100.4,4303.65,No,3255.147326507395,High-Value
9153-BTBVV,71,25.0,1753.0,No,810.5446530147896,Standard-Value
4074-SJFFA,1,54.75,54.75,Yes,1775.0927901023892,Standard-Value
3269-ATYWD,39,95.65,3759.05,Yes,3101.143842434585,High-Value
5186-PEIZU,35,19.25,617.65,No,624.119382821388,Standard-Value
1074-AMIOH,53,108.25,5935.1,No,3509.6583475540388,High-Value
4910-GMJOT,1,94.6,94.6,Yes,3067.100967007964,High-Value
0354-WYROK,31,98.9,2911.3,Yes,3206.5146473265077,High-Value
4361-FEBGN,48,20.15,982.95,No,653.2989903299203,Standard-Value
7748-UMTRK,30,101.3,2974.5,No,3284.3269340159272,High-Value
0380-ZCSBI,10,20.0,198.7,No,648.4357224118316,Standard-Value
7145-FEJWU,12,105.3,1275.65,No,3414.0140784982937,High-Value
6463-MVYRY,57,69.85,4003.0,No,2264.661760523322,Standard-Value
3969-JQABI,58,65.25,3791.6,No,2115.5215443686006,Standard-Value
9624-EGDEQ,37,19.8,813.3,No,641.9513651877133,Standard-Value
1051-EQPZR,44,19.6,780.25,No,635.467007963595,Standard-Value
5849-ASHZJ,27,20.05,552.9,No,650.0568117178613,Standard-Value
5780-INQIK,8,49.4,408.25,No,1601.636234357224,Standard-Value
7576-OYWBN,3,76.05,231.8,Yes,2465.67683447099,Standard-Value
4526-ZJJTM,25,88.4,2191.15,No,2866.0858930602963,Standard-Value
8384-FZBJK,57,100.6,5611.7,No,3261.631683731513,High-Value
3750-RNQKR,12,19.45,246.25,No,630.6037400455062,Standard-Value
0962-CQPWQ,62,20.3,1296.15,No,658.1622582480092,Standard-Value
3096-YXENJ,65,107.65,7082.85,No,3490.205275881684,High-Value
1265-BCFEO,71,80.45,5662.25,No,2608.332693401593,Standard-Value
5837-LXSDN,21,58.85,1215.45,No,1908.0221131968146,Standard-Value
5945-AZYHT,71,109.6,7854.15,No,3553.4277588168375,High-Value
8325-QRPZR,7,75.15,525.0,No,2436.4972269624577,Standard-Value
6384-VMJHP,72,73.0,5265.2,No,2366.790386803186,Standard-Value
2262-SLNVK,1,70.1,70.1,No,2272.76720705347,Standard-Value
7730-CLDSV,72,98.65,7129.45,No,3198.40920079636,High-Value
1135-HIORI,64,111.45,7266.95,No,3613.408063139932,High-Value
0164-APGRB,72,114.9,8496.7,No,3725.2632252559733,High-Value
6481-ESCNL,29,100.55,2878.75,No,3260.0105944254838,High-Value
1790-NESIO,13,20.4,261.3,No,661.4044368600682,Standard-Value
1550-EENBN,31,104.35,3205.6,No,3383.2133816837318,High-Value
5539-TMZLF,1,69.75,69.75,Yes,2261.419581911263,Standard-Value
4323-SADQS,7,34.5,279.25,Yes,1118.5516211604097,Standard-Value
4446-BZKHU,61,105.55,6281.45,Yes,3422.119525028442,High-Value
5202-IVJNU,39,30.1,1131.3,Yes,975.8957622298067,Standard-Value
5976-JCJRH,10,70.3,738.2,Yes,2279.2515642775884,Standard-Value
8198-RKSZG,14,80.45,1137.05,No,2608.332693401593,Standard-Value
0137-OCGAB,1,80.2,80.2,Yes,2600.227246871445,Standard-Value
3351-NQLDI,67,94.35,6341.45,Yes,3058.9955204778157,High-Value
9297-EONCV,72,91.35,6697.2,No,2961.730162116041,High-Value
7593-JNWRU,6,44.6,260.8,Yes,1446.0116609783847,Standard-Value
4588-YBNIB,1,19.6,19.6,Yes,635.467007963595,Standard-Value
1069-QJOEE,25,19.9,505.45,No,645.1935437997724,Standard-Value
3336-JORSO,33,110.45,3655.45,Yes,3580.9862770193404,High-Value
7799-DSEWS,18,68.35,1299.8,No,2216.0290813424344,Standard-Value
8766-PAFNE,71,79.1,5564.85,No,2564.563282138794,Standard-Value
5315-CKEQK,28,51.0,1381.8,No,1653.5110921501707,Standard-Value
3130-ICDUP,2,80.55,188.1,No,2611.574872013652,Standard-Value
0820-FNRNX,17,66.7,1077.05,No,2162.533134243459,Standard-Value
0880-FVFWF,56,86.4,4922.4,No,2801.242320819113,Standard-Value
4611-ANLQC,60,50.05,2911.5,No,1622.7103953356086,Standard-Value
4213-HKBJO,33,25.7,826.1,No,833.2399032992037,Standard-Value
2792-LSHWX,1,83.4,83.4,No,2703.9769624573382,Standard-Value
5028-GZLDO,2,70.7,140.7,Yes,2292.220278725825,Standard-Value
0014-BMAQU,63,84.65,5377.8,No,2744.504195108078,Standard-Value
6861-XWTWQ,7,99.25,665.45,Yes,3217.8622724687148,High-Value
9018-PCIOK,55,64.75,3617.1,No,2099.310651308305,Standard-Value
4837-QUSFT,65,100.15,6643.5,No,3247.0418799772474,High-Value
6877-TJMBR,1,84.8,84.8,Yes,2749.367463026166,Standard-Value
9953-ZMKSM,63,25.25,1559.3,No,818.6500995449375,Standard-Value
0907-HQNTS,70,113.0,7987.6,No,3663.661831626849,High-Value
7665-NKLAV,36,40.65,1547.35,No,1317.9456058020478,Standard-Value
6769-DCQLI,52,105.0,5426.85,Yes,3404.2875426621163,High-Value
2433-KMEAS,22,54.45,1127.35,Yes,1765.3662542662119,Standard-Value
4391-LNRXK,22,94.95,2142.8,No,3078.448592150171,High-Value
8250-ZNGGW,5,59.9,287.85,No,1942.0649886234357,Standard-Value
2195-ZRVAX,47,85.3,4045.65,Yes,2765.578356086462,Standard-Value
3550-SAHFP,33,83.35,2757.85,Yes,2702.3558731513085,Standard-Value
2011-TRQYE,18,33.5,600.0,Yes,1086.129835039818,Standard-Value
8562-GHPPI,1,19.8,19.8,No,641.9513651877133,Standard-Value
5893-PYOLZ,56,81.8,4534.45,No,2652.1021046643914,Standard-Value
4986-MXSFP,2,20.0,40.9,No,648.4357224118316,Standard-Value
6131-FOYAS,35,59.6,2094.9,No,1932.3384527872583,Standard-Value
3027-YNWZU,64,25.0,1584.8,No,810.5446530147896,Standard-Value
5609-IMCGG,15,84.35,1302.65,No,2734.7776592719,Standard-Value
4873-ILOLJ,24,90.35,2238.5,Yes,2929.3083759954493,High-Value
4727-MCYZG,1,55.55,55.55,No,1801.0302189988624,Standard-Value
9481-WHGWY,70,75.35,5437.75,No,2442.9815841865757,Standard-Value
2725-KXXWT,1,90.75,90.75,Yes,2942.277090443686,High-Value
9565-DJPIB,4,89.6,365.65,Yes,2904.992036405006,Standard-Value
4328-VUFWD,39,59.3,2209.15,No,1922.6119169510807,Standard-Value
3301-LSLWQ,29,66.1,1912.15,No,2143.0800625711036,Standard-Value
7473-ZBDSN,14,18.8,255.55,No,609.5295790671217,Standard-Value
3166-PNEOF,61,86.45,5175.3,No,2802.8634101251423,Standard-Value
5639-NTUPK,13,52.1,670.65,No,1689.1750568828215,Standard-Value
8780-YRMTT,66,47.4,3177.25,No,1536.7926621160411,Standard-Value
8348-HFYIV,2,49.25,90.35,Yes,1596.7729664391354,Standard-Value
5140-FOMCQ,59,109.15,6557.75,No,3538.8379550625714,High-Value
6242-SGYTS,62,94.95,5791.85,No,3078.448592150171,High-Value
8166-ORCHU,33,93.55,3055.5,No,3033.0580915813425,High-Value
8414-OOEEL,66,79.5,5196.1,No,2577.531996587031,Standard-Value
8454-AATJP,72,115.05,8405.0,No,3730.1264931740616,High-Value
6849-WLEYG,1,19.75,19.75,Yes,640.3302758816837,Standard-Value
4659-NZRUF,19,95.15,1789.25,Yes,3084.9329493742894,High-Value
4531-AUZNK,51,95.15,5000.05,No,3084.9329493742894,High-Value
4191-XOVOM,63,105.4,6713.2,No,3417.256257110353,High-Value
2150-OEGBV,27,20.1,562.6,No,651.6779010238909,Standard-Value
8429-XIBUM,22,101.35,2317.1,Yes,3285.948023321957,High-Value
1855-CFULU,4,20.05,91.45,No,650.0568117178613,Standard-Value
4878-BUNFV,42,20.7,828.85,No,671.1309726962457,Standard-Value
1872-EBWSC,29,20.35,617.35,No,659.7833475540388,Standard-Value
2608-BHKFN,4,70.05,266.9,Yes,2271.1461177474403,Standard-Value
7026-YMSBE,30,19.7,625.05,No,638.7091865756541,Standard-Value
7341-LXCAF,4,74.65,301.4,Yes,2420.286333902162,Standard-Value
6997-UVGOX,71,85.45,6029.9,No,2770.4416240045507,Standard-Value
9674-EHPPG,46,40.4,1842.7,No,1309.8401592719,Standard-Value
9462-MJUAW,4,50.4,206.6,Yes,1634.0580204778157,Standard-Value
8128-YVJRG,7,79.65,604.7,Yes,2582.39526450512,Standard-Value
5440-VHLUL,69,105.2,7386.05,No,3410.7718998862347,High-Value
5781-BKHOP,72,100.65,7334.05,No,3263.252773037543,High-Value
4283-FUTGF,19,79.85,1471.75,Yes,2588.879621729238,Standard-Value
5213-TWWJU,28,91.0,2626.15,No,2950.3825369738342,High-Value
1569-TTNYJ,5,78.75,412.1,Yes,2553.2156569965873,Standard-Value
8628-MFKAX,72,116.75,8277.05,No,3785.2435295790674,High-Value
2397-BRLOM,8,80.45,583.45,Yes,2608.332693401593,Standard-Value
7629-WIXZF,7,59.1,369.25,No,1916.1275597269625,Standard-Value
5445-GLVOT,22,49.8,1049.05,No,1614.6049488054607,Standard-Value
3976-HXHCE,72,19.3,1414.8,No,625.7404721274175,Standard-Value
2466-NEJOJ,8,19.65,169.75,No,637.0880972696245,Standard-Value
0254-KCJGT,52,81.4,4354.45,No,2639.133390216155,Standard-Value
5472-CVMDX,68,38.9,2719.2,No,1261.2074800910125,Standard-Value
6461-SZMCV,71,87.95,6365.35,No,2851.4960893060297,Standard-Value
8150-QUDFX,2,19.85,51.6,No,643.572454493743,Standard-Value
9508-ILZDG,34,96.35,3190.25,No,3123.839092718999,High-Value
2346-DJQTB,35,24.15,812.5,No,782.9861348122867,Standard-Value
1697-LYYYX,61,19.1,1143.8,No,619.2561149032992,Standard-Value
1942-OQFRW,1,44.0,44.0,No,1426.5585893060297,Standard-Value
4749-VFKVB,1,50.1,50.1,Yes,1624.3314846416383,Standard-Value
9640-ZSLDC,53,60.6,3297.0,No,1964.76023890785,Standard-Value
4231-LZUYM,72,25.65,1887.0,No,831.6188139931741,Standard-Value
7598-UAASY,2,76.4,151.8,Yes,2477.024459613197,Standard-Value
7938-OUHIO,3,98.7,293.65,Yes,3200.0302901023892,High-Value
8510-AWCXC,13,100.8,1308.1,Yes,3268.1160409556314,High-Value
6128-AQBMT,41,53.95,2215.4,No,1749.155361205916,Standard-Value
3594-BDSOA,24,20.4,482.8,No,661.4044368600682,Standard-Value
0431-APWVY,28,90.1,2598.95,Yes,2921.2029294653016,High-Value
5133-VRSAB,8,29.35,216.45,No,951.5794226393631,Standard-Value
5996-DAOQL,1,20.45,20.45,No,663.0255261660978,Standard-Value
6838-YAUVY,54,95.1,5064.85,No,3083.3118600682596,High-Value
0484-JPBRU,41,25.25,996.45,No,818.6500995449375,Standard-Value
7883-ROJOC,19,44.9,839.65,No,1455.7381968145621,Standard-Value
0244-LGNFY,72,92.65,6733.0,No,3003.8784840728104,High-Value
7274-CGTOD,62,43.7,2618.3,No,1416.8320534698523,Standard-Value
4295-YURET,56,72.6,4084.35,No,2353.821672354949,Standard-Value
3426-NIYYL,15,51.55,765.5,Yes,1671.343074516496,Standard-Value
8225-BTJAU,10,79.25,793.55,Yes,2569.426550056883,Standard-Value
4635-EJYPD,32,18.95,613.95,No,614.3928469852104,Standard-Value
1866-ZSLJM,21,20.5,402.85,No,664.6466154721275,Standard-Value
4636-TVXVG,62,19.95,1244.8,No,646.814633105802,Standard-Value
4236-UJPWO,2,24.5,46.4,No,794.3337599544938,Standard-Value
9392-XBGTD,27,20.6,581.85,No,667.8887940841867,Standard-Value
3387-VATUS,5,94.85,462.8,Yes,3075.2064135381115,High-Value
6402-SSEJG,25,61.05,1540.2,No,1979.350042662116,Standard-Value
1143-NMNQJ,2,85.7,169.8,Yes,2778.547070534699,Standard-Value
1169-SAOCL,49,106.65,5168.1,No,3457.783489761093,High-Value
1110-KYLGQ,63,108.25,6780.1,No,3509.6583475540388,High-Value
9929-PLVPA,4,20.4,94.5,No,661.4044368600682,Standard-Value
3518-PZXZQ,1,55.3,55.3,No,1792.9247724687145,Standard-Value
2371-JUNGC,11,20.25,208.0,No,656.5411689419795,Standard-Value
7693-QPEFS,52,72.95,3829.75,No,2365.169297497156,Standard-Value
0924-BJCRC,60,89.45,5294.6,No,2900.128768486917,Standard-Value
5074-FBGHB,64,104.65,6889.8,No,3392.9399175199096,High-Value
2351-BKRZW,43,75.2,3254.35,No,2438.118316268487,Standard-Value
4455-BFSPD,61,101.15,6383.9,No,3279.463666097839,High-Value
0415-MOSGF,1,44.4,44.4,Yes,1439.5273037542663,Standard-Value
1724-BQUHA,5,89.5,477.7,Yes,2901.749857792947,Standard-Value
3948-KXDUF,66,68.75,4447.55,No,2228.9977957906713,Standard-Value
2323-ARSVR,67,111.05,7321.05,No,3600.439348691695,High-Value
0815-MFZGM,42,99.0,4135.0,No,3209.7568259385666,High-Value
4826-XTSOH,1,86.05,86.05,Yes,2789.8946956769055,Standard-Value
5480-XTFFL,31,21.0,697.7,No,680.8575085324233,Standard-Value
8295-FHIVV,7,19.4,168.65,No,628.9826507394766,Standard-Value
2495-INZWQ,4,44.55,174.3,Yes,1444.390571672355,Standard-Value
9086-YJYXS,34,77.2,2753.8,No,2502.96188850967,Standard-Value
1179-INLAT,3,19.45,69.25,No,630.6037400455062,Standard-Value
7909-FIOIY,19,24.85,434.8,No,805.6813850967009,Standard-Value
4139-SUGLD,31,35.4,1077.5,Yes,1147.731228668942,Standard-Value
6857-VWJDT,1,95.65,95.65,Yes,3101.143842434585,High-Value
6351-SCJKT,3,41.35,107.25,No,1340.640856086462,Standard-Value
5468-BPMMO,46,19.6,851.2,No,635.467007963595,Standard-Value
5624-BQSSA,1,20.95,20.95,Yes,679.2364192263937,Standard-Value
0197-PNKNK,69,84.45,5848.6,No,2738.0198378839596,Standard-Value
2439-QKJUL,5,20.25,109.8,No,656.5411689419795,Standard-Value
1194-SPVSP,1,19.65,19.65,No,637.0880972696245,Standard-Value
9534-NSXEM,26,20.65,595.5,No,669.5098833902161,Standard-Value
2408-WITXK,10,34.7,329.8,Yes,1125.035978384528,Standard-Value
8929-KSWIH,25,99.3,2513.5,No,3219.483361774744,High-Value
2250-IVBWA,64,81.05,5135.35,No,2627.785765073948,Standard-Value
1810-MVMAI,30,67.6,2000.2,No,2191.712741751991,Standard-Value
9506-UXUSK,13,70.15,931.75,No,2274.3882963594997,Standard-Value
1229-RCALF,64,115.0,7396.15,No,3728.5054038680323,High-Value
3572-UOLYZ,46,84.8,3958.85,No,2749.367463026166,Standard-Value
1429-UYJSV,12,19.7,260.9,No,638.7091865756541,Standard-Value
5577-OTWWW,15,19.75,297.3,Yes,640.3302758816837,Standard-Value
6100-QQHEB,17,92.55,1515.1,Yes,3000.636305460751,High-Value
6366-XIVKZ,13,63.15,816.8,No,2047.4357935153585,Standard-Value
3470-OBUET,67,74.0,4868.4,No,2399.2121729237774,Standard-Value
2770-NSVDG,24,29.1,688.0,No,943.4739761092152,Standard-Value
9375-MHRRS,6,50.05,288.35,No,1622.7103953356086,Standard-Value
2634-HCZGT,53,60.05,3229.65,Yes,1946.9282565415244,Standard-Value
7503-QQRVF,16,74.3,1178.25,Yes,2408.938708759955,Standard-Value
4860-YZGZM,10,20.0,185.4,No,648.4357224118316,Standard-Value
6599-GZWCM,13,74.65,966.25,No,2420.286333902162,Standard-Value
2691-NZETQ,9,85.35,758.6,Yes,2767.1994453924913,Standard-Value
4404-HIBDJ,25,74.3,1863.8,Yes,2408.938708759955,Standard-Value
5533-NHFRF,7,44.4,265.8,No,1439.5273037542663,Standard-Value
7037-MTYVW,38,85.4,3297.0,No,2768.8205346985214,Standard-Value
4760-THGOT,43,94.1,4107.3,No,3050.890073947668,High-Value
7295-JOMMD,4,98.1,396.3,Yes,3180.577218430034,High-Value
4016-BJKTZ,25,108.9,2809.05,No,3530.7325085324237,High-Value
6584-VQMYT,27,56.2,1567.55,No,1822.1043799772472,Standard-Value
9838-BFCQT,72,26.1,1851.45,No,846.2086177474404,Standard-Value
2790-XUYMV,71,85.45,6028.95,No,2770.4416240045507,Standard-Value
0581-MDMPW,24,88.95,2072.75,No,2883.9178754266213,Standard-Value
5013-SBUIH,50,109.65,5551.15,Yes,3555.048848122867,High-Value
1023-BQXZE,57,74.35,4317.35,No,2410.559798065984,Standard-Value
9163-GHAYE,15,48.85,736.8,No,1583.8042519908988,Standard-Value
3904-UKFRE,4,80.1,336.15,No,2596.9850682593856,Standard-Value
5353-WILCI,28,56.05,1522.65,No,1817.2411120591582,Standard-Value
0709-TVGUR,9,74.55,622.9,Yes,2417.0441552901025,Standard-Value
0058-EVZWM,55,89.8,4959.6,No,2911.4763936291242,Standard-Value
6023-YEBUP,3,100.95,329.95,Yes,3272.9793088737206,High-Value
7209-JCUDS,10,94.9,1048.85,Yes,3076.8275028441417,High-Value
7009-PCARS,55,19.1,1001.5,No,619.2561149032992,Standard-Value
0519-DRGTI,20,20.35,442.6,No,659.7833475540388,Standard-Value
1017-FBQMM,62,106.05,6703.5,No,3438.3304180887376,High-Value
3001-CBHLQ,32,104.9,3351.55,Yes,3401.0453640500573,High-Value
1985-MBRYP,43,19.65,779.25,No,637.0880972696245,Standard-Value
6158-DWPZT,9,24.1,259.8,Yes,781.3650455062572,Standard-Value
9372-TXXPS,60,59.85,3483.45,No,1940.4438993174062,Standard-Value
3259-QMXUN,58,86.1,4890.5,No,2791.515784982935,Standard-Value
1015-JPFYW,7,19.45,136.75,No,630.6037400455062,Standard-Value
6645-MXQJT,2,97.1,184.15,No,3148.1554323094424,High-Value
4360-QRAVE,37,36.65,1315.0,No,1188.2584613196816,Standard-Value
8433-WPJTV,65,103.9,6767.1,No,3368.6235779294657,High-Value
5804-JMYIO,39,19.75,757.95,No,640.3302758816837,Standard-Value
3763-GCZHZ,66,104.05,6890.0,Yes,3373.4868458475544,High-Value
6484-LATFU,68,24.55,1657.4,No,795.9548492605234,Standard-Value
7599-NTMDP,62,48.7,3008.55,No,1578.9409840728101,Standard-Value
0772-GYEQQ,3,88.35,262.05,Yes,2864.464803754266,Standard-Value
0536-ACXIP,72,109.55,8165.1,No,3551.8066695108078,High-Value
0936-NQLJU,41,20.65,875.55,No,669.5098833902161,Standard-Value
4831-EOBFE,29,94.65,2649.15,Yes,3068.7220563139936,High-Value
1575-KRZZE,4,55.2,220.65,No,1789.6825938566556,Standard-Value
3251-YMVWZ,53,24.05,1301.9,No,779.7439562002276,Standard-Value
4102-OQUPX,1,74.4,74.4,Yes,2412.1808873720142,Standard-Value
9170-GYZJC,41,79.9,3326.2,Yes,2590.5007110352676,Standard-Value
4884-LEVMQ,39,20.45,790.0,No,663.0255261660978,Standard-Value
8857-CUPFQ,63,19.25,1237.65,No,624.119382821388,Standard-Value
7610-TVOPG,15,26.35,378.6,No,854.3140642775883,Standard-Value
3638-DIMPH,13,43.8,592.65,No,1420.0742320819113,Standard-Value
1845-ZLLIG,1,50.15,50.15,No,1625.9525739476678,Standard-Value
8559-WNQZS,1,20.45,20.45,No,663.0255261660978,Standard-Value
3999-QGRJH,8,69.7,560.85,Yes,2259.7984926052336,Standard-Value
1699-UOTXU,60,61.4,3638.25,No,1990.6976678043231,Standard-Value
2454-RPBRZ,12,98.1,1060.2,Yes,3180.577218430034,High-Value
0635-WKOLD,40,70.75,2921.75,No,2293.8413680318545,Standard-Value
5993-JSUWV,66,61.15,4017.45,No,1982.5922212741752,Standard-Value
4518-FZBSX,42,20.25,854.9,No,656.5411689419795,Standard-Value
5387-ASZNZ,66,63.85,4174.35,No,2070.1310437997727,Standard-Value
6988-CJEYV,49,98.7,4920.55,No,3200.0302901023892,High-Value
2002-MZHWP,1,20.5,20.5,Yes,664.6466154721275,Standard-Value
3097-FQTVJ,41,20.0,810.3,No,648.4357224118316,Standard-Value
5465-BUBFA,41,19.3,772.4,No,625.7404721274175,Standard-Value
7299-GNVPL,23,84.4,1936.85,No,2736.39874857793,Standard-Value
9743-DQKQW,3,25.1,79.8,No,813.7868316268488,Standard-Value
1215-VFYVK,4,48.25,202.25,No,1564.3511803185438,Standard-Value
9371-BITHB,52,19.85,1070.5,No,643.572454493743,Standard-Value
2265-CYWIV,4,99.6,347.65,Yes,3229.2098976109214,High-Value
9093-FPDLG,11,94.2,999.9,No,3054.1322525597275,High-Value
0541-FITGH,2,62.15,113.1,No,2015.0140073947668,Standard-Value
6985-HAYWX,26,79.3,2015.8,No,2571.0476393629124,Standard-Value
7508-KBIMB,24,56.25,1454.25,No,1823.7254692832767,Standard-Value
6838-HVLXG,12,20.3,246.7,No,658.1622582480092,Standard-Value
2277-DJJDL,60,99.0,6017.9,No,3209.7568259385666,High-Value
1897-OKVMW,64,90.6,5817.45,No,2937.4138225255974,High-Value
5485-ITNPC,66,85.9,5595.3,No,2785.0314277588172,Standard-Value
0233-FTHAV,60,79.2,4765.0,No,2567.8054607508534,Standard-Value
4644-PIZRT,17,70.35,1201.65,No,2280.8726535836176,Standard-Value
8922-NPKBJ,42,19.35,867.3,No,627.3615614334472,Standard-Value
2740-TVLFN,1,50.15,50.15,No,1625.9525739476678,Standard-Value
7771-CFQRQ,47,63.8,3007.25,No,2068.509954493743,Standard-Value
9512-PHSMG,10,20.55,252.75,No,666.267704778157,Standard-Value
6963-EZQEE,70,88.55,6306.5,No,2870.9491609783845,Standard-Value
2452-KDRRH,67,101.4,6841.05,No,3287.5691126279867,High-Value
2004-OCQXK,1,81.95,81.95,Yes,2656.9653725824805,Standard-Value
5027-QPKTE,7,69.35,451.1,Yes,2248.450867463026,Standard-Value
4146-SVFUD,1,44.6,44.6,No,1446.0116609783847,Standard-Value
1564-HJUVY,4,63.75,226.2,No,2066.8888651877137,Standard-Value
3617-XLSGQ,66,109.25,7082.5,No,3542.0801336746304,High-Value
7517-LDMPS,12,84.6,1017.35,No,2742.883105802048,Standard-Value
7244-KXYZN,24,20.45,527.35,No,663.0255261660978,Standard-Value
5226-NOZFC,26,85.75,2146.5,No,2780.168159840728,Standard-Value
2672-HUYVI,6,91.1,455.3,Yes,2953.6247155858932,High-Value
1400-WIVLL,57,107.95,5969.85,No,3499.9318117178614,High-Value
7508-MYBOG,14,86.1,1235.55,Yes,2791.515784982935,Standard-Value
8148-NLEGT,42,22.95,1014.25,No,744.0799914675769,Standard-Value
0148-DCDOS,25,94.7,2362.1,Yes,3070.3431456200233,High-Value
8347-GDTMP,64,19.45,1225.65,No,630.6037400455062,Standard-Value
9992-RRAMN,22,85.1,1873.7,Yes,2759.0939988623436,Standard-Value
6746-WAUWT,19,19.7,386.5,No,638.7091865756541,Standard-Value
0310-MVLET,61,99.15,6010.05,Yes,3214.620093856656,High-Value
0428-IKYCP,22,87.0,1850.65,No,2820.695392491468,Standard-Value
4550-VBOFE,70,102.95,7101.5,Yes,3337.822881114904,High-Value
2187-PKZAY,12,79.95,1043.4,No,2592.1218003412973,Standard-Value
4003-OCTMP,31,64.0,1910.75,No,2074.9943117178614,Standard-Value
6652-YFFJO,11,64.9,716.1,No,2104.173919226394,Standard-Value
7225-IILWY,68,25.75,1686.15,No,834.8609926052333,Standard-Value
5248-RPYWW,72,90.15,6716.45,No,2922.8240187713313,High-Value
7923-IYJWY,67,116.1,7839.85,No,3764.169368600683,High-Value
3170-GWYKC,60,104.95,6236.75,No,3402.666453356087,High-Value
5696-QURRL,1,45.05,45.05,Yes,1460.6014647326508,Standard-Value
7409-KIUTL,1,71.0,71.0,Yes,2301.9468145620026,Standard-Value
9830-ECLEN,58,50.0,2919.85,No,1621.0893060295791,Standard-Value
1732-VHUBQ,47,70.55,3309.25,Yes,2287.357010807736,Standard-Value
0495-RVCBF,1,79.7,79.7,Yes,2584.016353811149,Standard-Value
2668-TZSPS,1,20.45,20.45,No,663.0255261660978,Standard-Value
7854-EDSSA,22,59.0,1254.7,Yes,1912.8853811149033,Standard-Value
8869-TORSS,48,60.35,2896.4,Yes,1956.654792377702,Standard-Value
7446-SFAOA,37,19.85,717.5,No,643.572454493743,Standard-Value
9522-ZSINC,13,19.95,253.8,No,646.814633105802,Standard-Value
8234-GSZYK,43,26.45,1110.05,No,857.5562428896474,Standard-Value
6505-OZNPG,6,63.4,348.8,No,2055.5412400455066,Standard-Value
6164-HAQTX,71,53.95,3888.65,No,1749.155361205916,Standard-Value
0679-IDSTG,1,69.25,69.25,Yes,2245.208688850967,Standard-Value
7765-LWVVH,72,95.1,6843.15,No,3083.3118600682596,High-Value
1658-TJVOA,6,74.1,450.9,No,2402.4543515358364,Standard-Value
0953-LGOVU,12,35.5,432.25,No,1150.9734072810013,Standard-Value
2115-BFTIW,25,70.95,1767.35,Yes,2300.325725255973,Standard-Value
4692-NNQRU,21,79.2,1742.45,No,2567.8054607508534,Standard-Value
7742-MYPGI,6,48.8,297.35,No,1582.183162684869,Standard-Value
0611-DFXKO,20,89.0,1820.45,Yes,2885.538964732651,Standard-Value
7780-OTDSO,18,99.4,1742.95,Yes,3222.7255403868035,High-Value
9619-GSATL,43,55.45,2444.25,No,1797.7880403868035,Standard-Value
5622-UEJFI,35,25.4,949.8,No,823.5133674630262,Standard-Value
9747-DDZOS,1,73.5,73.5,Yes,2383.0012798634816,Standard-Value
0674-DGMAQ,32,93.5,2970.8,No,3031.4370022753133,High-Value
6203-HBZPA,52,63.9,3334.95,No,2071.7521331058024,Standard-Value
0484-FFVBJ,32,64.85,2010.95,No,2102.552829920364,Standard-Value
0301-FIDRB,72,63.8,4684.3,No,2068.509954493743,Standard-Value
4139-JPIAM,51,44.45,2181.55,No,1441.148393060296,Standard-Value
2181-TIDSV,68,19.95,1303.25,No,646.814633105802,Standard-Value
2761-XECQW,8,43.35,371.4,No,1405.4844283276452,Standard-Value
1936-CZAKF,49,49.65,2409.9,No,1609.741680887372,Standard-Value
9453-PATOS,72,85.1,6155.4,No,2759.0939988623436,Standard-Value
0564-JJHGS,9,95.5,829.1,Yes,3096.2805745164965,High-Value
3348-CFRNX,28,92.35,2602.9,Yes,2994.1519482366325,High-Value
4402-FTBXC,54,89.8,4667.0,No,2911.4763936291242,Standard-Value
1428-GTBJJ,11,74.55,824.75,Yes,2417.0441552901025,Standard-Value
2931-XIQBR,50,103.05,5153.5,No,3341.0650597269628,High-Value
0106-UGRDO,69,116.0,8182.85,No,3760.927189988624,High-Value
5542-TBBWB,1,69.9,69.9,No,2266.282849829352,Standard-Value
1930-QPBVZ,68,95.1,6683.4,No,3083.3118600682596,High-Value
2606-PKWJB,40,40.25,1564.05,No,1304.9768913538112,Standard-Value
5322-ZSMZY,31,25.75,755.6,No,834.8609926052333,Standard-Value
8059-UDZFY,33,105.35,3465.05,No,3415.6351678043234,High-Value
7740-BTPUX,55,113.6,6292.7,No,3683.114903299204,High-Value
5220-AGAAX,68,24.0,1664.3,No,778.1228668941981,Standard-Value
0208-BPQEJ,12,19.4,198.1,No,628.9826507394766,Standard-Value
9435-JMLSX,71,86.1,6045.9,No,2791.515784982935,Standard-Value
3352-ALMCK,40,102.65,4108.15,No,3328.0963452787264,High-Value
5312-IRCFR,64,92.85,5980.75,No,3010.3628412969283,High-Value
5294-IMHHT,53,97.75,5043.2,No,3169.2295932878274,High-Value
8802-UNOJF,12,83.8,1029.75,Yes,2716.9456769055746,Standard-Value
6313-GIDIT,53,54.45,2854.55,Yes,1765.3662542662119,Standard-Value
6176-YJWAS,72,97.95,7114.25,No,3175.7139505119458,High-Value
5310-NOOVA,46,19.95,907.05,No,646.814633105802,Standard-Value
4526-EXKKN,40,24.6,973.95,No,797.575938566553,Standard-Value
5311-IHLEI,12,50.95,605.75,No,1651.8900028441412,Standard-Value
3987-KQDDU,9,75.6,661.55,No,2451.0870307167233,Standard-Value
3404-JNXAX,51,80.75,4116.9,No,2618.0592292377705,Standard-Value
5131-PONJI,49,90.4,4494.65,No,2930.9294653014795,High-Value
2845-AFFTX,41,99.8,4259.3,Yes,3235.69425483504,High-Value
3489-VSFRD,56,60.25,3282.75,No,1953.4126137656428,Standard-Value
3345-JHUEO,4,20.2,55.7,No,654.92007963595,Standard-Value
5815-HGGHV,20,64.15,1274.45,No,2079.85757963595,Standard-Value
5260-UMPWX,26,20.25,493.95,No,656.5411689419795,Standard-Value
2249-YPRNG,20,105.85,2239.65,Yes,3431.846060864619,High-Value
7410-YTJIK,7,75.45,480.75,Yes,2446.223762798635,Standard-Value
4626-GYCZP,7,93.85,635.6,Yes,3042.78462741752,High-Value
5649-RXQTV,51,99.0,5038.15,No,3209.7568259385666,High-Value
2674-MIAHT,4,80.3,324.2,No,2603.469425483504,Standard-Value
2576-HXMPA,1,19.55,19.55,No,633.8459186575654,Standard-Value
7587-AOVVU,27,100.75,2793.55,No,3266.494951649602,High-Value
5590-BYNII,22,100.75,2095.0,Yes,3266.494951649602,High-Value
6898-MDLZW,12,53.75,648.65,No,1742.6710039817976,Standard-Value
3237-AJGEH,3,31.0,95.05,Yes,1005.0753697383391,Standard-Value
4707-YNOQA,34,25.6,917.15,No,829.9977246871446,Standard-Value
9357-UJRUN,24,58.35,1346.9,No,1891.811220136519,Standard-Value
1591-NFNLQ,51,80.0,4242.35,Yes,2593.7428896473266,Standard-Value
8648-PFRMP,14,46.35,672.7,No,1502.74978668942,Standard-Value
7663-CUXZB,59,113.75,6561.25,No,3687.9781712172926,High-Value
0258-NOKBL,3,90.4,268.45,No,2930.9294653014795,High-Value
1163-VIPRI,65,109.3,7337.55,No,3543.70122298066,High-Value
2815-CPTUL,5,70.25,331.9,Yes,2277.6304749715587,Standard-Value
9348-ROUAI,59,90.3,5194.05,No,2927.68728668942,High-Value
9443-JUBUO,72,65.25,4478.85,No,2115.5215443686006,Standard-Value
0596-BQCEQ,62,100.15,6283.3,Yes,3247.0418799772474,High-Value
1481-ZUWZA,28,94.5,2659.4,Yes,3063.858788395905,High-Value
3043-TYBNO,3,60.65,196.9,No,1966.3813282138794,Standard-Value
4830-FAXFM,19,24.1,439.2,No,781.3650455062572,Standard-Value
5906-BFOZT,1,19.5,19.5,No,632.2248293515358,Standard-Value
2960-NKRSO,24,85.95,2107.15,No,2786.6525170648465,Standard-Value
8996-ZROXE,57,53.5,3035.8,No,1734.5655574516497,Standard-Value
5598-IKHQQ,72,25.45,1866.45,No,825.1344567690558,Standard-Value
0397-ZXWQF,67,20.5,1430.95,No,664.6466154721275,Standard-Value
5266-PFRQK,52,20.85,1071.6,No,675.9942406143346,Standard-Value
4674-HGNUA,71,89.9,6457.15,No,2914.7185722411837,High-Value
6765-MBQNU,26,26.0,684.05,No,842.9664391353812,Standard-Value
9786-IJYDL,35,113.2,3914.05,No,3670.1461888509675,High-Value
1303-SRDOK,55,69.05,3842.6,No,2238.7243316268487,Standard-Value
3769-MHZNV,33,20.1,670.35,No,651.6779010238909,Standard-Value
6295-OSINB,72,109.65,7880.25,No,3555.048848122867,High-Value
3308-MHOOC,1,19.2,19.2,No,622.4982935153583,Standard-Value
2309-OSFEU,10,33.9,298.45,Yes,1099.0985494880547,Standard-Value
2207-QPJED,37,90.0,3371.75,No,2917.9607508532426,High-Value
4177-JPDFU,12,34.0,442.45,No,1102.340728100114,Standard-Value
2239-CFOUJ,1,20.4,20.4,No,661.4044368600682,Standard-Value
8046-DNVTL,62,38.6,2345.55,No,1251.480944254835,Standard-Value
2209-XADXF,1,25.25,25.25,No,818.6500995449375,Standard-Value
6620-JDYNW,18,60.6,1156.35,No,1964.76023890785,Standard-Value
1891-FZYSA,69,89.95,6143.15,Yes,2916.339661547213,High-Value
4770-UEZOX,2,74.75,144.8,No,2423.528512514221,Standard-Value
1038-RQOST,19,20.6,414.95,No,667.8887940841867,Standard-Value
7613-LLQFO,12,84.45,1059.55,Yes,2738.0198378839596,Standard-Value
4568-TTZRT,9,20.4,181.8,No,661.4044368600682,Standard-Value
9513-DXHDA,27,81.7,2212.55,No,2648.8599260523324,Standard-Value
2640-PMGFL,27,79.5,2180.55,Yes,2577.531996587031,Standard-Value
3801-HMYNL,1,89.15,89.15,Yes,2890.4022326507397,Standard-Value
0516-QREYC,24,20.3,459.95,No,658.1622582480092,Standard-Value
9685-WKZGT,14,74.95,1036.75,Yes,2430.0128697383393,Standard-Value
6022-UGGSO,32,74.4,2276.95,Yes,2412.1808873720142,Standard-Value
8084-OIVBS,11,20.0,211.95,No,648.4357224118316,Standard-Value
8896-BQTTI,1,25.0,25.0,No,810.5446530147896,Standard-Value
3865-QBWSJ,38,80.45,3162.65,No,2608.332693401593,Standard-Value
3352-RICWQ,9,19.75,210.65,No,640.3302758816837,Standard-Value
2160-GPFXD,54,65.65,3566.7,No,2128.4902588168375,Standard-Value
2065-MMKGR,29,71.0,2080.1,No,2301.9468145620026,Standard-Value
5857-TYBCJ,44,89.2,4040.2,No,2892.0233219567695,Standard-Value
1498-NHTLT,59,86.75,5186.0,No,2812.5899459613197,Standard-Value
4484-CGXFK,3,55.3,196.15,Yes,1792.9247724687145,Standard-Value
1402-PTHGN,18,61.5,1087.45,No,1993.9398464163824,Standard-Value
4176-RELJR,67,25.1,1672.15,No,813.7868316268488,Standard-Value
6214-EDAKZ,22,55.15,1206.05,Yes,1788.0615045506258,Standard-Value
5199-FPUSP,33,34.05,1113.95,No,1103.9618174061434,Standard-Value
6377-KSLXC,5,19.95,107.05,No,646.814633105802,Standard-Value
1796-JANOW,2,19.95,38.15,No,646.814633105802,Standard-Value
0238-WHBIQ,72,89.7,6339.3,No,2908.2342150170653,Standard-Value
8735-NBLWT,9,20.4,184.1,No,661.4044368600682,Standard-Value
6651-RLGGM,67,26.3,1688.9,No,852.6929749715587,Standard-Value
6127-ISGTU,16,84.95,1378.25,Yes,2754.2307309442554,Standard-Value
1614-JBEBI,8,20.7,137.6,No,671.1309726962457,Standard-Value
8740-XLHDR,5,43.25,219.0,Yes,1402.242249715586,Standard-Value
1208-DNHLN,23,48.35,1067.15,Yes,1567.593358930603,Standard-Value
1761-AEZZR,1,79.55,79.55,Yes,2579.1530858930605,Standard-Value
3923-CSIHK,50,71.05,3444.85,Yes,2303.567903868032,Standard-Value
5696-EXCYS,17,19.45,369.05,No,630.6037400455062,Standard-Value
5795-KTGUD,68,110.8,7553.6,No,3592.3339021615475,High-Value
7120-RFMVS,1,84.5,84.5,Yes,2739.640927189989,Standard-Value
7924-GJZFI,25,69.3,1813.1,No,2246.829778156997,Standard-Value
4702-HDRKD,67,49.35,3321.35,No,1600.0151450511946,Standard-Value
8512-WIWYV,32,20.35,707.5,No,659.7833475540388,Standard-Value
5897-ZYEKH,67,105.6,7112.15,No,3423.740614334471,High-Value
5456-ITGIC,72,64.45,4641.1,No,2089.5841154721275,Standard-Value
7317-GGVPB,71,108.6,7690.9,Yes,3521.005972696246,High-Value
1406-PUQVY,1,49.9,49.9,No,1617.84712741752,Standard-Value
1322-AGOQM,46,30.3,1380.1,Yes,982.380119453925,Standard-Value
3677-IYRBF,2,30.4,78.65,Yes,985.6222980659841,Standard-Value
5692-FPTAH,1,45.4,45.4,Yes,1471.949089874858,Standard-Value
9114-AAFQH,48,65.65,3094.65,No,2128.4902588168375,Standard-Value
8715-KKTFG,61,103.3,6518.35,No,3349.1705062571104,High-Value
1550-LOAHA,32,84.15,2585.95,Yes,2728.293302047782,Standard-Value
1728-BQDMA,2,44.45,82.7,No,1441.148393060296,Standard-Value
0268-QKIWO,3,19.75,58.85,Yes,640.3302758816837,Standard-Value
0876-WDUUZ,5,85.4,425.9,Yes,2768.8205346985214,Standard-Value
5117-ZSMHQ,71,89.9,6342.7,No,2914.7185722411837,High-Value
5151-HQRDG,37,55.05,2030.75,No,1784.8193259385666,Standard-Value
0960-HUWBM,65,104.1,6700.05,No,3375.1079351535836,High-Value
6465-GSRCL,67,106.6,7244.7,No,3456.1624004550627,High-Value
0617-FHSGK,49,75.2,3678.3,Yes,2438.118316268487,Standard-Value
0263-FJTQO,50,70.5,3486.65,No,2285.735921501707,Standard-Value
7319-ZNRTR,25,19.6,411.15,No,635.467007963595,Standard-Value
2858-MOFSQ,17,55.85,937.5,Yes,1810.75675483504,Standard-Value
7503-EPSZW,64,24.05,1559.15,No,779.7439562002276,Standard-Value
7089-XXAYG,25,38.1,970.4,No,1235.2700511945393,Standard-Value
8118-LSUEL,23,106.4,2483.5,Yes,3449.6780432309447,High-Value
8070-AAWZP,24,34.25,828.2,No,1110.4461746302618,Standard-Value
1666-JXLKU,37,100.05,3810.55,No,3243.799701365188,High-Value
7855-DIWPO,21,68.65,1493.2,No,2225.7556171786123,Standard-Value
5133-POWUA,1,45.8,45.8,No,1484.9178043230945,Standard-Value
5652-MSDEY,10,75.75,777.3,No,2455.9502986348125,Standard-Value
7005-CCBKV,6,84.4,556.35,Yes,2736.39874857793,Standard-Value
1810-BOHSY,51,96.4,4911.05,No,3125.4601820250286,High-Value
1784-BXEFA,10,20.55,187.35,No,666.267704778157,Standard-Value
7351-MHQVU,6,50.95,307.6,No,1651.8900028441412,Standard-Value
9224-VTYID,47,90.5,4318.35,No,2934.1716439135384,High-Value
9500-IWPXQ,61,79.4,4820.55,No,2574.289817974972,Standard-Value
5762-TJXGK,52,58.75,3038.55,No,1904.7799345847554,Standard-Value
4504-YOULA,35,59.45,2136.9,No,1927.4751848691697,Standard-Value
5569-IDSEY,71,105.7,7472.15,No,3426.9827929465305,High-Value
4250-FDVOU,6,56.25,389.1,Yes,1823.7254692832767,Standard-Value
7284-ZZLOH,45,53.3,2296.25,No,1728.0812002275313,Standard-Value
5277-ZLOOR,2,85.55,187.45,Yes,2773.6838026166097,Standard-Value
2141-RRYGO,4,68.65,261.25,Yes,2225.7556171786123,Standard-Value
1777-JYQPJ,2,24.3,38.45,No,787.8494027303755,Standard-Value
6376-GAHQE,4,77.85,299.2,Yes,2524.0360494880547,Standard-Value
3401-URHDA,51,59.9,3043.6,No,1942.0649886234357,Standard-Value
1599-EAHXY,60,23.95,1506.4,No,776.5017775881685,Standard-Value
8631-XVRZL,9,20.15,163.7,No,653.2989903299203,Standard-Value
5052-PNLOS,3,105.35,323.25,Yes,3415.6351678043234,High-Value
3853-LYGAM,17,95.65,1640.0,No,3101.143842434585,High-Value
6979-ZNSFF,8,87.05,762.1,Yes,2822.316481797497,Standard-Value
5751-USDBL,46,81.0,3846.35,No,2626.164675767918,Standard-Value
5680-LQOGP,68,82.45,5646.6,No,2673.1762656427763,Standard-Value
2386-LAHRK,1,53.5,53.5,Yes,1734.5655574516497,Standard-Value
8189-DUKMV,4,20.5,79.05,No,664.6466154721275,Standard-Value
6032-IGALN,1,25.1,25.1,Yes,813.7868316268488,Standard-Value
9931-DCEZH,28,54.4,1516.6,No,1763.7451649601821,Standard-Value
1898-JSNDC,39,58.6,2224.5,No,1899.916666666667,Standard-Value
0315-LVCRK,11,84.8,888.75,No,2749.367463026166,Standard-Value
3911-RSNHI,71,61.4,4310.35,No,1990.6976678043231,Standard-Value
2410-CIYFZ,2,20.4,42.9,No,661.4044368600682,Standard-Value
4248-HCETZ,30,79.65,2365.15,Yes,2582.39526450512,Standard-Value
5505-OVWQW,17,20.15,353.65,No,653.2989903299203,Standard-Value
7271-AJDTL,55,94.45,5073.1,No,3062.237699089875,High-Value
1867-TJHTS,58,79.8,4526.85,No,2587.258532423208,Standard-Value
0516-WJVXC,5,54.2,308.25,Yes,1757.260807736064,Standard-Value
9174-FKWZE,1,19.45,19.45,Yes,630.6037400455062,Standard-Value
6860-YRJZP,9,74.05,678.45,No,2400.8332622298067,Standard-Value
4429-WYGFR,26,49.15,1237.3,No,1593.5307878270762,Standard-Value
2817-LVCPP,50,19.4,1023.95,No,628.9826507394766,Standard-Value
5038-ETMLM,72,113.65,8182.75,No,3684.7359926052336,High-Value
5056-FIMPT,43,106.0,4532.3,No,3436.709328782708,High-Value
4521-WFJAI,56,25.95,1444.05,No,841.3453498293516,Standard-Value
6569-KTMDU,1,19.1,19.1,No,619.2561149032992,Standard-Value
8809-RIHDD,72,103.4,7372.65,Yes,3352.41268486917,High-Value
8809-XKHMD,72,100.55,7325.1,No,3260.0105944254838,High-Value
0396-YCHWO,36,95.4,3474.2,No,3093.0383959044375,High-Value
0867-LDTTC,5,75.15,392.65,No,2436.4972269624577,Standard-Value
4822-NGOCH,13,84.45,1058.6,Yes,2738.0198378839596,Standard-Value
9391-DXGGG,44,89.15,3990.75,No,2890.4022326507397,Standard-Value
9844-FELAJ,70,107.9,7475.85,No,3498.310722411832,High-Value
2122-SZZZD,44,19.5,835.5,No,632.2248293515358,Standard-Value
5307-DZCVC,32,85.95,2628.6,Yes,2786.6525170648465,Standard-Value
3148-AOIQT,69,24.95,1718.35,No,808.92356370876,Standard-Value
8679-JOEVF,16,59.4,1023.9,Yes,1925.85409556314,Standard-Value
8395-ETZKQ,68,19.5,1193.55,No,632.2248293515358,Standard-Value
6692-YQHXC,16,69.95,1205.5,No,2267.9039391353813,Standard-Value
3889-VWBID,68,82.85,5776.45,No,2686.1449800910127,Standard-Value
5222-JCXZT,4,19.0,78.9,No,616.01393629124,Standard-Value
9754-CLVZW,26,38.85,1025.15,No,1259.586390784983,Standard-Value
1432-FPAXX,29,30.6,856.35,Yes,992.1066552901025,Standard-Value
2739-CCZMB,5,20.35,122.0,No,659.7833475540388,Standard-Value
7080-TNUWP,70,95.0,6602.9,No,3080.0696814562007,High-Value
0496-AHOOK,24,74.4,1712.9,No,2412.1808873720142,Standard-Value
8336-TAVKX,72,78.45,5682.25,No,2543.48912116041,Standard-Value
2468-SJFLM,1,74.3,74.3,No,2408.938708759955,Standard-Value
3181-VTHOE,70,51.05,3635.15,No,1655.1321814562002,Standard-Value
7168-HDQHG,36,19.2,702.9,No,622.4982935153583,Standard-Value
4803-AXVYP,38,99.55,3734.25,Yes,3227.588808304892,High-Value
3884-HCSWG,17,70.0,1144.5,Yes,2269.525028441411,Standard-Value
4567-AKPIA,41,109.1,4454.25,No,3537.2168657565417,High-Value
5077-DXTCG,1,45.3,45.3,Yes,1468.7069112627987,Standard-Value
1142-WACZW,2,29.85,75.6,Yes,967.7903156996588,Standard-Value
7901-HXJVA,14,76.45,1117.55,No,2478.6455489192267,Standard-Value
5649-ANRML,2,95.1,180.25,Yes,3083.3118600682596,High-Value
4892-VLANZ,1,19.8,19.8,Yes,641.9513651877133,Standard-Value
5924-IFQTT,13,72.8,930.05,No,2360.3060295790674,Standard-Value
7968-QUXNS,6,18.95,110.15,No,614.3928469852104,Standard-Value
2919-HBCJO,4,76.65,333.6,Yes,2485.129906143345,Standard-Value
4236-XPXAV,5,99.15,465.05,Yes,3214.620093856656,High-Value
8903-WMRNW,15,101.75,1669.4,No,3298.916737770194,High-Value
2452-SNHFZ,47,75.45,3545.1,No,2446.223762798635,Standard-Value
3629-WEAAM,8,64.1,504.05,No,2078.2364903299203,Standard-Value
6029-CSMJE,17,25.65,440.2,No,831.6188139931741,Standard-Value
7993-NQLJE,15,75.1,1151.55,No,2434.8761376564275,Standard-Value
9909-DFRJA,26,95.85,2475.35,No,3107.628199658703,High-Value
9099-FTUHS,23,54.4,1249.25,No,1763.7451649601821,Standard-Value
0581-BXBUB,4,72.75,317.75,No,2358.6849402730377,Standard-Value
4962-CHQPW,29,19.85,535.05,No,643.572454493743,Standard-Value
9467-ROOLM,25,19.05,461.3,No,617.6350255972696,Standard-Value
3030-YZADT,9,44.95,431.0,Yes,1457.3592861205918,Standard-Value
7410-KTVFV,18,49.55,878.35,Yes,1606.4995022753128,Standard-Value
5150-ITWWB,3,94.85,335.75,No,3075.2064135381115,High-Value
2253-KPMNB,69,46.25,3121.4,No,1499.5076080773608,Standard-Value
1345-ZUKID,14,19.35,324.8,No,627.3615614334472,Standard-Value
6429-SHBCB,19,69.6,1394.55,No,2256.556313993174,Standard-Value
9281-OFDMF,39,90.7,3413.25,No,2940.656001137657,High-Value
2603-HVKCG,31,101.4,3143.65,No,3287.5691126279867,High-Value
1834-WULEG,24,20.25,439.75,No,656.5411689419795,Standard-Value
9097-ZUBYC,14,48.8,664.4,No,1582.183162684869,Standard-Value
5148-ORICT,64,74.35,4759.55,No,2410.559798065984,Standard-Value
4893-GYUJU,50,19.35,1033.0,No,627.3615614334472,Standard-Value
4578-PHJYZ,52,68.75,3482.85,No,2228.9977957906713,Standard-Value
7272-QDCKA,28,100.2,2688.45,No,3248.6629692832767,High-Value
8908-SLFCJ,21,20.85,435.25,No,675.9942406143346,Standard-Value
8393-DLHGA,25,95.9,2448.75,Yes,3109.2492889647333,High-Value
9766-HGEDE,17,19.35,307.0,No,627.3615614334472,Standard-Value
6968-MHOMU,58,45.0,2689.35,No,1458.9803754266213,Standard-Value
7395-IGJOS,17,81.5,1329.2,Yes,2642.375568828214,Standard-Value
5044-XDPYX,51,25.5,1281.25,No,826.7555460750854,Standard-Value
1814-WFGVS,72,48.9,3527.0,No,1585.4253412969283,Standard-Value
2834-SPCJV,52,84.1,4348.65,Yes,2726.672212741752,Standard-Value
3721-WKIIL,27,19.6,561.15,No,635.467007963595,Standard-Value
6734-CKRSM,3,20.0,63.6,No,648.4357224118316,Standard-Value
1265-ZFOSD,64,81.3,5129.3,No,2635.8912116040956,Standard-Value
6568-POCUI,45,95.2,4285.8,No,3086.554038680319,High-Value
7890-VYYWG,3,36.45,93.7,Yes,1181.7741040955634,Standard-Value
5197-LQXXH,71,83.3,5894.5,No,2700.734783845279,Standard-Value
9907-SWKKF,1,25.05,25.05,Yes,812.1657423208192,Standard-Value
3457-PQBYH,58,20.3,1160.75,No,658.1622582480092,Standard-Value
7682-AZNDK,34,89.85,3091.75,No,2913.0974829351535,Standard-Value
0587-DMGBH,8,49.85,365.55,Yes,1616.2260381114904,Standard-Value
5384-ZTTWP,15,19.8,272.95,No,641.9513651877133,Standard-Value
3745-HRPHI,66,54.65,3632.0,No,1771.85061149033,Standard-Value
7636-OWBPG,12,29.35,381.2,No,951.5794226393631,Standard-Value
1231-YNDEK,58,19.15,1035.5,No,620.8772042093287,Standard-Value
1407-DIGZV,3,19.1,52.0,No,619.2561149032992,Standard-Value
6397-JNZZG,43,55.55,2342.2,Yes,1801.0302189988624,Standard-Value
0570-BFQHT,9,80.55,653.9,No,2611.574872013652,Standard-Value
4393-OBCRR,3,20.25,71.2,No,656.5411689419795,Standard-Value
3523-QRQLL,22,69.5,1498.2,Yes,2253.314135381115,Standard-Value
8564-LDKFL,40,106.0,4178.65,No,3436.709328782708,High-Value
3696-DFHHB,68,25.5,1821.8,No,826.7555460750854,Standard-Value
0895-DQHEW,54,104.3,5278.15,Yes,3381.592292377702,High-Value
4717-GHADL,50,79.6,4024.2,No,2580.7741751990898,Standard-Value
5501-TVMGM,1,55.25,55.25,No,1791.303683162685,Standard-Value
5879-HMFFH,72,88.05,6520.8,No,2854.7382679180887,Standard-Value
6772-WFQRD,40,20.4,854.9,No,661.4044368600682,Standard-Value
3810-DVDQQ,72,117.6,8308.9,No,3812.80204778157,High-Value
6972-SNKKW,6,20.0,109.2,No,648.4357224118316,Standard-Value
3694-GLTJM,5,19.65,92.05,No,637.0880972696245,Standard-Value
8550-XSXUQ,48,70.55,3420.5,No,2287.357010807736,Standard-Value
8149-RSOUN,1,93.85,93.85,Yes,3042.78462741752,High-Value
9055-MOJJJ,64,65.8,4068.0,No,2133.353526734926,Standard-Value
4359-INNWN,17,20.05,337.9,No,650.0568117178613,Standard-Value
0585-EGDDA,40,80.0,3168.75,No,2593.7428896473266,Standard-Value
4032-RMHCI,41,35.4,1412.4,No,1147.731228668942,Standard-Value
0549-CYCQN,51,79.6,3974.7,No,2580.7741751990898,Standard-Value
3481-JHUZH,41,80.25,3439.0,No,2601.8483361774747,Standard-Value
7250-EQKIY,1,50.45,50.45,Yes,1635.6791097838454,Standard-Value
3594-IVHJZ,2,20.45,42.45,No,663.0255261660978,Standard-Value
6869-FGJJC,68,79.6,5461.45,No,2580.7741751990898,Standard-Value
3896-ZVNET,24,24.7,571.75,No,800.818117178612,Standard-Value
8205-VSLRB,70,77.3,5498.2,No,2506.204067121729,Standard-Value
5960-MVTUK,3,29.75,96.85,No,964.5481370875996,Standard-Value
6817-WTYHE,2,44.9,111.05,No,1455.7381968145621,Standard-Value
3082-VQXNH,3,29.8,94.4,No,966.1692263936292,Standard-Value
4013-UBXWQ,7,74.65,521.1,Yes,2420.286333902162,Standard-Value
4931-TRZWN,13,71.95,923.85,No,2332.7475113765645,Standard-Value
0750-EKNGL,7,20.75,141.1,No,672.7520620022754,Standard-Value
7669-LCRSD,12,56.3,628.65,No,1825.3465585893061,Standard-Value
3567-PQTSO,53,105.25,5576.3,No,3412.3929891922644,High-Value
5519-NPHVG,12,94.2,1046.1,Yes,3054.1322525597275,High-Value
8043-PNYSD,63,19.55,1245.6,No,633.8459186575654,Standard-Value
9938-EKRGF,15,84.45,1287.85,No,2738.0198378839596,Standard-Value
2703-AMTUL,36,53.65,1939.35,No,1739.4288253697384,Standard-Value
0928-JMXNP,4,29.9,118.25,No,969.4114050056883,Standard-Value
8173-RXAYP,24,19.7,452.55,No,638.7091865756541,Standard-Value
4825-XJGDM,61,43.7,2696.55,No,1416.8320534698523,Standard-Value
5402-HTOTQ,16,55.3,875.35,No,1792.9247724687145,Standard-Value
6734-JDTTV,65,19.85,1267.05,No,643.572454493743,Standard-Value
7850-THJMU,26,19.65,494.9,No,637.0880972696245,Standard-Value
3890-RTCMS,16,49.45,799.0,No,1603.2573236632538,Standard-Value
8849-GYOKR,54,106.55,5763.3,Yes,3454.5413111490334,High-Value
3148-BLQJT,1,20.1,20.1,Yes,651.6779010238909,Standard-Value
3717-FDJFU,5,20.45,106.9,No,663.0255261660978,Standard-Value
3665-JATSN,19,39.7,710.05,No,1287.144908987486,Standard-Value
7966-YOTQW,10,54.5,568.2,No,1766.9873435722413,Standard-Value
0461-CVKMU,23,83.8,1900.25,Yes,2716.9456769055746,Standard-Value
8806-EAGWC,3,55.15,159.15,Yes,1788.0615045506258,Standard-Value
8853-TZDGH,72,111.6,8012.75,No,3618.2713310580207,High-Value
7779-LGOVN,10,86.65,856.65,Yes,2809.3477673492607,Standard-Value
4324-BZCKL,10,55.55,551.3,No,1801.0302189988624,Standard-Value
6924-TDGMT,11,20.55,184.95,No,666.267704778157,Standard-Value
9710-ZUSHQ,37,106.75,4056.75,Yes,3461.0256683731513,High-Value
1536-YHDOE,17,62.1,1096.65,No,2013.3929180887374,Standard-Value
8123-QBNAZ,36,104.5,3684.95,No,3388.0766496018205,High-Value
3629-ZNKXA,17,101.8,1752.45,No,3300.537827076223,High-Value
4827-LTQRJ,66,110.6,7210.85,No,3585.849544937429,High-Value
7711-YIJWC,61,84.9,5264.5,No,2752.6096416382256,Standard-Value
5482-VXSXJ,22,93.2,2157.3,No,3021.710466439136,High-Value
7365-BVCJH,1,24.4,24.4,No,791.0915813424346,Standard-Value
9620-ENEJV,6,70.55,433.95,No,2287.357010807736,Standard-Value
4183-WCSEP,31,78.45,2435.15,Yes,2543.48912116041,Standard-Value
2378-YIZKA,68,85.0,5607.75,No,2755.8518202502846,Standard-Value
5498-TXHLF,34,87.45,2874.15,Yes,2835.285196245734,Standard-Value
0689-DSXGL,52,85.8,4433.3,No,2781.789249146758,Standard-Value
6818-DJXAA,10,91.1,964.35,No,2953.6247155858932,High-Value
9722-UJOJR,29,70.75,1974.8,Yes,2293.8413680318545,Standard-Value
0464-WJTKO,72,20.1,1460.85,No,651.6779010238909,Standard-Value
8902-ZEOVF,47,20.05,951.55,No,650.0568117178613,Standard-Value
6778-EICRF,24,74.8,1821.2,No,2425.14960182025,Standard-Value
2662-NNTDK,65,24.8,1600.95,No,804.0602957906713,Standard-Value
4132-KALRO,4,100.85,399.25,No,3269.737130261661,High-Value
3902-FOIGH,12,101.35,1218.55,Yes,3285.948023321957,High-Value
6772-KSATR,1,81.7,81.7,Yes,2648.8599260523324,Standard-Value
7112-OPOTK,33,68.25,2171.15,Yes,2212.7869027303755,Standard-Value
2874-YXVVA,34,105.1,3634.8,No,3407.5297212741752,High-Value
1245-HARPS,14,20.4,292.4,No,661.4044368600682,Standard-Value
4210-QFJMF,4,79.15,317.25,Yes,2566.184371444824,Standard-Value
4323-ELYYB,13,20.0,218.55,No,648.4357224118316,Standard-Value
4293-ETKAP,65,79.4,5071.9,No,2574.289817974972,Standard-Value
6064-PUPMC,23,57.2,1423.35,No,1854.5261660978388,Standard-Value
6504-VBLFL,55,58.6,3068.6,No,1899.916666666667,Standard-Value
6322-PJJDJ,49,94.8,4690.65,No,3073.5853242320823,High-Value
0330-BGYZE,60,102.5,6157.6,No,3323.2330773606373,High-Value
1085-LDWAM,69,20.35,1442.65,No,659.7833475540388,Standard-Value
7586-ZATGZ,40,84.9,3369.05,No,2752.6096416382256,Standard-Value
7197-VOJMM,67,69.2,4671.65,No,2243.587599544938,Standard-Value
3318-OSATS,35,95.45,3474.05,Yes,3094.6594852104668,High-Value
5828-AVIPD,19,100.95,1875.55,Yes,3272.9793088737206,High-Value
1843-TLSGD,13,20.85,272.35,No,675.9942406143346,Standard-Value
9626-VFRGG,41,88.5,3645.05,No,2869.3280716723552,Standard-Value
7075-BNDVQ,4,35.0,135.75,No,1134.7625142207055,Standard-Value
9143-CANJF,24,55.15,1319.85,No,1788.0615045506258,Standard-Value
7284-BUYEC,5,50.95,229.4,No,1651.8900028441412,Standard-Value
2041-JIJCI,5,64.0,370.25,No,2074.9943117178614,Standard-Value
1086-LXKFY,1,69.1,69.1,Yes,2240.3454209328784,Standard-Value
4900-MSOMT,72,80.2,5714.2,No,2600.227246871445,Standard-Value
2229-VWQJH,24,49.3,1233.25,No,1598.394055745165,Standard-Value
9194-GFVOI,42,84.35,3571.6,No,2734.7776592719,Standard-Value
1336-EZFZY,4,20.05,83.3,No,650.0568117178613,Standard-Value
4282-MSACW,68,117.2,8035.95,No,3799.833333333334,High-Value
1403-LKLIK,33,20.1,579.4,No,651.6779010238909,Standard-Value
2636-ALXXZ,1,69.6,69.6,Yes,2256.556313993174,Standard-Value
7774-OJSXI,31,103.45,3066.45,Yes,3354.0337741751996,High-Value
7786-WBJYI,4,77.95,305.55,Yes,2527.278228100114,Standard-Value
0136-IFMYD,69,109.95,7634.25,No,3564.7753839590446,High-Value
5144-TVGLP,38,94.75,3653.0,No,3071.9642349260525,High-Value
9643-AVVWI,3,80.0,241.3,No,2593.7428896473266,Standard-Value
0253-ZTEOB,48,79.65,3870.3,No,2582.39526450512,Standard-Value
2706-QZIHY,15,25.2,387.9,No,817.0290102389079,Standard-Value
6061-PQHMK,25,19.9,527.5,No,645.1935437997724,Standard-Value
9885-CSMWE,1,78.45,78.45,Yes,2543.48912116041,Standard-Value
6137-MFAJN,48,44.8,2104.55,No,1452.496018202503,Standard-Value
9122-UMROB,1,20.3,20.3,No,658.1622582480092,Standard-Value
4232-JGKIY,1,19.2,19.2,No,622.4982935153583,Standard-Value
2402-TAIRZ,37,80.05,3019.1,No,2595.3639789533563,Standard-Value
9659-ZTWSM,66,107.35,7051.95,No,3480.478740045506,High-Value
9139-TWBAS,26,47.85,1190.5,No,1551.3824658703074,Standard-Value
6685-GBWJZ,63,70.8,4448.8,No,2295.462457337884,Standard-Value
5016-ETTFF,10,29.5,255.25,Yes,956.4426905574517,Standard-Value
3866-MDTUB,2,70.75,146.9,Yes,2293.8413680318545,Standard-Value
2195-VVRJF,18,59.1,1011.05,No,1916.1275597269625,Standard-Value
3913-RDSJZ,64,25.55,1714.95,No,828.376635381115,Standard-Value
8058-JMEQO,9,84.45,762.5,Yes,2738.0198378839596,Standard-Value
4203-QGNZA,28,20.25,535.35,No,656.5411689419795,Standard-Value
5043-TRZWM,1,75.55,75.55,No,2449.465941410694,Standard-Value
0697-ZMSWS,4,85.65,338.9,Yes,2776.925981228669,Standard-Value
7657-DYEPJ,38,70.15,2497.35,Yes,2274.3882963594997,Standard-Value
9494-BDNNC,66,95.3,6273.4,No,3089.796217292378,High-Value
1640-PLFMP,1,70.25,70.25,No,2277.6304749715587,Standard-Value
5366-OBVMR,18,50.3,908.75,No,1630.8158418657565,Standard-Value
8276-MQBYC,51,97.8,4913.3,Yes,3170.8506825938566,High-Value
7593-XFKDI,1,46.3,46.3,Yes,1501.1286973833903,Standard-Value
4573-JKNAE,12,19.35,212.3,No,627.3615614334472,Standard-Value
0337-CNPZE,41,106.3,4443.45,Yes,3446.4358646188853,High-Value
9817-APLHW,12,25.0,316.2,No,810.5446530147896,Standard-Value
8380-MQINP,55,20.3,1079.05,No,658.1622582480092,Standard-Value
0840-DFEZH,7,75.35,564.65,No,2442.9815841865757,Standard-Value
1513-XNPPH,12,89.4,1095.65,Yes,2898.507679180888,Standard-Value
8690-ZVLCL,68,88.0,6161.9,No,2853.1171786120594,Standard-Value
6015-VVHHE,5,83.15,446.05,Yes,2695.8715159271906,Standard-Value
1125-SNVCK,49,43.8,2106.05,No,1420.0742320819113,Standard-Value
0384-LPITE,40,62.05,2511.55,No,2011.7718287827076,Standard-Value
4616-EWBNJ,16,20.1,318.6,No,651.6779010238909,Standard-Value
6347-DCUIK,10,74.15,811.8,Yes,2404.075440841866,Standard-Value
1335-HQMKX,72,101.35,7323.15,No,3285.948023321957,High-Value
2545-EBUPK,2,84.05,186.05,No,2725.0511234357227,Standard-Value
6923-AQONU,23,20.9,454.0,No,677.615329920364,Standard-Value
2172-EJXVF,71,105.9,7521.95,No,3433.467150170649,High-Value
0897-FEGMU,11,99.5,1056.95,Yes,3225.9677189988624,High-Value
7663-RGWBC,1,44.15,44.15,Yes,1431.4218572241184,Standard-Value
1120-BMWUB,16,53.9,834.15,Yes,1747.5342718998863,Standard-Value
9124-LHCJQ,1,85.45,85.45,Yes,2770.4416240045507,Standard-Value
4536-PLEQY,12,85.05,999.8,No,2757.4729095563143,Standard-Value
7029-IJEJK,54,44.1,2369.7,No,1429.800767918089,Standard-Value
8871-JLMHM,68,90.2,6297.65,No,2924.445108077361,High-Value
2235-ZGKPT,4,50.85,239.55,Yes,1648.647824232082,Standard-Value
3891-PUQOD,1,59.2,59.2,Yes,1919.3697383390218,Standard-Value
5447-VYTKW,27,53.45,1461.45,No,1732.9444681456202,Standard-Value
3623-FQBOX,21,19.95,416.4,No,646.814633105802,Standard-Value
0689-NKYLF,13,83.2,1060.6,Yes,2697.49260523322,Standard-Value
8659-HDIYE,64,74.65,4869.35,No,2420.286333902162,Standard-Value
3658-KIBGF,1,54.9,54.9,Yes,1779.956058020478,Standard-Value
3474-BAFSJ,57,57.5,3265.95,No,1864.2527019340162,Standard-Value
5519-YLDGW,21,103.9,2254.2,Yes,3368.6235779294657,High-Value
3865-ZFZIB,19,19.65,358.15,No,637.0880972696245,Standard-Value
1855-AGAWH,31,93.8,2939.8,No,3041.1635381114907,High-Value
7109-CQYUZ,52,89.25,4652.4,No,2893.6444112627987,Standard-Value
1370-GGAWX,46,94.15,4408.45,No,3052.5111632536978,High-Value
4680-KUTAJ,11,55.6,580.8,No,1802.6513083048922,Standard-Value
5307-UVGNB,53,48.7,2495.2,No,1578.9409840728101,Standard-Value
4946-EDSEW,11,19.25,180.3,Yes,624.119382821388,Standard-Value
2883-ILGWO,57,104.9,5913.95,No,3401.0453640500573,High-Value
2516-VQRRV,2,75.45,158.4,Yes,2446.223762798635,Standard-Value
7580-UGXNC,2,54.85,104.2,Yes,1778.3349687144485,Standard-Value
3642-BYHDO,71,19.9,1389.35,No,645.1935437997724,Standard-Value
9629-NHXFW,1,19.4,19.4,No,628.9826507394766,Standard-Value
2696-RZVZW,68,25.05,1629.2,No,812.1657423208192,Standard-Value
5766-FTRTS,72,84.45,6033.1,No,2738.0198378839596,Standard-Value
0396-HUJBP,2,19.3,44.4,No,625.7404721274175,Standard-Value
5178-LMXOP,1,95.1,95.1,Yes,3083.3118600682596,High-Value
8879-ZKJOF,41,79.85,3320.75,No,2588.879621729238,Standard-Value
6285-FTQBF,72,25.55,1867.7,No,828.376635381115,Standard-Value
8185-UPYBR,6,75.5,438.0,Yes,2447.8448521046644,Standard-Value
4585-HETAI,4,73.75,325.45,Yes,2391.1067263936293,Standard-Value
7526-BEZQB,12,96.05,1148.1,Yes,3114.1125568828215,High-Value
1474-JUWSM,58,68.4,3972.25,No,2217.6501706484646,Standard-Value
3530-CRZSB,7,20.65,155.9,No,669.5098833902161,Standard-Value
8498-XXGWA,65,55.15,3673.15,No,1788.0615045506258,Standard-Value
9617-INGJY,1,70.6,70.6,No,2288.978100113766,Standard-Value
0621-TSSMU,56,19.95,1126.75,No,646.814633105802,Standard-Value
7234-KMNRQ,4,19.0,73.45,No,616.01393629124,Standard-Value
7636-PEPNS,58,44.1,2413.05,No,1429.800767918089,Standard-Value
4683-WYDOU,62,107.6,6912.7,No,3488.5841865756543,High-Value
9052-DHNKM,26,61.55,1581.95,No,1995.5609357224118,Standard-Value
6794-HKIAJ,62,90.7,5586.45,No,2940.656001137657,High-Value
5578-NKCXI,58,99.25,5846.65,No,3217.8622724687148,High-Value
1642-HMARX,68,91.7,6424.7,No,2973.0777872582485,High-Value
3096-WPXBT,61,100.7,6018.65,No,3264.8738623435725,High-Value
8434-PNQZX,42,78.45,3373.4,No,2543.48912116041,Standard-Value
5950-AAAGJ,18,84.3,1537.9,No,2733.1565699658704,Standard-Value
4299-OPXEJ,56,19.55,1080.55,No,633.8459186575654,Standard-Value
4951-UKAAQ,4,88.95,355.2,Yes,2883.9178754266213,Standard-Value
9618-LFJRU,4,20.45,82.85,No,663.0255261660978,Standard-Value
6693-DJWTY,35,55.6,2016.45,No,1802.6513083048922,Standard-Value
0744-GKNGE,64,86.8,5327.25,No,2814.2110352673494,Standard-Value
6447-EGDIV,31,20.95,683.25,No,679.2364192263937,Standard-Value
1167-OYZJF,67,20.05,1263.05,No,650.0568117178613,Standard-Value
2108-YKQTY,4,50.7,151.3,Yes,1643.7845563139933,Standard-Value
4806-DXQCE,70,113.65,7714.65,No,3684.7359926052336,High-Value
4918-QLLIW,3,53.4,188.7,Yes,1731.3233788395905,Standard-Value
7056-IMHCC,53,101.9,5549.4,Yes,3303.7800056882825,High-Value
4854-SSLTN,2,59.5,130.5,No,1929.0962741751991,Standard-Value
5294-DMSFH,29,87.8,2621.75,No,2846.632821387941,Standard-Value
4837-PZTIC,47,41.9,1875.25,No,1358.4728384527873,Standard-Value
1625-JAIIY,68,83.0,5685.8,Yes,2691.0082480091014,Standard-Value
0603-OLQDC,12,69.85,837.5,No,2264.661760523322,Standard-Value
3272-VUHPV,8,56.3,401.5,No,1825.3465585893061,Standard-Value
4176-FXYBO,54,109.55,6118.95,No,3551.8066695108078,High-Value
1063-DHQJF,69,92.15,6480.9,No,2987.6675910125145,High-Value
8663-UPDGF,26,69.5,1800.05,No,2253.314135381115,Standard-Value
6719-FGEDO,72,97.0,7104.2,No,3144.9132536973834,High-Value
1837-YQUCE,70,58.35,4214.25,No,1891.811220136519,Standard-Value
2947-DOMLJ,1,50.6,50.6,Yes,1640.5423777019341,Standard-Value
4112-LUEIZ,10,89.5,863.1,Yes,2901.749857792947,Standard-Value
0369-ZGOVK,28,70.4,1992.2,No,2282.493742889648,Standard-Value
4510-HIMLV,1,69.8,69.8,Yes,2263.0406712172926,Standard-Value
9919-KNPOO,21,94.3,1948.35,No,3057.3744311717865,High-Value
8749-JMNKX,51,93.8,4750.95,Yes,3041.1635381114907,High-Value
7872-BAAZR,53,19.55,1007.9,No,633.8459186575654,Standard-Value
9391-LMANN,53,95.95,5036.9,No,3110.8703782707626,High-Value
2430-USGXP,24,101.05,2391.8,Yes,3276.2214874857796,High-Value
8174-TBVCF,70,94.8,6859.05,No,3073.5853242320823,High-Value
1698-XFZCI,61,107.75,6521.9,No,3493.447454493743,High-Value
1877-HKBQX,11,54.6,617.85,No,1770.2295221843005,Standard-Value
4450-DLLMH,2,71.3,157.75,No,2311.67335039818,Standard-Value
0428-AXXLJ,25,19.5,516.3,No,632.2248293515358,Standard-Value
2746-DIJLO,41,56.3,2364.0,No,1825.3465585893061,Standard-Value
5955-ERIHD,18,94.7,1687.95,Yes,3070.3431456200233,High-Value
0917-EZOLA,72,104.15,7689.95,Yes,3376.729024459614,High-Value
3508-VLHCZ,71,90.55,6239.05,No,2935.7927332195677,High-Value
4086-ATNFV,34,60.8,2042.05,No,1971.2445961319681,Standard-Value
0468-YRPXN,29,98.8,2807.1,No,3203.272468714448,High-Value
5996-NRVXR,40,98.15,4116.8,No,3182.198307736064,High-Value
3739-YBWAB,36,35.35,1317.95,No,1146.1101393629126,Standard-Value
7047-FWEYA,46,103.15,4594.65,No,3344.307238339022,High-Value
2000-MPKCA,58,107.75,6332.75,No,3493.447454493743,High-Value
9762-YAQAA,39,81.4,3213.75,No,2639.133390216155,Standard-Value
5949-EBSQK,4,61.45,229.55,Yes,1992.3187571103529,Standard-Value
5473-KHBPS,52,95.7,4976.15,No,3102.764931740615,High-Value
0100-DUVFC,70,104.8,7308.95,No,3397.803185437998,High-Value
5397-TUPSH,65,70.95,4555.2,No,2300.325725255973,Standard-Value
8950-MTZNV,1,44.95,44.95,No,1457.3592861205918,Standard-Value
0326-VDYXE,70,97.65,6982.5,No,3165.9874146757684,High-Value
6773-LQTVT,29,35.65,1025.15,No,1155.83667519909,Standard-Value
7274-RTAPZ,1,90.55,90.55,Yes,2935.7927332195677,High-Value
0436-TWFFZ,67,85.25,5714.2,No,2763.9572667804327,Standard-Value
8566-YPRGL,1,19.5,19.5,No,632.2248293515358,Standard-Value
0311-UNPFF,26,88.8,2274.35,Yes,2879.0546075085326,Standard-Value
6609-MXJHJ,30,25.1,789.55,No,813.7868316268488,Standard-Value
2669-OIDSD,48,100.05,4834.0,No,3243.799701365188,High-Value
8400-WZICQ,55,55.7,3131.8,No,1805.8934869169514,Standard-Value
3834-XUIFC,7,85.2,602.55,Yes,2762.336177474403,Standard-Value
9576-SYUHJ,37,91.15,3369.25,No,2955.245804891923,High-Value
0410-IPFTY,31,83.85,2674.15,No,2718.5667662116043,Standard-Value
2831-EBWRN,4,45.9,199.75,No,1488.1599829351537,Standard-Value
9430-NKQLY,72,25.1,1790.8,No,813.7868316268488,Standard-Value
8414-MYSHR,5,91.4,449.75,Yes,2963.351251422071,High-Value
0247-SLUJI,1,19.7,19.7,No,638.7091865756541,Standard-Value
9402-ORRAH,15,91.5,1400.3,No,2966.59343003413,High-Value
6483-OATDN,8,51.3,411.6,No,1663.2376279863481,Standard-Value
1293-HHSHJ,35,21.1,741.0,No,684.0996871444825,Standard-Value
4840-ORQXB,56,104.75,5841.35,No,3396.1820961319686,High-Value
7599-FKVXZ,42,106.15,4512.7,Yes,3441.572596700797,High-Value
3982-DQLUS,65,85.75,5688.45,No,2780.168159840728,Standard-Value
8610-ZIKJJ,2,20.3,31.9,No,658.1622582480092,Standard-Value
3756-VNWDH,65,100.75,6674.65,No,3266.494951649602,High-Value
7801-KICAO,18,74.15,1345.75,No,2404.075440841866,Standard-Value
7673-LPRNY,23,78.55,1843.05,No,2546.731299772469,Standard-Value
8229-TNIQA,4,45.3,196.95,Yes,1468.7069112627987,Standard-Value
6060-QBMGV,70,19.85,1433.8,No,643.572454493743,Standard-Value
7339-POGZN,4,50.7,214.55,No,1643.7845563139933,Standard-Value
2828-SLQPF,19,45.0,865.85,No,1458.9803754266213,Standard-Value
4465-VDKIQ,18,77.8,1358.6,No,2522.414960182025,Standard-Value
2921-XWDJH,38,83.45,3147.15,No,2705.598051763368,Standard-Value
6221-AVQYL,2,73.25,131.05,Yes,2374.8958333333335,Standard-Value
2558-BUOZZ,47,94.8,4535.85,No,3073.5853242320823,High-Value
9257-AZMTZ,52,20.1,1078.75,No,651.6779010238909,Standard-Value
0003-MKNFE,9,59.9,542.4,No,1942.0649886234357,Standard-Value
0975-UYDTX,26,90.1,2312.55,No,2921.2029294653016,High-Value
7743-EXURX,8,51.05,415.05,Yes,1655.1321814562002,Standard-Value
4682-BLBUC,44,70.95,3250.45,No,2300.325725255973,Standard-Value
0975-VOOVL,3,29.2,98.5,No,946.7161547212743,Standard-Value
5968-VXZLG,2,46.6,87.9,No,1510.855233219568,Standard-Value
5569-KGJHX,9,85.35,754.65,Yes,2767.1994453924913,Standard-Value
4988-IQIGL,1,75.35,75.35,Yes,2442.9815841865757,Standard-Value
5201-FRKKS,25,74.3,1952.25,No,2408.938708759955,Standard-Value
9799-CAYJJ,2,69.3,153.8,No,2246.829778156997,Standard-Value
7730-IUTDZ,43,75.2,3198.6,Yes,2438.118316268487,Standard-Value
0426-TIRNE,1,20.9,20.9,Yes,677.615329920364,Standard-Value
5443-SCMKX,58,94.3,5610.15,No,3057.3744311717865,High-Value
8295-KMENE,59,76.45,4519.5,No,2478.6455489192267,Standard-Value
6738-ISCBM,44,54.0,2440.25,No,1750.7764505119455,Standard-Value
9821-BESNZ,66,104.25,6860.6,No,3379.971203071673,High-Value
3678-MNGZX,68,19.95,1377.7,No,646.814633105802,Standard-Value
1335-NTIUC,9,24.95,190.25,No,808.92356370876,Standard-Value
2916-BQZLN,19,84.75,1651.95,No,2747.746373720137,Standard-Value
4558-CGYCZ,4,19.75,78.3,No,640.3302758816837,Standard-Value
2368-GAKKQ,70,113.65,7939.25,No,3684.7359926052336,High-Value
8710-YGLWG,1,44.9,44.9,No,1455.7381968145621,Standard-Value
3199-XGZCY,8,75.25,576.7,No,2439.7394055745167,Standard-Value
3785-KTYSH,53,24.6,1279.0,No,797.575938566553,Standard-Value
6814-ZPWFQ,51,25.0,1260.7,No,810.5446530147896,Standard-Value
4063-EIKNQ,11,20.95,267.35,No,679.2364192263937,Standard-Value
6993-YCOBK,60,110.6,6586.85,No,3585.849544937429,High-Value
5206-HPJKM,17,55.5,934.15,No,1799.409129692833,Standard-Value
7587-RZNME,3,43.3,123.65,Yes,1403.8633390216155,Standard-Value
0748-RDGGM,70,109.5,7534.65,Yes,3550.1855802047785,High-Value
8393-JMVMB,1,19.45,19.45,No,630.6037400455062,Standard-Value
5019-GQVCR,43,84.85,3645.6,No,2750.988552332196,Standard-Value
6036-TTFYU,16,19.6,314.45,No,635.467007963595,Standard-Value
2550-AEVRU,57,53.45,3053.0,No,1732.9444681456202,Standard-Value
0969-RGKCU,37,19.8,677.05,No,641.9513651877133,Standard-Value
0378-CJKPV,72,112.1,7965.95,No,3634.4822241183165,High-Value
4706-AXVKM,11,84.8,906.85,Yes,2749.367463026166,Standard-Value
5889-JTMUL,50,95.05,4888.7,Yes,3081.69077076223,High-Value
9026-RNUJS,5,50.35,237.25,Yes,1632.4369311717862,Standard-Value
3746-EUBYR,1,74.6,74.6,Yes,2418.6652445961317,Standard-Value
2332-EFBJY,16,19.7,342.4,Yes,638.7091865756541,Standard-Value
2880-FPNAE,2,74.2,140.1,No,2405.696530147896,Standard-Value
1703-MGIAB,17,69.0,1108.0,No,2237.1032423208194,Standard-Value
4311-QTTAI,16,19.35,295.55,No,627.3615614334472,Standard-Value
9474-PHLYD,15,59.45,892.65,Yes,1927.4751848691697,Standard-Value
4318-RAJVY,10,19.8,198.25,No,641.9513651877133,Standard-Value
2165-VOEGB,46,105.2,4822.85,Yes,3410.7718998862347,High-Value
3612-YUNGG,64,109.2,6741.15,No,3540.459044368601,High-Value
2254-DLXRI,1,79.15,79.15,No,2566.184371444824,Standard-Value
5062-CJJKH,25,53.65,1355.45,No,1739.4288253697384,Standard-Value
9028-LIHRP,71,100.2,7209.0,No,3248.6629692832767,High-Value
2219-MVUSO,8,45.15,438.4,Yes,1463.84364334471,Standard-Value
1053-MXTTK,72,108.65,7726.35,No,3522.6270620022756,High-Value
1530-ZTDOZ,49,40.65,2070.75,No,1317.9456058020478,Standard-Value
1301-LOPVR,29,55.35,1636.95,No,1794.5458617747443,Standard-Value
0853-TWRVK,72,105.6,7581.5,No,3423.740614334471,High-Value
8914-RBTSB,31,93.8,3019.5,Yes,3041.1635381114907,High-Value
6212-ATMLK,50,95.7,4729.75,No,3102.764931740615,High-Value
8200-LGKSR,71,83.2,6126.1,No,2697.49260523322,Standard-Value
1568-BEKZM,70,90.05,6333.4,No,2919.581840159272,High-Value
0670-ANMUU,71,97.65,6687.85,No,3165.9874146757684,High-Value
6897-RWMUB,61,68.05,4158.25,No,2206.302545506257,Standard-Value
0963-ZBDRN,32,96.2,3183.4,Yes,3118.9758248009102,High-Value
7594-RQHXR,1,79.6,79.6,Yes,2580.7741751990898,Standard-Value
6999-CHVCF,68,102.1,7149.35,No,3310.2643629124004,High-Value
6134-KWTBV,62,23.4,1429.65,No,758.6697952218431,Standard-Value
1077-HUUJM,7,71.05,472.65,No,2303.567903868032,Standard-Value
6331-EWIEB,20,85.25,1734.5,Yes,2763.9572667804327,Standard-Value
0895-LNKRC,6,19.45,113.5,No,630.6037400455062,Standard-Value
2045-BMBTJ,33,59.45,1884.65,No,1927.4751848691697,Standard-Value
8417-GSODA,28,92.2,2568.15,No,2989.2886803185443,High-Value
5171-EPLKN,27,19.85,470.0,No,643.572454493743,Standard-Value
4452-QIIEB,7,43.9,278.4,No,1423.3164106939705,Standard-Value
5998-VVEJY,26,80.5,2088.8,Yes,2609.9537827076224,Standard-Value
1624-NALOJ,5,89.8,502.6,Yes,2911.4763936291242,Standard-Value
6741-EGCBI,30,90.5,2595.85,No,2934.1716439135384,High-Value
7820-ZYGNY,63,90.45,5825.5,No,2932.5505546075087,High-Value
4317-VTEOA,1,50.75,50.75,Yes,1645.4056456200228,Standard-Value
9677-AVKED,53,84.6,4449.75,No,2742.883105802048,Standard-Value
1670-SVOWZ,14,89.65,1208.35,Yes,2906.6131257110355,Standard-Value
2227-JRSJX,21,99.15,1956.4,No,3214.620093856656,High-Value
9847-HNVGP,17,19.95,310.6,No,646.814633105802,Standard-Value
6696-YDAYZ,16,20.5,290.55,No,664.6466154721275,Standard-Value
8980-WQFWL,35,62.1,2096.1,No,2013.3929180887374,Standard-Value
1730-ZMAME,32,79.5,2665.0,No,2577.531996587031,Standard-Value
6506-EYCNH,28,19.55,543.8,No,633.8459186575654,Standard-Value
4634-JLRJT,1,20.35,20.35,No,659.7833475540388,Standard-Value
9501-UKKNL,59,51.7,3005.8,No,1676.206342434585,Standard-Value
2560-QTSBS,72,23.3,1623.15,No,755.427616609784,Standard-Value
7541-YLXCL,36,65.4,2498.4,Yes,2120.38481228669,Standard-Value
4795-WRNVT,40,65.1,2586.0,No,2110.658276450512,Standard-Value
6080-TCMYC,40,81.2,3292.3,No,2632.6490329920366,Standard-Value
0260-ZDLGK,9,72.9,651.4,Yes,2363.548208191127,Standard-Value
7860-UXCRM,63,74.5,4674.55,No,2415.423065984073,Standard-Value
6357-JJPQT,3,80.5,232.35,No,2609.9537827076224,Standard-Value
2292-XQWSV,40,60.3,2448.5,No,1955.0337030716723,Standard-Value
9552-TGUZV,8,75.0,658.1,No,2431.6339590443686,Standard-Value
5913-INRQV,34,90.15,3128.8,No,2922.8240187713313,High-Value
8722-NGNBH,5,40.0,223.45,Yes,1296.8714448236633,Standard-Value
6210-KBBPI,9,99.45,919.4,Yes,3224.346629692833,High-Value
9643-YBLUR,9,69.05,653.95,No,2238.7243316268487,Standard-Value
8734-FNWVH,31,59.7,1825.5,No,1935.5806313993176,Standard-Value
9447-YPTBX,50,19.85,943.1,No,643.572454493743,Standard-Value
0133-BMFZO,2,86.25,181.65,Yes,2796.379052901024,Standard-Value
6128-CZOMY,1,45.65,45.65,Yes,1480.0545364050058,Standard-Value
9540-JYROE,8,70.1,551.35,Yes,2272.76720705347,Standard-Value
9026-LHEVG,9,40.75,359.4,No,1321.187784414107,Standard-Value
2260-USTRB,2,70.2,115.95,Yes,2276.0093856655294,Standard-Value
3656-TKRVZ,3,55.35,165.2,Yes,1794.5458617747443,Standard-Value
7011-CVEUC,25,95.7,2338.35,No,3102.764931740615,High-Value
6185-TASNN,1,46.3,46.3,No,1501.1286973833903,Standard-Value
7925-PNRGI,45,81.3,3541.1,No,2635.8912116040956,Standard-Value
8623-TMRBY,51,84.2,4146.05,Yes,2729.9143913538114,Standard-Value
1552-CZCLL,55,20.0,1087.25,No,648.4357224118316,Standard-Value
3038-PQIUY,38,66.15,2522.4,No,2144.7011518771333,Standard-Value
1501-SGHBW,2,45.85,81.0,Yes,1486.5388936291242,Standard-Value
9313-CDOGY,38,19.6,717.3,No,635.467007963595,Standard-Value
8148-BPLZQ,34,49.8,1734.2,No,1614.6049488054607,Standard-Value
2623-DRYAM,70,101.75,7069.3,No,3298.916737770194,High-Value
9987-LUTYD,13,55.15,742.9,No,1788.0615045506258,Standard-Value
3208-YPIOE,39,75.25,3017.65,Yes,2439.7394055745167,Standard-Value
4488-KQFDT,61,103.95,6423.0,No,3370.2446672354954,High-Value
2612-RANWT,12,100.15,1164.3,Yes,3247.0418799772474,High-Value
5693-PIPCS,41,99.65,4220.35,No,3230.8309869169516,High-Value
0491-KAPQG,21,73.7,1558.7,No,2389.4856370876,Standard-Value
1925-LFCZZ,55,50.05,2743.45,No,1622.7103953356086,Standard-Value
8039-EQPIM,69,60.25,4055.5,No,1953.4126137656428,Standard-Value
6900-PXRMS,26,105.75,2710.25,Yes,3428.60388225256,High-Value
8707-RMEZH,69,87.3,6055.55,No,2830.421928327645,Standard-Value
3346-BRMIS,18,48.35,810.7,Yes,1567.593358930603,Standard-Value
3209-ZPKFI,47,54.25,2538.2,No,1758.8818970420934,Standard-Value
6479-VDGRK,72,85.3,6129.2,No,2765.578356086462,Standard-Value
9373-WSLOY,33,50.0,1750.85,No,1621.0893060295791,Standard-Value
2933-FILNV,2,24.4,36.55,Yes,791.0915813424346,Standard-Value
3569-JFODW,72,90.95,6652.45,No,2948.7614476678045,High-Value
9819-FBNSV,37,72.25,2575.45,No,2342.474047212742,Standard-Value
9544-PYPSJ,62,96.1,6019.35,No,3115.733646188851,High-Value
1591-XWLGB,71,19.85,1379.6,No,643.572454493743,Standard-Value
0396-UKGAI,23,55.3,1284.2,No,1792.9247724687145,Standard-Value
3243-ZHOHY,16,20.1,296.15,No,651.6779010238909,Standard-Value
5186-EJEGL,9,69.5,653.25,No,2253.314135381115,Standard-Value
7527-QNRUS,17,25.15,412.6,No,815.4079209328783,Standard-Value
9986-BONCE,4,20.95,85.5,Yes,679.2364192263937,Standard-Value
2722-JMONI,1,49.55,49.55,Yes,1606.4995022753128,Standard-Value
2203-GHNWN,24,79.65,1928.7,No,2582.39526450512,Standard-Value
3878-AVSOQ,1,71.25,71.25,No,2310.0522610921503,Standard-Value
3258-SYSWS,72,113.8,7845.8,No,3689.5992605233223,High-Value
5296-PSYVW,72,24.55,1750.7,No,795.9548492605234,Standard-Value
6319-QSUSR,11,19.7,216.2,No,638.7091865756541,Standard-Value
4083-EUGRJ,9,20.25,178.5,Yes,656.5411689419795,Standard-Value
7579-OOPEC,2,50.15,115.1,Yes,1625.9525739476678,Standard-Value
0512-FLFDW,60,100.5,6029.0,No,3258.389505119454,High-Value
1771-OADNZ,29,95.9,2745.2,Yes,3109.2492889647333,High-Value
0487-CRLZF,49,74.45,3721.9,No,2413.8019766780435,Standard-Value
2107-FBPTK,30,104.1,3121.1,No,3375.1079351535836,High-Value
9451-WLYRI,53,19.05,990.45,No,617.6350255972696,Standard-Value
8219-VYBVI,39,25.0,1004.35,No,810.5446530147896,Standard-Value
1991-VOPLL,9,19.05,157.65,No,617.6350255972696,Standard-Value
9738-QLWTP,39,81.9,3219.75,No,2655.344283276451,Standard-Value
1016-DJTSV,8,69.7,572.85,No,2259.7984926052336,Standard-Value
9419-IPPBE,51,90.15,4554.85,No,2922.8240187713313,High-Value
0174-QRVVY,71,25.35,1847.55,No,821.8922781569967,Standard-Value
5699-BNCAS,71,24.65,1766.75,No,799.1970278725825,Standard-Value
2900-PHPLN,70,19.55,1462.05,No,633.8459186575654,Standard-Value
0612-RTZZA,1,25.25,25.25,Yes,818.6500995449375,Standard-Value
8106-GWQOK,38,60.0,2193.2,No,1945.307167235495,Standard-Value
8751-EDEKA,28,89.9,2433.5,No,2914.7185722411837,High-Value
6878-GGDWG,32,19.4,641.15,No,628.9826507394766,Standard-Value
4039-PIMHX,49,49.8,2398.4,No,1614.6049488054607,Standard-Value
8450-LUGUK,37,24.1,861.85,No,781.3650455062572,Standard-Value
3604-WLABM,10,54.25,583.0,No,1758.8818970420934,Standard-Value
0795-GMVQO,67,109.9,7332.4,No,3563.1542946530153,High-Value
2259-OUUSZ,7,35.5,249.55,No,1150.9734072810013,Standard-Value
1142-IHLOO,51,87.55,4475.9,No,2838.527374857793,Standard-Value
6410-LEFEN,9,45.15,416.45,Yes,1463.84364334471,Standard-Value
4633-MKHYU,9,88.4,788.6,No,2866.0858930602963,Standard-Value
6257-RJOHI,4,50.8,202.3,No,1647.0267349260523,Standard-Value
1545-JFUML,71,99.0,6994.6,No,3209.7568259385666,High-Value
3194-ORPIK,50,84.4,4116.15,Yes,2736.39874857793,Standard-Value
7826-VVKWT,24,96.55,2263.45,No,3130.3234499431173,High-Value
1353-GHZOS,22,59.75,1374.35,No,1937.201720705347,Standard-Value
2587-EKXTS,44,111.5,4915.15,No,3615.0291524459617,High-Value
5442-BXVND,33,24.25,838.5,No,786.2283134243459,Standard-Value
8816-VXNZD,1,75.1,75.1,Yes,2434.8761376564275,Standard-Value
9378-FXTIZ,54,70.15,3715.65,Yes,2274.3882963594997,Standard-Value
1723-HKXJQ,42,101.75,4273.45,Yes,3298.916737770194,High-Value
7825-GKXMW,1,45.8,45.8,Yes,1484.9178043230945,Standard-Value
9753-OYLBX,1,20.5,20.5,No,664.6466154721275,Standard-Value
2364-UFROM,30,70.4,2044.75,No,2282.493742889648,Standard-Value
6656-JWRQX,1,30.55,30.55,No,990.4855659840729,Standard-Value
6473-ULUHT,16,84.9,1398.25,No,2752.6096416382256,Standard-Value
1240-KNSEZ,1,20.1,20.1,Yes,651.6779010238909,Standard-Value
0836-SEYLU,9,40.65,328.95,Yes,1317.9456058020478,Standard-Value
4433-JCGCG,46,101.0,4680.05,Yes,3274.60039817975,High-Value
3716-BDVDB,1,69.1,69.1,Yes,2240.3454209328784,Standard-Value
7688-AWMDX,71,54.5,3778.2,No,1766.9873435722413,Standard-Value
2842-BCQGE,43,75.35,3161.4,No,2442.9815841865757,Standard-Value
7244-QWYHG,50,44.45,2188.45,No,1441.148393060296,Standard-Value
5899-MQZZL,13,75.0,999.45,Yes,2431.6339590443686,Standard-Value
6849-OYAMU,19,100.0,1888.65,Yes,3242.1786120591582,High-Value
5312-UXESG,41,98.05,3990.6,No,3178.9561291240047,High-Value
9488-HGMJH,1,71.15,71.15,Yes,2306.8100824800913,Standard-Value
6038-GCYEC,24,54.15,1240.25,Yes,1755.6397184300342,Standard-Value
2150-WLKUW,40,63.9,2635.0,No,2071.7521331058024,Standard-Value
7159-FVYPK,3,69.15,235.0,No,2241.966510238908,Standard-Value
7032-LMBHI,37,64.65,2347.85,No,2096.068472696246,Standard-Value
1150-WFARN,67,108.75,7156.2,Yes,3525.8692406143346,High-Value
6088-BXMRG,32,98.85,3089.6,No,3204.893558020478,High-Value
3144-AUDBS,6,49.15,270.8,Yes,1593.5307878270762,Standard-Value
4821-SJHJV,32,89.6,2901.8,No,2904.992036405006,Standard-Value
7346-MEDWM,59,83.25,4949.1,No,2699.1136945392495,Standard-Value
1137-DGOWI,30,70.25,2198.9,No,2277.6304749715587,Standard-Value
5616-PRTNT,20,19.4,374.5,Yes,628.9826507394766,Standard-Value
3812-LRZIR,27,24.5,761.95,No,794.3337599544938,Standard-Value
4818-QIUFN,20,79.15,1520.9,Yes,2566.184371444824,Standard-Value
9483-GCPWE,9,20.1,190.25,No,651.6779010238909,Standard-Value
4227-OJHAL,68,73.0,5163.0,No,2366.790386803186,Standard-Value
9220-CXRSC,69,61.4,4059.85,No,1990.6976678043231,Standard-Value
4993-JCRGJ,26,84.3,2281.6,No,2733.1565699658704,Standard-Value
9537-JALFH,69,19.9,1356.7,No,645.1935437997724,Standard-Value
6698-OXETB,11,20.4,231.45,No,661.4044368600682,Standard-Value
2103-ZRXFN,1,50.75,50.75,No,1645.4056456200228,Standard-Value
3724-BSCVH,10,20.45,242.4,No,663.0255261660978,Standard-Value
4877-TSOFF,55,75.75,4264.25,No,2455.9502986348125,Standard-Value
9209-NWPGU,44,65.4,2774.55,No,2120.38481228669,Standard-Value
6961-VCPMC,46,80.4,3605.2,Yes,2606.7116040955634,Standard-Value
7306-YDSOI,69,59.75,4069.9,No,1937.201720705347,Standard-Value
5288-AHOUP,11,78.5,874.2,No,2545.110210466439,Standard-Value
6688-UZPWD,11,102.0,1145.35,Yes,3307.0221843003415,High-Value
0655-YDGFJ,29,48.95,1323.7,No,1587.046430602958,Standard-Value
8468-EHYJA,57,99.65,5497.05,No,3230.8309869169516,High-Value
6823-SIDFQ,28,18.25,534.7,No,591.6975967007965,Standard-Value
1097-FSPVW,42,54.55,2455.05,No,1768.6084328782708,Standard-Value
2839-RFSQE,2,20.65,38.7,Yes,669.5098833902161,Standard-Value
8328-SKJNO,23,40.65,947.4,No,1317.9456058020478,Standard-Value
7010-ZMVBF,18,20.45,357.0,No,663.0255261660978,Standard-Value
5201-CBWYG,62,24.8,1476.25,No,804.0602957906713,Standard-Value
0968-GSIKN,1,70.8,70.8,Yes,2295.462457337884,Standard-Value
1965-DDBWU,16,89.05,1448.6,Yes,2887.1600540386803,Standard-Value
9057-SIHCH,3,96.6,291.9,Yes,3131.9445392491466,High-Value
6352-GIGGQ,67,88.8,5903.15,No,2879.0546075085326,Standard-Value
3635-QQRQD,62,20.05,1201.65,No,650.0568117178613,Standard-Value
6771-XWBDM,57,104.5,5921.35,Yes,3388.0766496018205,High-Value
2897-DOVND,2,69.8,146.65,No,2263.0406712172926,Standard-Value
3082-YVEKW,23,77.15,1759.4,No,2501.340799203641,Standard-Value
0191-EQUUH,25,35.05,844.45,No,1136.383603526735,Standard-Value
7134-HBPBS,72,108.1,7774.05,No,3504.79507963595,High-Value
3489-HHPFY,2,84.05,134.05,No,2725.0511234357227,Standard-Value
2926-JEJJC,8,20.2,140.95,No,654.92007963595,Standard-Value
8601-QACRS,5,50.6,249.95,Yes,1640.5423777019341,Standard-Value
4950-BDEUX,35,49.2,1701.65,No,1595.151877133106,Standard-Value
5789-LDFXO,24,24.6,592.65,No,797.575938566553,Standard-Value
0508-OOLTO,2,71.65,135.75,No,2323.020975540387,Standard-Value
2984-TBYKU,72,104.9,7732.65,No,3401.0453640500573,High-Value
9822-WMWVG,41,106.5,4282.4,No,3452.9202218430037,High-Value
2391-SOORI,4,49.35,219.65,Yes,1600.0151450511946,Standard-Value
9040-KZVWO,26,75.5,2018.1,No,2447.8448521046644,Standard-Value
2645-QTLMB,7,94.25,669.0,Yes,3055.7533418657567,High-Value
4806-HIPDW,1,68.95,68.95,Yes,2235.4821530147897,Standard-Value
1548-ARAGG,4,58.5,224.85,No,1896.6744880546078,Standard-Value
6339-RZCBJ,48,78.9,3771.5,No,2558.078924914676,Standard-Value
4424-TKOPW,2,93.85,196.75,Yes,3042.78462741752,High-Value
4415-WNGVR,12,79.2,943.85,No,2567.8054607508534,Standard-Value
2522-AHJXR,60,109.45,6572.85,No,3548.5644908987488,High-Value
0412-UCCNP,55,59.2,3175.85,No,1919.3697383390218,Standard-Value
1816-FLZDK,1,29.15,29.15,No,945.0950654152447,Standard-Value
7096-UCLNH,1,20.05,20.05,No,650.0568117178613,Standard-Value
8443-ZRDBZ,4,76.05,318.9,Yes,2465.67683447099,Standard-Value
9136-ALYBR,1,24.45,24.45,Yes,792.7126706484642,Standard-Value
4615-PIVVU,42,66.5,2762.75,No,2156.0487770193404,Standard-Value
8885-QSQBX,1,49.55,49.55,No,1606.4995022753128,Standard-Value
7479-NITWS,7,89.35,631.85,Yes,2896.8865898748577,Standard-Value
8617-ENBDS,3,73.6,232.5,No,2386.2434584755406,Standard-Value
9385-NXKDA,72,82.65,5919.35,No,2679.6606228668948,Standard-Value
0430-IHCDJ,15,49.0,749.25,No,1588.6675199089875,Standard-Value
2959-MJHIC,4,80.35,307.4,Yes,2605.0905147895337,Standard-Value
6674-KVJHG,11,25.2,245.15,No,817.0290102389079,Standard-Value
1814-DKOLC,5,25.45,134.75,No,825.1344567690558,Standard-Value
4201-JMNGR,1,55.8,55.8,Yes,1809.1356655290103,Standard-Value
9351-HXDMR,72,110.9,8240.85,No,3595.576080773607,High-Value
3537-HPKQT,55,77.75,4266.4,No,2520.7938708759957,Standard-Value
2129-ALKBS,40,26.2,1077.5,No,849.4507963594995,Standard-Value
5821-MMEIL,57,19.9,1115.6,No,645.1935437997724,Standard-Value
5960-WPXQM,1,79.05,79.05,Yes,2562.9421928327647,Standard-Value
0684-AOSIH,1,95.0,95.0,Yes,3080.0696814562007,High-Value
8260-NGFNY,1,25.2,25.2,Yes,817.0290102389079,Standard-Value
1309-XGFSN,52,80.85,4079.55,No,2621.3014078498295,Standard-Value
1866-RZZQS,41,98.4,4187.75,Yes,3190.303754266212,High-Value
6968-URWQU,43,56.35,2391.15,No,1826.9676478953359,Standard-Value
4742-TXUEX,47,19.3,890.5,No,625.7404721274175,Standard-Value
9631-XEYKE,3,50.4,137.25,No,1634.0580204778157,Standard-Value
8631-NBHFZ,66,79.4,5154.6,Yes,2574.289817974972,Standard-Value
1335-MXCSE,55,55.25,3119.9,No,1791.303683162685,Standard-Value
8873-TMKGR,29,19.1,529.5,No,619.2561149032992,Standard-Value
8800-JOOCF,12,84.05,966.55,No,2725.0511234357227,Standard-Value
1469-LBJQJ,66,105.2,6936.85,No,3410.7718998862347,High-Value
4958-XCBDQ,35,101.4,3496.3,Yes,3287.5691126279867,High-Value
8337-UPOAQ,10,89.8,914.3,Yes,2911.4763936291242,Standard-Value
0064-YIJGF,27,75.75,1929.0,No,2455.9502986348125,Standard-Value
2386-OWURY,58,95.3,5817.7,No,3089.796217292378,High-Value
1725-IQNIY,54,109.75,6110.2,Yes,3558.291026734926,High-Value
0310-VQXAM,9,19.85,178.8,No,643.572454493743,Standard-Value
6598-RFFVI,2,19.3,28.3,Yes,625.7404721274175,Standard-Value
3453-RTHJQ,6,69.1,435.0,No,2240.3454209328784,Standard-Value
6712-OAWRH,26,91.25,2351.8,Yes,2958.487983503982,High-Value
6278-FEPBZ,9,20.25,186.15,No,656.5411689419795,Standard-Value
4280-DLSHD,8,54.75,445.85,No,1775.0927901023892,Standard-Value
1508-DFXCU,12,81.45,912.0,No,2640.7544795221847,Standard-Value
8614-VGMMV,15,49.1,679.55,Yes,1591.9096985210467,Standard-Value
7868-BGSZA,43,80.2,3581.6,No,2600.227246871445,Standard-Value
2800-QQUSO,42,100.3,4222.95,No,3251.9051478953356,High-Value
2930-UOTMB,31,65.25,1994.3,Yes,2115.5215443686006,Standard-Value
7973-DZRKH,66,90.95,5930.05,No,2948.7614476678045,High-Value
5914-DVBWJ,18,85.45,1505.85,Yes,2770.4416240045507,Standard-Value
7698-YFGEZ,1,20.0,20.0,No,648.4357224118316,Standard-Value
2533-QVMSK,61,94.1,5638.3,Yes,3050.890073947668,High-Value
9773-PEQBZ,10,79.85,797.25,No,2588.879621729238,Standard-Value
8644-XLFBW,1,71.65,71.65,Yes,2323.020975540387,Standard-Value
0650-BWOZN,18,73.55,1359.45,No,2384.622369169511,Standard-Value
8625-AZYZY,24,104.65,2542.45,Yes,3392.9399175199096,High-Value
7785-RDVIG,3,19.3,54.7,No,625.7404721274175,Standard-Value
9602-WCXPI,50,20.15,989.05,No,653.2989903299203,Standard-Value
2903-YYTBW,1,44.55,44.55,No,1444.390571672355,Standard-Value
3620-MWJNE,2,54.45,87.3,No,1765.3662542662119,Standard-Value
8573-JGCZW,17,19.65,351.55,No,637.0880972696245,Standard-Value
6837-HAEVO,69,105.0,7297.75,No,3404.2875426621163,High-Value
6701-YVNQG,72,88.7,6301.7,No,2875.8124288964736,Standard-Value
9306-CPCBC,3,74.25,210.3,Yes,2407.317619453925,Standard-Value
4304-XUMGI,50,75.15,3822.45,No,2436.4972269624577,Standard-Value
9504-YAZWB,53,20.25,1048.45,No,656.5411689419795,Standard-Value
8819-ZBYNA,58,109.1,6393.65,No,3537.2168657565417,High-Value
6174-NRBTZ,46,30.75,1489.3,No,996.9699232081912,Standard-Value
9481-IEBZY,72,112.9,8061.5,No,3660.41965301479,High-Value
1833-VGRUM,1,74.2,74.2,Yes,2405.696530147896,Standard-Value
6137-NICCO,6,94.05,518.75,No,3049.2689846416383,High-Value
9065-ZCPQX,72,78.85,5763.15,No,2556.4578356086463,Standard-Value
6402-EJMWF,4,55.3,238.5,No,1792.9247724687145,Standard-Value
3620-EHIMZ,52,19.35,1031.7,No,627.3615614334472,Standard-Value
6870-ECSHE,2,20.45,34.8,No,663.0255261660978,Standard-Value
8747-UDCOI,65,19.35,1319.95,No,627.3615614334472,Standard-Value
8374-XGEJJ,43,101.0,4388.4,Yes,3274.60039817975,High-Value
2656-TABEH,4,100.2,420.2,Yes,3248.6629692832767,High-Value
6946-LMSQS,25,89.05,2177.45,Yes,2887.1600540386803,Standard-Value
4626-OZDTJ,51,78.65,3950.85,No,2549.9734783845283,Standard-Value
9169-BSVIN,12,74.75,827.05,No,2423.528512514221,Standard-Value
2325-ZUSFD,57,70.1,3913.3,Yes,2272.76720705347,Standard-Value
8194-PEEBY,24,19.9,533.5,No,645.1935437997724,Standard-Value
6872-HXFNF,64,58.35,3756.45,No,1891.811220136519,Standard-Value
3932-CMDTD,4,105.65,443.9,Yes,3425.361703640501,High-Value
7714-YXSMB,26,100.5,2599.95,No,3258.389505119454,High-Value
8387-UGUSU,15,20.05,284.3,No,650.0568117178613,Standard-Value
1080-BWSYE,64,25.65,1740.8,No,831.6188139931741,Standard-Value
4039-HEUNW,36,96.5,3436.1,Yes,3128.7023606370876,High-Value
1194-HVAIF,27,95.0,2462.55,No,3080.0696814562007,High-Value
0812-WUPTB,1,70.85,70.85,Yes,2297.0835466439135,Standard-Value
3594-UVONA,35,85.95,3110.1,Yes,2786.6525170648465,Standard-Value
0004-TLHLJ,4,73.9,280.85,Yes,2395.9699943117184,Standard-Value
1767-TGTKO,8,45.45,411.75,No,1473.5701791808876,Standard-Value
8439-LTUGF,10,20.0,198.6,No,648.4357224118316,Standard-Value
8805-JNRAZ,2,49.2,103.7,No,1595.151877133106,Standard-Value
5089-IFSDP,58,109.45,6144.55,Yes,3548.5644908987488,High-Value
6418-HNFED,51,83.25,4089.45,No,2699.1136945392495,Standard-Value
0206-OYVOC,46,19.25,864.2,No,624.119382821388,Standard-Value
7291-CDTMJ,1,19.65,19.65,No,637.0880972696245,Standard-Value
7128-GGCNO,46,72.8,3249.4,No,2360.3060295790674,Standard-Value
0237-YFUTL,50,109.65,5405.8,No,3555.048848122867,High-Value
7691-KGKGP,53,65.0,3363.8,No,2107.416097838453,Standard-Value
6710-HSJRD,61,114.1,7132.15,No,3699.3257963594997,High-Value
3675-EQOZA,5,20.65,93.55,No,669.5098833902161,Standard-Value
0840-DCNZE,47,86.95,4138.9,No,2819.074303185438,Standard-Value
1732-FEKLD,54,94.75,5121.75,No,3071.9642349260525,High-Value
9862-KJTYK,19,25.35,566.1,No,821.8922781569967,Standard-Value
0479-HMSWA,26,105.45,2715.3,No,3418.877346416383,High-Value
5854-KSRBJ,70,25.4,1782.05,No,823.5133674630262,Standard-Value
0365-BZUWY,17,102.55,1742.5,No,3324.854166666667,High-Value
4817-VYYWS,30,100.2,2983.8,Yes,3248.6629692832767,High-Value
5701-SVCWR,1,24.0,24.0,No,778.1228668941981,Standard-Value
3129-AAQOU,19,25.6,485.9,No,829.9977246871446,Standard-Value
4922-CVPDX,26,73.5,1905.7,No,2383.0012798634816,Standard-Value
1396-QWFBJ,21,74.05,1565.7,Yes,2400.8332622298067,Standard-Value
1357-BIJKI,50,98.25,4858.7,No,3185.440486348123,High-Value
1099-BTKWT,68,54.4,3723.65,No,1763.7451649601821,Standard-Value
5299-SJCZT,3,101.55,298.35,Yes,3292.4323805460754,High-Value
2018-PZKMU,9,103.1,970.45,No,3342.686149032992,High-Value
7340-KEFQE,51,34.2,1782.0,No,1108.8250853242323,Standard-Value
4570-QHXHL,9,43.75,405.7,No,1418.4531427758818,Standard-Value
2403-BCASL,41,111.95,4534.9,Yes,3629.618956200228,High-Value
7392-YYPYJ,22,100.65,2415.95,No,3263.252773037543,High-Value
2898-LSJGD,21,55.95,1157.05,Yes,1813.9989334470993,Standard-Value
2223-GDSHL,71,116.05,8297.5,No,3762.548279294653,High-Value
7359-PTSXY,1,45.75,45.75,Yes,1483.296715017065,Standard-Value
9470-RTWDV,26,82.0,2083.1,No,2658.58646188851,Standard-Value
2176-OSJUV,71,65.15,4681.75,No,2112.2793657565417,Standard-Value
9348-YVOMK,4,44.8,176.2,No,1452.496018202503,Standard-Value
8104-OSKWT,12,79.8,1001.2,No,2587.258532423208,Standard-Value
4521-YEEHE,18,88.85,1594.75,No,2880.675696814562,Standard-Value
4090-KPJIP,3,74.95,212.4,No,2430.0128697383393,Standard-Value
3786-WOVKF,72,106.85,7677.4,No,3464.2678469852103,High-Value
4503-BDXBD,11,74.95,815.5,Yes,2430.0128697383393,Standard-Value
6086-ESGRL,1,80.15,80.15,Yes,2598.6061575654157,Standard-Value
2592-HODOV,13,19.3,259.65,No,625.7404721274175,Standard-Value
3886-CERTZ,72,109.25,8109.8,Yes,3542.0801336746304,High-Value
7995-ZHHNZ,42,56.1,2386.85,No,1818.862201365188,Standard-Value
3824-RHKVR,17,19.7,340.35,No,638.7091865756541,Standard-Value
5816-SCGFC,7,51.3,419.35,No,1663.2376279863481,Standard-Value
5989-AXPUC,68,118.6,7990.05,No,3845.2238339021615,High-Value
4979-HPRFL,56,24.15,1402.25,No,782.9861348122867,Standard-Value
8590-OHDIW,38,20.3,749.35,No,658.1622582480092,Standard-Value
8015-IHCGW,72,115.5,8425.15,No,3744.716296928328,High-Value
2332-TODQS,48,25.05,1171.5,No,812.1657423208192,Standard-Value
9278-VZKCD,52,109.1,5647.95,No,3537.2168657565417,High-Value
8008-OTEZX,35,19.65,708.8,No,637.0880972696245,Standard-Value
2773-OVBPK,67,111.3,7567.2,No,3608.5447952218433,High-Value
5999-LCXAO,1,29.9,29.9,No,969.4114050056883,Standard-Value
5206-XZZQI,53,80.6,4348.1,No,2613.1959613196814,Standard-Value
4803-LBYPN,34,20.8,635.9,No,674.373151308305,Standard-Value
5759-RCVCB,3,35.2,108.95,Yes,1141.246871444824,Standard-Value
6372-RFVNS,1,78.8,78.8,Yes,2554.8367463026166,Standard-Value
2139-FQHLM,19,89.95,1682.4,No,2916.339661547213,High-Value
8261-GWDBQ,60,116.05,6925.9,No,3762.548279294653,High-Value
1093-YSWCA,11,19.55,223.15,No,633.8459186575654,Standard-Value
8938-UMKPI,47,106.4,5127.95,Yes,3449.6780432309447,High-Value
0991-BRRFB,18,49.4,874.8,Yes,1601.636234357224,Standard-Value
3882-IYOIJ,60,115.25,6758.45,No,3736.61085039818,High-Value
8749-TZYEC,72,24.8,1874.3,No,804.0602957906713,Standard-Value
1755-FZQEC,39,19.9,791.15,No,645.1935437997724,Standard-Value
3115-JPJDD,59,81.25,4639.45,No,2634.2701222980663,Standard-Value
5600-KTXFM,2,69.95,143.9,No,2267.9039391353813,Standard-Value
3871-IKPYH,1,69.1,69.1,Yes,2240.3454209328784,Standard-Value
6319-IEJWJ,20,90.2,1776.55,Yes,2924.445108077361,High-Value
9025-AOMKI,6,93.55,536.4,Yes,3033.0580915813425,High-Value
6339-TBELP,71,86.4,6172.0,No,2801.242320819113,Standard-Value
7964-YESJC,24,66.3,1559.45,No,2149.564419795222,Standard-Value
6173-GOLSU,67,94.65,6079.0,No,3068.7220563139936,High-Value
5275-SQEIZ,1,80.85,80.85,Yes,2621.3014078498295,Standard-Value
7716-YTYHG,48,82.05,4029.95,Yes,2660.2075511945395,Standard-Value
9938-ZREHM,37,72.1,2658.4,No,2337.610779294653,Standard-Value
7950-XWOVN,11,34.7,383.55,No,1125.035978384528,Standard-Value
4390-KYULV,3,20.55,51.15,Yes,666.267704778157,Standard-Value
4647-MUZON,18,95.95,1745.5,No,3110.8703782707626,High-Value
9702-AIUJO,50,44.8,2230.85,No,1452.496018202503,Standard-Value
8849-PRIQJ,67,109.4,7281.6,No,3546.9434015927195,High-Value
8851-RAGOV,25,71.05,1837.7,No,2303.567903868032,Standard-Value
1304-NECVQ,2,78.55,149.55,Yes,2546.731299772469,Standard-Value
5396-IZEPB,9,19.7,180.7,No,638.7091865756541,Standard-Value
1729-VLAZJ,10,40.25,411.45,No,1304.9768913538112,Standard-Value
8285-ABVLB,70,19.85,1328.35,No,643.572454493743,Standard-Value
0701-TJSEF,9,68.25,576.95,No,2212.7869027303755,Standard-Value
5712-VBOXD,4,20.15,68.45,No,653.2989903299203,Standard-Value
6629-LADHQ,2,50.95,123.05,No,1651.8900028441412,Standard-Value
8945-GRKHX,1,78.65,78.65,Yes,2549.9734783845283,Standard-Value
1559-DTODC,19,25.15,468.35,No,815.4079209328783,Standard-Value
4797-MIWUM,7,20.25,174.7,No,656.5411689419795,Standard-Value
6959-UWKHF,1,42.9,42.9,Yes,1390.894624573379,Standard-Value
8720-RQSBJ,1,44.0,44.0,No,1426.5585893060297,Standard-Value
4537-CIBHB,9,20.25,172.35,No,656.5411689419795,Standard-Value
3815-SLMEF,3,34.25,139.35,Yes,1110.4461746302618,Standard-Value
5154-VEKBL,9,58.5,539.85,Yes,1896.6744880546078,Standard-Value
4324-AHJKS,5,55.8,300.4,No,1809.1356655290103,Standard-Value
4355-CVPVS,56,88.9,4968.0,No,2882.296786120592,Standard-Value
4495-LHSSK,18,57.65,992.7,No,1869.1159698521049,Standard-Value
5655-JSMZM,49,96.2,4718.25,Yes,3118.9758248009102,High-Value
5915-ANOEI,70,79.15,5536.5,No,2566.184371444824,Standard-Value
9861-PDSZP,72,108.05,7806.6,No,3503.1739903299203,High-Value
4505-EXZHB,6,74.4,434.1,Yes,2412.1808873720142,Standard-Value
7225-CBZPL,17,94.8,1563.9,No,3073.5853242320823,High-Value
6704-UTUKK,29,45.9,1332.4,No,1488.1599829351537,Standard-Value
4587-VVTOX,6,105.3,545.2,Yes,3414.0140784982937,High-Value
2019-HDCZY,63,102.6,6296.75,No,3326.4752559726962,High-Value
4652-NNHNY,16,73.85,1284.2,Yes,2394.3489050056883,Standard-Value
8788-DOXSU,59,61.35,3645.5,No,1989.0765784982937,Standard-Value
7404-JLKQG,3,57.55,161.45,No,1865.8737912400456,Standard-Value
7421-ZLUPA,8,29.25,226.95,No,948.3372440273039,Standard-Value
8972-HJWNV,7,84.55,646.85,Yes,2741.2620164960185,Standard-Value
3274-NSDWE,68,19.6,1441.65,No,635.467007963595,Standard-Value
2632-IVXVF,68,111.75,7511.3,No,3623.1345989761094,High-Value
3692-JHONH,52,106.5,5621.85,No,3452.9202218430037,High-Value
8915-NNTRC,72,107.7,7919.8,No,3491.8263651877137,High-Value
5914-GXMDA,32,19.3,593.2,No,625.7404721274175,Standard-Value
7463-IFMQU,72,20.05,1423.65,No,650.0568117178613,Standard-Value
2920-RNCEZ,1,69.95,69.95,No,2267.9039391353813,Standard-Value
2541-YGPKE,42,63.7,2763.35,No,2065.267775881684,Standard-Value
8515-OCTJS,25,24.75,692.1,Yes,802.4392064846417,Standard-Value
5382-TEMLV,45,50.9,2298.55,No,1650.2689135381115,Standard-Value
3441-CGZJH,43,60.4,2640.55,No,1958.2758816837315,Standard-Value
9592-ERDKV,37,79.25,2911.8,No,2569.426550056883,Standard-Value
2860-RANUS,20,85.8,1727.5,Yes,2781.789249146758,Standard-Value
5261-QSHQM,4,24.45,86.6,Yes,792.7126706484642,Standard-Value
4778-IZARL,63,110.1,6705.7,No,3569.6386518771333,High-Value
0432-CAJZV,3,90.7,237.65,No,2940.656001137657,High-Value
7008-LZVOZ,66,25.3,1672.35,No,820.2711888509671,Standard-Value
8868-WOZGU,28,105.7,2979.5,Yes,3426.9827929465305,High-Value
1200-TUZHR,8,85.2,695.75,No,2762.336177474403,Standard-Value
9365-CSLBQ,71,24.35,1654.6,No,789.4704920364051,Standard-Value
1334-FJSVR,1,24.25,24.25,Yes,786.2283134243459,Standard-Value
5884-FBCTL,72,25.1,1857.85,No,813.7868316268488,Standard-Value
7130-CTCUS,16,54.55,825.1,No,1768.6084328782708,Standard-Value
6242-FEGFD,66,96.6,6424.25,No,3131.9445392491466,High-Value
7625-XCQRH,11,76.5,837.95,Yes,2480.266638225256,Standard-Value
6194-HBGQN,51,81.15,4126.2,No,2631.0279436860073,Standard-Value
7634-WSWDB,8,38.5,330.8,No,1248.238765642776,Standard-Value
6986-IXNDM,14,92.9,1337.45,No,3011.9839306029585,High-Value
1731-TVIUK,4,93.5,362.2,Yes,3031.4370022753133,High-Value
2987-BJXIK,70,84.7,5991.05,No,2746.125284414107,Standard-Value
9769-TSBZE,70,66.0,4891.5,No,2139.8378839590446,Standard-Value
0406-BPDVR,54,101.5,5373.1,Yes,3290.8112912400456,High-Value
0618-XWMSS,28,74.9,2068.55,Yes,2428.3917804323096,Standard-Value
1395-WSWXR,24,20.75,487.05,No,672.7520620022754,Standard-Value
6023-GSSXW,69,61.45,4131.2,No,1992.3187571103529,Standard-Value
6752-APNJL,42,54.5,2301.15,No,1766.9873435722413,Standard-Value
5276-KQWHG,2,69.6,131.65,Yes,2256.556313993174,Standard-Value
0420-HLGXF,39,99.75,4036.0,No,3234.0731655290106,High-Value
7446-KQISO,45,109.75,4900.65,No,3558.291026734926,High-Value
9823-EALYC,72,80.85,5727.45,No,2621.3014078498295,Standard-Value
0582-AVCLN,38,20.3,743.05,No,658.1622582480092,Standard-Value
5803-NQJZO,72,67.8,4804.65,No,2198.1970989761094,Standard-Value
2565-JSLRY,1,24.05,24.05,Yes,779.7439562002276,Standard-Value
2607-DHDAK,72,19.8,1414.65,No,641.9513651877133,Standard-Value
1073-XXCZD,55,25.7,1443.65,No,833.2399032992037,Standard-Value
0743-HRVFF,51,56.15,2898.95,No,1820.4832906712174,Standard-Value
4006-HKYHO,63,86.7,5309.5,No,2810.9688566552904,Standard-Value
3727-JEZTU,1,20.4,20.4,No,661.4044368600682,Standard-Value
8143-ETQTI,23,19.65,451.55,No,637.0880972696245,Standard-Value
6689-KXGBO,1,50.55,50.55,Yes,1638.9212883959044,Standard-Value
9667-TKTVZ,2,54.35,117.05,No,1762.1240756541526,Standard-Value
3657-COGMW,52,108.1,5839.3,No,3504.79507963595,High-Value
8570-KLJYJ,36,54.45,1893.5,No,1765.3662542662119,Standard-Value
7754-IXRMC,1,45.35,45.35,No,1470.3280005688284,Standard-Value
9473-CBZOP,28,59.0,1654.45,No,1912.8853811149033,Standard-Value
2969-WGHQO,7,69.45,477.05,No,2251.6930460750855,Standard-Value
6615-NGGZJ,14,100.55,1415.55,Yes,3260.0105944254838,High-Value
4334-HOWRP,72,64.95,4546.0,No,2105.7950085324233,Standard-Value
4255-DDUOU,1,20.5,20.5,Yes,664.6466154721275,Standard-Value
5863-OOKCL,10,18.85,163.2,No,611.1506683731513,Standard-Value
1686-STUHN,42,19.8,849.9,No,641.9513651877133,Standard-Value
1329-VHWNP,7,25.05,189.95,No,812.1657423208192,Standard-Value
2984-MIIZL,4,74.8,321.9,Yes,2425.14960182025,Standard-Value
0266-GMEAO,72,114.3,8058.55,No,3705.810153583618,High-Value
5590-YRFJT,20,24.45,482.8,Yes,792.7126706484642,Standard-Value
5574-NXZIU,63,109.2,7049.75,No,3540.459044368601,High-Value
0019-GFNTW,56,45.05,2560.1,No,1460.6014647326508,Standard-Value
4256-ZWTZI,5,51.0,286.8,No,1653.5110921501707,Standard-Value
8309-PPCED,72,110.45,7982.5,No,3580.9862770193404,High-Value
4098-NAUKP,68,84.65,5683.6,No,2744.504195108078,Standard-Value
5196-WPYOW,67,60.05,3994.05,No,1946.9282565415244,Standard-Value
4608-LCIMN,8,44.65,369.15,No,1447.6327502844142,Standard-Value
1485-YDHMM,52,93.25,4631.7,No,3023.331555745165,High-Value
4054-CUMIA,18,20.25,401.95,No,656.5411689419795,Standard-Value
0603-TPMIB,59,25.45,1534.05,No,825.1344567690558,Standard-Value
2525-GVKQU,60,20.6,1093.0,No,667.8887940841867,Standard-Value
8161-QYMTT,7,94.1,701.3,No,3050.890073947668,High-Value
9581-GVBXT,59,34.8,1980.3,No,1128.278156996587,Standard-Value
5862-BRIXZ,46,60.75,2893.4,No,1969.6235068259386,Standard-Value
5404-GGUKR,5,51.35,262.3,No,1664.8587172923778,Standard-Value
3308-JSGML,59,64.05,3886.85,No,2076.6154010238906,Standard-Value
2126-GSEGL,70,84.8,5917.55,No,2749.367463026166,Standard-Value
3677-TNKIO,14,71.0,914.0,Yes,2301.9468145620026,Standard-Value
0440-QEXBZ,44,50.15,2139.1,No,1625.9525739476678,Standard-Value
2434-EEVDB,64,94.6,5948.7,No,3067.100967007964,High-Value
6762-QVYJO,58,59.75,3624.35,No,1937.201720705347,Standard-Value
6199-IWKGC,46,100.25,4753.85,No,3250.2840585893064,High-Value
2675-DHUTR,58,98.9,5780.7,No,3206.5146473265077,High-Value
8152-VETUR,72,97.7,6869.7,No,3167.6085039817976,High-Value
9667-EQRXU,30,40.3,1172.95,Yes,1306.5979806598407,Standard-Value
7446-YPODE,11,60.25,662.95,No,1953.4126137656428,Standard-Value
9522-BNTHX,34,56.25,1765.95,No,1823.7254692832767,Standard-Value
4676-WLUHT,54,46.2,2431.95,No,1497.8865187713313,Standard-Value
3329-WDIOK,3,50.6,155.35,Yes,1640.5423777019341,Standard-Value
7980-MHFLQ,72,24.9,1859.2,No,807.3024744027304,Standard-Value
2873-ZLIWT,40,84.85,3303.05,Yes,2750.988552332196,Standard-Value
3415-TAILE,2,65.7,134.35,Yes,2130.111348122867,Standard-Value
0757-WCUUZ,54,63.35,3409.1,No,2053.920150739477,Standard-Value
1629-DQQVB,14,50.1,709.5,No,1624.3314846416383,Standard-Value
1915-IOFGU,1,70.5,70.5,Yes,2285.735921501707,Standard-Value
3045-XETSH,10,94.85,953.45,Yes,3075.2064135381115,High-Value
0374-AACSZ,1,50.15,50.15,No,1625.9525739476678,Standard-Value
7239-HZZCX,1,19.75,19.75,Yes,640.3302758816837,Standard-Value
4872-VXRIL,56,64.65,3665.55,No,2096.068472696246,Standard-Value
9140-CZQZZ,68,79.6,5515.8,No,2580.7741751990898,Standard-Value
3423-HHXAO,14,19.5,272.0,No,632.2248293515358,Standard-Value
9938-TKDGL,68,99.55,6668.0,No,3227.588808304892,High-Value
0531-ZZJWQ,55,74.0,4052.4,No,2399.2121729237774,Standard-Value
6537-QLGEX,16,38.9,664.4,No,1261.2074800910125,Standard-Value
2688-BHGOG,9,79.55,718.55,No,2579.1530858930605,Standard-Value
7683-CBDKJ,14,65.45,937.6,Yes,2122.005901592719,Standard-Value
0946-CLJTI,58,98.7,5812.6,Yes,3200.0302901023892,High-Value
3160-TYXLT,53,46.3,2546.85,No,1501.1286973833903,Standard-Value
1325-USMEC,70,99.35,6944.5,No,3221.1044510807737,High-Value
0916-QOFDP,14,95.8,1346.3,No,3106.007110352674,High-Value
0628-CNQRM,22,67.5,1544.05,Yes,2188.470563139932,Standard-Value
5606-AMZBO,10,78.15,765.15,No,2533.7625853242325,Standard-Value
6199-IPCAO,29,26.1,692.55,No,846.2086177474404,Standard-Value
7665-TOALD,1,69.6,69.6,Yes,2256.556313993174,Standard-Value
0112-QWPNC,49,84.35,4059.35,Yes,2734.7776592719,Standard-Value
0324-BRPCJ,68,100.2,6851.65,Yes,3248.6629692832767,High-Value
2777-PHDEI,1,78.05,78.05,Yes,2530.520406712173,Standard-Value
5640-CAXOA,30,40.35,1187.05,No,1308.2190699658704,Standard-Value
2235-EZAIK,72,79.2,5401.9,No,2567.8054607508534,Standard-Value
3847-BAERP,10,20.9,247.0,No,677.615329920364,Standard-Value
1196-AMORA,7,73.6,520.0,Yes,2386.2434584755406,Standard-Value
4282-YMKNA,9,74.75,706.6,Yes,2423.528512514221,Standard-Value
1453-RZFON,1,49.9,49.9,No,1617.84712741752,Standard-Value
8263-OKETD,20,68.9,1370.35,No,2233.8610637087604,Standard-Value
0670-KDOMA,1,20.25,20.25,No,656.5411689419795,Standard-Value
2476-YGEFM,29,76.0,2215.25,No,2464.05574516496,Standard-Value
8687-BAFGU,1,74.0,74.0,No,2399.2121729237774,Standard-Value
0641-EVBOJ,3,82.3,214.4,No,2668.312997724687,Standard-Value
0829-XXPLX,20,89.4,1871.15,No,2898.507679180888,Standard-Value
9974-JFBHQ,64,99.15,6171.2,No,3214.620093856656,High-Value
5356-RHIPP,1,20.2,20.2,Yes,654.92007963595,Standard-Value
6624-JDRDS,6,29.45,161.45,No,954.8216012514221,Standard-Value
0608-JDVEC,50,19.8,1013.2,No,641.9513651877133,Standard-Value
9780-FKVVF,6,59.15,336.7,No,1917.748649032992,Standard-Value
1919-RTPQD,7,44.75,333.65,No,1450.8749288964734,Standard-Value
5214-NLTIT,72,90.8,6511.8,No,2943.898179749716,High-Value
3345-PBBFH,8,49.55,393.45,No,1606.4995022753128,Standard-Value
5055-BRMNE,67,106.7,7009.5,No,3459.404579067122,High-Value
9189-JWSHV,24,93.55,2264.05,Yes,3033.0580915813425,High-Value
2190-PHBHR,72,94.45,6921.7,No,3062.237699089875,High-Value
2650-GYRYL,33,19.45,600.25,No,630.6037400455062,Standard-Value
0746-JTRFU,2,25.05,56.35,Yes,812.1657423208192,Standard-Value
5208-FVQKB,70,67.95,4664.15,No,2203.060366894198,Standard-Value
7184-LRUUR,22,65.25,1441.8,No,2115.5215443686006,Standard-Value
6627-CFOSN,59,99.45,5623.7,No,3224.346629692833,High-Value
3982-JGSFD,36,20.35,695.85,No,659.7833475540388,Standard-Value
1574-DYCWE,51,19.95,1028.75,No,646.814633105802,Standard-Value
7247-XOZPB,53,77.4,4155.95,No,2509.4462457337886,Standard-Value
2466-FCCPT,20,19.7,395.6,No,638.7091865756541,Standard-Value
6211-WWLTF,63,99.7,6330.4,No,3232.452076222981,High-Value
4826-TZEVA,40,74.8,2971.7,No,2425.14960182025,Standard-Value
6016-NXBNJ,35,19.15,638.0,No,620.8772042093287,Standard-Value
9138-EFSMO,26,78.95,2034.25,No,2559.7000142207057,Standard-Value
0576-WNXXC,27,95.55,2510.2,Yes,3097.9016638225257,High-Value
4632-XJMEX,53,62.85,3419.5,No,2037.709257679181,Standard-Value
8910-LEDAG,34,71.55,2427.35,No,2319.7787969283277,Standard-Value
3452-GWUIN,19,94.95,1760.25,No,3078.448592150171,High-Value
2716-GFZOR,43,86.1,3551.65,No,2791.515784982935,Standard-Value
3724-UCSHY,6,19.55,122.9,No,633.8459186575654,Standard-Value
8626-XHBIE,56,24.8,1424.2,No,804.0602957906713,Standard-Value
4628-CTTLA,57,39.3,2111.45,Yes,1274.176194539249,Standard-Value
3192-LNKRK,34,84.05,2909.95,No,2725.0511234357227,Standard-Value
4439-YRNVD,10,36.25,374.0,No,1175.289746871445,Standard-Value
2876-VBBBL,1,20.25,20.25,Yes,656.5411689419795,Standard-Value
6834-NXDCA,13,23.9,300.8,Yes,774.8806882821389,Standard-Value
2208-UGTGR,56,98.6,5581.05,No,3196.78811149033,High-Value
3005-TYFRD,55,103.65,5676.65,No,3360.518131399318,High-Value
8670-MEFCP,36,92.9,3379.25,No,3011.9839306029585,High-Value
3079-BCHLN,47,19.9,942.95,No,645.1935437997724,Standard-Value
7777-UNYHB,12,20.1,232.4,No,651.6779010238909,Standard-Value
5597-GLBUC,1,85.45,85.45,Yes,2770.4416240045507,Standard-Value
7278-CKDNC,24,80.5,2088.45,No,2609.9537827076224,Standard-Value
2748-MYRVK,63,99.9,6137.0,Yes,3238.9364334470993,High-Value
8450-UYIBU,35,39.85,1434.6,No,1292.0081769055746,Standard-Value
2969-VAPYH,67,60.5,3870.0,No,1961.5180602957907,Standard-Value
4822-YCXMX,25,84.8,2043.45,Yes,2749.367463026166,Standard-Value
7181-OQCUT,21,103.85,2215.0,No,3367.002488623436,High-Value
8474-UMLNT,13,67.8,842.25,No,2198.1970989761094,Standard-Value
9821-POOTN,35,75.2,2576.2,Yes,2438.118316268487,Standard-Value
3836-FZSDJ,71,24.85,1901.0,No,805.6813850967009,Standard-Value
9142-XMYJH,29,19.35,601.6,No,627.3615614334472,Standard-Value
6559-ILWKJ,71,49.35,3515.25,Yes,1600.0151450511946,Standard-Value
0187-QSXOE,7,89.0,605.45,No,2885.538964732651,Standard-Value
7733-UDMTP,57,55.0,3094.05,No,1783.1982366325371,Standard-Value
2649-HWLYB,65,76.15,4929.55,No,2468.9190130830493,Standard-Value
5214-CHIWJ,27,20.3,595.05,No,658.1622582480092,Standard-Value
4229-CZMLL,6,74.9,469.8,Yes,2428.3917804323096,Standard-Value
6904-JLBGY,72,117.35,8436.25,No,3804.696601251422,High-Value
2465-BLLEU,1,19.75,19.75,No,640.3302758816837,Standard-Value
1685-VAYJF,11,45.2,492.0,No,1465.4647326507397,Standard-Value
8874-EJNSR,39,25.2,987.95,No,817.0290102389079,Standard-Value
6917-YACBP,59,89.75,5496.9,No,2909.8553043230945,Standard-Value
5049-MUBWG,26,75.0,1908.35,No,2431.6339590443686,Standard-Value
4223-WOZCM,2,49.95,107.1,No,1619.4682167235496,Standard-Value
0769-MURVM,72,65.7,4575.35,No,2130.111348122867,Standard-Value
9253-VIFJQ,65,67.05,4309.55,No,2173.8807593856654,Standard-Value
7030-FZTFM,72,110.9,7922.75,No,3595.576080773607,High-Value
9741-YLNTD,6,87.95,522.35,No,2851.4960893060297,Standard-Value
5917-RYRMG,32,19.8,587.7,No,641.9513651877133,Standard-Value
5120-ZBLAI,50,75.7,3876.2,No,2454.329209328783,Standard-Value
1194-BHJYC,61,62.15,3778.85,No,2015.0140073947668,Standard-Value
3663-MITLP,15,101.25,1457.25,Yes,3282.705844709898,High-Value
0906-QVPMS,72,115.15,8349.45,No,3733.368671786121,High-Value
9025-ZRPVR,9,18.95,185.6,Yes,614.3928469852104,Standard-Value
1905-OEILC,1,19.5,19.5,No,632.2248293515358,Standard-Value
7858-GTZSP,12,86.55,1066.9,No,2806.1055887372013,Standard-Value
3285-UCQVC,37,28.6,973.55,Yes,927.2630830489194,Standard-Value
6248-BSHKG,61,20.4,1226.45,No,661.4044368600682,Standard-Value
4685-TFLLS,18,19.8,342.3,No,641.9513651877133,Standard-Value
3470-BTGQO,21,45.65,985.05,No,1480.0545364050058,Standard-Value
1209-VFFOC,68,56.4,3948.45,No,1828.5887372013653,Standard-Value
8224-DWCKX,12,73.3,828.05,No,2376.516922639363,Standard-Value
5482-PLVPE,2,24.35,41.85,Yes,789.4704920364051,Standard-Value
4553-DVPZG,62,101.35,6164.7,No,3285.948023321957,High-Value
4902-OHLSK,29,98.65,2862.75,Yes,3198.40920079636,High-Value
6917-IAYHD,1,33.6,33.6,No,1089.3720136518773,Standard-Value
0495-ZBNGW,5,79.9,343.95,Yes,2590.5007110352676,Standard-Value
8620-RJPZN,1,20.7,20.7,No,671.1309726962457,Standard-Value
7572-KPVKK,62,104.05,6590.5,No,3373.4868458475544,High-Value
2642-MAWLJ,36,20.25,717.95,No,656.5411689419795,Standard-Value
2357-COQEK,28,103.3,2890.65,Yes,3349.1705062571104,High-Value
7103-ZGVNT,69,73.7,4885.85,No,2389.4856370876,Standard-Value
3737-GCSPV,11,96.2,1222.05,Yes,3118.9758248009102,High-Value
2027-WKXMW,63,108.75,6871.7,No,3525.8692406143346,High-Value
7137-NAXML,23,20.15,405.6,No,653.2989903299203,Standard-Value
2428-ZMCTB,10,19.75,208.25,No,640.3302758816837,Standard-Value
2961-VNFKL,71,25.95,1801.9,No,841.3453498293516,Standard-Value
1768-HNVGJ,45,70.05,3062.45,No,2271.1461177474403,Standard-Value
6963-KQYQB,70,24.05,1764.75,No,779.7439562002276,Standard-Value
5934-RMPOV,22,84.75,1816.75,No,2747.746373720137,Standard-Value
1207-BLKSA,52,23.05,1255.1,No,747.3221700796361,Standard-Value
4088-YLDSU,55,104.15,5743.05,Yes,3376.729024459614,High-Value
8316-BBQAY,65,59.95,3921.1,No,1943.6860779294655,Standard-Value
1166-PQLGG,72,19.55,1463.45,No,633.8459186575654,Standard-Value
3146-JTQHR,10,19.6,189.45,No,635.467007963595,Standard-Value
4291-YZODP,7,20.05,96.8,No,650.0568117178613,Standard-Value
4395-PZMSN,5,85.55,408.5,No,2773.6838026166097,Standard-Value
6427-FEFIG,24,78.6,1846.65,No,2548.352389078498,Standard-Value
0017-IUDMW,72,116.8,8456.75,No,3786.864618885097,High-Value
8706-HRADD,21,43.55,1011.5,No,1411.9687855517634,Standard-Value
9955-QOPOY,69,60.8,4263.4,No,1971.2445961319681,Standard-Value
4385-ZKVNW,44,54.9,2549.1,No,1779.956058020478,Standard-Value
5446-DKWYW,61,65.2,3965.05,No,2113.9004550625714,Standard-Value
2034-CGRHZ,24,102.95,2496.7,Yes,3337.822881114904,High-Value
5797-APWZC,1,90.6,90.6,Yes,2937.4138225255974,High-Value
3683-QKIUE,6,50.8,288.05,Yes,1647.0267349260523,Standard-Value
4228-ZGYUW,4,90.05,368.1,Yes,2919.581840159272,High-Value
9031-ZVQPT,72,108.2,7840.6,No,3508.0372582480095,High-Value
2990-IAJSV,72,92.0,6632.75,No,2982.804323094426,High-Value
8107-KNCIM,14,75.1,1013.35,No,2434.8761376564275,Standard-Value
9027-YFHQJ,7,25.05,152.95,No,812.1657423208192,Standard-Value
5176-LDKUH,48,75.15,3772.65,No,2436.4972269624577,Standard-Value
4644-OBGFZ,55,19.5,1026.35,No,632.2248293515358,Standard-Value
7926-IJOOU,1,19.3,19.3,No,625.7404721274175,Standard-Value
6480-YAGIY,45,112.2,5031.85,No,3637.724402730376,High-Value
4029-HPFVY,3,70.3,220.4,No,2279.2515642775884,Standard-Value
7602-DBTOU,71,19.6,1416.5,No,635.467007963595,Standard-Value
5345-BMKWB,8,20.25,158.35,No,656.5411689419795,Standard-Value
3519-ZKXGG,3,75.85,256.6,Yes,2459.1924772468715,Standard-Value
5457-COLHT,69,80.65,5542.55,No,2614.8170506257115,Standard-Value
6416-TVAIH,1,68.5,68.5,Yes,2220.8923492605236,Standard-Value
5451-YHYPW,72,115.75,8443.7,No,3752.821743458476,High-Value
5108-ADXWO,11,73.5,791.75,Yes,2383.0012798634816,Standard-Value
7998-WNZEM,71,80.6,5708.2,No,2613.1959613196814,Standard-Value
3066-RRJIO,1,69.95,69.95,Yes,2267.9039391353813,Standard-Value
4664-NJCMS,33,59.55,2016.3,No,1930.7173634812286,Standard-Value
0307-BCOPK,16,19.05,326.65,No,617.6350255972696,Standard-Value
7629-WFGLW,56,95.65,5471.75,No,3101.143842434585,High-Value
2542-HYGIQ,1,19.95,19.95,No,646.814633105802,Standard-Value
6715-OFDBP,5,70.05,346.4,Yes,2271.1461177474403,Standard-Value
5016-LIPDW,57,19.4,1061.6,No,628.9826507394766,Standard-Value
6481-LXPWL,56,36.1,1971.5,No,1170.4264789533563,Standard-Value
1567-DSCIC,8,94.0,773.65,Yes,3047.647895335609,High-Value
2150-UWTFY,22,61.15,1422.05,Yes,1982.5922212741752,Standard-Value
6124-ACRHJ,1,19.75,19.75,No,640.3302758816837,Standard-Value
9362-MWODR,40,64.1,2460.35,No,2078.2364903299203,Standard-Value
9975-GPKZU,46,19.75,856.5,No,640.3302758816837,Standard-Value
9625-RZFUK,63,19.7,1275.85,No,638.7091865756541,Standard-Value
5153-LXKDT,68,110.2,7467.5,No,3572.8808304891927,High-Value
5161-UBZXI,69,106.35,7261.75,No,3448.056953924915,High-Value
1020-JPQOW,56,90.55,5116.6,No,2935.7927332195677,High-Value
7919-ZODZZ,10,65.9,660.05,No,2136.5957053469856,Standard-Value
0565-JUPYD,63,104.5,6590.8,No,3388.0766496018205,High-Value
6867-ACCZI,24,52.5,1208.15,No,1702.1437713310581,Standard-Value
5939-XAIXZ,19,56.1,1033.9,No,1818.862201365188,Standard-Value
9054-FOWNV,22,88.75,1885.15,No,2877.433518202503,Standard-Value
2683-BPJSO,29,84.45,2467.1,Yes,2738.0198378839596,Standard-Value
2157-MXBJS,13,75.3,989.45,Yes,2441.360494880546,Standard-Value
8207-VVMYB,70,26.0,2006.95,No,842.9664391353812,Standard-Value
9732-EQMWY,49,99.4,5025.0,No,3222.7255403868035,High-Value
9360-AHGNL,43,109.55,4830.25,Yes,3551.8066695108078,High-Value
1087-UDSIH,3,19.6,59.75,Yes,635.467007963595,Standard-Value
5269-NRGDP,42,73.15,3088.25,No,2371.6536547212745,Standard-Value
6195-MELTI,57,54.65,3134.7,No,1771.85061149033,Standard-Value
5485-WUYWF,2,66.4,94.55,Yes,2152.8065984072814,Standard-Value
2121-JAFOM,72,115.55,8312.4,No,3746.3373862343574,High-Value
8818-DOPVL,46,104.45,4863.85,No,3386.455560295791,High-Value
2632-UCGVD,66,100.05,6871.9,Yes,3243.799701365188,High-Value
5445-PZWGX,62,102.0,6529.25,Yes,3307.0221843003415,High-Value
1227-UDMZR,72,91.15,6637.9,No,2955.245804891923,High-Value
5198-HQAEN,35,89.7,3165.6,No,2908.2342150170653,Standard-Value
9170-CCKOU,17,90.2,1454.15,Yes,2924.445108077361,High-Value
2167-FQSTQ,72,92.4,6786.1,No,2995.7730375426627,High-Value
2819-GWENI,28,19.9,543.0,No,645.1935437997724,Standard-Value
1043-YCUTE,56,25.15,1327.15,Yes,815.4079209328783,Standard-Value
3814-MLAXC,31,79.85,2404.15,Yes,2588.879621729238,Standard-Value
3572-UUHRS,45,18.85,867.3,No,611.1506683731513,Standard-Value
2692-PFYTJ,1,25.75,25.75,No,834.8609926052333,Standard-Value
1226-UDFZR,2,49.6,114.7,Yes,1608.1205915813425,Standard-Value
5955-EPOAZ,6,20.95,109.5,No,679.2364192263937,Standard-Value
6821-JPCDC,48,97.05,4692.95,No,3146.534343003413,High-Value
8815-LMFLX,25,25.4,546.85,No,823.5133674630262,Standard-Value
9135-HSWOC,64,19.7,1274.05,No,638.7091865756541,Standard-Value
8582-KRHPJ,50,35.0,1782.4,No,1134.7625142207055,Standard-Value
5811-IWXYM,52,101.25,5301.1,No,3282.705844709898,High-Value
7044-YAACC,4,70.2,280.35,No,2276.0093856655294,Standard-Value
8189-XRIKE,32,90.95,2897.95,No,2948.7614476678045,High-Value
1506-YJTYT,45,73.85,3371.0,No,2394.3489050056883,Standard-Value
4123-DVHPH,9,88.05,801.3,No,2854.7382679180887,Standard-Value
6425-YQLLO,66,105.95,6975.25,Yes,3435.0882394766786,High-Value
5442-UTCVD,3,91.85,257.05,Yes,2977.9410551763367,High-Value
2228-BZDEE,54,20.1,1079.45,No,651.6779010238909,Standard-Value
7734-DBOAI,1,40.1,40.1,Yes,1300.1136234357225,Standard-Value
2789-CZANW,64,110.3,6997.3,No,3576.1230091012517,High-Value
2091-RFFBA,31,73.9,2217.15,Yes,2395.9699943117184,Standard-Value
2114-MGINA,14,89.8,1129.1,Yes,2911.4763936291242,Standard-Value
7596-LDUXP,12,85.15,979.05,No,2760.7150881683738,Standard-Value
3740-RLMVT,67,60.95,4119.4,No,1976.107864050057,Standard-Value
4489-SNOJF,35,72.25,2568.55,Yes,2342.474047212742,Standard-Value
2192-OZITF,45,73.55,3349.1,No,2384.622369169511,Standard-Value
5651-CPDND,10,46.0,492.1,No,1491.402161547213,Standard-Value
2186-QZEYA,29,58.55,1718.95,No,1898.2955773606373,Standard-Value
1131-ALZWV,24,24.6,605.25,No,797.575938566553,Standard-Value
7729-XBTWX,66,19.75,1344.5,No,640.3302758816837,Standard-Value
9134-WYRVP,51,86.35,4267.15,No,2799.621231513083,Standard-Value
3284-SVCRO,45,25.5,1121.05,No,826.7555460750854,Standard-Value
9732-OUYRN,49,19.0,918.7,No,616.01393629124,Standard-Value
0559-CKHUS,29,19.55,521.8,No,633.8459186575654,Standard-Value
2931-SVLTV,40,110.1,4469.1,No,3569.6386518771333,High-Value
6899-PPEEA,37,96.55,3580.3,Yes,3130.3234499431173,High-Value
7504-UWHNB,25,69.75,1729.35,No,2261.419581911263,Standard-Value
2582-FFFZR,22,50.6,1073.3,No,1640.5423777019341,Standard-Value
8908-NMQTX,72,65.6,4566.5,No,2126.8691695108078,Standard-Value
2187-LZGPL,7,40.1,293.3,Yes,1300.1136234357225,Standard-Value
1431-AIDJQ,33,82.1,2603.1,No,2661.828640500569,Standard-Value
6288-LBEAR,23,79.1,1783.75,No,2564.563282138794,Standard-Value
4597-NUCQV,24,101.25,2440.15,Yes,3282.705844709898,High-Value
9019-QVLZD,1,79.55,79.55,Yes,2579.1530858930605,Standard-Value
8413-YNHNV,69,90.65,6322.1,No,2939.034911831627,High-Value
5808-TOTXO,3,20.55,57.4,No,666.267704778157,Standard-Value
4369-NYSCF,56,75.75,4284.65,No,2455.9502986348125,Standard-Value
6333-YDVLT,65,110.0,7138.65,No,3566.3964732650743,High-Value
5324-KTGCG,71,20.85,1539.75,No,675.9942406143346,Standard-Value
5599-HVLTW,14,80.35,1058.1,No,2605.0905147895337,Standard-Value
7394-LWLYN,2,70.15,123.8,No,2274.3882963594997,Standard-Value
3707-LRWZD,32,84.05,2781.85,Yes,2725.0511234357227,Standard-Value
6873-UDNLD,40,67.45,2731.0,No,2186.8494738339023,Standard-Value
2700-LUEVA,1,20.75,20.75,No,672.7520620022754,Standard-Value
1455-ESIQH,1,89.1,89.1,Yes,2888.78114334471,Standard-Value
0958-YHXGP,7,69.9,497.3,No,2266.282849829352,Standard-Value
1101-SSWAG,15,51.1,711.15,No,1656.75327076223,Standard-Value
2979-SXESE,17,94.4,1607.2,Yes,3060.616609783846,High-Value
4013-TLDHQ,19,78.25,1490.95,Yes,2537.0047639362915,Standard-Value
5743-KHMNA,71,25.55,1898.1,No,828.376635381115,Standard-Value
4194-FJARJ,54,60.0,3273.95,No,1945.307167235495,Standard-Value
5325-UWTWJ,31,90.55,2929.75,No,2935.7927332195677,High-Value
3969-GYXEL,11,76.4,838.7,No,2477.024459613197,Standard-Value
9208-OLGAQ,18,84.95,1443.65,No,2754.2307309442554,Standard-Value
3244-CQPHU,72,110.1,7746.7,No,3569.6386518771333,High-Value
2674-MLXMN,71,99.65,6951.15,No,3230.8309869169516,High-Value
9708-HPXWZ,5,45.4,214.75,No,1471.949089874858,Standard-Value
6992-TKNYO,38,69.0,2669.45,No,2237.1032423208194,Standard-Value
4468-YDOVK,5,48.65,235.2,No,1577.3198947667804,Standard-Value
3754-DXMRT,2,44.15,92.65,Yes,1431.4218572241184,Standard-Value
5792-JALQC,52,59.85,3103.25,No,1940.4438993174062,Standard-Value
7130-VTEWQ,8,75.75,606.25,Yes,2455.9502986348125,Standard-Value
2200-DSAAL,68,80.65,5330.2,No,2614.8170506257115,Standard-Value
4302-ZYFEL,69,20.55,1403.1,No,666.267704778157,Standard-Value
9351-LZYGF,42,66.4,2727.8,No,2152.8065984072814,Standard-Value
4366-CTOUZ,50,100.2,5038.45,No,3248.6629692832767,High-Value
6121-VZNQB,1,19.1,19.1,Yes,619.2561149032992,Standard-Value
7903-CMPEY,1,80.3,80.3,Yes,2603.469425483504,Standard-Value
1518-OMDIK,33,44.55,1462.6,No,1444.390571672355,Standard-Value
6671-NGWON,7,20.35,150.6,No,659.7833475540388,Standard-Value
0595-ITUDF,64,91.8,5960.5,No,2976.3199658703074,High-Value
6996-KNSML,1,74.9,74.9,Yes,2428.3917804323096,Standard-Value
1955-IBMMB,59,20.2,1192.3,No,654.92007963595,Standard-Value
0096-BXERS,6,50.35,314.55,No,1632.4369311717862,Standard-Value
3806-YAZOV,3,18.8,56.0,No,609.5295790671217,Standard-Value
7998-ZLXWN,15,20.45,330.8,No,663.0255261660978,Standard-Value
6253-WRFHY,13,64.75,877.35,No,2099.310651308305,Standard-Value
9133-AYJZG,23,98.7,2249.1,No,3200.0302901023892,High-Value
2675-OTVVJ,31,89.45,2807.65,No,2900.128768486917,Standard-Value
8680-CGLTP,29,58.75,1696.2,No,1904.7799345847554,Standard-Value
8430-TWCBX,49,20.7,1032.05,No,671.1309726962457,Standard-Value
5018-GWURO,56,85.6,4902.8,No,2775.3048919226394,Standard-Value
6741-QRLUP,63,80.3,4995.35,No,2603.469425483504,Standard-Value
4737-HOBAX,63,79.8,5034.05,No,2587.258532423208,Standard-Value
0537-QYZZN,24,79.85,1857.75,No,2588.879621729238,Standard-Value
3340-QBBFM,36,54.1,1992.85,No,1754.0186291240047,Standard-Value
1704-NRWYE,9,80.85,751.65,Yes,2621.3014078498295,Standard-Value
2592-SEIFQ,3,24.75,66.95,Yes,802.4392064846417,Standard-Value
8200-KLNYW,21,80.9,1714.95,No,2622.922497155859,Standard-Value
3372-CDXFJ,13,24.5,343.6,No,794.3337599544938,Standard-Value
4781-ZXYGU,1,20.15,20.15,No,653.2989903299203,Standard-Value
7632-YUTXB,25,20.05,520.1,No,650.0568117178613,Standard-Value
2718-YSKCS,71,19.6,1387.45,No,635.467007963595,Standard-Value
9896-UYMIE,66,114.3,7383.7,No,3705.810153583618,High-Value
0853-NWIFK,45,100.3,4483.95,No,3251.9051478953356,High-Value
8212-CRQXP,22,80.0,1706.45,No,2593.7428896473266,Standard-Value
6980-CDGFC,67,20.85,1327.4,No,675.9942406143346,Standard-Value
7691-XVTZH,68,89.95,5974.3,No,2916.339661547213,High-Value
7481-ATQQS,49,90.85,4515.85,Yes,2945.519269055745,High-Value
2277-VWCNI,4,48.75,179.85,No,1580.5620733788396,Standard-Value
1088-CNNKB,63,80.0,5040.2,No,2593.7428896473266,Standard-Value
8642-GVWRF,2,79.7,165.0,Yes,2584.016353811149,Standard-Value
1930-BZLHI,21,20.35,422.7,No,659.7833475540388,Standard-Value
3400-ESFUW,55,57.55,3046.4,Yes,1865.8737912400456,Standard-Value
5868-YTYKS,1,20.25,20.25,No,656.5411689419795,Standard-Value
3525-DVKFN,17,19.4,358.05,No,628.9826507394766,Standard-Value
1482-OXZSY,30,100.4,2936.25,No,3255.147326507395,High-Value
0377-JBKKT,22,57.95,1271.8,No,1878.8425056882825,Standard-Value
5778-BVOFB,9,59.5,530.05,No,1929.0962741751991,Standard-Value
3373-YZZYM,1,19.2,19.2,No,622.4982935153583,Standard-Value
2057-ZBLPD,21,86.5,1808.7,Yes,2804.484499431172,Standard-Value
0228-MAUWC,19,59.55,1144.6,No,1930.7173634812286,Standard-Value
5502-RLUYV,69,103.95,7446.9,Yes,3370.2446672354954,High-Value
0023-HGHWL,1,25.1,25.1,Yes,813.7868316268488,Standard-Value
7663-YJHSN,72,103.95,7556.9,No,3370.2446672354954,High-Value
4915-BFSXL,70,68.95,4858.7,No,2235.4821530147897,Standard-Value
3086-RUCRN,66,103.1,6595.0,No,3342.686149032992,High-Value
5215-LNLDJ,7,24.7,149.05,No,800.818117178612,Standard-Value
7576-JMYWV,46,110.2,4972.1,No,3572.8808304891927,High-Value
9039-RBEEE,39,48.95,1880.85,Yes,1587.046430602958,Standard-Value
0257-KXZGU,32,62.45,2045.55,No,2024.7405432309445,Standard-Value
1307-ATKGB,24,89.55,2187.15,No,2903.370947098976,Standard-Value
8417-FMLZI,6,83.55,477.55,Yes,2708.840230375427,Standard-Value
3714-XPXBW,37,78.9,2976.95,No,2558.078924914676,Standard-Value
1850-AKQEP,8,20.35,178.7,No,659.7833475540388,Standard-Value
2824-DXNKN,72,71.45,5025.85,No,2316.5366183162687,Standard-Value
5227-JSCFE,71,46.35,3353.4,No,1502.74978668942,Standard-Value
0848-ZGQIJ,16,94.65,1461.15,No,3068.7220563139936,High-Value
3621-CHYVB,57,49.9,2782.4,No,1617.84712741752,Standard-Value
8042-RNLKO,66,25.45,1699.15,No,825.1344567690558,Standard-Value
1792-UXAFY,17,89.15,1496.9,Yes,2890.4022326507397,Standard-Value
5372-FBKBN,21,20.75,452.2,No,672.7520620022754,Standard-Value
0420-TXVSG,66,66.1,4428.45,No,2143.0800625711036,Standard-Value
6217-TOWGS,17,75.4,1322.55,No,2444.6026734926054,Standard-Value
0515-YPMCW,1,70.45,70.45,Yes,2284.114832195677,Standard-Value
0378-XSZPU,58,60.3,3563.8,Yes,1955.0337030716723,Standard-Value
1045-LTCYT,8,21.05,139.75,No,682.4785978384529,Standard-Value
1544-JJMYL,27,69.35,1927.3,No,2248.450867463026,Standard-Value
4636-JGAAI,34,88.85,3000.25,No,2880.675696814562,Standard-Value
6874-SGLHU,30,97.0,3021.3,No,3144.9132536973834,High-Value
5951-AOFIH,33,66.4,2245.4,No,2152.8065984072814,Standard-Value
4729-XKASR,1,24.75,24.75,Yes,802.4392064846417,Standard-Value
3059-NGMXB,14,69.2,944.65,No,2243.587599544938,Standard-Value
8652-YHIYU,16,79.5,1264.2,No,2577.531996587031,Standard-Value
5278-PNYOX,49,100.65,4917.75,No,3263.252773037543,High-Value
5449-FIBXJ,19,103.3,2012.7,Yes,3349.1705062571104,High-Value
3486-HOOGQ,70,79.7,5743.3,No,2584.016353811149,Standard-Value
5061-PBXFW,32,61.4,1864.65,No,1990.6976678043231,Standard-Value
8630-FJLIB,18,69.8,1221.65,No,2263.0406712172926,Standard-Value
3891-NLXJB,37,40.55,1390.85,No,1314.7034271899886,Standard-Value
4749-OJKQU,4,75.65,302.35,No,2452.7081200227535,Standard-Value
0577-WHMEV,16,90.7,1374.9,No,2940.656001137657,High-Value
5453-AXEPF,17,80.5,1336.9,No,2609.9537827076224,Standard-Value
3639-XJHKQ,19,60.6,1297.8,No,1964.76023890785,Standard-Value
3716-LRGXK,60,101.15,6067.4,No,3279.463666097839,High-Value
2263-SFSQZ,51,24.95,1222.25,No,808.92356370876,Standard-Value
9950-MTGYX,28,20.3,487.95,No,658.1622582480092,Standard-Value
3397-AVTKU,43,60.0,2548.55,No,1945.307167235495,Standard-Value
4825-FUREZ,42,20.25,835.5,No,656.5411689419795,Standard-Value
9837-BMCLM,3,78.5,242.05,Yes,2545.110210466439,Standard-Value
2672-OJQZP,1,44.75,44.75,No,1450.8749288964734,Standard-Value
0137-UDEUO,3,19.85,63.75,Yes,643.572454493743,Standard-Value
3134-DSHVC,63,98.0,6218.45,No,3177.335039817975,High-Value
6161-UUUTA,3,79.9,260.9,Yes,2590.5007110352676,Standard-Value
7821-DPRQE,68,107.7,7320.9,No,3491.8263651877137,High-Value
6543-XRMYR,30,99.7,2967.35,Yes,3232.452076222981,High-Value
2001-EWBQU,60,104.7,6333.8,No,3394.561006825939,High-Value
4925-LMHOK,15,58.6,939.7,Yes,1899.916666666667,Standard-Value
1608-GMEWB,45,93.9,4200.25,No,3044.40571672355,High-Value
6695-AMZUF,70,86.45,5950.2,No,2802.8634101251423,Standard-Value
1455-UGQVH,10,98.5,1037.75,Yes,3193.545932878271,High-Value
8410-BGQXN,4,19.4,93.4,No,628.9826507394766,Standard-Value
8280-MQRQN,1,50.45,50.45,Yes,1635.6791097838454,Standard-Value
1619-YWUBB,68,24.95,1614.9,No,808.92356370876,Standard-Value
7611-YKYTC,22,75.0,1573.95,No,2431.6339590443686,Standard-Value
2037-SGXHH,38,94.65,3624.3,Yes,3068.7220563139936,High-Value
3178-FESZO,1,100.25,100.25,Yes,3250.2840585893064,High-Value
0365-GXEZS,18,78.2,1468.75,No,2535.383674630262,Standard-Value
0082-OQIQY,29,94.2,2607.6,No,3054.1322525597275,High-Value
6087-MVHJH,16,88.45,1422.1,Yes,2867.7069823663255,Standard-Value
4603-JANFB,1,69.85,69.85,Yes,2264.661760523322,Standard-Value
3018-TFTSU,12,81.7,858.6,Yes,2648.8599260523324,Standard-Value
3606-SBKRY,31,50.05,1523.4,No,1622.7103953356086,Standard-Value
4806-KEXQR,4,79.9,324.3,Yes,2590.5007110352676,Standard-Value
0667-NSRGI,48,69.55,3435.6,No,2254.9352246871445,Standard-Value
7083-YNSKY,15,25.4,399.6,Yes,823.5133674630262,Standard-Value
6893-ODYYE,50,90.1,4549.45,No,2921.2029294653016,High-Value
8242-JSVBO,7,44.65,322.5,No,1447.6327502844142,Standard-Value
2479-BRAMR,41,83.75,3273.55,Yes,2715.3245875995453,Standard-Value
9541-ZPSEA,68,80.35,5375.15,No,2605.0905147895337,Standard-Value
2665-NPTGL,26,98.1,2510.7,No,3180.577218430034,High-Value
1139-WUOAH,57,53.35,3090.05,No,1729.702289533561,Standard-Value
4693-VWVBO,3,19.55,61.05,No,633.8459186575654,Standard-Value
7434-SHXLS,1,20.9,20.9,Yes,677.615329920364,Standard-Value
6937-GCDGQ,19,48.95,955.6,No,1587.046430602958,Standard-Value
0988-JRWWP,3,54.2,140.4,No,1757.260807736064,Standard-Value
5075-JSDKI,59,24.45,1493.1,No,792.7126706484642,Standard-Value
7908-QCBCA,1,69.4,69.4,Yes,2250.071956769056,Standard-Value
8644-XYTSV,42,40.15,1626.05,No,1301.734712741752,Standard-Value
6711-FLDFB,7,74.9,541.15,Yes,2428.3917804323096,Standard-Value
3873-WOSBC,67,25.6,1784.9,No,829.9977246871446,Standard-Value
7465-ZZRVX,1,70.35,70.35,No,2280.8726535836176,Standard-Value
7975-JMZNT,66,91.7,6075.9,No,2973.0777872582485,High-Value
7251-XFOIL,61,89.2,5500.6,No,2892.0233219567695,Standard-Value
4116-IQRFR,4,24.1,73.1,No,781.3650455062572,Standard-Value
3714-JTVOV,42,74.15,3229.4,Yes,2404.075440841866,Standard-Value
8259-DZLIZ,64,53.85,3399.85,No,1745.9131825938568,Standard-Value
0442-ZXKVS,54,115.6,6431.05,No,3747.958475540387,High-Value
7853-WNZSY,1,19.75,19.75,No,640.3302758816837,Standard-Value
3120-FAZKD,54,24.05,1230.9,No,779.7439562002276,Standard-Value
8606-OEGQZ,18,25.3,454.65,No,820.2711888509671,Standard-Value
0225-ZORZP,3,84.3,235.05,No,2733.1565699658704,Standard-Value
4702-IOQDC,1,70.1,70.1,Yes,2272.76720705347,Standard-Value
9489-JMTTN,72,89.75,6595.9,No,2909.8553043230945,Standard-Value
0575-CUQOV,60,97.95,5867.0,No,3175.7139505119458,High-Value
0967-BMLBD,11,20.0,196.35,No,648.4357224118316,Standard-Value
6178-KFNHS,12,78.3,909.25,Yes,2538.6258532423208,Standard-Value
2830-LEWOA,61,103.9,6449.15,No,3368.6235779294657,High-Value
5006-MXVRN,39,20.7,762.45,No,671.1309726962457,Standard-Value
1264-BYWMS,55,96.8,5283.95,Yes,3138.428896473265,High-Value
9658-WYUFB,17,94.4,1617.5,Yes,3060.616609783846,High-Value
8327-WKMIE,37,20.15,785.75,No,653.2989903299203,Standard-Value
6917-FIJHC,72,26.0,1776.0,No,842.9664391353812,Standard-Value
5329-KRDTM,72,77.35,5396.25,No,2507.825156427759,Standard-Value
7797-EJMDP,8,66.05,574.5,No,2141.458973265074,Standard-Value
3530-VWVGU,22,19.9,400.3,No,645.1935437997724,Standard-Value
2013-SGDXK,1,84.3,84.3,Yes,2733.1565699658704,Standard-Value
6368-NWMCE,38,68.15,2656.3,No,2209.5447241183165,Standard-Value
3633-CDBUW,17,80.85,1445.95,No,2621.3014078498295,Standard-Value
0707-HOVVN,70,75.5,5212.65,No,2447.8448521046644,Standard-Value
8580-QVLOC,72,92.45,6440.25,Yes,2997.394126848692,High-Value
3956-MGXOG,28,80.6,2244.95,No,2613.1959613196814,Standard-Value
9274-UARKJ,15,83.2,1130.0,No,2697.49260523322,Standard-Value
4077-HWUYD,72,87.55,6463.15,No,2838.527374857793,Standard-Value
2012-NWRPA,11,99.55,1131.2,Yes,3227.588808304892,High-Value
8808-ELEHO,8,81.25,585.95,Yes,2634.2701222980663,Standard-Value
0103-CSITQ,57,109.4,6252.7,No,3546.9434015927195,High-Value
3506-LCJDC,1,19.95,19.95,Yes,646.814633105802,Standard-Value
8671-KKKOS,46,45.55,2062.15,No,1476.8123577929466,Standard-Value
7305-ZWMAJ,30,20.7,587.1,No,671.1309726962457,Standard-Value
9518-XXBXE,10,75.3,720.45,No,2441.360494880546,Standard-Value
3934-HXCFZ,23,99.25,2186.4,Yes,3217.8622724687148,High-Value
6578-KRMAW,32,93.4,2979.3,No,3028.1948236632543,High-Value
4860-IJUDE,13,73.75,956.65,No,2391.1067263936293,Standard-Value
7666-WKRON,39,80.45,3201.55,Yes,2608.332693401593,Standard-Value
9688-YGXVR,44,88.15,3973.2,No,2857.980446530148,Standard-Value
0423-UDIJQ,9,49.2,447.9,No,1595.151877133106,Standard-Value
1945-XISKS,67,19.65,1335.2,No,637.0880972696245,Standard-Value
4910-AQFFX,9,79.35,661.25,Yes,2572.668728668942,Standard-Value
2154-KVJFF,15,79.75,1111.85,Yes,2585.637443117179,Standard-Value
5360-LJCNJ,71,105.15,7555.0,No,3409.1508105802054,High-Value
2607-FBDFF,1,49.0,49.0,No,1588.6675199089875,Standard-Value
9647-ERGBE,30,100.05,3046.15,Yes,3243.799701365188,High-Value
3428-XZMAZ,1,69.35,69.35,Yes,2248.450867463026,Standard-Value
1100-DDVRV,17,49.8,836.35,No,1614.6049488054607,Standard-Value
0378-TOVMS,3,85.8,272.2,Yes,2781.789249146758,Standard-Value
4355-HBJHH,67,79.7,5293.4,Yes,2584.016353811149,Standard-Value
6728-WYQBC,1,20.95,20.95,No,679.2364192263937,Standard-Value
9058-CBREO,1,50.55,50.55,Yes,1638.9212883959044,Standard-Value
9029-FEGVJ,32,79.3,2570.0,No,2571.0476393629124,Standard-Value
7216-KAOID,41,19.5,798.2,No,632.2248293515358,Standard-Value
0318-QUUOB,1,80.55,80.55,Yes,2611.574872013652,Standard-Value
6145-NNPNO,1,44.15,44.15,No,1431.4218572241184,Standard-Value
5520-FVEWJ,12,84.5,916.9,Yes,2739.640927189989,Standard-Value
5339-TJFEK,62,105.5,6487.2,No,3420.498435722412,High-Value
5572-ZDXHY,22,84.3,1855.65,Yes,2733.1565699658704,Standard-Value
2074-GUHPQ,17,92.7,1556.85,No,3005.49957337884,High-Value
4625-XMOYM,72,26.25,1988.05,No,851.0718856655291,Standard-Value
5827-MWCZK,56,96.95,5432.2,No,3143.292164391354,High-Value
1385-TQOZW,9,20.45,147.55,No,663.0255261660978,Standard-Value
5914-XRFQB,72,115.8,8424.9,No,3754.4428327645055,High-Value
4329-YPDDQ,20,108.2,2203.7,No,3508.0372582480095,High-Value
4804-NCPET,19,20.2,387.4,No,654.92007963595,Standard-Value
3750-CKVKH,2,67.75,116.65,Yes,2196.5760096700797,Standard-Value
5944-UGLLK,53,54.9,3045.75,No,1779.956058020478,Standard-Value
8063-GBATB,27,85.25,2287.25,Yes,2763.9572667804327,Standard-Value
7787-BNTZM,6,20.15,130.5,No,653.2989903299203,Standard-Value
2252-ISRNH,9,90.35,767.9,No,2929.3083759954493,High-Value
9415-TPKRV,8,55.75,446.8,No,1807.5145762229808,Standard-Value
5322-TEUJK,71,114.6,8100.25,No,3715.5366894197955,High-Value
4547-KQRTM,10,80.05,830.7,Yes,2595.3639789533563,Standard-Value
4877-EVATK,1,20.0,20.0,Yes,648.4357224118316,Standard-Value
1866-DIOQZ,71,66.8,4689.15,No,2165.7753128555178,Standard-Value
8375-KVTHK,68,100.3,6754.35,No,3251.9051478953356,High-Value
2697-NQBPF,34,105.35,3540.65,No,3415.6351678043234,High-Value
3709-OIJEA,26,85.2,2184.6,No,2762.336177474403,Standard-Value
7639-SUPCW,22,48.8,1054.6,Yes,1582.183162684869,Standard-Value
1386-ZIKUV,7,18.95,130.55,No,614.3928469852104,Standard-Value
0599-XNYDO,20,69.8,1540.35,No,2263.0406712172926,Standard-Value
6377-WHAOX,60,106.15,6411.25,No,3441.572596700797,High-Value
6855-VLGOS,72,20.55,1432.55,No,666.267704778157,Standard-Value
8999-XXGNS,72,105.75,7629.85,No,3428.60388225256,High-Value
8746-OQQRW,4,25.25,101.9,No,818.6500995449375,Standard-Value
3181-MIZBN,16,19.75,313.4,No,640.3302758816837,Standard-Value
0471-ARVMX,62,104.85,6312.9,No,3399.4242747440276,High-Value
7766-CLTIC,10,60.95,629.55,No,1976.107864050057,Standard-Value
5650-YLIBA,31,81.15,2640.55,No,2631.0279436860073,Standard-Value
0825-CPPQH,71,19.1,1372.45,No,619.2561149032992,Standard-Value
9084-OAYKL,58,20.8,1212.25,No,674.373151308305,Standard-Value
6122-LJADA,70,90.15,6237.05,No,2922.8240187713313,High-Value
2400-XIWIO,71,90.1,6310.9,No,2921.2029294653016,High-Value
7524-VRLPL,69,74.1,5031.0,No,2402.4543515358364,Standard-Value
1069-XAIEM,1,85.05,85.05,Yes,2757.4729095563143,Standard-Value
7569-NMZYQ,72,118.75,8672.45,No,3850.0871018202506,High-Value
5201-USSQZ,26,85.9,2196.45,No,2785.0314277588172,Standard-Value
2105-PHWON,33,95.0,3008.15,No,3080.0696814562007,High-Value
1494-EJZDW,10,20.15,220.8,No,653.2989903299203,Standard-Value
4884-TVUQF,57,101.3,5779.6,No,3284.3269340159272,High-Value
8003-EWNDZ,10,21.2,222.65,No,687.3418657565416,Standard-Value
1897-RCFUM,39,24.2,914.6,No,784.6072241183163,Standard-Value
9256-JTBNZ,11,20.3,246.3,No,658.1622582480092,Standard-Value
4658-HCOHW,21,102.8,2110.15,Yes,3332.9596131968146,High-Value
2211-RMNHO,68,85.3,5560.0,No,2765.578356086462,Standard-Value
2432-TFSMK,18,89.6,1633.0,No,2904.992036405006,Standard-Value
3440-JPSCL,6,99.95,547.65,Yes,3240.557522753129,High-Value
4929-ROART,18,56.25,969.85,No,1823.7254692832767,Standard-Value
1834-ABKHQ,52,50.95,2610.65,No,1651.8900028441412,Standard-Value
1741-WTPON,56,115.85,6567.9,No,3756.0639220705348,High-Value
3932-IJWDZ,45,103.65,4747.85,No,3360.518131399318,High-Value
1240-HCBOH,67,26.1,1759.55,No,846.2086177474404,Standard-Value
3594-KADLU,3,35.1,101.1,No,1138.0046928327647,Standard-Value
8065-BVEPF,65,99.1,6496.15,No,3212.9990045506256,High-Value
3796-ENZGF,63,67.25,4234.15,No,2180.365116609784,Standard-Value
1734-ZMNTZ,11,25.0,300.7,No,810.5446530147896,Standard-Value
2853-CWQFQ,1,59.55,59.55,No,1930.7173634812286,Standard-Value
0813-TAXXS,55,77.8,4323.35,No,2522.414960182025,Standard-Value
2519-TWKFS,25,55.1,1466.1,No,1786.4404152445964,Standard-Value
2889-FPWRM,72,117.8,8684.8,Yes,3819.2864050056883,High-Value
0626-QXNGV,72,24.15,1776.45,No,782.9861348122867,Standard-Value
6723-CEGQI,65,45.25,2933.95,No,1467.0858219567692,Standard-Value
6987-XQSJT,54,79.5,4370.25,Yes,2577.531996587031,Standard-Value
4732-RRJZC,7,20.25,144.35,No,656.5411689419795,Standard-Value
9499-XPZXM,72,64.75,4804.75,No,2099.310651308305,Standard-Value
4338-EYCER,21,54.6,1125.2,No,1770.2295221843005,Standard-Value
3007-FDPEA,2,20.7,39.85,No,671.1309726962457,Standard-Value
6350-XFYGW,4,94.75,422.4,No,3071.9642349260525,High-Value
4290-BSXUX,3,79.65,251.75,Yes,2582.39526450512,Standard-Value
8513-OLYGY,72,115.8,8332.15,No,3754.4428327645055,High-Value
0311-QYWSS,6,49.45,314.6,No,1603.2573236632538,Standard-Value
8705-DWKTI,52,83.8,4331.4,No,2716.9456769055746,Standard-Value
8755-IWJHN,69,95.35,6382.0,No,3091.4173065984073,High-Value
0325-XBFAC,8,94.7,740.3,Yes,3070.3431456200233,High-Value
4480-QQRHC,8,74.05,600.15,No,2400.8332622298067,Standard-Value
0929-PECLO,63,89.6,5538.8,No,2904.992036405006,Standard-Value
3680-CTHUH,60,116.6,7049.5,No,3780.3802616609787,High-Value
1202-KKGFU,12,54.2,690.5,No,1757.260807736064,Standard-Value
6112-KTHFQ,13,19.3,279.3,No,625.7404721274175,Standard-Value
1852-XEMDW,22,65.05,1427.55,No,2109.0371871444822,Standard-Value
2462-XIIJB,5,92.5,452.7,Yes,2999.0152161547217,High-Value
4760-XOHVN,1,19.45,19.45,Yes,630.6037400455062,Standard-Value
1820-DJFPH,72,24.05,1709.15,No,779.7439562002276,Standard-Value
9426-SXNHE,2,18.75,53.15,No,607.9084897610921,Standard-Value
9068-FHQHD,40,20.15,777.35,No,653.2989903299203,Standard-Value
1269-FOYWN,44,20.0,860.85,No,648.4357224118316,Standard-Value
9470-YFUYI,71,71.0,5012.1,No,2301.9468145620026,Standard-Value
7817-BOQPW,2,75.55,166.3,Yes,2449.465941410694,Standard-Value
7402-EYFXX,26,93.6,2404.1,No,3034.6791808873722,High-Value
1853-UDXBW,1,70.0,70.0,Yes,2269.525028441411,Standard-Value
9895-VFOXH,1,24.4,24.4,No,791.0915813424346,Standard-Value
5458-CQJTA,65,74.8,4820.15,Yes,2425.14960182025,Standard-Value
1230-QAJDW,3,65.25,209.9,No,2115.5215443686006,Standard-Value
5701-ZIKJE,13,50.55,610.75,No,1638.9212883959044,Standard-Value
5219-YIPTK,33,104.4,3409.6,Yes,3384.8344709897615,High-Value
5032-MIYKT,1,70.7,70.7,No,2292.220278725825,Standard-Value
7396-VJUZB,4,45.25,155.35,No,1467.0858219567692,Standard-Value
9717-QEBGU,2,70.3,144.0,No,2279.2515642775884,Standard-Value
5172-RKOCB,72,108.95,7875.0,No,3532.353597838453,High-Value
6509-TSGWN,37,26.45,911.6,No,857.5562428896474,Standard-Value
3540-RZJYU,15,86.2,1270.2,Yes,2794.7579635949946,Standard-Value
3178-CIFOT,23,19.65,478.1,No,637.0880972696245,Standard-Value
2091-MJTFX,30,51.2,1561.5,Yes,1659.9954493742891,Standard-Value
4530-NDRKU,42,19.05,761.85,No,617.6350255972696,Standard-Value
5985-TBABQ,32,74.75,2282.95,No,2423.528512514221,Standard-Value
9800-ONTFE,22,75.8,1615.1,No,2457.5713879408418,Standard-Value
6743-HHQPF,42,25.1,1097.15,No,813.7868316268488,Standard-Value
8455-HIRAQ,8,44.45,369.3,No,1441.148393060296,Standard-Value
6616-AALSR,65,104.3,6725.3,No,3381.592292377702,High-Value
0883-EIBTI,2,19.5,31.55,Yes,632.2248293515358,Standard-Value
9415-ZNBSX,70,89.0,6293.2,No,2885.538964732651,Standard-Value
4018-KJYUY,22,20.15,432.5,No,653.2989903299203,Standard-Value
0722-TROQR,4,74.9,321.75,Yes,2428.3917804323096,Standard-Value
7571-YXDAD,2,74.9,147.15,Yes,2428.3917804323096,Standard-Value
3884-UEBXB,67,36.15,2434.45,No,1172.0475682593858,Standard-Value
8780-RSYYU,25,19.2,532.1,No,622.4982935153583,Standard-Value
5537-UXXVS,20,19.25,375.25,No,624.119382821388,Standard-Value
1791-PQHBB,2,61.2,125.95,No,1984.213310580205,Standard-Value
8701-DGLVH,51,20.45,1042.65,No,663.0255261660978,Standard-Value
8741-LQOBK,46,35.05,1620.25,No,1136.383603526735,Standard-Value
3393-FMZPV,25,100.25,2387.75,Yes,3250.2840585893064,High-Value
8082-GHXOP,13,44.0,659.35,No,1426.5585893060297,Standard-Value
6402-ZFPPI,25,102.8,2660.2,Yes,3332.9596131968146,High-Value
0980-FEXWF,26,50.35,1285.8,No,1632.4369311717862,Standard-Value
7486-KSRVI,43,100.0,4211.55,Yes,3242.1786120591582,High-Value
3011-WQKSZ,19,20.0,377.55,No,648.4357224118316,Standard-Value
8443-WVPSS,10,99.85,990.9,Yes,3237.3153441410695,High-Value
3006-XIMLN,2,94.2,193.8,Yes,3054.1322525597275,High-Value
8218-FFJDS,72,86.4,6058.95,No,2801.242320819113,Standard-Value
1986-PHGZF,18,58.4,964.9,No,1893.4323094425486,Standard-Value
9965-YOKZB,9,83.85,790.15,Yes,2718.5667662116043,Standard-Value
0504-HHAPI,27,88.3,2467.75,Yes,2862.843714448237,Standard-Value
9360-OMDZZ,24,94.1,2322.85,No,3050.890073947668,High-Value
6305-YLBMM,69,104.05,7262.0,Yes,3373.4868458475544,High-Value
0345-XMMUG,46,108.9,4854.3,No,3530.7325085324237,High-Value
8024-XNAFQ,72,107.4,7748.75,No,3482.0998293515363,High-Value
3647-GMGDH,22,94.7,1914.9,Yes,3070.3431456200233,High-Value
2988-GBIVW,70,90.85,6470.1,No,2945.519269055745,High-Value
2832-SCUCO,2,19.9,57.4,No,645.1935437997724,Standard-Value
7036-ZZKBD,31,66.4,2019.8,No,2152.8065984072814,Standard-Value
3791-LGQCY,56,100.65,5688.05,Yes,3263.252773037543,High-Value
0265-PSUAE,16,100.7,1522.7,No,3264.8738623435725,High-Value
0463-TXOAK,52,25.6,1334.5,No,829.9977246871446,Standard-Value
0594-UFTUL,13,19.85,252.0,No,643.572454493743,Standard-Value
9509-MPYOD,35,20.75,700.45,No,672.7520620022754,Standard-Value
9128-CPXKI,59,95.8,5655.45,No,3106.007110352674,High-Value
0129-KPTWJ,72,94.65,6747.35,No,3068.7220563139936,High-Value
8166-ZZTFS,66,80.55,5265.1,Yes,2611.574872013652,Standard-Value
5855-EIBDE,49,106.65,5174.35,No,3457.783489761093,High-Value
5365-LLFYV,2,45.85,105.6,No,1486.5388936291242,Standard-Value
5956-YHHRX,21,104.35,2271.85,No,3383.2133816837318,High-Value
6008-NAIXK,54,55.45,2966.95,No,1797.7880403868035,Standard-Value
2956-GGUCQ,24,78.85,1772.25,Yes,2556.4578356086463,Standard-Value
1928-BXYIV,1,61.15,61.15,No,1982.5922212741752,Standard-Value
5760-FXFVO,6,78.95,494.95,No,2559.7000142207057,Standard-Value
6595-COKXZ,1,44.45,44.45,Yes,1441.148393060296,Standard-Value
0961-ZWLVI,49,109.2,5290.45,No,3540.459044368601,High-Value
5181-OABFK,56,61.3,3346.8,No,1987.455489192264,Standard-Value
4007-NHVHI,56,96.85,5219.65,No,3140.0499857792947,High-Value
7816-VGHTO,6,40.55,217.5,No,1314.7034271899886,Standard-Value
5871-DGTXZ,32,19.8,607.7,No,641.9513651877133,Standard-Value
7550-WIQVA,50,108.25,5431.4,No,3509.6583475540388,High-Value
7544-ZVIKX,58,105.05,6004.85,No,3405.908631968146,High-Value
0016-QLJIS,65,90.45,5957.9,No,2932.5505546075087,High-Value
7508-DQAKK,64,86.4,5442.05,No,2801.242320819113,Standard-Value
5176-OLSKT,66,66.9,4370.25,No,2169.017491467577,Standard-Value
9356-AXGMP,38,110.7,4428.6,No,3589.0917235494885,High-Value
3556-BVQGL,20,20.0,416.45,No,648.4357224118316,Standard-Value
0362-ZBZWJ,36,84.9,3067.2,Yes,2752.6096416382256,Standard-Value
8979-CAMGB,64,102.1,6688.1,No,3310.2643629124004,High-Value
4211-MMAZN,1,20.25,20.25,Yes,656.5411689419795,Standard-Value
7581-EBBOU,60,70.15,4224.7,No,2274.3882963594997,Standard-Value
4274-OWWYO,1,74.35,74.35,Yes,2410.559798065984,Standard-Value
5073-RZGBK,50,80.05,4042.2,No,2595.3639789533563,Standard-Value
1541-ETJZO,1,62.05,62.05,Yes,2011.7718287827076,Standard-Value
2192-CKRLV,72,49.2,3580.95,No,1595.151877133106,Standard-Value
3154-HMWUU,60,20.5,1198.8,No,664.6466154721275,Standard-Value
6119-SPUDB,46,38.25,1755.35,No,1240.133319112628,Standard-Value
6522-OIQSX,69,54.95,3772.5,No,1781.5771473265077,Standard-Value
7813-ZGGAW,31,96.6,2877.95,No,3131.9445392491466,High-Value
8748-HFWBO,19,19.9,357.7,No,645.1935437997724,Standard-Value
1052-QJIBV,71,19.9,1397.3,No,645.1935437997724,Standard-Value
1319-YLZJG,12,84.6,959.9,No,2742.883105802048,Standard-Value
4106-HADHQ,39,80.0,3182.95,Yes,2593.7428896473266,Standard-Value
0723-FDLAY,44,85.25,3704.15,No,2763.9572667804327,Standard-Value
3050-RLLXC,56,81.25,4620.4,No,2634.2701222980663,Standard-Value
9298-WGMRW,72,115.5,8312.75,No,3744.716296928328,High-Value
2369-UAPKZ,5,104.1,541.9,Yes,3375.1079351535836,High-Value
3088-LHEFH,11,79.0,929.3,No,2561.321103526735,Standard-Value
2778-OCLGR,24,39.1,971.3,Yes,1267.691837315131,Standard-Value
6583-KQJLK,15,94.65,1285.05,No,3068.7220563139936,High-Value
8544-JNBOX,72,20.8,1521.2,No,674.373151308305,Standard-Value
6681-ZSEXG,56,59.5,3389.25,No,1929.0962741751991,Standard-Value
6139-ZZRBQ,64,20.05,1198.05,No,650.0568117178613,Standard-Value
6116-RFVHN,34,100.45,3414.65,No,3256.768415813425,High-Value
0637-KVDLV,2,76.5,162.45,Yes,2480.266638225256,Standard-Value
8884-FEEWR,35,20.6,754.0,No,667.8887940841867,Standard-Value
3125-RAHBV,22,20.3,467.15,No,658.1622582480092,Standard-Value
6633-MPWBS,5,49.2,216.9,Yes,1595.151877133106,Standard-Value
0373-AIVNJ,9,39.55,373.0,No,1282.281641069397,Standard-Value
8785-EPNCG,11,23.15,245.2,Yes,750.5643486916952,Standard-Value
1682-VCOIO,23,20.45,481.1,No,663.0255261660978,Standard-Value
5729-KLZAR,4,80.85,302.75,Yes,2621.3014078498295,Standard-Value
2072-ZVJJX,68,25.25,1728.2,No,818.6500995449375,Standard-Value
8849-AYPTR,33,91.25,2964.05,No,2958.487983503982,High-Value
9518-IMLHK,31,72.45,2156.25,No,2348.9584044368603,Standard-Value
1582-RAFML,1,60.1,60.1,Yes,1948.5493458475542,Standard-Value
3646-ITDGM,56,19.7,1051.9,No,638.7091865756541,Standard-Value
8740-CRYFY,1,78.95,78.95,Yes,2559.7000142207057,Standard-Value
3569-VLDHH,66,75.1,5013.0,No,2434.8761376564275,Standard-Value
8224-KDLKN,72,25.0,1738.9,No,810.5446530147896,Standard-Value
7594-LZNWR,34,69.15,2275.1,No,2241.966510238908,Standard-Value
4001-TSBTV,58,91.55,5511.65,No,2968.2145193401593,High-Value
2962-XPMCQ,2,45.15,98.5,Yes,1463.84364334471,Standard-Value
8727-XDPUD,37,35.8,1316.9,No,1160.6999431171787,Standard-Value
1043-UXOVO,71,113.15,7993.3,No,3668.525099544938,High-Value
1064-FBXNK,1,19.85,19.85,No,643.572454493743,Standard-Value
3996-ZNWYK,71,19.8,1388.45,No,641.9513651877133,Standard-Value
2878-DHMIN,35,19.9,666.0,No,645.1935437997724,Standard-Value
7762-ONLJY,6,19.7,94.45,No,638.7091865756541,Standard-Value
1678-FYZOW,3,79.4,244.65,Yes,2574.289817974972,Standard-Value
5795-BKOYE,69,59.1,4134.7,No,1916.1275597269625,Standard-Value
8627-EHGIP,44,53.95,2375.4,Yes,1749.155361205916,Standard-Value
7402-PWYJJ,53,91.15,4862.5,No,2955.245804891923,High-Value
5480-TBGPH,24,99.3,2431.35,Yes,3219.483361774744,High-Value
0018-NYROU,5,68.95,351.5,No,2235.4821530147897,Standard-Value
7501-VTYLJ,2,51.55,106.2,No,1671.343074516496,Standard-Value
7608-RGIRO,62,24.4,1413.0,No,791.0915813424346,Standard-Value
0480-BIXDE,19,96.8,1743.05,No,3138.428896473265,High-Value
5895-QSXOD,9,70.05,657.5,No,2271.1461177474403,Standard-Value
9814-AOUDH,53,19.5,1050.5,No,632.2248293515358,Standard-Value
6175-IRFIT,5,78.75,426.35,No,2553.2156569965873,Standard-Value
8760-ZRHKE,71,69.2,4982.5,No,2243.587599544938,Standard-Value
1622-HSHSF,1,19.55,19.55,No,633.8459186575654,Standard-Value
8854-CCVSQ,18,80.65,1451.9,Yes,2614.8170506257115,Standard-Value
6749-UTDVX,72,103.65,7634.8,No,3360.518131399318,High-Value
5542-DHSXL,4,54.7,235.05,No,1773.4717007963598,Standard-Value
9102-OXKFY,59,54.15,3116.15,No,1755.6397184300342,Standard-Value
0511-JTEOY,1,71.1,71.1,Yes,2305.1889931740616,Standard-Value
5216-WASFJ,31,84.85,2633.4,No,2750.988552332196,Standard-Value
7808-DVWEP,3,20.0,49.65,No,648.4357224118316,Standard-Value
7067-KSAZT,65,106.25,6979.8,Yes,3444.814775312856,High-Value
2284-VFLKH,49,99.25,4920.8,No,3217.8622724687148,High-Value
0366-NQSHS,2,19.35,46.35,No,627.3615614334472,Standard-Value
6532-YLWSI,53,20.8,1021.8,Yes,674.373151308305,Standard-Value
3807-BPOMJ,55,94.75,5276.1,No,3071.9642349260525,High-Value
3892-NXAZG,72,114.05,8289.2,No,3697.70470705347,High-Value
4948-WBBKL,36,74.9,2659.45,No,2428.3917804323096,Standard-Value
4182-BGSIQ,10,19.8,196.75,No,641.9513651877133,Standard-Value
9300-AGZNL,1,94.0,94.0,Yes,3047.647895335609,High-Value
0988-AADSA,72,80.85,5824.75,No,2621.3014078498295,Standard-Value
9972-NKTFD,28,54.65,1517.5,No,1771.85061149033,Standard-Value
3717-LNXKW,38,91.7,3479.05,No,2973.0777872582485,High-Value
5734-EJKXG,61,118.6,7365.7,No,3845.2238339021615,High-Value
2207-RYYRL,52,24.55,1331.05,No,795.9548492605234,Standard-Value
6729-FZWSY,67,19.45,1195.95,No,630.6037400455062,Standard-Value
9695-IDRZR,34,116.15,3946.9,No,3765.7904579067126,High-Value
8144-DGHXP,54,80.6,4299.95,No,2613.1959613196814,Standard-Value
7814-LEEVE,1,20.3,20.3,No,658.1622582480092,Standard-Value
1112-CUNAO,15,89.85,1424.95,Yes,2913.0974829351535,Standard-Value
5175-AOBHI,4,46.0,193.6,Yes,1491.402161547213,Standard-Value
5174-RNGBH,9,66.25,620.55,Yes,2147.9433304891922,Standard-Value
8631-WUXGY,46,99.8,4391.25,No,3235.69425483504,High-Value
7270-BDIOA,22,90.0,1993.8,Yes,2917.9607508532426,High-Value
9565-JSNFM,38,70.45,2597.6,Yes,2284.114832195677,Standard-Value
5906-DVAPM,55,75.0,4213.9,No,2431.6339590443686,Standard-Value
6654-QGBZZ,1,19.9,19.9,No,645.1935437997724,Standard-Value
8348-JLBUG,64,80.3,5017.7,No,2603.469425483504,Standard-Value
0607-DAAHE,53,19.75,1052.35,Yes,640.3302758816837,Standard-Value
5641-DMBFJ,58,84.3,4916.4,No,2733.1565699658704,Standard-Value
9200-NLNPD,56,54.05,2959.8,No,1752.397539817975,Standard-Value
2664-XJZNO,72,104.9,7559.55,No,3401.0453640500573,High-Value
9732-KPKBW,1,53.95,53.95,Yes,1749.155361205916,Standard-Value
3339-EAQNV,72,97.25,7133.1,No,3153.0187002275316,High-Value
0921-OHLVP,22,83.05,1799.3,No,2692.629337315131,Standard-Value
3389-YGYAI,8,105.5,829.55,Yes,3420.498435722412,High-Value
9560-ARGQJ,16,81.0,1312.15,Yes,2626.164675767918,Standard-Value
8350-NYMVI,39,41.1,1597.05,No,1332.535409556314,Standard-Value
1600-DILPE,12,45.0,524.35,No,1458.9803754266213,Standard-Value
0536-ESJEP,54,74.55,4191.45,No,2417.0441552901025,Standard-Value
4654-GGUII,18,40.2,711.95,No,1303.3558020477817,Standard-Value
6478-HRRCZ,32,70.5,2201.75,No,2285.735921501707,Standard-Value
8510-BBWMU,41,19.75,806.95,No,640.3302758816837,Standard-Value
6857-TKDJV,67,24.65,1620.45,No,799.1970278725825,Standard-Value
2360-RDGRO,65,104.25,6812.95,No,3379.971203071673,High-Value
0584-BJQGZ,25,78.35,1837.9,No,2540.2469425483505,Standard-Value
5134-IKDAY,1,69.8,69.8,Yes,2263.0406712172926,Standard-Value
1360-XFJMR,67,109.7,7344.45,No,3556.669937428897,High-Value
3070-DVEYC,7,73.75,545.15,Yes,2391.1067263936293,Standard-Value
5730-RIITO,43,33.45,1500.25,No,1084.5087457337886,Standard-Value
9058-MJLZC,24,94.6,2283.15,No,3067.100967007964,High-Value
5707-ORNDZ,9,54.55,494.05,Yes,1768.6084328782708,Standard-Value
0902-XKXPN,69,20.2,1376.5,No,654.92007963595,Standard-Value
5177-RVZNU,37,20.3,755.4,No,658.1622582480092,Standard-Value
0056-EPFBG,20,39.4,825.4,No,1277.4183731513083,Standard-Value
8993-IZEUX,7,69.15,488.65,No,2241.966510238908,Standard-Value
8696-JKZNU,37,76.25,2841.55,Yes,2472.1611916951083,Standard-Value
5380-AFSSK,5,93.9,486.85,Yes,3044.40571672355,High-Value
8190-ZTQFB,41,51.35,2075.1,No,1664.8587172923778,Standard-Value
0931-MHTEM,54,100.05,5299.65,No,3243.799701365188,High-Value
2055-PDADH,3,70.4,204.7,Yes,2282.493742889648,Standard-Value
7515-LODFU,69,20.3,1356.3,No,658.1622582480092,Standard-Value
0440-UEDAI,53,94.45,5042.75,No,3062.237699089875,High-Value
1337-BOZWO,18,46.4,812.4,No,1504.3708759954495,Standard-Value
0868-VJRDR,64,104.05,6605.55,No,3373.4868458475544,High-Value
8714-EUHJO,31,91.15,2995.45,Yes,2955.245804891923,High-Value
6344-SFJVH,20,24.9,505.95,No,807.3024744027304,Standard-Value
3950-VPYJB,57,59.6,3509.4,No,1932.3384527872583,Standard-Value
8041-TMEID,63,108.5,6991.9,No,3517.763794084187,High-Value
7321-ZNSLA,13,40.55,590.35,No,1314.7034271899886,Standard-Value
6941-KXRRV,48,58.95,2789.7,No,1911.2642918088738,Standard-Value
3721-CNEYS,2,70.95,137.95,Yes,2300.325725255973,Standard-Value
8727-JQFHV,57,20.75,1123.15,No,672.7520620022754,Standard-Value
9475-NNDGC,71,113.15,7953.25,No,3668.525099544938,High-Value
1355-KUSBG,7,48.8,349.8,No,1582.183162684869,Standard-Value
3688-FTHLT,16,63.05,1067.05,No,2044.1936149032992,Standard-Value
0899-LIIBW,34,100.85,3527.3,No,3269.737130261661,High-Value
2568-OIADY,37,99.5,3762.0,Yes,3225.9677189988624,High-Value
1384-RCUXW,16,80.55,1248.9,No,2611.574872013652,Standard-Value
5825-XJOCM,48,64.4,3035.35,No,2087.963026166098,Standard-Value
6848-YLDFR,58,75.2,4300.8,No,2438.118316268487,Standard-Value
8125-QPFJD,72,84.9,6065.3,No,2752.6096416382256,Standard-Value
2320-YKQBO,7,19.3,144.95,No,625.7404721274175,Standard-Value
1193-RTSLK,38,83.9,3233.6,Yes,2720.187855517634,Standard-Value
2302-ANTDP,48,117.45,5438.9,Yes,3807.9387798634816,High-Value
5923-GXUOC,10,104.4,1081.45,Yes,3384.8344709897615,High-Value
4973-RLZVI,30,74.65,2308.6,No,2420.286333902162,Standard-Value
7869-ZYDST,31,59.05,1882.8,No,1914.5064704209328,Standard-Value
4501-UYKBC,46,69.1,3255.35,No,2240.3454209328784,Standard-Value
1215-EXRMO,50,20.55,1067.65,No,666.267704778157,Standard-Value
2305-MRGLV,28,76.55,2065.4,No,2481.8877275312857,Standard-Value
8404-VIOMB,66,62.5,4136.4,No,2026.361632536974,Standard-Value
5233-GEEAX,8,29.4,221.9,Yes,953.2005119453925,Standard-Value
2359-KLTEK,41,94.9,3848.0,No,3076.8275028441417,High-Value
5304-EFJLP,72,111.65,8022.85,No,3619.8924203640504,High-Value
2673-ZALNP,7,19.9,173.15,No,645.1935437997724,Standard-Value
9184-GALIL,38,20.45,781.25,No,663.0255261660978,Standard-Value
4393-RYCRE,44,106.05,4510.8,No,3438.3304180887376,High-Value
9746-MDMBK,47,113.45,5317.8,No,3678.251635381115,High-Value
3162-ZJZFU,53,92.55,4779.45,No,3000.636305460751,High-Value
8404-GFGCZ,4,65.6,250.1,No,2126.8691695108078,Standard-Value
8875-AKBYH,20,84.35,1745.2,No,2734.7776592719,Standard-Value
4432-ADRLB,2,44.65,74.9,Yes,1447.6327502844142,Standard-Value
0533-UCAAU,57,71.1,4140.1,No,2305.1889931740616,Standard-Value
1394-SUIUH,44,85.15,3670.5,No,2760.7150881683738,Standard-Value
3521-MNKLV,24,49.7,1167.8,No,1611.3627701934017,Standard-Value
2533-TIBIX,15,30.2,469.65,No,979.1379408418658,Standard-Value
8993-PHFWD,3,25.25,58.9,Yes,818.6500995449375,Standard-Value
1565-RHDJD,4,84.05,333.55,Yes,2725.0511234357227,Standard-Value
7137-RYLPP,37,85.7,3171.15,Yes,2778.547070534699,Standard-Value
3765-JXVKY,1,74.7,74.7,Yes,2421.9074232081916,Standard-Value
5092-STPKP,24,56.35,1381.2,No,1826.9676478953359,Standard-Value
7330-WZLNC,5,90.8,455.5,Yes,2943.898179749716,High-Value
0114-PEGZZ,33,107.55,3645.5,No,3486.9630972696245,High-Value
3359-DSRKA,58,19.85,1158.85,No,643.572454493743,Standard-Value
8639-NHQEI,72,95.9,6954.15,No,3109.2492889647333,High-Value
7161-DFHUF,71,23.85,1672.1,No,773.2595989761094,Standard-Value
3957-LXOLK,28,106.15,3152.5,Yes,3441.572596700797,High-Value
3720-DBRWL,51,83.85,4307.1,No,2718.5667662116043,Standard-Value
6635-MYYYZ,30,85.35,2530.4,Yes,2767.1994453924913,Standard-Value
8565-WUXZU,72,84.8,6141.65,No,2749.367463026166,Standard-Value
5281-BUZGT,36,90.85,3186.7,Yes,2945.519269055745,High-Value
4994-OBRSZ,14,76.1,1054.8,No,2467.297923777019,Standard-Value
0562-FGDCR,72,74.55,5430.65,No,2417.0441552901025,Standard-Value
2436-QBZFP,22,39.2,849.9,No,1270.93401592719,Standard-Value
3420-YJLQT,2,79.55,151.75,No,2579.1530858930605,Standard-Value
6040-CGACY,15,19.6,299.4,No,635.467007963595,Standard-Value
6582-PLFUU,51,19.55,1086.75,No,633.8459186575654,Standard-Value
8242-PDSGJ,70,39.15,2692.75,No,1269.3129266211604,Standard-Value
0264-CNITK,71,20.1,1389.6,No,651.6779010238909,Standard-Value
0089-IIQKO,39,99.95,3767.4,No,3240.557522753129,High-Value
7839-NUIAA,61,59.8,3641.5,No,1938.8228100113765,Standard-Value
6075-QMNRR,52,49.75,2535.55,No,1612.9838594994312,Standard-Value
5378-IKEEG,1,35.75,35.75,Yes,1159.0788538111492,Standard-Value
5966-EMAZU,64,108.5,6880.85,No,3517.763794084187,High-Value
0440-EKDCF,62,60.15,3753.2,No,1950.1704351535836,Standard-Value
4774-HHGGS,30,19.05,637.55,No,617.6350255972696,Standard-Value
2718-GAXQD,4,46.0,181.6,Yes,1491.402161547213,Standard-Value
2055-BFOCC,63,84.0,5329.55,No,2723.430034129693,Standard-Value
8180-AKMJV,1,44.55,44.55,No,1444.390571672355,Standard-Value
4298-OYIFC,15,103.45,1539.8,No,3354.0337741751996,High-Value
5566-SOEZD,27,80.65,2209.75,No,2614.8170506257115,Standard-Value
9842-EFSYY,4,57.2,223.75,No,1854.5261660978388,Standard-Value
2272-WUSPA,72,110.75,7751.7,No,3590.7128128555178,High-Value
4584-LBNMK,45,24.7,1174.35,No,800.818117178612,Standard-Value
3898-GUYTS,45,97.05,4385.05,No,3146.534343003413,High-Value
0930-EHUZA,36,76.35,2606.35,No,2475.4033703071673,Standard-Value
6413-XKKPU,17,89.4,1539.45,Yes,2898.507679180888,Standard-Value
9975-SKRNR,1,18.9,18.9,No,612.7717576791808,Standard-Value
3703-KBKZP,16,74.45,1261.35,No,2413.8019766780435,Standard-Value
1449-XQEMT,3,19.8,58.15,Yes,641.9513651877133,Standard-Value
2626-URJFX,4,50.9,225.6,Yes,1650.2689135381115,Standard-Value
4973-MGTON,71,84.4,5969.3,No,2736.39874857793,Standard-Value
3682-YEUWS,10,24.4,253.9,No,791.0915813424346,Standard-Value
1223-UNPKS,20,20.05,400.0,No,650.0568117178613,Standard-Value
2612-RRIDN,4,81.0,340.85,Yes,2626.164675767918,Standard-Value
4735-ASGMA,26,98.35,2515.3,Yes,3188.682664960182,High-Value
3446-QDSZF,4,55.5,227.35,No,1799.409129692833,Standard-Value
3669-LVWZB,5,51.0,305.95,Yes,1653.5110921501707,Standard-Value
6892-EZDTG,4,91.65,365.4,Yes,2971.4566979522187,High-Value
5117-IFGPS,29,84.3,2357.75,No,2733.1565699658704,Standard-Value
7379-FNIUJ,2,100.2,198.5,No,3248.6629692832767,High-Value
1627-AFWVJ,29,19.4,554.25,No,628.9826507394766,Standard-Value
9725-SCPZG,1,90.85,90.85,Yes,2945.519269055745,High-Value
5884-GCYMI,1,69.4,69.4,Yes,2250.071956769056,Standard-Value
3217-FZDMN,8,94.45,742.95,Yes,3062.237699089875,High-Value
4486-EFAEB,13,20.4,251.65,No,661.4044368600682,Standard-Value
0060-FUALY,59,94.75,5597.65,No,3071.9642349260525,High-Value
7853-GVUDZ,1,20.15,20.15,Yes,653.2989903299203,Standard-Value
7480-QNVZJ,50,95.7,4816.7,Yes,3102.764931740615,High-Value
6954-OOYZZ,18,44.35,768.05,No,1437.9062144482368,Standard-Value
7088-FBAWU,17,74.55,1215.8,No,2417.0441552901025,Standard-Value
8313-AFGBW,47,73.6,3522.65,No,2386.2434584755406,Standard-Value
3943-KDREE,26,74.95,1834.95,Yes,2430.0128697383393,Standard-Value
9239-ZBZZV,6,47.95,305.1,Yes,1554.6246444823666,Standard-Value
3097-IDVPU,19,50.1,910.45,No,1624.3314846416383,Standard-Value
4398-HSCJH,3,63.6,155.65,Yes,2062.025597269625,Standard-Value
2197-OMWGI,68,53.0,3656.25,No,1718.354664391354,Standard-Value
2303-PJYHN,2,19.85,52.0,No,643.572454493743,Standard-Value
9795-VOWON,7,24.35,150.85,No,789.4704920364051,Standard-Value
1237-WIYYZ,18,19.55,389.25,No,633.8459186575654,Standard-Value
1987-AUELQ,71,25.05,1873.7,No,812.1657423208192,Standard-Value
7852-LECYP,13,93.8,1261.0,No,3041.1635381114907,High-Value
4430-UZIPO,3,36.85,108.7,Yes,1194.7428185438,Standard-Value
4822-LPTYJ,72,103.75,7346.2,No,3363.760310011377,High-Value
8165-CBKXO,66,56.75,3708.4,No,1839.9363623435725,Standard-Value
6527-PZFPV,24,20.8,469.65,No,674.373151308305,Standard-Value
4855-SNKMY,1,44.1,44.1,Yes,1429.800767918089,Standard-Value
9593-CVZKR,56,24.45,1385.85,No,792.7126706484642,Standard-Value
8595-SIZNC,22,25.6,548.8,No,829.9977246871446,Standard-Value
8008-HAWED,14,50.75,712.75,Yes,1645.4056456200228,Standard-Value
7124-UGSUR,61,104.4,6405.0,Yes,3384.8344709897615,High-Value
1862-SKORY,40,39.3,1637.4,Yes,1274.176194539249,Standard-Value
5236-XMZJY,42,59.65,2536.55,No,1933.9595420932878,Standard-Value
4827-DPADN,72,83.3,6042.7,No,2700.734783845279,Standard-Value
2694-CIUMO,12,79.55,958.25,No,2579.1530858930605,Standard-Value
5846-ABOBJ,71,24.45,1730.65,No,792.7126706484642,Standard-Value
1439-LCGVL,26,19.2,459.6,No,622.4982935153583,Standard-Value
0909-SDHNU,7,29.8,201.95,No,966.1692263936292,Standard-Value
4647-XXZAM,6,45.5,285.2,No,1475.1912684869171,Standard-Value
1502-XFCVR,58,106.45,6145.85,Yes,3451.2991325369744,High-Value
7740-KKCXF,51,30.05,1529.45,No,974.2746729237771,Standard-Value
5360-XGYAZ,72,65.65,4664.5,No,2128.4902588168375,Standard-Value
9692-TUSXH,18,96.05,1740.7,Yes,3114.1125568828215,High-Value
7912-SYRQT,7,75.1,552.95,Yes,2434.8761376564275,Standard-Value
3557-HTYWR,47,74.05,3496.3,No,2400.8332622298067,Standard-Value
4816-JBHOV,2,44.7,93.7,Yes,1449.253839590444,Standard-Value
8920-NAVAY,62,110.75,7053.35,No,3590.7128128555178,High-Value
1699-TLDLZ,16,19.7,301.55,No,638.7091865756541,Standard-Value
5600-PDUJF,6,49.5,312.7,No,1604.8784129692833,Standard-Value
8292-TYSPY,19,55.0,1046.5,Yes,1783.1982366325371,Standard-Value
0567-XRHCU,69,43.95,2960.1,No,1424.9375000000002,Standard-Value
1867-BDVFH,11,74.35,834.2,Yes,2410.559798065984,Standard-Value
2067-QYTCF,64,111.15,6953.4,No,3603.6815273037546,High-Value
2359-QWQUL,39,104.7,4134.85,Yes,3394.561006825939,High-Value
9103-TCIHJ,15,55.7,899.8,Yes,1805.8934869169514,Standard-Value
7407-SUJIZ,25,20.6,541.5,No,667.8887940841867,Standard-Value
9150-KPBJQ,6,19.65,116.85,No,637.0880972696245,Standard-Value
0052-DCKON,66,115.8,7942.15,No,3754.4428327645055,High-Value
3654-ARMGP,61,88.65,5321.25,No,2874.191339590444,Standard-Value
9699-UBQFS,43,94.5,4156.8,No,3063.858788395905,High-Value
9367-TCUYN,12,20.1,223.6,No,651.6779010238909,Standard-Value
1261-FWTTE,23,34.65,768.45,No,1123.4148890784984,Standard-Value
3528-HFRIQ,71,52.3,3765.05,No,1695.6594141069397,Standard-Value
0708-SJDIS,34,65.0,2157.5,No,2107.416097838453,Standard-Value
4140-WJAWW,5,19.85,108.05,Yes,643.572454493743,Standard-Value
2073-QBVBI,41,35.45,1391.65,No,1149.3523179749718,Standard-Value
6928-ONTRW,72,19.7,1379.8,No,638.7091865756541,Standard-Value
3320-VEOYC,14,95.6,1273.3,No,3099.5227531285555,High-Value
5231-FIQPA,41,19.85,810.45,No,643.572454493743,Standard-Value
6617-WLBQC,23,81.85,1810.85,No,2653.723193970421,Standard-Value
2599-CIPQE,71,109.3,7782.85,No,3543.70122298066,High-Value
6653-CBBOM,1,70.3,70.3,Yes,2279.2515642775884,Standard-Value
8774-GSBUN,72,25.4,1797.1,No,823.5133674630262,Standard-Value
7326-RIGQZ,6,69.8,377.85,No,2263.0406712172926,Standard-Value
1401-FTHFQ,23,20.0,445.3,No,648.4357224118316,Standard-Value
3247-ZVOUO,10,85.55,851.75,Yes,2773.6838026166097,Standard-Value
0254-FNMCI,72,109.9,7624.2,No,3563.1542946530153,High-Value
1848-LBZHY,7,50.3,355.1,No,1630.8158418657565,Standard-Value
6101-IMRMM,6,94.5,575.45,Yes,3063.858788395905,High-Value
8118-TJAFG,9,101.5,906.85,No,3290.8112912400456,High-Value
5429-LWCMV,12,89.15,1057.55,No,2890.4022326507397,Standard-Value
7298-IZWLY,1,19.4,19.4,No,628.9826507394766,Standard-Value
9758-MFWGD,48,29.9,1388.75,No,969.4114050056883,Standard-Value
3955-JBZZM,20,78.8,1641.3,No,2554.8367463026166,Standard-Value
1268-ASBGA,16,85.35,1375.15,Yes,2767.1994453924913,Standard-Value
8943-URTMR,2,79.65,152.7,Yes,2582.39526450512,Standard-Value
4815-TUMEQ,10,19.3,185.2,No,625.7404721274175,Standard-Value
4713-LZDRV,2,79.6,195.05,Yes,2580.7741751990898,Standard-Value
9909-IDLEK,20,96.8,1826.7,No,3138.428896473265,High-Value
4092-OFQZS,20,20.65,417.5,No,669.5098833902161,Standard-Value
1561-BWHIN,19,19.8,344.5,No,641.9513651877133,Standard-Value
4325-NFSKC,19,90.6,1660.0,Yes,2937.4138225255974,High-Value
9927-DSWDF,22,104.6,2180.55,No,3391.3188282138794,High-Value
9500-LTVBP,35,80.05,2835.9,No,2595.3639789533563,Standard-Value
7252-NTGSS,1,45.15,45.15,No,1463.84364334471,Standard-Value
8149-AIQCG,39,73.15,2730.85,No,2371.6536547212745,Standard-Value
1360-JYXKQ,54,99.1,5437.1,No,3212.9990045506256,High-Value
2955-PSXOE,1,20.2,20.2,Yes,654.92007963595,Standard-Value
7762-URZQH,66,106.05,6981.35,Yes,3438.3304180887376,High-Value
0899-WZRSD,56,105.35,5794.45,No,3415.6351678043234,High-Value
3255-GRXMG,18,45.65,747.2,No,1480.0545364050058,Standard-Value
4828-FAZPK,16,79.95,1267.95,No,2592.1218003412973,Standard-Value
6094-ZIVKX,68,54.45,3674.95,No,1765.3662542662119,Standard-Value
6925-BAYGL,53,25.1,1275.6,No,813.7868316268488,Standard-Value
3262-EIDHV,72,84.7,5893.9,No,2746.125284414107,Standard-Value
7354-OIJLX,9,75.85,724.65,No,2459.1924772468715,Standard-Value
1376-HHBDV,30,48.8,1536.75,No,1582.183162684869,Standard-Value
6907-NZZIJ,36,99.15,3615.6,Yes,3214.620093856656,High-Value
6133-OZILE,18,35.2,607.3,No,1141.246871444824,Standard-Value
4135-FRWKJ,55,76.25,4154.55,No,2472.1611916951083,Standard-Value
2911-UREFD,39,55.9,2184.35,Yes,1812.3778441410695,Standard-Value
3744-ZRRDZ,21,82.35,1852.85,Yes,2669.934087030717,Standard-Value
5673-TIYIB,2,40.4,77.15,Yes,1309.8401592719,Standard-Value
6551-ZCOTS,33,24.9,847.8,No,807.3024744027304,Standard-Value
7191-ADRGF,44,54.3,2390.45,No,1760.502986348123,Standard-Value
5018-LXQQG,30,66.3,1923.5,No,2149.564419795222,Standard-Value
6892-BOGQE,71,20.9,1493.2,No,677.615329920364,Standard-Value
1602-IJQQE,4,75.35,338.1,Yes,2442.9815841865757,Standard-Value
4628-WQCQQ,35,85.15,3030.6,Yes,2760.7150881683738,Standard-Value
1746-TGTWV,1,75.35,75.35,No,2442.9815841865757,Standard-Value
5995-SNNEW,23,104.45,2184.85,No,3386.455560295791,High-Value
8050-WYBND,22,49.45,1031.4,No,1603.2573236632538,Standard-Value
2821-WARNZ,49,19.45,921.3,No,630.6037400455062,Standard-Value
4879-GZLFH,42,92.15,3875.4,No,2987.6675910125145,High-Value
1644-IRKSF,33,93.8,3124.5,Yes,3041.1635381114907,High-Value
8314-HTWVE,7,19.85,144.15,No,643.572454493743,Standard-Value
9402-ROUMJ,67,100.25,6689.0,No,3250.2840585893064,High-Value
2507-QZPQS,15,95.7,1451.1,No,3102.764931740615,High-Value
7159-NOKYQ,67,93.15,6368.2,No,3020.089377133106,High-Value
5707-ZMDJP,53,69.7,3729.6,No,2259.7984926052336,Standard-Value
8779-YIQQA,21,19.8,350.1,No,641.9513651877133,Standard-Value
7136-IHZJA,40,71.35,2847.2,No,2313.2944397042093,Standard-Value
8966-OIQHG,22,20.75,452.35,No,672.7520620022754,Standard-Value
7074-STDCN,39,40.6,1494.5,No,1316.3245164960183,Standard-Value
3705-PSNGL,45,20.4,930.45,Yes,661.4044368600682,Standard-Value
8739-QOTTN,2,20.35,41.85,No,659.7833475540388,Standard-Value
1399-OUPJN,57,19.75,1272.05,No,640.3302758816837,Standard-Value
0277-BKSQP,8,54.4,475.1,No,1763.7451649601821,Standard-Value
6502-HCJTI,7,94.7,673.1,Yes,3070.3431456200233,High-Value
2606-RMDHZ,6,30.5,208.7,Yes,988.8644766780433,Standard-Value
5774-XZTQC,7,20.45,150.75,No,663.0255261660978,Standard-Value
2676-SSLTO,49,66.15,3199.0,No,2144.7011518771333,Standard-Value
6266-QHOJZ,65,89.85,5844.65,No,2913.0974829351535,Standard-Value
7269-JISCY,55,45.05,2462.6,No,1460.6014647326508,Standard-Value
0363-SVHYR,71,86.85,6263.8,No,2815.8321245733787,Standard-Value
8547-NSBBO,35,96.75,3403.4,No,3136.8078071672358,High-Value
8258-GSTJK,3,77.0,237.75,Yes,2496.477531285552,Standard-Value
6861-OKBCE,11,20.1,221.35,Yes,651.6779010238909,Standard-Value
9940-RHLFB,1,75.3,75.3,Yes,2441.360494880546,Standard-Value
6591-QGOYB,17,106.65,1672.1,No,3457.783489761093,High-Value
9070-BCKQP,72,110.15,7881.2,No,3571.259741183163,High-Value
6421-SZVEM,28,82.85,2320.8,No,2686.1449800910127,Standard-Value
1328-EUZHC,18,20.1,370.5,No,651.6779010238909,Standard-Value
2995-UPRYS,40,99.2,4062.2,Yes,3216.241183162685,High-Value
8878-RYUKI,52,59.45,3043.7,No,1927.4751848691697,Standard-Value
9633-DENPU,47,58.6,2723.4,No,1899.916666666667,Standard-Value
7811-JIVPF,23,49.7,1081.25,No,1611.3627701934017,Standard-Value
7113-HIPFI,66,65.85,4097.05,No,2134.9746160409554,Standard-Value
8541-QVFKM,8,73.5,632.2,No,2383.0012798634816,Standard-Value
6686-YPGHK,47,85.5,4042.3,Yes,2772.0627133105804,Standard-Value
1383-EZRWL,7,20.05,164.85,Yes,650.0568117178613,Standard-Value
9258-CNWAC,71,113.65,8166.8,No,3684.7359926052336,High-Value
5371-VYLSX,50,83.4,4113.7,No,2703.9769624573382,Standard-Value
6374-AFWOX,46,65.65,3047.15,No,2128.4902588168375,Standard-Value
4759-TRPLW,1,70.4,70.4,Yes,2282.493742889648,Standard-Value
5317-FLPJF,66,61.35,4193.4,No,1989.0765784982937,Standard-Value
7621-VPNET,42,85.9,3729.75,No,2785.0314277588172,Standard-Value
6034-YMTOB,5,75.65,399.45,No,2452.7081200227535,Standard-Value
8563-IIOXK,7,49.75,331.3,Yes,1612.9838594994312,Standard-Value
4903-CNOZC,29,70.9,1964.6,No,2298.7046359499436,Standard-Value
4353-HYOJD,27,49.85,1336.15,No,1616.2260381114904,Standard-Value
8020-BWHYL,15,75.3,1147.45,Yes,2441.360494880546,Standard-Value
7267-FRMJW,25,20.1,486.05,No,651.6779010238909,Standard-Value
2982-VPSGI,11,94.0,1078.9,Yes,3047.647895335609,High-Value
4188-FRABG,57,103.05,5925.75,No,3341.0650597269628,High-Value
8199-ZLLSA,67,118.35,7804.15,Yes,3837.118387372014,High-Value
4128-ETESU,47,99.7,4747.2,No,3232.452076222981,High-Value
0620-DLSLK,13,81.9,1028.9,No,2655.344283276451,Standard-Value
4625-EWPTF,8,30.45,226.45,Yes,987.2433873720137,Standard-Value
5980-NOPLP,44,96.1,4364.1,Yes,3115.733646188851,High-Value
3850-OKINF,71,66.2,4692.55,No,2146.322241183163,Standard-Value
6892-XPFPU,24,104.25,2433.9,Yes,3379.971203071673,High-Value
8010-EZLOU,15,80.2,1217.25,Yes,2600.227246871445,Standard-Value
1156-ZFYDO,1,19.75,19.75,No,640.3302758816837,Standard-Value
3295-YVUSR,2,72.6,154.3,No,2353.821672354949,Standard-Value
8016-NCFVO,55,116.5,6382.55,No,3777.1380830489197,High-Value
4119-ZYPZY,71,106.8,7623.2,No,3462.646757679181,High-Value
5549-ZGHFB,50,24.95,1261.45,No,808.92356370876,Standard-Value
7577-SWIFR,1,89.25,89.25,No,2893.6444112627987,Standard-Value
0303-WMMRN,5,19.25,86.05,No,624.119382821388,Standard-Value
6408-OTUBZ,66,104.55,6779.05,No,3389.69773890785,High-Value
5204-HMGYF,49,87.2,4345.0,No,2827.1797497155862,Standard-Value
1078-TDCRN,3,30.75,82.85,No,996.9699232081912,Standard-Value
3727-OVPRY,66,25.7,1714.55,No,833.2399032992037,Standard-Value
3797-FKOGQ,11,86.2,893.2,No,2794.7579635949946,Standard-Value
7622-NXQZR,28,30.1,810.85,No,975.8957622298067,Standard-Value
6196-HBOBZ,65,99.35,6347.55,No,3221.1044510807737,High-Value
3970-XGJDU,62,19.2,1123.65,No,622.4982935153583,Standard-Value
7017-VFULY,2,20.1,43.15,No,651.6779010238909,Standard-Value
5562-YJQGT,2,20.35,35.1,No,659.7833475540388,Standard-Value
8807-OPMBM,55,25.65,1388.0,No,831.6188139931741,Standard-Value
5439-WIKXB,41,94.55,3851.45,No,3065.479877701934,High-Value
9874-QLCLH,17,104.2,1743.5,Yes,3378.350113765643,High-Value
8294-UIMBA,30,94.4,2638.1,No,3060.616609783846,High-Value
8109-YUOHE,17,56.1,946.95,No,1818.862201365188,Standard-Value
5840-NVDCG,16,68.25,1114.85,No,2212.7869027303755,Standard-Value
8092-NLTGF,72,24.75,1777.6,No,802.4392064846417,Standard-Value
5928-QLDHB,9,76.25,684.85,No,2472.1611916951083,Standard-Value
9840-EFJQB,1,74.35,74.35,No,2410.559798065984,Standard-Value
0696-UKTOX,23,54.15,1312.45,No,1755.6397184300342,Standard-Value
4801-KFYKL,8,19.45,159.2,No,630.6037400455062,Standard-Value
3472-OAOOR,19,34.95,610.2,No,1133.141424914676,Standard-Value
6135-OZQVA,7,53.65,404.35,No,1739.4288253697384,Standard-Value
8062-YBDOE,1,69.65,69.65,Yes,2258.177403299204,Standard-Value
2252-JHJGE,61,104.0,6363.45,No,3371.8657565415247,High-Value
4188-PCPIG,57,70.35,4124.65,No,2280.8726535836176,Standard-Value
6000-APYLU,9,80.8,713.1,Yes,2619.6803185438,Standard-Value
7105-BENQF,15,64.85,950.75,No,2102.552829920364,Standard-Value
7721-DVEKZ,1,19.65,19.65,No,637.0880972696245,Standard-Value
3566-VVORZ,12,45.9,505.95,No,1488.1599829351537,Standard-Value
9507-HSMMZ,54,20.0,1149.65,No,648.4357224118316,Standard-Value
2480-SQIOB,4,44.8,169.65,No,1452.496018202503,Standard-Value
0947-IDHRQ,7,80.3,526.7,Yes,2603.469425483504,Standard-Value
7813-TKCVO,20,20.35,393.15,No,659.7833475540388,Standard-Value
0128-MKWSG,26,45.8,1147.0,No,1484.9178043230945,Standard-Value
3672-YITQD,36,84.1,3021.6,Yes,2726.672212741752,Standard-Value
4350-ZTLPI,53,108.95,5718.2,No,3532.353597838453,High-Value
9048-JVYVF,3,69.35,191.35,Yes,2248.450867463026,Standard-Value
0361-HJRDX,68,64.35,4539.6,No,2086.341936860068,Standard-Value
5727-MYATE,72,90.8,6397.6,No,2943.898179749716,High-Value
3823-KYNQY,12,24.95,280.4,No,808.92356370876,Standard-Value
8988-ECPJR,34,79.6,2718.3,Yes,2580.7741751990898,Standard-Value
7570-WELNY,68,84.7,5711.05,No,2746.125284414107,Standard-Value
3021-VLNRJ,50,70.8,3478.15,No,2295.462457337884,Standard-Value
3776-EKTKM,1,36.45,36.45,Yes,1181.7741040955634,Standard-Value
2080-CAZNM,41,104.4,4133.95,No,3384.8344709897615,High-Value
1028-FFNJK,30,101.5,2917.65,No,3290.8112912400456,High-Value
6907-FLBER,1,54.3,54.3,No,1760.502986348123,Standard-Value
3001-UNBTL,29,103.95,2964.8,No,3370.2446672354954,High-Value
5982-PSMKW,23,91.1,2198.3,No,2953.6247155858932,High-Value
3507-GASNP,60,19.95,1189.9,No,646.814633105802,Standard-Value
7096-ZNBZI,72,26.45,1914.5,No,857.5562428896474,Standard-Value
1902-XBTFB,22,89.4,2001.5,Yes,2898.507679180888,Standard-Value
1676-MQAOA,72,75.1,5336.35,No,2434.8761376564275,Standard-Value
0786-IVLAW,66,108.1,7238.6,No,3504.79507963595,High-Value
7566-DSRLQ,72,110.15,7998.8,No,3571.259741183163,High-Value
0643-OKLRP,47,80.35,3825.85,Yes,2605.0905147895337,Standard-Value
7245-JMTTQ,51,111.5,5703.25,No,3615.0291524459617,High-Value
6050-IJRHS,70,106.5,7397.0,No,3452.9202218430037,High-Value
6202-JVYEU,9,19.9,164.6,No,645.1935437997724,Standard-Value
8591-TKMZH,59,111.1,6555.2,No,3602.060437997725,High-Value
0734-OXWBT,3,70.7,225.65,No,2292.220278725825,Standard-Value
4282-ACRXS,38,24.85,955.75,No,805.6813850967009,Standard-Value
0365-TRTPY,37,91.2,3382.3,No,2956.8668941979527,High-Value
7349-ALMUX,37,65.6,2313.8,No,2126.8691695108078,Standard-Value
9381-NDKME,24,40.65,933.3,Yes,1317.9456058020478,Standard-Value
6502-KUGLL,14,59.45,780.85,No,1927.4751848691697,Standard-Value
1841-YSJGV,72,109.95,7852.4,No,3564.7753839590446,High-Value
2794-XIMMO,53,60.45,3184.25,Yes,1959.8969709897613,Standard-Value
8382-SHQEH,8,84.9,764.95,Yes,2752.6096416382256,Standard-Value
3511-BFTJW,72,38.5,2763.0,No,1248.238765642776,Standard-Value
7668-XCFYV,17,92.55,1614.7,No,3000.636305460751,High-Value
2983-ZANRP,2,73.55,145.4,Yes,2384.622369169511,Standard-Value
7845-URHJN,8,20.15,156.25,Yes,653.2989903299203,Standard-Value
3034-ZBEQN,48,34.7,1604.5,Yes,1125.035978384528,Standard-Value
5018-HEKFO,10,24.5,270.15,No,794.3337599544938,Standard-Value
3976-NLDEZ,1,20.6,20.6,No,667.8887940841867,Standard-Value
2282-YGNOR,29,58.0,1734.5,No,1880.463594994312,Standard-Value
5336-UFNZP,65,107.45,7047.5,No,3483.7209186575656,High-Value
6854-EXGSF,8,65.5,573.15,No,2123.6269908987488,Standard-Value
1241-EZFMJ,61,25.45,1538.6,No,825.1344567690558,Standard-Value
9233-PSYHO,45,100.15,4459.8,No,3247.0418799772474,High-Value
5376-PCKNB,72,104.45,7459.0,No,3386.455560295791,High-Value
8044-BGWPI,12,21.15,306.05,No,685.720776450512,Standard-Value
4060-LDNLU,7,96.2,639.7,No,3118.9758248009102,High-Value
3589-PPVKW,9,44.4,348.15,No,1439.5273037542663,Standard-Value
8327-LZKAS,43,107.55,4533.9,Yes,3486.9630972696245,High-Value
5887-IKKYO,58,94.35,5563.65,No,3058.9955204778157,High-Value
1075-BGWOH,16,98.75,1587.55,Yes,3201.651379408419,High-Value
1755-RMCXH,2,20.3,40.25,No,658.1622582480092,Standard-Value
0302-JOIVN,8,101.15,842.9,Yes,3279.463666097839,High-Value
3858-XHYJO,40,105.75,4228.55,No,3428.60388225256,High-Value
4299-SIMNS,9,81.15,784.45,No,2631.0279436860073,Standard-Value
7025-IWFHT,41,89.55,3729.75,No,2903.370947098976,Standard-Value
6261-LHRTG,26,54.75,1406.9,No,1775.0927901023892,Standard-Value
7841-FCRQD,33,53.75,1857.3,No,1742.6710039817976,Standard-Value
2056-EVGZL,68,105.75,7322.5,No,3428.60388225256,High-Value
8777-MBMTS,65,105.85,6725.5,No,3431.846060864619,High-Value
7753-USQYQ,55,64.2,3627.3,No,2081.47866894198,Standard-Value
5366-IJEQJ,20,88.7,1761.45,Yes,2875.8124288964736,Standard-Value
7661-CPURM,19,87.7,1725.95,No,2843.390642775882,Standard-Value
6233-HXJMX,45,89.3,4192.15,No,2895.2655005688284,Standard-Value
5902-WBLSE,70,20.15,1411.2,No,653.2989903299203,Standard-Value
1981-INRFU,2,79.75,164.5,Yes,2585.637443117179,Standard-Value
4971-PUYQO,27,94.55,2724.6,Yes,3065.479877701934,High-Value
3239-TPHPZ,12,20.05,264.55,No,650.0568117178613,Standard-Value
5115-GZDEL,72,67.2,4671.7,No,2178.7440273037546,Standard-Value
3338-CVVEH,12,94.55,1173.55,No,3065.479877701934,High-Value
8485-GJCDN,5,69.05,318.5,Yes,2238.7243316268487,Standard-Value
2615-YVMYX,71,107.5,7713.55,No,3485.3420079635953,High-Value
2851-STERV,35,73.0,2471.25,No,2366.790386803186,Standard-Value
4393-GEADV,70,114.75,7842.3,No,3720.399957337884,High-Value
8486-AYEQH,31,76.05,2227.8,No,2465.67683447099,Standard-Value
1527-SXDPN,52,96.25,4990.25,Yes,3120.59691410694,High-Value
6029-WTIPC,37,101.1,3744.05,Yes,3277.842576791809,High-Value
8634-CILSZ,69,104.7,7220.35,Yes,3394.561006825939,High-Value
5419-JKZNQ,30,77.9,2351.45,No,2525.6571387940844,Standard-Value
2495-KZNFB,33,90.65,2989.6,No,2939.034911831627,High-Value
1409-PHXTF,54,110.45,6077.75,No,3580.9862770193404,High-Value
4560-WQAQW,59,68.7,4070.95,No,2227.376706484642,Standard-Value
9591-YVTEB,55,44.85,2479.05,No,1454.1171075085326,Standard-Value
9309-BZGNT,69,29.8,2134.3,No,966.1692263936292,Standard-Value
4274-DRSQT,66,88.9,6000.1,No,2882.296786120592,Standard-Value
2027-DNKIV,37,58.75,2203.1,No,1904.7799345847554,Standard-Value
8075-GXIUB,9,19.85,183.15,No,643.572454493743,Standard-Value
2885-HIJDH,69,86.9,6194.1,No,2817.453213879409,Standard-Value
5424-RLQLC,10,59.65,638.95,No,1933.9595420932878,Standard-Value
6682-QJDGB,40,55.25,2139.2,Yes,1791.303683162685,Standard-Value
6507-DTJZV,13,66.4,831.75,No,2152.8065984072814,Standard-Value
8780-IXSTS,6,90.1,521.3,Yes,2921.2029294653016,High-Value
7673-BQGKU,69,20.15,1337.5,No,653.2989903299203,Standard-Value
6723-WSNTY,66,108.1,7181.95,No,3504.79507963595,High-Value
9530-EHPOH,11,53.75,608.0,Yes,1742.6710039817976,Standard-Value
2725-IWWBA,46,56.9,2560.1,No,1844.7996302616612,Standard-Value
0345-HKJVM,6,89.3,577.6,Yes,2895.2655005688284,Standard-Value
1061-PNTHC,56,109.6,5953.0,No,3553.4277588168375,High-Value
0394-YONDK,70,25.15,1790.15,No,815.4079209328783,Standard-Value
6574-MCOEH,33,79.15,2531.4,No,2566.184371444824,Standard-Value
7399-QHBJS,72,66.75,4760.3,No,2164.154223549488,Standard-Value
3049-SOLAY,3,95.2,292.85,Yes,3086.554038680319,High-Value
0997-YTLNY,19,48.8,953.65,No,1582.183162684869,Standard-Value
3317-HRTNN,5,45.7,198.0,Yes,1481.6756257110355,Standard-Value
9479-HYNYL,71,80.7,5705.05,No,2616.438139931741,Standard-Value
3235-ETOOB,8,74.5,609.9,Yes,2415.423065984073,Standard-Value
9708-KFDBY,1,20.55,20.55,No,666.267704778157,Standard-Value
8058-INTPH,1,79.65,79.65,Yes,2582.39526450512,Standard-Value
3642-GKTCT,61,115.1,6993.65,No,3731.7475824800913,High-Value
0774-RMNUW,71,59.7,4122.65,No,1935.5806313993176,Standard-Value
1334-PDUKM,68,86.45,5762.95,No,2802.8634101251423,Standard-Value
0756-MPZRL,46,33.7,1537.85,No,1092.6141922639365,Standard-Value
2242-MFOTG,33,80.1,2603.3,No,2596.9850682593856,Standard-Value
2927-CVULT,53,104.05,5566.4,No,3373.4868458475544,High-Value
2144-BFDSO,50,108.75,5431.9,No,3525.8692406143346,High-Value
8745-PVESG,57,41.1,2258.25,No,1332.535409556314,Standard-Value
7647-GYYKX,54,20.35,1092.35,No,659.7833475540388,Standard-Value
5647-FXOTP,60,105.9,6401.25,No,3433.467150170649,High-Value
5569-OUICF,28,101.3,2812.2,Yes,3284.3269340159272,High-Value
8821-XNHVZ,1,80.05,80.05,Yes,2595.3639789533563,Standard-Value
2082-OJVTK,29,89.2,2698.35,Yes,2892.0233219567695,Standard-Value
9700-ISPUP,10,65.5,616.9,No,2123.6269908987488,Standard-Value
9839-ETQOE,43,40.45,1912.85,No,1311.4612485779296,Standard-Value
6078-VESFR,13,70.45,849.1,No,2284.114832195677,Standard-Value
9027-TMATR,43,78.8,3460.3,No,2554.8367463026166,Standard-Value
5940-NFXKV,19,83.65,1465.75,Yes,2712.0824089874864,Standard-Value
1941-HOSAM,1,90.1,90.1,No,2921.2029294653016,High-Value
9110-HSGTV,69,82.45,5555.3,No,2673.1762656427763,Standard-Value
0704-VCUMB,61,20.25,1278.8,No,656.5411689419795,Standard-Value
6171-ZTVYB,43,66.25,2907.35,No,2147.9433304891922,Standard-Value
8053-WWDRO,6,19.5,146.3,Yes,632.2248293515358,Standard-Value
9564-KCLHR,1,51.25,51.25,Yes,1661.6165386803186,Standard-Value
1935-IMVBB,56,89.7,4952.95,No,2908.2342150170653,Standard-Value
2535-PBCGC,70,64.55,4504.9,No,2092.8262940841864,Standard-Value
2082-CEFLT,1,45.6,45.6,Yes,1478.4334470989763,Standard-Value
1470-PSXNM,49,93.65,4520.15,No,3036.300270193402,High-Value
1213-NGCUN,6,49.65,267.35,Yes,1609.741680887372,Standard-Value
2498-XLDZR,32,73.6,2316.85,No,2386.2434584755406,Standard-Value
9866-OCCKE,72,109.75,8075.35,No,3558.291026734926,High-Value
5338-YHWYT,37,61.45,2302.35,No,1992.3187571103529,Standard-Value
7718-UPSKJ,69,106.4,7251.9,No,3449.6780432309447,High-Value
8731-WBBMB,26,81.9,2078.55,No,2655.344283276451,Standard-Value
1448-CYWKC,58,105.2,6225.4,No,3410.7718998862347,High-Value
7901-IIDQV,24,54.6,1242.25,No,1770.2295221843005,Standard-Value
2690-DVRVK,5,20.55,99.45,No,666.267704778157,Standard-Value
5688-KZTSN,15,20.0,288.05,Yes,648.4357224118316,Standard-Value
1270-XKUCC,30,19.7,599.25,No,638.7091865756541,Standard-Value
0334-ZFJSR,55,66.05,3462.1,No,2141.458973265074,Standard-Value
2894-QOJRX,25,34.0,853.0,Yes,1102.340728100114,Standard-Value
5747-PMBSQ,10,92.5,934.1,Yes,2999.0152161547217,High-Value
5583-EJXRD,44,54.05,2375.2,No,1752.397539817975,Standard-Value
4565-EVZMJ,47,58.9,2813.05,No,1909.6432025028441,Standard-Value
3143-JQEGI,13,88.35,1222.8,Yes,2864.464803754266,Standard-Value
6386-SZZKH,49,107.95,5293.2,Yes,3499.9318117178614,High-Value
3327-YBAKM,64,96.9,6314.35,No,3141.6710750853244,High-Value
9441-QHEVC,1,19.1,19.1,No,619.2561149032992,Standard-Value
6705-LNMDD,20,50.0,1003.05,No,1621.0893060295791,Standard-Value
2580-ASVVY,37,45.4,1593.1,No,1471.949089874858,Standard-Value
3370-GQEAL,30,85.45,2509.95,No,2770.4416240045507,Standard-Value
5032-USPKF,38,84.1,3187.65,No,2726.672212741752,Standard-Value
2982-IHMFT,1,74.45,74.45,Yes,2413.8019766780435,Standard-Value
3521-SYVOR,37,64.75,2345.2,Yes,2099.310651308305,Standard-Value
4254-QPEDE,52,66.25,3330.1,No,2147.9433304891922,Standard-Value
6283-GITPX,71,76.9,5522.7,No,2493.235352673493,Standard-Value
9526-JAWYF,26,89.8,2335.3,Yes,2911.4763936291242,Standard-Value
0771-CHWSK,66,74.6,4798.4,No,2418.6652445961317,Standard-Value
9788-HNGUT,72,116.95,8594.4,No,3791.727886803186,High-Value
9495-REDIY,25,40.65,970.55,No,1317.9456058020478,Standard-Value
5375-XLDOF,69,114.35,7665.8,No,3707.4312428896474,High-Value
1172-VIYBP,53,69.7,3686.05,No,2259.7984926052336,Standard-Value
5649-VUKMC,12,95.5,1115.15,Yes,3096.2805745164965,High-Value
6559-PDZLR,26,98.65,2537.0,No,3198.40920079636,High-Value
8992-OBVDG,21,61.65,1393.6,No,1998.803114334471,Standard-Value
4273-MBHYA,1,89.35,89.35,No,2896.8865898748577,Standard-Value
4724-WXVWF,48,95.4,4445.3,No,3093.0383959044375,High-Value
5701-GUXDC,26,35.4,978.6,No,1147.731228668942,Standard-Value
1460-UZPRJ,60,19.95,1258.15,No,646.814633105802,Standard-Value
6082-GLJIX,18,19.25,331.35,No,624.119382821388,Standard-Value
5143-EGQFK,10,29.65,291.4,Yes,961.3059584755404,Standard-Value
4919-IKATY,5,84.5,453.75,Yes,2739.640927189989,Standard-Value
2495-TTHBQ,4,20.4,84.75,No,661.4044368600682,Standard-Value
0485-ZBSLN,65,24.75,1715.1,No,802.4392064846417,Standard-Value
3810-PJUHR,70,25.35,1715.15,No,821.8922781569967,Standard-Value
9050-QLROH,18,90.7,1597.25,Yes,2940.656001137657,High-Value
0847-HGRML,62,20.0,1250.1,No,648.4357224118316,Standard-Value
8232-CTLKO,66,59.75,3996.8,No,1937.201720705347,Standard-Value
9227-YBAXE,65,82.5,5215.1,No,2674.7973549488056,Standard-Value
6168-WFVVF,3,70.3,235.5,Yes,2279.2515642775884,Standard-Value
9860-LISIZ,34,20.35,673.2,No,659.7833475540388,Standard-Value
0112-QAWRZ,16,90.8,1442.2,No,2943.898179749716,High-Value
0877-SDMBN,54,103.95,5639.05,Yes,3370.2446672354954,High-Value
2786-GCDPI,50,104.95,5222.35,No,3402.666453356087,High-Value
4043-MKDTV,71,105.25,7291.75,No,3412.3929891922644,High-Value
8065-YKXKD,10,74.75,799.65,Yes,2423.528512514221,Standard-Value
9637-EIHEQ,1,50.8,50.8,Yes,1647.0267349260523,Standard-Value
9229-RQABD,18,23.75,424.5,No,770.0174203640502,Standard-Value
8313-KTIHG,4,61.3,249.4,No,1987.455489192264,Standard-Value
5320-BRKGK,58,75.8,4415.75,No,2457.5713879408418,Standard-Value
6284-KMNUF,56,98.0,5270.6,No,3177.335039817975,High-Value
9689-PTNPG,2,80.25,144.55,Yes,2601.8483361774747,Standard-Value
9465-RWMXL,32,78.9,2447.95,Yes,2558.078924914676,Standard-Value
6229-UOLQL,56,52.0,2884.9,No,1685.9328782707623,Standard-Value
2362-IBOOY,36,84.75,3050.15,Yes,2747.746373720137,Standard-Value
3137-LUPIX,4,64.4,253.0,No,2087.963026166098,Standard-Value
0843-WTBXE,53,85.45,4517.25,Yes,2770.4416240045507,Standard-Value
6143-JQKEA,10,45.8,436.2,No,1484.9178043230945,Standard-Value
8676-OOQEJ,4,30.5,118.4,No,988.8644766780433,Standard-Value
5515-IDEJJ,1,19.9,19.9,Yes,645.1935437997724,Standard-Value
9701-CDXHR,51,69.15,3649.6,No,2241.966510238908,Standard-Value
7450-NWRTR,12,99.45,1200.15,Yes,3224.346629692833,High-Value
8124-NZVGJ,6,49.25,255.6,No,1596.7729664391354,Standard-Value
2162-FRZAA,63,39.35,2395.05,No,1275.7972838452788,Standard-Value
5376-DEQCP,1,70.6,70.6,Yes,2288.978100113766,Standard-Value
5118-MUEYH,48,105.1,5083.55,No,3407.5297212741752,High-Value
9095-HFAFX,5,81.0,389.6,Yes,2626.164675767918,Standard-Value
5627-TVBPP,35,20.1,644.5,No,651.6779010238909,Standard-Value
2379-ENZGV,6,84.85,523.5,Yes,2750.988552332196,Standard-Value
3936-QQFLL,2,19.75,39.3,No,640.3302758816837,Standard-Value
2589-AYCRP,50,19.75,989.05,No,640.3302758816837,Standard-Value
4067-HLYQI,33,70.4,2406.1,No,2282.493742889648,Standard-Value
5124-EOGYE,31,20.45,638.55,No,663.0255261660978,Standard-Value
5057-RKGLH,9,20.35,191.1,No,659.7833475540388,Standard-Value
0292-WEGCH,54,86.2,4524.05,No,2794.7579635949946,Standard-Value
8910-ICHIU,46,95.65,4664.2,No,3101.143842434585,High-Value
4097-YODCF,34,103.8,3470.8,No,3365.3813993174062,High-Value
9715-WZCLW,71,97.2,6910.3,No,3151.397610921502,High-Value
9786-YWNHU,63,63.55,4014.2,No,2060.4045079635953,Standard-Value
6407-GSJNL,51,24.95,1288.0,No,808.92356370876,Standard-Value
6005-OBZPH,26,89.15,2277.65,Yes,2890.4022326507397,Standard-Value
4049-ZPALD,64,99.0,6375.8,No,3209.7568259385666,High-Value
7932-WPTDS,1,24.8,24.8,Yes,804.0602957906713,Standard-Value
3733-UOCWF,61,85.55,5251.75,No,2773.6838026166097,Standard-Value
6833-JMZYP,15,94.0,1505.45,No,3047.647895335609,High-Value
2722-VOJQL,64,105.65,6903.1,Yes,3425.361703640501,High-Value
1310-QRITU,18,50.3,913.3,No,1630.8158418657565,Standard-Value
8961-QDZZJ,57,95.0,5535.8,No,3080.0696814562007,High-Value
9715-SBVSU,14,61.4,815.55,No,1990.6976678043231,Standard-Value
8490-BXHEO,18,80.55,1411.65,No,2611.574872013652,Standard-Value
7173-TETGO,72,78.5,5602.25,No,2545.110210466439,Standard-Value
7929-SKFGK,70,114.3,8244.3,No,3705.810153583618,High-Value
2300-RQGOI,38,20.05,741.5,No,650.0568117178613,Standard-Value
3563-SVYLG,68,62.65,4375.8,No,2031.2249004550627,Standard-Value
5228-EXCET,13,80.85,1008.7,Yes,2621.3014078498295,Standard-Value
6435-VWCCY,65,92.7,5968.4,No,3005.49957337884,High-Value
4998-IKFSE,30,100.45,3096.9,No,3256.768415813425,High-Value
8630-QSGXK,51,75.2,3901.25,No,2438.118316268487,Standard-Value
2455-USLMV,31,84.75,2613.4,No,2747.746373720137,Standard-Value
7394-FKDNK,9,89.45,853.1,Yes,2900.128768486917,Standard-Value
9488-FVZCC,72,79.5,5661.7,No,2577.531996587031,Standard-Value
6331-LWDTQ,10,72.15,794.25,Yes,2339.231868600683,Standard-Value
5995-WWKKG,37,19.8,695.05,No,641.9513651877133,Standard-Value
1597-FZREH,2,76.4,160.8,Yes,2477.024459613197,Standard-Value
7879-CGSFV,55,100.9,5552.05,No,3271.358219567691,High-Value
9921-EZKBY,33,95.3,3275.15,No,3089.796217292378,High-Value
7432-FFVAR,46,90.95,4236.6,No,2948.7614476678045,High-Value
7246-ZGQDF,1,54.5,54.5,No,1766.9873435722413,Standard-Value
7000-WCEVQ,20,61.6,1174.35,Yes,1997.1820250284416,Standard-Value
0727-IWKVK,9,79.9,741.7,Yes,2590.5007110352676,Standard-Value
5959-BELXA,32,96.15,3019.25,Yes,3117.354735494881,High-Value
4456-RHSNB,19,49.6,962.9,No,1608.1205915813425,Standard-Value
3512-IZIKN,70,65.3,4759.75,Yes,2117.1426336746304,Standard-Value
2481-SBOYW,61,25.0,1498.35,No,810.5446530147896,Standard-Value
7109-MFBYV,26,45.45,1233.15,No,1473.5701791808876,Standard-Value
1833-TCXKK,45,107.75,4882.8,No,3493.447454493743,High-Value
1832-PEUTS,62,89.1,5411.65,No,2888.78114334471,Standard-Value
6141-OOXUQ,1,19.65,19.65,Yes,637.0880972696245,Standard-Value
8660-BUETV,3,44.75,148.05,No,1450.8749288964734,Standard-Value
0580-PIQHM,41,101.6,3930.55,No,3294.0534698521046,High-Value
5696-CEIQJ,67,103.15,6895.5,No,3344.307238339022,High-Value
7503-ZGUZJ,1,84.65,84.65,Yes,2744.504195108078,Standard-Value
1696-HXOWK,71,95.65,6856.95,No,3101.143842434585,High-Value
3026-ATZYV,37,75.1,2658.8,No,2434.8761376564275,Standard-Value
4012-YCFAI,60,61.35,3766.2,No,1989.0765784982937,Standard-Value
2506-TNFCO,1,69.55,69.55,Yes,2254.9352246871445,Standard-Value
9970-QBCDA,6,19.7,129.55,No,638.7091865756541,Standard-Value
8718-PTMEZ,13,31.05,347.25,Yes,1006.6964590443687,Standard-Value
9496-IVVRP,11,51.0,581.7,No,1653.5110921501707,Standard-Value
2207-OBZNX,7,51.0,354.05,Yes,1653.5110921501707,Standard-Value
2657-VPXTA,10,88.85,929.45,No,2880.675696814562,Standard-Value
6551-VLJMV,34,20.05,679.0,No,650.0568117178613,Standard-Value
1221-GHZEP,62,65.1,3846.75,No,2110.658276450512,Standard-Value
9289-LBQVU,64,70.15,4480.7,No,2274.3882963594997,Standard-Value
6142-VSJQO,1,44.35,44.35,Yes,1437.9062144482368,Standard-Value
3458-IDMFK,25,20.75,499.4,No,672.7520620022754,Standard-Value
6933-FHBZC,26,56.05,1553.2,No,1817.2411120591582,Standard-Value
0221-NAUXK,10,19.95,219.5,No,646.814633105802,Standard-Value
9770-KXGQU,53,98.6,5311.85,No,3196.78811149033,High-Value
6437-UKHMV,7,79.7,586.05,Yes,2584.016353811149,Standard-Value
6538-POCHL,33,79.0,2576.8,No,2561.321103526735,Standard-Value
6726-NNFWD,71,89.45,6435.25,No,2900.128768486917,Standard-Value
3002-WQZWT,29,74.2,1993.25,No,2405.696530147896,Standard-Value
4277-UDIEF,24,81.0,1923.85,No,2626.164675767918,Standard-Value
1208-NBVFH,20,49.6,939.8,No,1608.1205915813425,Standard-Value
4912-PIGUY,1,84.6,84.6,No,2742.883105802048,Standard-Value
1114-CENIM,54,55.0,3092.65,Yes,1783.1982366325371,Standard-Value
6060-DRTNL,5,84.85,415.55,Yes,2750.988552332196,Standard-Value
2725-TTRIQ,72,84.2,5986.55,No,2729.9143913538114,Standard-Value
3374-TTZTK,52,106.3,5487.0,No,3446.4358646188853,High-Value
8990-ZXLSU,9,69.05,651.5,No,2238.7243316268487,Standard-Value
2275-RBYQS,1,45.4,45.4,No,1471.949089874858,Standard-Value
8473-VUVJN,1,73.65,73.65,Yes,2387.8645477815703,Standard-Value
6289-CPNLD,33,73.9,2405.05,Yes,2395.9699943117184,Standard-Value
5536-SLHPM,55,77.75,4458.15,Yes,2520.7938708759957,Standard-Value
4419-UJMUS,69,99.35,6856.45,No,3221.1044510807737,High-Value
7794-JASDG,1,50.75,50.75,No,1645.4056456200228,Standard-Value
7609-YBPXG,54,87.1,4735.2,No,2823.937571103527,Standard-Value
5519-TEEUH,33,20.15,682.15,No,653.2989903299203,Standard-Value
7856-GANIL,45,98.7,4525.8,No,3200.0302901023892,High-Value
0804-XBFBV,11,25.2,321.05,No,817.0290102389079,Standard-Value
2676-OXPPQ,6,55.7,335.65,No,1805.8934869169514,Standard-Value
3703-TTEPD,21,65.35,1424.4,No,2118.7637229806596,Standard-Value
2799-TSLAG,65,25.3,1748.55,No,820.2711888509671,Standard-Value
0196-VULGZ,6,84.35,474.9,Yes,2734.7776592719,Standard-Value
8837-VVWLQ,8,84.95,668.4,Yes,2754.2307309442554,Standard-Value
2696-NARTR,11,73.85,926.25,Yes,2394.3489050056883,Standard-Value
2208-NKVVH,43,24.25,1077.95,No,786.2283134243459,Standard-Value
7614-QVWQL,49,51.8,2541.25,Yes,1679.448521046644,Standard-Value
1976-CFOCS,1,46.0,46.0,Yes,1491.402161547213,Standard-Value
4631-OACRM,15,79.4,1156.1,Yes,2574.289817974972,Standard-Value
7139-JZFVG,60,60.5,3694.45,No,1961.5180602957907,Standard-Value
4987-GQWPO,17,25.1,382.8,No,813.7868316268488,Standard-Value
3755-JBMNH,16,71.8,1167.8,Yes,2327.884243458476,Standard-Value
1757-TCATG,35,20.05,746.75,No,650.0568117178613,Standard-Value
6345-ULYRW,44,88.4,3912.9,Yes,2866.0858930602963,Standard-Value
4776-XSKYQ,12,30.25,368.85,No,980.7590301478954,Standard-Value
8048-DSDFQ,1,20.2,20.2,No,654.92007963595,Standard-Value
5753-QQWPW,28,59.9,1654.7,No,1942.0649886234357,Standard-Value
6010-DDPPW,70,25.15,1940.85,No,815.4079209328783,Standard-Value
1809-DMJHQ,5,46.0,221.7,Yes,1491.402161547213,Standard-Value
6693-FRIRW,18,101.3,1794.65,No,3284.3269340159272,High-Value
6586-MYGKD,70,76.95,5289.8,No,2494.8564419795225,Standard-Value
3173-NVMPX,9,55.3,501.2,No,1792.9247724687145,Standard-Value
0248-PGHBZ,67,92.45,6140.85,No,2997.394126848692,High-Value
0623-GDISB,1,48.45,48.45,No,1570.8355375426622,Standard-Value
2892-GESUL,18,19.35,309.25,No,627.3615614334472,Standard-Value
6923-EFPNL,4,51.75,201.1,Yes,1677.8274317406144,Standard-Value
7472-EQOAV,71,86.7,6179.35,No,2810.9688566552904,Standard-Value
9574-RKJIF,30,94.4,2838.7,Yes,3060.616609783846,High-Value
2043-WVTQJ,1,55.7,55.7,No,1805.8934869169514,Standard-Value
8034-RYTVV,55,84.25,4589.85,No,2731.535480659841,Standard-Value
3863-QSTYI,59,64.65,3735.45,No,2096.068472696246,Standard-Value
2619-WFQWU,1,70.15,70.15,Yes,2274.3882963594997,Standard-Value
5044-LRQAQ,7,69.2,477.55,No,2243.587599544938,Standard-Value
1716-LSAMB,45,54.65,2553.7,No,1771.85061149033,Standard-Value
1333-PBMXB,54,24.75,1342.15,No,802.4392064846417,Standard-Value
6546-OPBBH,51,23.95,1216.35,No,776.5017775881685,Standard-Value
5985-BEHZK,72,105.0,7578.05,No,3404.2875426621163,High-Value
9127-QRZMH,44,59.85,2603.95,No,1940.4438993174062,Standard-Value
5919-VCZYM,2,20.05,42.7,No,650.0568117178613,Standard-Value
9644-KVCNC,66,92.15,6056.9,No,2987.6675910125145,High-Value
2137-DQMEV,68,44.8,2983.65,No,1452.496018202503,Standard-Value
8174-LNWMW,31,20.9,689.35,No,677.615329920364,Standard-Value
9279-CJEOJ,21,95.4,2025.1,No,3093.0383959044375,High-Value
7964-VEXDG,21,80.35,1747.2,No,2605.0905147895337,Standard-Value
2404-JIBFC,55,85.1,4657.95,No,2759.0939988623436,Standard-Value
0778-NELLA,9,34.7,296.1,Yes,1125.035978384528,Standard-Value
8029-XYPWT,71,115.05,8016.6,No,3730.1264931740616,High-Value
4614-NUVZD,1,81.1,81.1,Yes,2629.406854379977,Standard-Value
4632-PAOYU,22,19.95,433.5,No,646.814633105802,Standard-Value
3803-KMQFW,1,20.55,20.55,Yes,666.267704778157,Standard-Value
6804-GDMOI,61,106.6,6428.4,Yes,3456.1624004550627,High-Value
2990-OGYTD,67,86.15,5883.85,No,2793.136874288965,Standard-Value
6646-JPPHA,14,78.85,1043.8,No,2556.4578356086463,Standard-Value
9572-MTILT,59,106.75,6252.9,Yes,3461.0256683731513,High-Value
7658-UYUQS,21,86.55,1857.25,No,2806.1055887372013,Standard-Value
7880-XSOJX,4,42.4,146.4,No,1374.683731513083,Standard-Value
9611-CTWIH,3,89.45,240.45,Yes,2900.128768486917,Standard-Value
4589-IUAJB,70,24.25,1724.15,No,786.2283134243459,Standard-Value
0329-GTIAJ,3,97.9,315.3,Yes,3174.092861205916,High-Value
8746-BFOAJ,21,20.5,429.55,No,664.6466154721275,Standard-Value
8457-XIGKN,20,19.6,356.15,No,635.467007963595,Standard-Value
6072-NUQCB,22,20.25,488.25,No,656.5411689419795,Standard-Value
6629-CZTTH,1,55.7,55.7,Yes,1805.8934869169514,Standard-Value
8838-GPHZP,63,20.6,1298.7,No,667.8887940841867,Standard-Value
8750-QWZAJ,70,19.8,1378.75,No,641.9513651877133,Standard-Value
5364-EVNIB,13,79.8,973.45,Yes,2587.258532423208,Standard-Value
6918-UMQCG,5,80.2,384.25,No,2600.227246871445,Standard-Value
0675-NCDYU,72,116.4,8543.25,No,3773.8959044368607,High-Value
6339-DKLMK,13,31.65,389.95,No,1026.1495307167236,Standard-Value
1346-PJWTK,61,94.15,5731.85,No,3052.5111632536978,High-Value
5088-QZLRL,1,20.65,20.65,No,669.5098833902161,Standard-Value
8023-QHAIO,56,76.85,4275.75,No,2491.614263367463,Standard-Value
4397-FRLTA,4,20.15,84.5,No,653.2989903299203,Standard-Value
3057-VJJQE,35,55.25,1924.1,No,1791.303683162685,Standard-Value
5087-SUURX,18,39.05,669.85,Yes,1266.0707480091012,Standard-Value
2302-OUZXB,72,82.15,5784.3,No,2663.449729806599,Standard-Value
8133-ANHHJ,49,103.0,5166.2,No,3339.443970420933,High-Value
2270-CHBFN,44,95.1,4060.55,No,3083.3118600682596,High-Value
0013-EXCHZ,3,83.9,267.4,Yes,2720.187855517634,Standard-Value
5982-FPVQN,37,95.15,3532.85,No,3084.9329493742894,High-Value
9107-UKCKY,61,79.8,4914.8,No,2587.258532423208,Standard-Value
4654-ULTTN,70,74.8,5315.8,No,2425.14960182025,Standard-Value
5550-VFRLC,1,69.85,69.85,Yes,2264.661760523322,Standard-Value
5546-BYZSM,41,20.45,775.6,No,663.0255261660978,Standard-Value
1492-KGETH,70,78.35,5445.95,No,2540.2469425483505,Standard-Value
4929-BSTRX,1,53.55,53.55,Yes,1736.1866467576792,Standard-Value
4163-HFTUK,51,19.1,1007.8,No,619.2561149032992,Standard-Value
8215-NGSPE,42,20.0,833.55,No,648.4357224118316,Standard-Value
2225-ZRGSG,70,93.9,6579.05,Yes,3044.40571672355,High-Value
8859-YSTWS,48,19.95,1004.5,No,646.814633105802,Standard-Value
5271-YNWVR,68,113.15,7856.0,Yes,3668.525099544938,High-Value
7601-DHFWZ,48,24.0,1183.05,No,778.1228668941981,Standard-Value
2657-ALMWY,26,84.95,2169.75,Yes,2754.2307309442554,Standard-Value
6330-JKLPC,11,80.5,896.9,Yes,2609.9537827076224,Standard-Value
4667-OHGKG,1,19.3,19.3,Yes,625.7404721274175,Standard-Value
1998-VHJHK,27,19.15,501.35,No,620.8772042093287,Standard-Value
1707-HABPF,46,91.3,4126.35,No,2960.1090728100116,High-Value
1660-HSOOQ,1,49.65,49.65,Yes,1609.741680887372,Standard-Value
7253-UVNDW,46,54.35,2460.15,Yes,1762.1240756541526,Standard-Value
0487-VVUVK,25,19.15,477.6,No,620.8772042093287,Standard-Value
7228-OMTPN,4,88.45,370.65,Yes,2867.7069823663255,Standard-Value
5063-IUOKK,13,19.75,265.75,No,640.3302758816837,Standard-Value
4508-OEBEY,31,75.5,2424.45,No,2447.8448521046644,Standard-Value
0027-KWYKW,23,83.75,1849.95,No,2715.3245875995453,Standard-Value
2308-STERM,2,19.4,61.05,No,628.9826507394766,Standard-Value
5982-XMDEX,65,26.5,1698.55,No,859.177332195677,Standard-Value
6284-AHOOQ,22,90.5,1910.6,Yes,2934.1716439135384,High-Value
6051-PTVNS,55,19.15,998.1,No,620.8772042093287,Standard-Value
2344-JMOGN,9,94.85,890.6,Yes,3075.2064135381115,High-Value
3799-ISUZQ,7,69.95,529.5,Yes,2267.9039391353813,Standard-Value
2877-VDUER,35,40.9,1383.6,No,1326.0510523321957,Standard-Value
9152-AMKAK,6,80.25,493.4,No,2601.8483361774747,Standard-Value
1794-HBQTJ,1,48.6,48.6,Yes,1575.698805460751,Standard-Value
9432-VOFYX,17,70.8,1207.0,No,2295.462457337884,Standard-Value
8049-WJCLQ,10,60.2,563.5,No,1951.7915244596134,Standard-Value
6586-PSJOX,15,55.2,864.55,No,1789.6825938566556,Standard-Value
2460-FPSYH,40,55.8,2109.35,Yes,1809.1356655290103,Standard-Value
9705-ZJBCG,13,54.15,701.05,No,1755.6397184300342,Standard-Value
4818-DRBQT,29,80.15,2265.25,Yes,2598.6061575654157,Standard-Value
1320-HTRDR,3,75.5,220.6,Yes,2447.8448521046644,Standard-Value
6847-KJLTS,58,100.4,5749.8,No,3255.147326507395,High-Value
9670-BPNXF,45,62.55,2796.45,No,2027.9827218430034,Standard-Value
3913-FCUUW,72,70.45,5165.7,No,2284.114832195677,Standard-Value
3301-VKTGC,68,85.5,5696.6,No,2772.0627133105804,Standard-Value
1493-AMTIE,1,20.2,20.2,Yes,654.92007963595,Standard-Value
9555-SAHUZ,38,54.5,2076.05,No,1766.9873435722413,Standard-Value
0816-TSPHQ,2,20.75,44.2,No,672.7520620022754,Standard-Value
9932-WBWIK,11,20.35,215.25,No,659.7833475540388,Standard-Value
4619-EVPHY,20,91.0,1859.5,No,2950.3825369738342,High-Value
5286-YHCVC,72,104.8,7470.1,No,3397.803185437998,High-Value
6424-ELEYH,3,74.75,229.5,Yes,2423.528512514221,Standard-Value
4391-RESHN,23,104.05,2470.1,Yes,3373.4868458475544,High-Value
9115-YQHGA,40,51.1,2092.9,No,1656.75327076223,Standard-Value
4462-CYWMH,62,89.8,5629.55,No,2911.4763936291242,Standard-Value
8963-MQVYN,22,20.55,469.85,No,666.267704778157,Standard-Value
2458-EOMRE,11,64.05,733.95,No,2076.6154010238906,Standard-Value
9334-GWGOW,7,74.85,485.25,No,2426.77069112628,Standard-Value
6821-BUXUX,13,96.65,1244.5,Yes,3133.5656285551768,High-Value
5028-HTLJB,1,20.05,20.05,Yes,650.0568117178613,Standard-Value
9801-GDWGV,39,103.45,3994.45,Yes,3354.0337741751996,High-Value
6542-LWGXJ,3,25.0,78.25,No,810.5446530147896,Standard-Value
5567-GZKQY,58,20.3,1131.5,No,658.1622582480092,Standard-Value
1222-LRYKO,6,26.35,184.05,No,854.3140642775883,Standard-Value
2320-JRSDE,1,19.9,19.9,Yes,645.1935437997724,Standard-Value
2087-QAREY,22,54.7,1178.75,No,1773.4717007963598,Standard-Value
0601-WZHJF,14,46.35,667.7,Yes,1502.74978668942,Standard-Value
4423-JWZJN,64,90.25,5629.15,No,2926.0661973833903,High-Value
5143-WMWOG,1,19.95,19.95,Yes,646.814633105802,Standard-Value
6490-FGZAT,6,20.65,109.3,No,669.5098833902161,Standard-Value
5393-RXQSZ,1,79.6,79.6,Yes,2580.7741751990898,Standard-Value
7452-FOLON,39,25.45,958.45,No,825.1344567690558,Standard-Value
2320-TZRRH,20,19.5,403.15,No,632.2248293515358,Standard-Value
0231-LXVAP,1,75.9,75.9,Yes,2460.813566552901,Standard-Value
9444-JTXHZ,1,76.2,76.2,Yes,2470.5401023890786,Standard-Value
4942-VZZOM,64,66.15,4392.5,No,2144.7011518771333,Standard-Value
5510-BOIUJ,1,19.25,19.25,Yes,624.119382821388,Standard-Value
7502-BNYGS,46,69.1,3168.0,No,2240.3454209328784,Standard-Value
4291-HYEBC,28,39.1,1096.6,No,1267.691837315131,Standard-Value
6147-CBCRA,33,20.05,669.45,No,650.0568117178613,Standard-Value
6047-SUHPR,39,59.8,2343.85,No,1938.8228100113765,Standard-Value
4471-KXAUH,42,84.3,3588.4,Yes,2733.1565699658704,Standard-Value
9752-ZNQUT,1,48.6,48.6,No,1575.698805460751,Standard-Value
7638-QVMVY,7,79.0,522.95,Yes,2561.321103526735,Standard-Value
1576-PFZIW,70,105.35,7511.9,No,3415.6351678043234,High-Value
5666-MBJPT,65,25.1,1725.0,No,813.7868316268488,Standard-Value
7312-XSBAT,1,49.75,49.75,No,1612.9838594994312,Standard-Value
3096-GKWEB,18,94.75,1691.9,No,3071.9642349260525,High-Value
2371-JQHZZ,24,93.0,2248.05,No,3015.2261092150175,High-Value
0674-GCDXG,63,71.9,4479.2,No,2331.126422070535,Standard-Value
1121-QSIVB,44,77.55,3471.1,No,2514.3095136518773,Standard-Value
4396-KLSEH,4,19.85,63.0,No,643.572454493743,Standard-Value
3244-DCJWY,1,70.25,70.25,Yes,2277.6304749715587,Standard-Value
2824-MYYBN,37,95.25,3314.15,No,3088.1751279863483,High-Value
0875-CABNR,10,84.6,865.55,Yes,2742.883105802048,Standard-Value
6345-HOVES,34,25.05,852.7,No,812.1657423208192,Standard-Value
8318-LCNBW,35,53.15,1930.9,No,1723.2179323094426,Standard-Value
6469-QJKZW,4,20.15,91.4,No,653.2989903299203,Standard-Value
0147-ESWWR,39,101.25,3949.15,No,3282.705844709898,High-Value
1217-VASWC,43,100.55,4304.0,No,3260.0105944254838,High-Value
7812-FZHPE,17,24.1,409.9,Yes,781.3650455062572,Standard-Value
6370-ZVHDV,61,25.3,1554.9,No,820.2711888509671,Standard-Value
5915-DGNVC,49,71.8,3472.05,No,2327.884243458476,Standard-Value
6260-XLACS,4,19.7,117.8,No,638.7091865756541,Standard-Value
3566-CAAYU,64,49.85,3210.35,No,1616.2260381114904,Standard-Value
4983-CCWMC,3,69.6,207.4,No,2256.556313993174,Standard-Value
9103-CXVOK,1,19.75,19.75,No,640.3302758816837,Standard-Value
2896-TBNBE,40,80.8,3132.75,No,2619.6803185438,Standard-Value
4797-AXPXK,1,60.0,60.0,Yes,1945.307167235495,Standard-Value
5229-PRWKT,8,86.55,649.65,Yes,2806.1055887372013,Standard-Value
6982-UQZLY,1,20.85,20.85,Yes,675.9942406143346,Standard-Value
2522-WLNSF,34,64.2,2106.3,No,2081.47866894198,Standard-Value
3841-CONLJ,1,35.0,35.0,No,1134.7625142207055,Standard-Value
5057-LCOUI,39,50.75,2011.4,Yes,1645.4056456200228,Standard-Value
0193-ESZXP,58,105.5,6205.5,Yes,3420.498435722412,High-Value
4475-NVTLU,45,19.2,903.7,No,622.4982935153583,Standard-Value
4369-HTUIF,6,85.15,503.6,Yes,2760.7150881683738,Standard-Value
9386-LDCZR,43,90.65,3882.3,No,2939.034911831627,High-Value
9585-KKMFD,41,20.0,879.8,No,648.4357224118316,Standard-Value
5399-ZIMKF,5,74.65,383.65,No,2420.286333902162,Standard-Value
0336-KXKFK,72,61.2,4390.25,No,1984.213310580205,Standard-Value
5619-XZZKR,4,19.95,68.2,No,646.814633105802,Standard-Value
3948-FVVRP,9,54.8,452.8,No,1776.7138794084187,Standard-Value
5327-XOKKY,72,73.45,5329.0,No,2381.380190557452,Standard-Value
0983-TATYJ,33,51.45,1758.9,No,1668.100895904437,Standard-Value
1813-JYWTO,72,80.45,5737.6,No,2608.332693401593,Standard-Value
0156-FVPTA,22,54.2,1152.7,Yes,1757.260807736064,Standard-Value
1984-FCOWB,70,109.5,7674.55,Yes,3550.1855802047785,High-Value
0654-HMSHN,21,104.4,2157.95,Yes,3384.8344709897615,High-Value
6719-OXYBR,15,85.3,1219.85,No,2765.578356086462,Standard-Value
3312-ZWLGF,29,79.3,2414.55,No,2571.0476393629124,Standard-Value
6476-YHMGA,15,76.5,1155.6,No,2480.266638225256,Standard-Value
5287-QWLKY,71,105.1,7548.1,Yes,3407.5297212741752,High-Value
0795-XCCTE,72,25.4,1809.35,No,823.5133674630262,Standard-Value
0168-XZKBB,19,86.85,1564.4,No,2815.8321245733787,Standard-Value
3785-NRHYR,1,19.65,19.65,No,637.0880972696245,Standard-Value
5196-SGOAK,1,75.7,75.7,Yes,2454.329209328783,Standard-Value
4537-DKTAL,2,45.55,84.4,No,1476.8123577929466,Standard-Value
7072-MBHEV,11,78.1,864.85,No,2532.1414960182024,Standard-Value
5602-BVFMK,12,19.3,228.75,No,625.7404721274175,Standard-Value
6297-NOOPG,70,110.5,7752.05,No,3582.60736632537,High-Value
1891-UAWWU,20,90.8,1951.0,Yes,2943.898179749716,High-Value
8204-TIFGJ,23,20.3,470.6,No,658.1622582480092,Standard-Value
8050-DVOJX,49,81.35,4060.9,No,2637.5123009101253,Standard-Value
6108-OQZDQ,4,97.95,384.5,Yes,3175.7139505119458,High-Value
0363-QJVFX,32,108.15,3432.9,Yes,3506.41616894198,High-Value
8903-XEBGX,2,55.3,108.65,No,1792.9247724687145,Standard-Value
8169-SAEJD,69,56.55,3952.65,No,1833.452005119454,Standard-Value
9840-DVNDC,6,80.5,463.05,Yes,2609.9537827076224,Standard-Value
1089-XZWHH,24,19.7,494.05,No,638.7091865756541,Standard-Value
2325-WINES,32,104.05,3416.85,No,3373.4868458475544,High-Value
6064-ZATLR,27,52.85,1498.65,No,1713.4913964732652,Standard-Value
3096-JRDSO,27,104.3,2867.75,Yes,3381.592292377702,High-Value
7824-PANSQ,58,80.65,4807.35,No,2614.8170506257115,Standard-Value
8042-JVNFH,1,71.35,71.35,Yes,2313.2944397042093,Standard-Value
9648-BCHKM,18,24.65,471.35,No,799.1970278725825,Standard-Value
2888-ADFAO,47,21.3,1041.8,No,690.5840443686008,Standard-Value
8707-HOEDG,70,110.2,7689.8,No,3572.8808304891927,High-Value
3374-LXDEV,13,89.4,1132.35,Yes,2898.507679180888,Standard-Value
4072-IPYLT,36,51.05,1815.0,No,1655.1321814562002,Standard-Value
7167-PCEYD,67,19.8,1311.3,No,641.9513651877133,Standard-Value
4936-YPJNK,10,19.9,199.45,No,645.1935437997724,Standard-Value
1580-BMCMR,19,87.3,1637.3,No,2830.421928327645,Standard-Value
4817-KEQSP,71,19.85,1326.35,No,643.572454493743,Standard-Value
6408-WHTEF,72,89.4,6376.55,No,2898.507679180888,Standard-Value
9251-AWQGT,48,20.0,935.9,No,648.4357224118316,Standard-Value
8749-CLJXC,1,20.05,20.05,No,650.0568117178613,Standard-Value
7989-VCQOH,18,83.25,1611.15,No,2699.1136945392495,Standard-Value
5049-GLYVG,1,20.6,20.6,Yes,667.8887940841867,Standard-Value
4199-QHJNM,67,102.9,6989.7,No,3336.201791808874,High-Value
8882-TLVRW,69,39.1,2779.5,No,1267.691837315131,Standard-Value
5883-GTGVD,19,99.95,1931.75,Yes,3240.557522753129,High-Value
5135-GRQJV,72,114.5,8331.95,No,3712.2945108077365,High-Value
2384-OVPSA,38,20.2,735.9,No,654.92007963595,Standard-Value
1371-WEPDS,40,55.8,2283.3,No,1809.1356655290103,Standard-Value
3580-GICBM,61,24.2,1445.2,No,784.6072241183163,Standard-Value
4817-QRJSX,10,81.0,818.05,Yes,2626.164675767918,Standard-Value
9730-DRTMJ,32,72.8,2333.05,No,2360.3060295790674,Standard-Value
4686-UXDML,21,99.85,1992.55,No,3237.3153441410695,High-Value
3349-ANQNH,59,99.5,5890.0,No,3225.9677189988624,High-Value
2398-YPMUR,13,70.15,916.75,Yes,2274.3882963594997,Standard-Value
0932-YIXYU,47,20.25,1029.8,No,656.5411689419795,Standard-Value
7480-SPLEF,69,26.0,1796.55,No,842.9664391353812,Standard-Value
7636-XUHWW,2,19.9,33.7,No,645.1935437997724,Standard-Value
1431-CYWMH,22,19.05,454.05,No,617.6350255972696,Standard-Value
5937-EORGB,15,96.5,1392.25,No,3128.7023606370876,High-Value
6349-JDHQP,53,19.85,1049.6,No,643.572454493743,Standard-Value
5539-HIVAK,28,25.7,734.6,No,833.2399032992037,Standard-Value
5847-MXBEO,22,20.3,475.1,No,658.1622582480092,Standard-Value
9985-MWVIX,1,70.15,70.15,Yes,2274.3882963594997,Standard-Value
4583-PARNH,16,91.55,1540.05,No,2968.2145193401593,High-Value
1116-FRYVH,48,39.4,1978.65,No,1277.4183731513083,Standard-Value
1421-HCERK,30,105.7,3181.8,No,3426.9827929465305,High-Value
9633-XQABV,3,70.25,229.7,No,2277.6304749715587,Standard-Value
0716-BQNDX,57,93.75,5625.55,No,3039.542448805461,High-Value
1265-XTECC,68,96.55,6581.9,Yes,3130.3234499431173,High-Value
1183-CANVH,23,60.0,1347.15,No,1945.307167235495,Standard-Value
1972-XMUWV,65,59.8,3808.2,No,1938.8228100113765,Standard-Value
8679-LZBMD,44,90.65,3974.15,No,2939.034911831627,High-Value
3407-JMJQQ,71,109.0,7661.8,No,3533.9746871444827,High-Value
6252-DFGTK,37,68.1,2479.25,No,2207.9236348122868,Standard-Value
1539-LNKHM,12,20.4,266.6,No,661.4044368600682,Standard-Value
8645-KOMJQ,69,81.95,5601.4,No,2656.9653725824805,Standard-Value
0289-IVARM,35,60.55,1982.6,No,1963.1391496018202,Standard-Value
9761-XUJWD,5,65.6,339.9,No,2126.8691695108078,Standard-Value
4057-FKCZK,58,82.5,4828.05,No,2674.7973549488056,Standard-Value
4291-TPNFG,72,82.3,5980.55,No,2668.312997724687,Standard-Value
6087-YPWHO,72,68.15,4808.7,No,2209.5447241183165,Standard-Value
3090-QFUVD,1,20.3,20.3,No,658.1622582480092,Standard-Value
2237-ZFSMY,39,95.55,3692.85,Yes,3097.9016638225257,High-Value
1722-LDZJS,53,20.2,1068.15,No,654.92007963595,Standard-Value
1818-ESQMW,27,89.2,2383.6,No,2892.0233219567695,Standard-Value
4871-JTKJF,1,69.65,69.65,Yes,2258.177403299204,Standard-Value
1415-YFWLT,1,89.3,89.3,Yes,2895.2655005688284,Standard-Value
7401-RUBNK,18,74.8,1438.05,No,2425.14960182025,Standard-Value
0506-YLVKJ,46,20.2,917.45,No,654.92007963595,Standard-Value
8661-BOYNW,72,84.4,6096.45,No,2736.39874857793,Standard-Value
6711-VTNRE,36,87.55,3078.1,Yes,2838.527374857793,Standard-Value
4815-GBTCD,4,25.15,99.95,No,815.4079209328783,Standard-Value
2805-AUFQN,25,19.8,475.2,No,641.9513651877133,Standard-Value
0980-PVMRC,40,50.85,2036.55,No,1648.647824232082,Standard-Value
7233-DRTRF,63,102.4,6444.05,No,3319.9908987485783,High-Value
3500-RMZLT,15,96.3,1426.75,Yes,3122.218003412969,High-Value
3873-NFTGI,14,55.5,767.55,No,1799.409129692833,Standard-Value
1162-ECVII,72,109.75,7932.5,No,3558.291026734926,High-Value
7048-GXDAY,39,106.4,4040.65,No,3449.6780432309447,High-Value
8571-ZCMCX,47,60.0,2768.65,No,1945.307167235495,Standard-Value
1169-WCVAK,19,88.8,1672.35,No,2879.0546075085326,Standard-Value
4548-SDBKE,5,85.2,474.8,Yes,2762.336177474403,Standard-Value
8066-POXGX,13,35.1,446.1,Yes,1138.0046928327647,Standard-Value
7129-CAKJW,17,80.05,1345.65,No,2595.3639789533563,Standard-Value
8695-ARGXZ,34,75.55,2425.4,No,2449.465941410694,Standard-Value
3570-YUEKJ,42,49.55,2077.95,No,1606.4995022753128,Standard-Value
4143-OOBWZ,5,81.3,416.3,Yes,2635.8912116040956,Standard-Value
1555-HAPSU,71,23.9,1663.5,No,774.8806882821389,Standard-Value
1697-NVVGY,19,66.4,1286.05,No,2152.8065984072814,Standard-Value
7854-EKTJL,2,19.6,35.85,Yes,635.467007963595,Standard-Value
8464-EETCQ,57,18.8,1094.35,No,609.5295790671217,Standard-Value
2419-FSORS,72,108.4,7719.5,No,3514.521615472128,High-Value
8132-YPVBX,6,85.95,514.6,No,2786.6525170648465,Standard-Value
9102-IAYHT,17,85.45,1451.6,Yes,2770.4416240045507,Standard-Value
6754-LZUKA,61,80.9,4932.5,No,2622.922497155859,Standard-Value
3422-LYEPQ,1,71.0,71.0,Yes,2301.9468145620026,Standard-Value
8099-MZPUJ,48,111.8,5443.65,No,3624.755688282139,High-Value
0787-LHDYT,16,20.6,330.25,No,667.8887940841867,Standard-Value
2642-DTVCO,9,85.05,746.5,Yes,2757.4729095563143,Standard-Value
0374-IOEGQ,3,44.6,122.7,No,1446.0116609783847,Standard-Value
4361-JEIVL,1,44.4,44.4,Yes,1439.5273037542663,Standard-Value
3197-NNYNB,65,105.1,6631.85,No,3407.5297212741752,High-Value
3396-DKDEL,70,115.15,8250.0,No,3733.368671786121,High-Value
1752-OZXFY,60,59.8,3561.15,No,1938.8228100113765,Standard-Value
9066-QRSDU,69,26.3,1763.55,No,852.6929749715587,Standard-Value
9112-WSNPU,35,70.55,2419.0,No,2287.357010807736,Standard-Value
9867-NNXLC,22,20.05,470.2,No,650.0568117178613,Standard-Value
5321-NTRKC,66,79.85,5234.95,No,2588.879621729238,Standard-Value
1363-TXLSL,1,70.3,70.3,Yes,2279.2515642775884,Standard-Value
9507-EXLTT,1,79.35,79.35,Yes,2572.668728668942,Standard-Value
3161-GETRM,34,90.05,3097.0,No,2919.581840159272,High-Value
0402-OAMEN,72,24.45,1709.1,No,792.7126706484642,Standard-Value
6933-VLYFX,31,59.95,1848.8,No,1943.6860779294655,Standard-Value
6754-WKSHP,30,25.35,723.3,No,821.8922781569967,Standard-Value
9846-GKXAS,9,90.8,809.75,Yes,2943.898179749716,High-Value
6017-PPLPX,20,70.45,1470.95,Yes,2284.114832195677,Standard-Value
4976-LNFVV,19,34.3,577.15,No,1112.0672639362913,Standard-Value
5055-MGMGF,65,105.05,6914.95,No,3405.908631968146,High-Value
4641-FROLU,30,19.3,602.9,No,625.7404721274175,Standard-Value
2862-JVEOY,6,19.15,124.4,No,620.8772042093287,Standard-Value
2969-QWUBZ,2,51.4,96.8,No,1666.4798065984073,Standard-Value
9822-BIIGN,53,71.85,3827.9,No,2329.505332764505,Standard-Value
2077-MPJQO,7,75.4,533.05,No,2444.6026734926054,Standard-Value
1534-OULXE,61,49.7,2961.4,No,1611.3627701934017,Standard-Value
7136-RVDTZ,70,45.25,3264.45,Yes,1467.0858219567692,Standard-Value
2971-SGAFL,13,78.75,995.35,No,2553.2156569965873,Standard-Value
1480-IVEVR,35,81.6,2815.25,No,2645.617747440273,Standard-Value
2905-KFQUV,2,70.4,154.8,No,2282.493742889648,Standard-Value
4581-SSPWD,3,75.8,246.3,Yes,2457.5713879408418,Standard-Value
3370-HXOPH,3,76.1,257.6,No,2467.297923777019,Standard-Value
9391-YZEJW,62,94.0,5757.2,No,3047.647895335609,High-Value
9958-MEKUC,72,103.95,7517.7,No,3370.2446672354954,High-Value
0281-CNTZX,63,19.95,1234.8,No,646.814633105802,Standard-Value
6927-WTFIV,20,71.3,1389.2,Yes,2311.67335039818,Standard-Value
4118-CEVPF,35,110.8,3836.3,No,3592.3339021615475,High-Value
3398-ZOUAA,21,69.1,1474.75,Yes,2240.3454209328784,Standard-Value
9114-VEPUF,62,96.1,6001.45,No,3115.733646188851,High-Value
7876-BEUTG,15,48.8,720.1,No,1582.183162684869,Standard-Value
2338-BQEZT,55,50.55,2832.75,No,1638.9212883959044,Standard-Value
9873-MNDKV,11,44.65,472.25,No,1447.6327502844142,Standard-Value
0378-NHQXU,17,88.25,1460.65,Yes,2861.222625142207,Standard-Value
8241-JUIQO,61,19.45,1336.35,No,630.6037400455062,Standard-Value
2194-IIQOF,71,89.3,6388.65,No,2895.2655005688284,Standard-Value
4512-ZUIYL,2,70.0,153.05,Yes,2269.525028441411,Standard-Value
9631-RXVJM,35,19.25,677.9,No,624.119382821388,Standard-Value
9584-EXCDZ,17,70.5,1165.6,No,2285.735921501707,Standard-Value
7969-AULMZ,21,97.35,2119.5,Yes,3156.2608788395905,High-Value
5093-FEGLU,47,19.65,921.55,No,637.0880972696245,Standard-Value
2621-UDNLU,3,20.85,72.0,No,675.9942406143346,Standard-Value
7526-IVLYU,3,19.65,68.35,No,637.0880972696245,Standard-Value
2428-HYUNX,44,19.35,847.25,No,627.3615614334472,Standard-Value
9214-EKVXR,1,44.0,44.0,No,1426.5585893060297,Standard-Value
3410-MHHUM,44,94.4,4295.35,No,3060.616609783846,High-Value
0568-ONFPC,5,25.9,135.0,Yes,839.724260523322,Standard-Value
0733-VUNUW,24,55.65,1400.55,Yes,1804.2723976109216,Standard-Value
4550-EVXNY,1,69.65,69.65,Yes,2258.177403299204,Standard-Value
2122-YWVYA,18,75.4,1380.4,No,2444.6026734926054,Standard-Value
2968-SSGAA,10,100.6,1060.2,Yes,3261.631683731513,High-Value
2296-DKZFP,65,71.0,4386.2,No,2301.9468145620026,Standard-Value
4844-JJWUY,1,86.0,86.0,Yes,2788.273606370876,Standard-Value
6777-TGHTM,53,106.95,5785.5,Yes,3467.5100255972698,High-Value
8909-BOLNL,3,21.2,52.05,No,687.3418657565416,Standard-Value
6603-YRDCJ,33,61.05,2018.4,No,1979.350042662116,Standard-Value
3538-WZPHD,3,29.6,79.45,Yes,959.6848691695109,Standard-Value
3229-USWAR,34,79.95,2727.3,No,2592.1218003412973,Standard-Value
2138-VFAPZ,14,19.7,263.65,No,638.7091865756541,Standard-Value
6131-JLWZM,13,20.3,275.4,No,658.1622582480092,Standard-Value
4785-QRJHC,46,59.9,2816.65,Yes,1942.0649886234357,Standard-Value
0269-XFESX,23,24.35,538.5,No,789.4704920364051,Standard-Value
1709-EJDOX,47,19.75,948.9,No,640.3302758816837,Standard-Value
4316-XCSLJ,17,50.3,846.8,No,1630.8158418657565,Standard-Value
8610-WFCJF,49,95.6,4783.5,Yes,3099.5227531285555,High-Value
9693-XMUOB,59,50.25,2997.45,No,1629.194752559727,Standard-Value
0383-CLDDA,69,85.35,5897.4,No,2767.1994453924913,Standard-Value
4905-JEFDW,11,41.6,470.6,Yes,1348.74630261661,Standard-Value
2709-UQGNP,10,51.65,524.5,No,1674.5852531285552,Standard-Value
3549-ZTMNH,12,24.0,269.65,No,778.1228668941981,Standard-Value
7881-INRLC,45,100.85,4740.0,Yes,3269.737130261661,High-Value
8033-ATFAS,39,59.85,2341.5,No,1940.4438993174062,Standard-Value
1635-NZATJ,71,25.45,1789.65,No,825.1344567690558,Standard-Value
0562-HKHML,71,23.9,1626.4,No,774.8806882821389,Standard-Value
8277-RVRSV,33,24.15,800.3,No,782.9861348122867,Standard-Value
9943-VSZUV,67,75.7,5060.85,No,2454.329209328783,Standard-Value
0117-LFRMW,37,40.2,1448.8,Yes,1303.3558020477817,Standard-Value
6172-FECYY,49,84.5,4254.85,Yes,2739.640927189989,Standard-Value
7054-ENNGU,9,50.85,466.6,No,1648.647824232082,Standard-Value
1455-HFBXA,52,91.6,4627.8,No,2969.835608646189,High-Value
9402-CXWPL,70,98.9,6838.6,No,3206.5146473265077,High-Value
1628-BIZYP,1,85.0,85.0,No,2755.8518202502846,Standard-Value
1965-AKTSX,14,78.95,1101.85,Yes,2559.7000142207057,Standard-Value
0082-LDZUE,1,44.3,44.3,No,1436.285125142207,Standard-Value
4786-UKSNZ,1,20.2,20.2,Yes,654.92007963595,Standard-Value
5343-SGUBI,52,80.2,4297.6,No,2600.227246871445,Standard-Value
0856-NAOES,6,60.9,414.1,No,1974.4867747440273,Standard-Value
1976-AZZPJ,7,34.2,256.6,No,1108.8250853242323,Standard-Value
7248-VZQLC,47,85.2,3969.35,Yes,2762.336177474403,Standard-Value
6156-UZDLF,26,87.15,2274.1,No,2825.5586604095565,Standard-Value
3099-OONVS,25,54.3,1296.8,No,1760.502986348123,Standard-Value
9500-WBGRP,69,19.1,1268.85,No,619.2561149032992,Standard-Value
5183-KLYEM,72,112.75,8192.6,No,3655.556385096701,High-Value
5144-PQCDZ,4,19.95,59.25,No,646.814633105802,Standard-Value
8514-VZHEB,59,19.5,1147.85,No,632.2248293515358,Standard-Value
6625-IUTTT,67,65.55,4361.55,No,2125.248080204778,Standard-Value
9355-NPPFS,26,78.8,2006.1,No,2554.8367463026166,Standard-Value
0068-FIGTF,27,78.2,2078.95,No,2535.383674630262,Standard-Value
5965-GGPRW,72,105.25,7609.75,No,3412.3929891922644,High-Value
8035-PWSEV,6,89.25,487.05,No,2893.6444112627987,Standard-Value
2236-HILPA,62,20.65,1218.45,No,669.5098833902161,Standard-Value
1840-BIUOG,20,68.7,1416.2,No,2227.376706484642,Standard-Value
1356-MKYSK,6,78.65,483.3,No,2549.9734783845283,Standard-Value
6080-LNESI,51,24.75,1234.6,No,802.4392064846417,Standard-Value
1830-IPXVJ,61,19.75,1311.6,No,640.3302758816837,Standard-Value
5828-DWPIL,62,89.1,5618.3,No,2888.78114334471,Standard-Value
8398-TBIYD,72,84.7,6185.15,No,2746.125284414107,Standard-Value
0011-IGKFF,13,98.0,1237.85,Yes,3177.335039817975,High-Value
4192-GORJT,5,94.45,498.1,Yes,3062.237699089875,High-Value
6496-SLWHQ,3,105.0,294.45,Yes,3404.2875426621163,High-Value
9912-GVSEQ,26,93.85,2381.55,Yes,3042.78462741752,High-Value
2931-FSOHN,13,59.9,788.35,No,1942.0649886234357,Standard-Value
9418-RUKPH,38,19.95,756.4,No,646.814633105802,Standard-Value
5383-MMTWC,8,84.0,613.4,Yes,2723.430034129693,Standard-Value
9971-ZWPBF,34,108.9,3625.2,No,3530.7325085324237,High-Value
4712-AUQZO,18,33.6,550.35,No,1089.3720136518773,Standard-Value
9711-FJTBX,56,85.85,4793.8,No,2783.410338452787,Standard-Value
2908-ZTPNF,36,34.85,1267.2,No,1129.8992463026168,Standard-Value
7240-ETPTR,9,48.75,442.2,Yes,1580.5620733788396,Standard-Value
2202-CUYXZ,1,84.85,84.85,Yes,2750.988552332196,Standard-Value
5995-OIGLP,12,56.65,654.85,Yes,1836.6941837315132,Standard-Value
8421-WZOOW,57,95.3,5567.45,No,3089.796217292378,High-Value
6261-RCVNS,42,73.9,3160.55,Yes,2395.9699943117184,Standard-Value
7951-QKZPL,33,24.5,740.3,Yes,794.3337599544938,Standard-Value
1414-YADCW,70,84.6,5706.2,No,2742.883105802048,Standard-Value
8756-RDDLT,68,44.95,3085.35,No,1457.3592861205918,Standard-Value
2862-PFNIK,1,24.7,24.7,No,800.818117178612,Standard-Value
5816-QVHRX,37,100.3,3541.4,No,3251.9051478953356,High-Value
4430-YHXGG,4,25.45,84.2,No,825.1344567690558,Standard-Value
6888-SBYAI,1,50.7,50.7,No,1643.7845563139933,Standard-Value
7395-XWZOY,20,55.0,1165.55,No,1783.1982366325371,Standard-Value
7169-YWAMK,72,68.4,4855.35,No,2217.6501706484646,Standard-Value
3640-PHQXK,31,89.9,2806.9,Yes,2914.7185722411837,High-Value
6877-LGWXO,18,78.55,1422.65,Yes,2546.731299772469,Standard-Value
6859-RKMZJ,11,55.05,608.15,No,1784.8193259385666,Standard-Value
2729-VNVAP,33,19.8,641.35,No,641.9513651877133,Standard-Value
2957-JIRMN,62,84.45,4959.15,No,2738.0198378839596,Standard-Value
2049-BAFNW,1,35.9,35.9,No,1163.942121729238,Standard-Value
3842-QTGDL,16,80.75,1321.3,No,2618.0592292377705,Standard-Value
7163-OCEQI,22,78.65,1663.75,No,2549.9734783845283,Standard-Value
9782-LGXMC,49,61.75,3024.15,No,2002.0452929465303,Standard-Value
5975-BAICR,36,63.7,2188.5,No,2065.267775881684,Standard-Value
8019-ENHXU,42,99.45,4138.05,Yes,3224.346629692833,High-Value
5167-GBFRE,4,25.2,102.5,Yes,817.0290102389079,Standard-Value
9033-EOXWV,12,74.05,872.65,Yes,2400.8332622298067,Standard-Value
4673-KKSLS,31,87.6,2724.25,No,2840.1484641638226,Standard-Value
4853-OITSN,5,89.15,413.25,No,2890.4022326507397,Standard-Value
9800-OUIGR,66,20.0,1374.2,No,648.4357224118316,Standard-Value
1324-NLTJE,15,55.0,757.1,Yes,1783.1982366325371,Standard-Value
2324-EFHVG,64,104.4,6692.65,No,3384.8344709897615,High-Value
7094-MSZAO,10,20.05,218.5,No,650.0568117178613,Standard-Value
1522-VVDMG,7,89.75,608.8,Yes,2909.8553043230945,Standard-Value
6907-CQGPN,29,34.3,1004.75,No,1112.0672639362913,Standard-Value
0780-XNZFN,57,20.65,1125.6,No,669.5098833902161,Standard-Value
0239-OXEXL,46,84.25,3847.6,No,2731.535480659841,Standard-Value
2675-IJRGJ,53,19.65,978.0,No,637.0880972696245,Standard-Value
7049-GKVZY,17,79.85,1387.35,No,2588.879621729238,Standard-Value
8577-QSOCG,38,20.2,746.05,No,654.92007963595,Standard-Value
3721-CNZHX,15,19.8,304.6,No,641.9513651877133,Standard-Value
0212-ISBBF,22,50.35,1098.85,No,1632.4369311717862,Standard-Value
9185-TQCVP,14,85.15,1139.2,Yes,2760.7150881683738,Standard-Value
3585-YNADK,57,74.6,4368.95,No,2418.6652445961317,Standard-Value
5271-DBYSJ,11,79.15,827.7,No,2566.184371444824,Standard-Value
1099-GODLO,1,20.35,20.35,No,659.7833475540388,Standard-Value
6828-HMKWP,12,21.05,262.05,No,682.4785978384529,Standard-Value
5567-WSELE,3,94.6,279.55,Yes,3067.100967007964,High-Value
1472-TNCWL,36,94.7,3512.5,No,3070.3431456200233,High-Value
8063-RJYNF,16,94.25,1483.25,Yes,3055.7533418657567,High-Value
0687-ZVTHB,65,72.45,4653.85,Yes,2348.9584044368603,Standard-Value
2080-GKCWQ,2,74.95,151.75,No,2430.0128697383393,Standard-Value
9661-ACXBS,42,105.2,4400.75,Yes,3410.7718998862347,High-Value
2193-SFWQW,72,111.95,8033.1,No,3629.618956200228,High-Value
5656-JAMLX,62,19.85,1253.65,No,643.572454493743,Standard-Value
3462-BJQQA,6,89.75,552.65,No,2909.8553043230945,Standard-Value
0442-TDYUO,48,20.05,1036.0,No,650.0568117178613,Standard-Value
6733-LRIZX,35,108.95,4025.5,No,3532.353597838453,High-Value
9503-XJUME,52,19.65,928.4,No,637.0880972696245,Standard-Value
4367-NHWMM,1,24.9,24.9,No,807.3024744027304,Standard-Value
3727-RJMEO,6,82.85,460.25,Yes,2686.1449800910127,Standard-Value
3779-OSWCF,71,93.2,6506.15,No,3021.710466439136,High-Value
6736-DHUQI,67,84.8,5598.3,No,2749.367463026166,Standard-Value
3915-ODIYG,60,71.75,4374.55,No,2326.263154152446,Standard-Value
1360-RCYRT,23,30.35,678.75,No,984.0012087599546,Standard-Value
2724-FJDYW,39,54.85,2191.7,No,1778.3349687144485,Standard-Value
4451-RWASJ,15,19.5,239.75,No,632.2248293515358,Standard-Value
6646-VRFOL,53,103.85,5485.5,Yes,3367.002488623436,High-Value
3460-TJBWI,24,24.2,609.05,No,784.6072241183163,Standard-Value
5917-HBSDW,37,19.35,683.75,No,627.3615614334472,Standard-Value
5685-IIXLY,5,83.6,404.2,Yes,2710.461319681456,Standard-Value
5671-UUNXD,50,100.65,5189.75,No,3263.252773037543,High-Value
0956-ACVZC,54,94.1,5060.9,No,3050.890073947668,High-Value
2325-NBPZG,3,74.55,233.65,No,2417.0441552901025,Standard-Value
4250-ZBWLV,68,108.45,7176.55,Yes,3516.142704778157,High-Value
4482-FTFFX,5,56.15,291.45,No,1820.4832906712174,Standard-Value
8859-DZTGQ,33,20.35,689.75,No,659.7833475540388,Standard-Value
0440-MOGPM,41,80.55,3263.9,No,2611.574872013652,Standard-Value
0020-JDNXP,34,61.25,1993.2,No,1985.8343998862345,Standard-Value
3752-CQSJI,13,20.45,254.5,No,663.0255261660978,Standard-Value
5025-GOOKI,20,18.9,347.65,No,612.7717576791808,Standard-Value
4698-KVLLG,51,19.6,967.9,No,635.467007963595,Standard-Value
5095-AESKG,3,91.5,242.95,Yes,2966.59343003413,High-Value
2887-JPYLU,41,45.2,1841.9,No,1465.4647326507397,Standard-Value
4770-QAZXN,13,19.45,232.1,No,630.6037400455062,Standard-Value
4896-CPRPF,35,25.45,809.25,No,825.1344567690558,Standard-Value
1871-MOWRM,12,80.85,866.45,Yes,2621.3014078498295,Standard-Value
9714-EDSUC,4,94.9,360.55,No,3076.8275028441417,High-Value
2027-OAQQC,43,49.05,2076.2,Yes,1590.288609215017,Standard-Value
0282-NVSJS,12,29.3,355.9,No,949.9583333333335,Standard-Value
9090-SGQXL,68,105.3,7299.65,Yes,3414.0140784982937,High-Value
6595-YGXIT,25,88.95,2291.2,Yes,2883.9178754266213,Standard-Value
7353-YOWFP,7,20.25,129.15,No,656.5411689419795,Standard-Value
9835-ZIITK,66,110.85,7491.75,Yes,3593.9549914675767,High-Value
8008-ESFLK,53,110.5,5835.5,No,3582.60736632537,High-Value
7537-CBQUZ,63,109.4,7031.45,No,3546.9434015927195,High-Value
1555-DJEQW,70,114.2,7723.9,Yes,3702.567974971559,High-Value
5649-TJHOV,27,36.5,1032.0,Yes,1183.395193401593,Standard-Value
0519-XUZJU,1,70.75,70.75,Yes,2293.8413680318545,Standard-Value
3363-EWLGO,5,19.95,109.6,No,646.814633105802,Standard-Value
4750-UKWJK,37,19.6,727.8,No,635.467007963595,Standard-Value
6338-AVWCY,3,40.15,130.75,Yes,1301.734712741752,Standard-Value
1689-YQBYY,12,76.6,893.0,No,2483.508816837315,Standard-Value
4487-ZYJZK,38,19.6,763.1,No,635.467007963595,Standard-Value
2959-FENLU,9,85.3,781.4,No,2765.578356086462,Standard-Value
0708-LGSMF,13,65.85,902.25,No,2134.9746160409554,Standard-Value
9253-QXKBE,29,94.45,2653.65,Yes,3062.237699089875,High-Value
7634-HLQJR,47,20.05,1016.7,No,650.0568117178613,Standard-Value
0487-RPVUM,61,99.4,5943.65,No,3222.7255403868035,High-Value
4079-ULGFR,16,20.0,275.7,No,648.4357224118316,Standard-Value
2516-XSJKX,41,78.45,3126.45,No,2543.48912116041,Standard-Value
0057-QBUQH,43,25.1,1070.15,No,813.7868316268488,Standard-Value
9445-SZLCH,36,97.35,3457.9,Yes,3156.2608788395905,High-Value
6599-SFQVE,6,55.0,340.4,No,1783.1982366325371,Standard-Value
8331-ZXFOE,58,71.1,4299.2,No,2305.1889931740616,Standard-Value
4003-FUSHP,19,61.55,1093.2,No,1995.5609357224118,Standard-Value
0356-ERHVT,11,45.9,521.9,No,1488.1599829351537,Standard-Value
7325-ENZFI,39,40.3,1630.4,No,1306.5979806598407,Standard-Value
4884-ZTHVF,8,87.1,713.6,No,2823.937571103527,Standard-Value
3920-HIHMQ,26,49.5,1265.65,No,1604.8784129692833,Standard-Value
3055-OYMSE,53,73.8,4003.85,No,2392.727815699659,Standard-Value
0613-WUXUM,70,19.2,1401.4,No,622.4982935153583,Standard-Value
7568-PODML,1,45.3,45.3,Yes,1468.7069112627987,Standard-Value
4458-KVRBJ,59,25.0,1510.5,No,810.5446530147896,Standard-Value
5349-IECLD,2,94.95,178.1,Yes,3078.448592150171,High-Value
1397-XKKWR,7,35.3,264.8,No,1144.489050056883,Standard-Value
3945-GFWQL,12,44.55,480.6,Yes,1444.390571672355,Standard-Value
8097-OMULG,59,76.75,4541.9,No,2488.372084755404,Standard-Value
6013-BHCAW,61,81.0,4976.15,No,2626.164675767918,Standard-Value
0401-WDBXM,72,105.55,7542.25,No,3422.119525028442,High-Value
3387-PLKUI,13,18.8,251.25,No,609.5295790671217,Standard-Value
6096-EGVTU,64,24.9,1595.5,No,807.3024744027304,Standard-Value
3797-VTIDR,1,23.45,23.45,Yes,760.2908845278727,Standard-Value
5081-NWSUP,10,64.9,685.55,No,2104.173919226394,Standard-Value
2580-ATZSQ,65,61.35,3874.1,No,1989.0765784982937,Standard-Value
8085-MSNLK,62,113.95,6891.4,No,3694.462528441411,High-Value
9691-HKOVS,55,90.15,4916.95,No,2922.8240187713313,High-Value
9881-VCZEP,25,54.1,1373.0,No,1754.0186291240047,Standard-Value
9526-BIHHD,1,29.7,29.7,Yes,962.92704778157,Standard-Value
8757-TFHHJ,1,49.8,49.8,No,1614.6049488054607,Standard-Value
4523-WXCEF,59,101.1,6039.9,Yes,3277.842576791809,High-Value
1468-DEFNC,64,24.4,1548.65,No,791.0915813424346,Standard-Value
5119-KEPFY,36,95.0,3440.25,No,3080.0696814562007,High-Value
8364-TRMMK,3,50.65,151.3,Yes,1642.1634670079636,Standard-Value
0916-KNFAJ,61,69.9,4226.7,No,2266.282849829352,Standard-Value
8319-QBEHW,26,39.95,1023.75,No,1295.2503555176338,Standard-Value
3063-QFSZL,1,55.4,55.4,Yes,1796.1669510807737,Standard-Value
8775-LHDJH,1,90.6,90.6,Yes,2937.4138225255974,High-Value
9625-QNLUX,68,103.25,7074.4,No,3347.549416951081,High-Value
3097-NQYSN,2,86.85,156.35,Yes,2815.8321245733787,Standard-Value
4024-CSNBY,72,94.25,6849.75,No,3055.7533418657567,High-Value
7110-BDTWG,71,47.05,3263.6,No,1525.445036973834,Standard-Value
7493-GVFIO,57,20.55,1252.85,No,666.267704778157,Standard-Value
0690-SRQID,4,19.65,67.55,No,637.0880972696245,Standard-Value
9605-WGJVW,1,70.2,70.2,No,2276.0093856655294,Standard-Value
9114-DPSIA,72,81.0,5750.0,No,2626.164675767918,Standard-Value
4700-UBQMV,21,75.9,1549.75,No,2460.813566552901,Standard-Value
7711-GQBZC,71,24.7,1810.55,No,800.818117178612,Standard-Value
3565-UNOCC,29,99.05,2952.85,Yes,3211.3779152445964,High-Value
4627-MIHJH,69,110.25,7467.55,No,3574.501919795222,High-Value
9795-NREXC,64,85.0,5484.4,No,2755.8518202502846,Standard-Value
8573-CGOCC,16,19.75,294.9,No,640.3302758816837,Standard-Value
7356-AYNJP,4,23.9,97.5,No,774.8806882821389,Standard-Value
9249-FXSCK,52,111.25,5916.45,Yes,3606.9237059158136,High-Value
5493-SDRDQ,2,55.1,113.35,Yes,1786.4404152445964,Standard-Value
6286-SUUWT,1,19.95,19.95,No,646.814633105802,Standard-Value
4819-HJPIW,18,25.15,476.8,No,815.4079209328783,Standard-Value
8654-DHAOW,2,54.15,101.65,No,1755.6397184300342,Standard-Value
5438-QMDDL,19,59.8,1130.85,No,1938.8228100113765,Standard-Value
9812-GHVRI,40,83.85,3532.25,No,2718.5667662116043,Standard-Value
5553-AOINX,66,104.9,6891.45,No,3401.0453640500573,High-Value
1228-ZLNBX,21,75.3,1570.7,No,2441.360494880546,Standard-Value
4226-KKDON,8,66.65,520.95,No,2160.912044937429,Standard-Value
3831-YCPUO,72,109.5,7854.9,No,3550.1855802047785,High-Value
7445-WMRBW,48,73.85,3581.4,No,2394.3489050056883,Standard-Value
3308-DGHKL,69,19.3,1447.9,No,625.7404721274175,Standard-Value
9924-JPRMC,72,118.2,8547.15,No,3832.255119453925,High-Value
0080-EMYVY,14,51.45,727.85,No,1668.100895904437,Standard-Value
6218-KNUBD,6,59.45,357.6,No,1927.4751848691697,Standard-Value
7337-CINUD,8,19.5,159.35,No,632.2248293515358,Standard-Value
7609-NRNCA,17,19.55,280.85,No,633.8459186575654,Standard-Value
0623-EJQEG,65,93.55,6069.25,No,3033.0580915813425,High-Value
7153-CHRBV,57,59.3,3274.35,No,1922.6119169510807,Standard-Value
0871-URUWO,13,102.25,1359.0,Yes,3315.1276308304896,High-Value
9190-MFJLN,19,95.9,1777.9,Yes,3109.2492889647333,High-Value
6198-PNNSZ,56,109.8,6109.65,No,3559.912116040956,High-Value
3317-VLGQT,14,78.1,1122.4,No,2532.1414960182024,Standard-Value
4132-POCZS,52,39.9,2020.9,No,1293.629266211604,Standard-Value
5614-DNZCE,58,64.9,3795.45,No,2104.173919226394,Standard-Value
1095-JUDTC,47,95.05,4504.55,Yes,3081.69077076223,High-Value
3896-RCYYE,67,53.4,3579.15,No,1731.3233788395905,Standard-Value
9638-JIQYA,2,24.9,49.7,No,807.3024744027304,Standard-Value
3258-SANFR,6,44.7,276.5,No,1449.253839590444,Standard-Value
3726-TBHQT,71,114.0,8175.9,No,3696.0836177474407,High-Value
3190-ITQXP,46,20.25,890.35,No,656.5411689419795,Standard-Value
0870-VEMYL,5,53.85,259.8,Yes,1745.9131825938568,Standard-Value
4833-QTJNO,67,83.85,5588.8,No,2718.5667662116043,Standard-Value
3039-MJSLN,3,20.2,50.6,No,654.92007963595,Standard-Value
0178-CIIKR,3,19.95,58.0,No,646.814633105802,Standard-Value
5385-SUIRI,52,104.2,5568.35,Yes,3378.350113765643,High-Value
3982-XWFZQ,42,50.25,2203.65,Yes,1629.194752559727,Standard-Value
5774-QPLTF,50,20.35,938.95,No,659.7833475540388,Standard-Value
2322-VCZHZ,23,90.0,2024.1,No,2917.9607508532426,High-Value
5010-IPEAQ,67,54.2,3623.95,No,1757.260807736064,Standard-Value
4009-ALQFH,25,99.5,2369.05,Yes,3225.9677189988624,High-Value
6383-ZTSIW,39,99.1,3877.95,No,3212.9990045506256,High-Value
8990-YOZLV,69,66.9,4577.9,No,2169.017491467577,Standard-Value
3069-SSVSN,1,25.85,25.85,No,838.1031712172925,Standard-Value
5222-IMUKT,32,91.05,2871.5,No,2952.0036262798635,High-Value
3627-FCRDW,9,71.0,672.55,Yes,2301.9468145620026,Standard-Value
7562-GSUHK,16,93.2,1573.7,Yes,3021.710466439136,High-Value
6685-XSHHU,60,20.95,1270.55,No,679.2364192263937,Standard-Value
8901-UPRHR,72,109.2,7711.45,No,3540.459044368601,High-Value
4903-UYAVB,5,19.35,126.05,Yes,627.3615614334472,Standard-Value
0118-JPNOY,26,85.8,2193.65,No,2781.789249146758,Standard-Value
6776-TLWOI,3,19.85,64.55,Yes,643.572454493743,Standard-Value
3845-FXCYS,2,19.65,31.2,No,637.0880972696245,Standard-Value
5857-XRECV,2,20.5,38.25,No,664.6466154721275,Standard-Value
0725-CXOTM,36,89.65,3348.1,No,2906.6131257110355,Standard-Value
4343-EJVQB,7,74.35,533.6,No,2410.559798065984,Standard-Value
9000-PLFUZ,60,49.45,2907.55,No,1603.2573236632538,Standard-Value
3427-GGZZI,19,89.1,1620.8,No,2888.78114334471,Standard-Value
7779-ORAEL,45,75.15,3480.35,No,2436.4972269624577,Standard-Value
0644-OQMDK,4,70.65,293.85,No,2290.5991894197955,Standard-Value
4077-CROMM,31,104.2,3243.45,Yes,3378.350113765643,High-Value
3154-CFSZG,47,90.05,4137.2,No,2919.581840159272,High-Value
2868-MZAGQ,1,79.25,79.25,Yes,2569.426550056883,Standard-Value
4847-QNOKA,1,44.9,44.9,Yes,1455.7381968145621,Standard-Value
2220-IAHLS,1,19.4,19.4,No,628.9826507394766,Standard-Value
1658-XUHBX,59,88.75,5348.65,No,2877.433518202503,Standard-Value
6379-RXJRQ,10,70.1,659.65,Yes,2272.76720705347,Standard-Value
2378-HTWFW,35,91.0,3180.5,No,2950.3825369738342,High-Value
8650-RHRKE,4,29.65,118.5,Yes,961.3059584755404,Standard-Value
4377-VDHYI,32,90.8,3023.85,No,2943.898179749716,High-Value
0475-RIJEP,43,77.85,3365.85,Yes,2524.0360494880547,Standard-Value
1260-TTRXI,4,54.3,195.3,Yes,1760.502986348123,Standard-Value
3719-TDVQB,54,18.95,1031.1,No,614.3928469852104,Standard-Value
6328-ZPBGN,11,95.15,997.65,Yes,3084.9329493742894,High-Value
0201-MIBOL,66,102.4,6471.85,No,3319.9908987485783,High-Value
4937-QPZPO,61,99.9,6241.35,No,3238.9364334470993,High-Value
2925-VDZHY,72,88.7,6501.35,No,2875.8124288964736,Standard-Value
6981-TDRFT,44,54.3,2317.1,No,1760.502986348123,Standard-Value
3413-CSSTH,41,55.7,2237.55,No,1805.8934869169514,Standard-Value
8033-VCZGH,50,103.95,5231.3,No,3370.2446672354954,High-Value
4789-KWMXN,47,110.85,5275.8,Yes,3593.9549914675767,High-Value
0224-NIJLP,8,20.15,165.5,No,653.2989903299203,Standard-Value
7542-CYDDM,18,20.05,358.5,No,650.0568117178613,Standard-Value
4718-WXBGI,72,91.95,6614.9,No,2981.183233788396,High-Value
2867-UIMSS,1,80.5,80.5,Yes,2609.9537827076224,Standard-Value
8495-PRWFH,42,55.65,2421.75,No,1804.2723976109216,Standard-Value
0439-IFYUN,18,74.7,1294.6,No,2421.9074232081916,Standard-Value
5716-LIBJC,13,104.15,1299.1,No,3376.729024459614,High-Value
2868-LLSKM,68,83.65,5733.4,No,2712.0824089874864,Standard-Value
8111-RKSPX,4,72.2,305.55,Yes,2340.8529579067126,Standard-Value
2988-QRAJY,69,110.05,7430.75,No,3568.0175625711036,High-Value
1585-MQSSU,17,51.5,900.5,Yes,1669.7219852104665,Standard-Value
0071-NDAFP,25,25.5,630.6,No,826.7555460750854,Standard-Value
2856-NNASM,43,89.55,3856.75,Yes,2903.370947098976,Standard-Value
7328-ZJAJO,59,19.5,1222.65,No,632.2248293515358,Standard-Value
6458-CYIDZ,5,80.7,374.8,No,2616.438139931741,Standard-Value
8559-CIZFV,21,77.5,1625.0,Yes,2512.6884243458476,Standard-Value
1090-PYKCI,69,105.1,7234.8,No,3407.5297212741752,High-Value
3058-WQDRE,13,25.15,331.85,No,815.4079209328783,Standard-Value
7547-EKNFS,42,95.25,3959.35,Yes,3088.1751279863483,High-Value
2279-AXJJK,52,95.65,5088.4,No,3101.143842434585,High-Value
6769-DYBQN,46,85.0,3969.4,Yes,2755.8518202502846,Standard-Value
0909-SELIE,61,80.8,4860.85,No,2619.6803185438,Standard-Value
3417-TSCIC,29,24.85,788.05,No,805.6813850967009,Standard-Value
1042-HFUCW,25,54.75,1266.35,No,1775.0927901023892,Standard-Value
4439-JMPMT,5,85.75,470.95,Yes,2780.168159840728,Standard-Value
6537-OTKMY,15,50.75,688.2,No,1645.4056456200228,Standard-Value
8999-EXMNO,19,20.15,387.7,No,653.2989903299203,Standard-Value
6725-TPKJO,44,20.05,845.25,No,650.0568117178613,Standard-Value
2446-BEGGB,6,98.25,560.6,Yes,3185.440486348123,High-Value
7162-WPHPM,58,71.6,4230.25,No,2321.3998862343574,Standard-Value
1599-MMYRQ,62,81.45,4983.05,No,2640.7544795221847,Standard-Value
8821-KVZKQ,70,58.4,4113.15,No,1893.4323094425486,Standard-Value
1496-GGSUK,1,25.7,25.7,Yes,833.2399032992037,Standard-Value
6434-TTGJP,10,53.7,521.0,No,1741.0499146757682,Standard-Value
0042-JVWOJ,26,19.6,471.85,No,635.467007963595,Standard-Value
0130-SXOUN,66,89.4,5976.9,No,2898.507679180888,Standard-Value
2575-GFSOE,7,69.0,506.9,Yes,2237.1032423208194,Standard-Value
2330-PQGDQ,51,84.2,4299.75,No,2729.9143913538114,Standard-Value
1452-UZOSF,72,106.1,7548.6,No,3439.951507394767,High-Value
2097-YVPKN,65,25.75,1654.75,No,834.8609926052333,Standard-Value
2842-JTCCU,2,46.05,80.35,Yes,1493.0232508532424,Standard-Value
8597-CTXVJ,70,64.95,4551.5,No,2105.7950085324233,Standard-Value
6631-HMANX,72,85.45,6227.5,No,2770.4416240045507,Standard-Value
9962-BFPDU,1,20.05,20.05,No,650.0568117178613,Standard-Value
3296-SILRA,1,76.4,76.4,Yes,2477.024459613197,Standard-Value
9681-OXGVC,5,100.5,514.0,Yes,3258.389505119454,High-Value
6394-HHHZM,3,20.7,57.5,No,671.1309726962457,Standard-Value
5995-LFTLE,58,25.3,1474.35,No,820.2711888509671,Standard-Value
5180-UCIIQ,22,40.05,880.2,Yes,1298.4925341296928,Standard-Value
1932-UEDCX,33,100.6,3270.25,No,3261.631683731513,High-Value
7153-OANIO,1,69.95,69.95,Yes,2267.9039391353813,Standard-Value
5188-HGMLP,54,74.0,3919.15,No,2399.2121729237774,Standard-Value
0665-XHDJU,72,99.4,7285.7,No,3222.7255403868035,High-Value
6521-YYTYI,1,93.3,93.3,Yes,3024.952645051195,High-Value
8878-HMWBV,3,49.15,169.05,Yes,1593.5307878270762,Standard-Value
8265-HKSOW,72,107.45,7658.3,No,3483.7209186575656,High-Value
3544-FBCAS,72,83.6,5959.3,No,2710.461319681456,Standard-Value
5331-RGMTT,54,99.05,5295.7,No,3211.3779152445964,High-Value
4759-PXTAN,59,80.1,4693.2,No,2596.9850682593856,Standard-Value
7054-DMVAS,54,65.3,3512.9,No,2117.1426336746304,Standard-Value
3428-MMGUB,60,89.55,5231.2,No,2903.370947098976,Standard-Value
6549-BTYPG,60,60.8,3603.45,No,1971.2445961319681,Standard-Value
7823-JSOAG,3,74.5,217.45,No,2415.423065984073,Standard-Value
3705-RHRFR,69,99.15,6875.35,No,3214.620093856656,High-Value
9374-YOLBJ,1,19.25,19.25,No,624.119382821388,Standard-Value
9074-KGVOX,50,39.45,2021.35,No,1279.039462457338,Standard-Value
6128-DAFVY,56,44.85,2564.95,No,1454.1171075085326,Standard-Value
9933-QRGTX,60,97.2,5611.75,No,3151.397610921502,High-Value
4476-OSWTN,69,110.55,7610.1,No,3584.2284556313994,High-Value
3751-KTZEL,1,35.05,35.05,Yes,1136.383603526735,Standard-Value
1977-STDKI,1,73.0,73.0,Yes,2366.790386803186,Standard-Value
5066-GFJMM,3,19.9,45.75,No,645.1935437997724,Standard-Value
2661-GKBTK,60,76.95,4543.95,No,2494.8564419795225,Standard-Value
0458-HEUZG,13,35.4,450.4,No,1147.731228668942,Standard-Value
7268-WNTCP,62,20.45,1297.35,No,663.0255261660978,Standard-Value
0824-VWDPO,45,96.75,4442.75,No,3136.8078071672358,High-Value
8409-WQJUX,25,54.2,1423.15,No,1757.260807736064,Standard-Value
2578-JQPHZ,44,100.1,4378.35,No,3245.420790671217,High-Value
3278-FSIXX,2,45.25,74.2,No,1467.0858219567692,Standard-Value
5813-UECBU,33,83.85,2716.3,Yes,2718.5667662116043,Standard-Value
0328-GRPMV,1,70.1,70.1,Yes,2272.76720705347,Standard-Value
9746-UGFAC,22,20.85,450.65,No,675.9942406143346,Standard-Value
2946-KIQSP,35,33.45,1175.85,No,1084.5087457337886,Standard-Value
0625-AFOHS,29,20.2,558.8,No,654.92007963595,Standard-Value
6726-WEXXK,27,85.9,2220.1,No,2785.0314277588172,Standard-Value
4636-OLWOE,54,61.0,3283.05,No,1977.7289533560865,Standard-Value
4342-HENTK,2,70.65,142.35,Yes,2290.5991894197955,Standard-Value
4685-ERGHK,57,86.9,4939.25,No,2817.453213879409,Standard-Value
0885-HMGPY,62,69.4,4237.5,No,2250.071956769056,Standard-Value
5003-OKNNK,15,20.35,335.95,No,659.7833475540388,Standard-Value
4195-SMMNX,2,20.35,33.2,Yes,659.7833475540388,Standard-Value
7208-PSIHR,70,104.3,7188.5,No,3381.592292377702,High-Value
4012-ZTHBR,21,44.95,926.25,No,1457.3592861205918,Standard-Value
0489-WMEMG,23,49.45,1119.35,No,1603.2573236632538,Standard-Value
7435-ZNUYY,6,20.6,116.6,No,667.8887940841867,Standard-Value
1354-YZFNB,4,19.55,68.8,No,633.8459186575654,Standard-Value
6956-SMUCM,3,99.0,287.4,Yes,3209.7568259385666,High-Value
2985-FMWYF,23,93.5,2341.55,No,3031.4370022753133,High-Value
2812-ENYMO,26,54.55,1362.85,No,1768.6084328782708,Standard-Value
2717-HVIZY,8,20.05,163.6,No,650.0568117178613,Standard-Value
3223-WZWJM,26,83.95,2254.2,Yes,2721.8089448236638,Standard-Value
3422-GALYP,2,79.45,145.15,No,2575.9109072810015,Standard-Value
9053-JZFKV,67,116.2,7752.3,Yes,3767.4115472127423,High-Value
2530-ENDWQ,71,93.7,6585.35,Yes,3037.9213594994317,High-Value
2890-WFBHU,59,79.85,4786.1,No,2588.879621729238,Standard-Value
0327-WFZSY,39,100.0,3835.55,No,3242.1786120591582,High-Value
7977-HXJKU,21,19.6,397.0,No,635.467007963595,Standard-Value
6615-ZGEDR,1,19.7,19.7,Yes,638.7091865756541,Standard-Value
7033-CLAMM,48,20.2,1027.25,No,654.92007963595,Standard-Value
4023-RTIQM,31,50.4,1580.1,No,1634.0580204778157,Standard-Value
0864-FVJNJ,64,113.35,7222.75,No,3675.0094567690558,High-Value
7356-IWLFW,46,80.0,3769.7,No,2593.7428896473266,Standard-Value
9541-PWTWO,52,80.95,4233.95,No,2624.543586461889,Standard-Value
3967-VQOGC,67,24.9,1680.25,No,807.3024744027304,Standard-Value
7872-RDDLZ,67,54.9,3725.5,No,1779.956058020478,Standard-Value
9250-WYPLL,5,75.55,413.65,Yes,2449.465941410694,Standard-Value
6308-CQRBU,71,109.25,7707.7,No,3542.0801336746304,High-Value
2754-XBHTB,9,77.65,714.15,Yes,2517.5516922639367,Standard-Value
1597-LHYNC,26,95.0,2497.2,Yes,3080.0696814562007,High-Value
0186-CAERR,71,116.3,8309.55,No,3770.6537258248013,High-Value
3043-SUDUA,32,19.9,601.55,No,645.1935437997724,Standard-Value
5442-BHQNG,2,70.35,139.25,No,2280.8726535836176,Standard-Value
2169-RRLFW,71,25.6,1888.25,No,829.9977246871446,Standard-Value
5872-OEQNH,60,44.45,2773.9,No,1441.148393060296,Standard-Value
3162-KKZXO,55,100.15,5409.75,No,3247.0418799772474,High-Value
7055-VKGDA,54,105.4,5643.4,Yes,3417.256257110353,High-Value
0754-UKWQP,2,95.85,197.7,Yes,3107.628199658703,High-Value
8873-GLDMH,6,73.85,401.3,No,2394.3489050056883,Standard-Value
5696-JVVQY,48,70.1,3238.4,No,2272.76720705347,Standard-Value
8946-BFWSG,63,25.25,1573.05,No,818.6500995449375,Standard-Value
7493-TPUWZ,1,79.15,79.15,Yes,2566.184371444824,Standard-Value
0547-HURJB,12,21.05,235.8,No,682.4785978384529,Standard-Value
8904-OPDCK,54,24.95,1364.75,No,808.92356370876,Standard-Value
8845-LWKGE,30,64.5,1985.15,No,2091.205204778157,Standard-Value
1577-HKTFG,30,19.65,655.85,Yes,637.0880972696245,Standard-Value
8752-STIVR,4,79.0,303.15,Yes,2561.321103526735,Standard-Value
0691-NIKRI,40,105.95,4335.2,No,3435.0882394766786,High-Value
5022-JNQEQ,9,75.85,647.5,No,2459.1924772468715,Standard-Value
4558-FANTW,17,91.85,1574.45,Yes,2977.9410551763367,High-Value
3249-VHRIP,62,43.6,2748.7,No,1413.5898748577931,Standard-Value
3736-BLEPA,28,91.25,2483.65,No,2958.487983503982,High-Value
4701-LKOZD,70,89.75,6367.2,No,2909.8553043230945,Standard-Value
6603-QWSPR,46,104.4,4904.2,No,3384.8344709897615,High-Value
9921-QFQUL,23,90.15,2044.95,No,2922.8240187713313,High-Value
1929-ZCBHE,47,40.3,1794.8,No,1306.5979806598407,Standard-Value
4378-MYPGO,68,105.25,7173.15,No,3412.3929891922644,High-Value
8651-ENBZX,60,106.0,6441.4,Yes,3436.709328782708,High-Value
4129-LYCOI,67,104.0,7039.05,No,3371.8657565415247,High-Value
7798-JVXYM,14,69.65,921.4,No,2258.177403299204,Standard-Value
8647-SDTWQ,57,74.3,4018.35,No,2408.938708759955,Standard-Value
2696-ECXKC,55,100.9,5448.6,No,3271.358219567691,High-Value
2081-KJSQF,1,20.25,20.25,No,656.5411689419795,Standard-Value
7623-TRNQN,1,49.9,49.9,Yes,1617.84712741752,Standard-Value
3323-CPBWR,23,96.9,2085.45,No,3141.6710750853244,High-Value
9330-IJWIO,13,100.35,1358.85,Yes,3253.5262372013653,High-Value
3384-CTMSF,47,104.1,5135.15,No,3375.1079351535836,High-Value
0902-RFHOF,38,20.1,730.1,No,651.6779010238909,Standard-Value
9286-DOJGF,38,74.95,2869.85,Yes,2430.0128697383393,Standard-Value
6048-QBXKL,2,56.55,118.25,No,1833.452005119454,Standard-Value
9661-MHUMO,1,49.25,49.25,Yes,1596.7729664391354,Standard-Value
7718-RXDGG,15,68.6,1108.6,No,2224.1345278725826,Standard-Value
1025-FALIX,26,69.05,1815.65,No,2238.7243316268487,Standard-Value
3451-VAWLI,35,19.7,730.4,No,638.7091865756541,Standard-Value
3407-QGWLG,3,20.05,75.45,No,650.0568117178613,Standard-Value
1842-EZJMK,50,103.7,5071.05,Yes,3362.1392207053473,High-Value
2347-WKKAE,42,94.4,4014.6,No,3060.616609783846,High-Value
8735-DCXNF,10,54.95,568.85,No,1781.5771473265077,Standard-Value
3214-IYUUQ,61,93.7,5860.7,No,3037.9213594994317,High-Value
1936-UAFEH,68,110.25,7279.35,No,3574.501919795222,High-Value
3587-PMCOY,10,98.9,1064.95,No,3206.5146473265077,High-Value
8079-XRJRS,65,89.75,5769.6,Yes,2909.8553043230945,Standard-Value
1027-LKKQQ,72,80.45,5886.85,No,2608.332693401593,Standard-Value
7148-XZPHA,55,79.4,4238.45,No,2574.289817974972,Standard-Value
8073-IJDCM,1,20.3,20.3,Yes,658.1622582480092,Standard-Value
5309-TAIKL,7,62.8,418.3,No,2036.0881683731513,Standard-Value
6856-RAURS,2,74.9,136.05,No,2428.3917804323096,Standard-Value
8778-LMWTJ,9,74.85,708.2,No,2426.77069112628,Standard-Value
9717-IOAAF,27,25.85,788.55,No,838.1031712172925,Standard-Value
8884-ADFVN,7,101.95,700.85,Yes,3305.401094994312,High-Value
2845-KDHVX,64,68.3,4378.8,No,2214.407992036405,Standard-Value
0848-SOMKO,70,48.4,3442.8,No,1569.2144482366325,Standard-Value
2720-WGKHP,2,94.0,181.7,Yes,3047.647895335609,High-Value
6734-FQAJX,67,105.05,7171.7,No,3405.908631968146,High-Value
2869-ADAWR,45,89.3,4016.85,Yes,2895.2655005688284,Standard-Value
1535-VTJOQ,24,25.15,553.0,No,815.4079209328783,Standard-Value
6368-TZZDT,4,19.5,96.85,No,632.2248293515358,Standard-Value
0943-ZQPXH,44,92.95,4122.9,No,3013.6050199089877,High-Value
1293-BSEUN,72,20.7,1482.3,No,671.1309726962457,Standard-Value
9894-EZEWG,1,74.3,74.3,Yes,2408.938708759955,Standard-Value
1302-TPUBN,66,19.35,1240.8,No,627.3615614334472,Standard-Value
7851-FLGGQ,1,44.65,44.65,Yes,1447.6327502844142,Standard-Value
0637-UBJRP,13,84.05,1095.3,Yes,2725.0511234357227,Standard-Value
0940-OUQEC,10,80.7,788.8,Yes,2616.438139931741,Standard-Value
2378-VTKDH,65,104.35,6578.55,No,3383.2133816837318,High-Value
0927-CNGRH,1,19.55,19.55,No,633.8459186575654,Standard-Value
8608-OZTLB,38,74.05,2802.3,No,2400.8332622298067,Standard-Value
2335-GSODA,23,40.1,857.75,No,1300.1136234357225,Standard-Value
1952-DVVSW,10,20.1,184.4,No,651.6779010238909,Standard-Value
0702-PGIBZ,4,101.7,364.55,Yes,3297.295648464164,High-Value
6656-GULJQ,72,83.55,6093.3,No,2708.840230375427,Standard-Value
9853-JFZDU,35,56.85,1861.1,No,1843.1785409556317,Standard-Value
1963-VAUKV,1,20.4,20.4,Yes,661.4044368600682,Standard-Value
3777-XROBG,58,19.55,1079.65,No,633.8459186575654,Standard-Value
6994-FGRHH,70,106.15,7475.1,No,3441.572596700797,High-Value
4000-VGMQP,38,78.95,2862.55,No,2559.7000142207057,Standard-Value
3999-WRNGR,60,49.75,3069.45,No,1612.9838594994312,Standard-Value
3466-RITXD,26,92.4,2349.8,No,2995.7730375426627,High-Value
2680-XKKNJ,8,58.2,469.25,No,1886.9479522184304,Standard-Value
3058-HJCUY,41,102.6,4213.35,Yes,3326.4752559726962,High-Value
2974-GGUXS,36,91.95,3301.05,No,2981.183233788396,High-Value
7994-XIRTR,54,65.25,3529.95,No,2115.5215443686006,Standard-Value
3259-FDWOY,71,106.0,7723.7,Yes,3436.709328782708,High-Value
2101-RANCD,55,73.1,4144.9,No,2370.032565415245,Standard-Value
7921-BEPCI,72,59.75,4265.0,No,1937.201720705347,Standard-Value
0807-ZABDG,3,55.1,154.65,Yes,1786.4404152445964,Standard-Value
8510-TMWYB,54,59.8,3246.45,No,1938.8228100113765,Standard-Value
3258-ZKPAI,72,116.6,8337.45,No,3780.3802616609787,High-Value
1428-IEDPR,52,109.3,5731.4,No,3543.70122298066,High-Value
5298-GSTLM,60,101.4,6176.6,No,3287.5691126279867,High-Value
4450-YOOHP,39,50.65,1905.4,No,1642.1634670079636,Standard-Value
6728-CZFEI,15,56.15,931.9,No,1820.4832906712174,Standard-Value
5748-RNCJT,69,106.5,7348.8,Yes,3452.9202218430037,High-Value
3653-NCRDJ,43,19.2,776.25,No,622.4982935153583,Standard-Value
6121-TNHBO,63,83.0,5243.05,No,2691.0082480091014,Standard-Value
5119-NZPTV,2,70.1,141.65,No,2272.76720705347,Standard-Value
6519-ZHPXP,72,108.3,7679.65,No,3511.2794368600685,High-Value
7739-LAXOG,32,91.05,2954.5,Yes,2952.0036262798635,High-Value
3472-QPRCH,40,25.25,1006.9,No,818.6500995449375,Standard-Value
8224-UAXBZ,58,45.35,2540.1,No,1470.3280005688284,Standard-Value
9610-WCESF,67,43.9,3097.2,No,1423.3164106939705,Standard-Value
9776-CLUJA,51,77.5,3807.35,Yes,2512.6884243458476,Standard-Value
2486-WYVVE,31,79.3,2484.0,No,2571.0476393629124,Standard-Value
3865-ZYKAD,69,84.9,5785.65,No,2752.6096416382256,Standard-Value
1422-DGUBX,32,79.25,2619.15,No,2569.426550056883,Standard-Value
2999-AANRQ,21,71.05,1524.85,No,2303.567903868032,Standard-Value
8668-KNZTI,52,53.75,2790.65,No,1742.6710039817976,Standard-Value
0480-KYJVA,72,24.25,1784.5,No,786.2283134243459,Standard-Value
6034-ZRYCV,72,54.2,3937.45,Yes,1757.260807736064,Standard-Value
9746-YKGXB,52,44.25,2276.1,No,1434.6640358361776,Standard-Value
3926-YZVVX,41,50.05,2029.05,No,1622.7103953356086,Standard-Value
6000-UKLWI,41,20.15,802.35,No,653.2989903299203,Standard-Value
2079-FBMZK,6,69.25,418.4,Yes,2245.208688850967,Standard-Value
6332-FBZRI,67,69.35,4653.25,No,2248.450867463026,Standard-Value
2096-XOTMO,16,19.35,275.9,No,627.3615614334472,Standard-Value
3266-FTKHB,17,19.15,343.45,No,620.8772042093287,Standard-Value
8221-EQDGL,35,61.0,2130.45,No,1977.7289533560865,Standard-Value
2346-LOCWC,58,20.5,1191.4,No,664.6466154721275,Standard-Value
6608-QQLVK,1,50.5,50.5,Yes,1637.300199089875,Standard-Value
0298-XACET,52,50.2,2554.0,No,1627.5736632536975,Standard-Value
7560-QJAVJ,70,79.6,5589.45,No,2580.7741751990898,Standard-Value
2995-YWTCD,19,24.9,467.7,No,807.3024744027304,Standard-Value
3551-HUAZH,1,74.4,74.4,Yes,2412.1808873720142,Standard-Value
9137-UIYPG,35,106.9,3756.45,No,3465.8889362912405,High-Value
2809-ZMYOQ,32,101.35,3334.9,No,3285.948023321957,High-Value
5084-OOVCJ,17,55.35,920.5,No,1794.5458617747443,Standard-Value
0254-WWRKD,67,50.55,3431.75,No,1638.9212883959044,Standard-Value
7727-SHVZV,9,19.5,150.35,No,632.2248293515358,Standard-Value
6302-JGYRJ,31,79.45,2587.7,Yes,2575.9109072810015,Standard-Value
5339-PXDVH,4,90.65,367.95,No,2939.034911831627,High-Value
2205-LPVGL,58,89.85,5125.75,No,2913.0974829351535,Standard-Value
8782-NUUOL,60,79.0,4801.1,No,2561.321103526735,Standard-Value
3685-YLCMQ,58,104.65,6219.6,Yes,3392.9399175199096,High-Value
7601-WFVZV,1,19.55,19.55,No,633.8459186575654,Standard-Value
4609-KNNWG,27,19.9,550.1,No,645.1935437997724,Standard-Value
4868-AADLV,66,116.25,7862.25,No,3769.0326365187716,High-Value
9529-OFXHY,15,87.75,1242.2,No,2845.0117320819113,Standard-Value
8634-MPHTR,47,100.05,4871.05,Yes,3243.799701365188,High-Value
2669-QVCRG,41,81.3,3190.65,No,2635.8912116040956,Standard-Value
2478-EEWWM,59,44.3,2666.75,No,1436.285125142207,Standard-Value
9174-IHETN,50,70.35,3533.6,No,2280.8726535836176,Standard-Value
2233-TXSIU,17,44.45,792.15,No,1441.148393060296,Standard-Value
9644-UMGQA,6,49.15,295.65,No,1593.5307878270762,Standard-Value
3256-EZDBI,51,29.45,1459.35,No,954.8216012514221,Standard-Value
8761-NSOBC,44,100.55,4398.15,Yes,3260.0105944254838,High-Value
0419-YAAPX,49,85.3,4297.95,No,2765.578356086462,Standard-Value
8413-VONUO,2,95.65,167.3,Yes,3101.143842434585,High-Value
0872-CASZJ,59,69.1,4096.9,No,2240.3454209328784,Standard-Value
4726-DLWQN,50,70.35,3454.6,No,2280.8726535836176,Standard-Value
8164-OCKUJ,59,20.6,1286.0,No,667.8887940841867,Standard-Value
3094-JOJAI,18,74.15,1387.0,No,2404.075440841866,Standard-Value
9494-MRNYX,10,75.05,786.3,No,2433.2550483503983,Standard-Value
2599-CZABP,14,44.6,641.25,No,1446.0116609783847,Standard-Value
7945-PRBVF,35,21.45,705.45,No,695.4473122866895,Standard-Value
4544-RXFMG,8,43.45,345.5,No,1408.7266069397044,Standard-Value
0859-YGKFW,18,20.05,345.9,No,650.0568117178613,Standard-Value
1150-FTQGN,60,94.15,5811.8,No,3052.5111632536978,High-Value
9223-UCPVT,1,94.4,94.4,Yes,3060.616609783846,High-Value
7196-LIWRH,6,19.55,124.45,No,633.8459186575654,Standard-Value
5448-VWNAM,19,75.9,1375.6,No,2460.813566552901,Standard-Value
1177-XZBJL,53,64.15,3491.55,No,2079.85757963595,Standard-Value
3518-FSTWG,72,109.55,7920.7,No,3551.8066695108078,High-Value
9330-VOFSZ,60,110.8,6640.7,No,3592.3339021615475,High-Value
4351-QLCSU,1,55.0,55.0,Yes,1783.1982366325371,Standard-Value
0939-EREMR,13,53.45,718.1,No,1732.9444681456202,Standard-Value
9389-ACWBI,5,69.95,320.4,No,2267.9039391353813,Standard-Value
5419-JPRRN,1,101.45,101.45,Yes,3289.1902019340164,High-Value
3644-QXEHN,13,97.0,1334.45,No,3144.9132536973834,High-Value
2911-IJORQ,37,90.6,3358.65,No,2937.4138225255974,High-Value
5921-NGYRH,64,73.55,4764.0,No,2384.622369169511,Standard-Value
2100-BDNSN,5,67.95,350.3,Yes,2203.060366894198,Standard-Value
5998-DZLYR,61,94.35,5703.0,No,3058.9955204778157,High-Value
0488-GSLFR,1,69.5,69.5,Yes,2253.314135381115,Standard-Value
9318-NKNFC,1,18.85,18.85,Yes,611.1506683731513,Standard-Value
3985-HOYPM,26,19.4,525.55,No,628.9826507394766,Standard-Value
9728-FTTVZ,1,69.2,69.2,Yes,2243.587599544938,Standard-Value
9548-LERKT,24,19.75,483.15,No,640.3302758816837,Standard-Value
6576-FBXOJ,17,54.6,934.8,No,1770.2295221843005,Standard-Value
4310-KEDTB,26,29.8,786.5,No,966.1692263936292,Standard-Value
7254-IQWOZ,1,69.65,69.65,Yes,2258.177403299204,Standard-Value
2474-BRUCM,40,101.85,4086.3,Yes,3302.1589163822528,High-Value
4062-HBMOS,52,103.05,5364.8,No,3341.0650597269628,High-Value
0742-NXBGR,1,82.3,82.3,Yes,2668.312997724687,Standard-Value
2676-ISHSF,1,20.3,20.3,No,658.1622582480092,Standard-Value
9236-NDUCW,21,35.1,770.4,No,1138.0046928327647,Standard-Value
4753-PADAS,67,105.7,6816.95,No,3426.9827929465305,High-Value
6103-QCKFX,44,56.25,2419.55,No,1823.7254692832767,Standard-Value
7781-EWARA,70,60.35,4138.7,No,1956.654792377702,Standard-Value
6110-OHIHY,3,79.25,267.6,Yes,2569.426550056883,Standard-Value
7018-FPXHH,56,59.8,3457.45,No,1938.8228100113765,Standard-Value
5889-LFOLL,13,84.6,1115.2,Yes,2742.883105802048,Standard-Value
5708-EVONK,58,93.4,5435.6,Yes,3028.1948236632543,High-Value
8708-XPXHZ,42,94.2,4186.3,Yes,3054.1322525597275,High-Value
0616-ATFGB,1,25.05,25.05,Yes,812.1657423208192,Standard-Value
0572-ZJKLT,46,99.65,4630.2,No,3230.8309869169516,High-Value
5135-RDDQL,63,50.65,3221.25,No,1642.1634670079636,Standard-Value
1353-LJWEM,11,60.9,688.5,No,1974.4867747440273,Standard-Value
1794-SWWKL,15,59.65,867.1,No,1933.9595420932878,Standard-Value
6166-YIPFO,72,64.7,4746.05,No,2097.6895620022756,Standard-Value
7016-BPGEU,29,25.1,712.85,Yes,813.7868316268488,Standard-Value
6876-ADESB,1,48.95,48.95,Yes,1587.046430602958,Standard-Value
9332-GYWLO,6,54.85,355.1,No,1778.3349687144485,Standard-Value
1963-SVUCV,1,45.3,45.3,Yes,1468.7069112627987,Standard-Value
4184-VODJZ,63,91.35,5764.7,No,2961.730162116041,High-Value
0220-EBGCE,2,85.85,167.3,Yes,2783.410338452787,Standard-Value
1092-WPIVQ,18,25.1,428.45,No,813.7868316268488,Standard-Value
7233-IOQNP,43,34.0,1505.35,No,1102.340728100114,Standard-Value
2834-JKOOW,15,45.9,693.45,No,1488.1599829351537,Standard-Value
2754-VDLTR,10,95.2,930.4,Yes,3086.554038680319,High-Value
2400-FEQME,55,20.5,1177.95,No,664.6466154721275,Standard-Value
3190-XFANI,49,100.6,5069.65,Yes,3261.631683731513,High-Value
7551-DACSP,6,55.3,324.25,Yes,1792.9247724687145,Standard-Value
4957-SREEC,70,20.35,1458.1,No,659.7833475540388,Standard-Value
7235-NXZCP,2,74.85,156.4,Yes,2426.77069112628,Standard-Value
0230-UBYPQ,63,36.1,2298.9,No,1170.4264789533563,Standard-Value
4923-ADWXJ,25,65.8,1679.65,No,2133.353526734926,Standard-Value
1763-KUAAW,18,20.35,369.6,No,659.7833475540388,Standard-Value
1104-TNLZA,28,105.8,2998.0,No,3430.2249715585895,High-Value
5195-KPUNQ,53,96.75,5206.55,No,3136.8078071672358,High-Value
0520-FDVVT,35,102.35,3626.1,Yes,3318.3698094425486,High-Value
3439-GVUSX,1,24.4,24.4,No,791.0915813424346,Standard-Value
1444-VVSGW,70,115.65,7968.85,Yes,3749.579564846417,High-Value
5712-PTIWW,2,79.85,152.45,Yes,2588.879621729238,Standard-Value
5949-HGVJL,26,73.05,1959.5,No,2368.411476109215,Standard-Value
5203-XEHAX,34,64.35,2053.05,No,2086.341936860068,Standard-Value
1635-HDGFT,19,20.5,398.55,No,664.6466154721275,Standard-Value
3315-TOTBP,15,76.0,1130.85,Yes,2464.05574516496,Standard-Value
8050-XGRVL,62,54.75,3425.35,No,1775.0927901023892,Standard-Value
6661-HBGWL,42,104.75,4323.45,Yes,3396.1820961319686,High-Value
1518-VOWAV,9,74.65,703.55,Yes,2420.286333902162,Standard-Value
9828-QHFBK,24,51.15,1275.7,No,1658.3743600682594,Standard-Value
3908-MKIMJ,68,41.95,2965.75,No,1360.093927758817,Standard-Value
5012-YSPJJ,31,54.35,1647.0,No,1762.1240756541526,Standard-Value
5909-ECHUI,1,56.25,56.25,Yes,1823.7254692832767,Standard-Value
1309-BXVOQ,21,106.1,2249.95,Yes,3439.951507394767,High-Value
6728-VOIFY,63,96.0,6109.75,No,3112.4914675767923,High-Value
9317-WZPGV,2,79.75,159.4,Yes,2585.637443117179,Standard-Value
4891-NLUBA,61,61.45,3751.15,No,1992.3187571103529,Standard-Value
2856-HYAPG,1,68.65,68.65,Yes,2225.7556171786123,Standard-Value
8969-PRHFK,18,19.65,411.25,No,637.0880972696245,Standard-Value
0661-KQHNK,6,19.0,105.5,No,616.01393629124,Standard-Value
8709-KRDVL,33,100.0,3320.6,No,3242.1786120591582,High-Value
4488-PSYCG,16,20.25,327.45,Yes,656.5411689419795,Standard-Value
1427-VERSM,56,98.7,5669.5,No,3200.0302901023892,High-Value
9801-NOSHQ,23,19.8,465.45,No,641.9513651877133,Standard-Value
6339-YPSAH,9,73.8,704.3,No,2392.727815699659,Standard-Value
3621-CEOVK,14,100.2,1369.8,Yes,3248.6629692832767,High-Value
6906-ANDWJ,15,74.9,1107.25,Yes,2428.3917804323096,Standard-Value
2159-TURXX,5,20.05,95.55,No,650.0568117178613,Standard-Value
1548-FEHVL,61,106.2,6375.2,No,3443.1936860068263,High-Value
3795-CAWEX,70,116.55,8152.3,No,3778.759172354949,High-Value
6215-NQCPY,15,99.7,1566.75,No,3232.452076222981,High-Value
5647-URDKA,8,19.7,130.25,No,638.7091865756541,Standard-Value
2229-DPMBI,8,19.5,162.15,No,632.2248293515358,Standard-Value
9626-WEQRM,4,29.15,110.05,No,945.0950654152447,Standard-Value
2188-SXWVT,34,55.0,1885.15,No,1783.1982366325371,Standard-Value
6258-PVZWJ,68,90.8,6302.85,No,2943.898179749716,High-Value
1094-BKOSX,45,51.0,2264.5,No,1653.5110921501707,Standard-Value
6969-MVBAI,9,90.1,816.8,No,2921.2029294653016,High-Value
2978-XXSOG,22,59.05,1253.5,No,1914.5064704209328,Standard-Value
2342-CKIAO,2,20.3,41.2,No,658.1622582480092,Standard-Value
6953-PBDIN,70,72.95,5265.55,No,2365.169297497156,Standard-Value
3898-BSJYF,10,73.55,693.3,No,2384.622369169511,Standard-Value
3938-YFPXD,72,84.3,5997.1,No,2733.1565699658704,Standard-Value
7696-AMHOD,49,78.0,3824.2,No,2528.8993174061434,Standard-Value
2453-SAFNS,54,72.1,3886.05,No,2337.610779294653,Standard-Value
9558-IHEZX,71,106.75,7283.25,No,3461.0256683731513,High-Value
9617-UDPEU,22,19.25,412.55,No,624.119382821388,Standard-Value
6340-DACFT,50,20.55,1070.25,No,666.267704778157,Standard-Value
4955-VCWBI,43,20.0,817.95,No,648.4357224118316,Standard-Value
6813-GZQCG,45,24.65,1171.3,No,799.1970278725825,Standard-Value
7426-GSWPO,64,103.5,6548.65,No,3355.654863481229,High-Value
3389-KTRXV,23,23.85,625.65,No,773.2595989761094,Standard-Value
3118-UHVVQ,68,25.8,1911.5,No,836.4820819112629,Standard-Value
1031-IIDEO,1,70.85,70.85,Yes,2297.0835466439135,Standard-Value
5832-XKAES,2,69.8,134.7,Yes,2263.0406712172926,Standard-Value
3205-MXZRA,26,59.45,1507.0,No,1927.4751848691697,Standard-Value
4701-AHWMW,55,54.55,2978.3,Yes,1768.6084328782708,Standard-Value
8317-BVKSO,14,20.05,299.3,No,650.0568117178613,Standard-Value
5702-KVQRD,71,82.55,5832.65,No,2676.4184442548353,Standard-Value
0083-PIVIK,64,81.25,5567.55,No,2634.2701222980663,Standard-Value
9210-IAHGH,7,70.75,450.8,Yes,2293.8413680318545,Standard-Value
6169-PGNCD,57,74.3,4166.35,No,2408.938708759955,Standard-Value
0023-XUOPT,13,94.1,1215.6,Yes,3050.890073947668,High-Value
4592-IWTJI,3,29.7,91.7,Yes,962.92704778157,Standard-Value
4909-JOUPP,72,109.7,7898.45,No,3556.669937428897,High-Value
4657-FWVFY,40,96.35,3915.4,No,3123.839092718999,High-Value
2257-BOVXD,14,66.6,979.5,No,2159.2909556313994,Standard-Value
7729-JTEEC,2,44.5,90.05,No,1442.7694823663255,Standard-Value
7632-MNYOY,66,110.9,7432.05,Yes,3595.576080773607,High-Value
6518-LGAOV,38,105.0,4026.4,Yes,3404.2875426621163,High-Value
7242-QZLXF,1,25.3,25.3,Yes,820.2711888509671,Standard-Value
4576-CSAJH,22,55.15,1193.05,Yes,1788.0615045506258,Standard-Value
1000-AJSLD,1,20.1,20.1,Yes,651.6779010238909,Standard-Value
9696-RMYBA,5,80.1,398.55,No,2596.9850682593856,Standard-Value
8690-UPCZI,29,69.05,1958.45,No,2238.7243316268487,Standard-Value
1062-LHZOD,1,69.9,69.9,Yes,2266.282849829352,Standard-Value
9770-LXDBK,3,20.4,63.15,No,661.4044368600682,Standard-Value
4086-WITJG,71,19.7,1301.1,No,638.7091865756541,Standard-Value
8344-WFMFH,9,50.1,484.05,No,1624.3314846416383,Standard-Value
9600-NAXZN,43,101.4,4528.0,Yes,3287.5691126279867,High-Value
8822-KNBHV,48,83.45,3887.85,No,2705.598051763368,Standard-Value
8404-FYDIB,26,86.65,2208.75,No,2809.3477673492607,Standard-Value
2791-SFVEW,9,20.15,238.15,No,653.2989903299203,Standard-Value
6457-USBER,1,80.8,80.8,Yes,2619.6803185438,Standard-Value
6762-NSODU,46,19.4,958.15,No,628.9826507394766,Standard-Value
4662-EKDPQ,2,62.05,118.3,Yes,2011.7718287827076,Standard-Value
9248-OJYKK,1,76.45,76.45,Yes,2478.6455489192267,Standard-Value
9888-ZCUMM,64,60.05,3845.45,No,1946.9282565415244,Standard-Value
3398-FSHON,12,91.3,1094.5,Yes,2960.1090728100116,High-Value
3319-DWOEP,6,95.75,573.75,Yes,3104.386021046644,High-Value
1074-WVEVG,59,20.35,1267.0,No,659.7833475540388,Standard-Value
9979-RGMZT,7,94.05,633.45,No,3049.2689846416383,High-Value
6437-UDQJM,72,84.1,6129.65,No,2726.672212741752,Standard-Value
1226-IENZN,16,78.75,1218.25,No,2553.2156569965873,Standard-Value
2108-GLPQB,25,55.55,1405.3,No,1801.0302189988624,Standard-Value
9259-PACGQ,34,62.65,2274.9,Yes,2031.2249004550627,Standard-Value
4415-IJZTP,1,74.5,74.5,Yes,2415.423065984073,Standard-Value
1465-VINDH,10,102.1,1068.85,Yes,3310.2643629124004,High-Value
5474-LAMUQ,24,20.1,533.9,No,651.6779010238909,Standard-Value
3468-DRVQJ,10,70.3,676.15,No,2279.2515642775884,Standard-Value
1122-YJBCS,69,53.65,3804.4,No,1739.4288253697384,Standard-Value
4990-ALDGW,57,20.75,1118.8,No,672.7520620022754,Standard-Value
4816-OKWNX,50,103.4,5236.4,No,3352.41268486917,High-Value
3315-IKYZQ,28,50.8,1386.8,No,1647.0267349260523,Standard-Value
2810-FTLEM,16,50.15,762.25,Yes,1625.9525739476678,Standard-Value
4747-LCAQL,25,79.0,1902.0,No,2561.321103526735,Standard-Value
3411-WLRSQ,3,74.6,239.05,No,2418.6652445961317,Standard-Value
0898-XCGTF,61,96.5,5673.7,No,3128.7023606370876,High-Value
8006-PYCSW,2,20.1,39.8,No,651.6779010238909,Standard-Value
8249-THVEC,51,19.4,997.75,No,628.9826507394766,Standard-Value
8722-PRFDV,71,77.55,5574.35,No,2514.3095136518773,Standard-Value
2164-SOQXL,20,20.05,406.05,No,650.0568117178613,Standard-Value
4020-KIUDI,6,19.85,138.85,No,643.572454493743,Standard-Value
5850-BDWCY,6,20.2,123.65,No,654.92007963595,Standard-Value
2038-YSEZE,29,67.45,1801.1,No,2186.8494738339023,Standard-Value
0827-ITJPH,36,18.55,689.0,No,601.424132536974,Standard-Value
8799-OXZMD,28,29.75,790.7,No,964.5481370875996,Standard-Value
1925-TIBLE,7,86.5,582.5,Yes,2804.484499431172,Standard-Value
1705-GUHPV,63,24.2,1618.2,No,784.6072241183163,Standard-Value
4779-ZGICK,48,23.55,1173.35,No,763.5330631399319,Standard-Value
0048-PIHNL,49,20.45,900.9,No,663.0255261660978,Standard-Value
0818-OCPZO,27,81.45,2122.05,Yes,2640.7544795221847,Standard-Value
3967-KXAPS,72,92.3,6719.9,No,2992.5308589306032,High-Value
1447-GIQMR,1,69.15,69.15,Yes,2241.966510238908,Standard-Value
3704-IEAXF,72,53.65,3784.0,No,1739.4288253697384,Standard-Value
6810-VCAEX,47,39.65,1798.65,No,1285.5238196814562,Standard-Value
0674-EYYZV,1,54.65,54.65,No,1771.85061149033,Standard-Value
4480-MBMLB,36,104.8,3886.45,No,3397.803185437998,High-Value
1395-OFUWC,43,29.3,1224.05,No,949.9583333333335,Standard-Value
0822-QGCXA,27,83.85,2310.2,No,2718.5667662116043,Standard-Value
0872-NXJYS,9,79.55,723.4,Yes,2579.1530858930605,Standard-Value
2832-KJCRD,38,103.65,3988.5,No,3360.518131399318,High-Value
3588-WSTTJ,35,99.05,3554.6,No,3211.3779152445964,High-Value
5090-EMGTC,59,100.05,6034.85,No,3243.799701365188,High-Value
2346-CZYIL,27,20.35,531.6,No,659.7833475540388,Standard-Value
3798-EPWRR,2,43.95,85.1,No,1424.9375000000002,Standard-Value
6258-NGCNG,7,23.5,173.0,No,761.9119738339023,Standard-Value
4186-ZBUEW,36,70.7,2511.95,No,2292.220278725825,Standard-Value
5274-XHAKY,41,94.3,3893.6,No,3057.3744311717865,High-Value
1442-BQPVU,13,29.15,357.15,No,945.0950654152447,Standard-Value
3978-YNKDD,19,20.85,467.5,No,675.9942406143346,Standard-Value
4940-KHCWD,60,37.7,2288.7,No,1222.3013367463027,Standard-Value
9412-ARGBX,48,95.5,4627.85,Yes,3096.2805745164965,High-Value
1389-CXMLU,3,91.05,289.1,Yes,2952.0036262798635,High-Value
9589-ABEPT,69,92.45,6460.55,No,2997.394126848692,High-Value
9388-ZEYVT,43,44.15,1931.3,No,1431.4218572241184,Standard-Value
0305-SQECB,11,36.05,402.6,No,1168.8053896473266,Standard-Value
7605-SNLQG,45,50.25,2221.55,No,1629.194752559727,Standard-Value
4670-TABXH,72,109.75,7758.9,No,3558.291026734926,High-Value
5561-NWEVX,2,79.2,172.85,Yes,2567.8054607508534,Standard-Value
0064-SUDOG,12,20.3,224.5,No,658.1622582480092,Standard-Value
8561-NMTBD,67,112.35,7388.45,No,3642.587670648464,High-Value
5161-XEUVX,37,94.3,3460.95,No,3057.3744311717865,High-Value
8292-FRFZQ,39,41.15,1700.9,No,1334.1564988623436,Standard-Value
8591-NXRCV,41,74.65,3090.65,No,2420.286333902162,Standard-Value
7895-VONWT,25,48.25,1293.8,No,1564.3511803185438,Standard-Value
4526-RMTLL,8,76.15,645.8,No,2468.9190130830493,Standard-Value
6253-GNHWH,71,71.1,5224.95,No,2305.1889931740616,Standard-Value
4566-NECEV,5,96.55,500.1,No,3130.3234499431173,High-Value
8080-POTJR,30,79.3,2427.1,No,2571.0476393629124,Standard-Value
6906-MPARY,40,89.6,3488.15,No,2904.992036405006,Standard-Value
3662-FXJFO,54,20.5,1035.7,No,664.6466154721275,Standard-Value
8107-RZLNV,72,106.3,7565.35,No,3446.4358646188853,High-Value
0516-OOHAR,28,100.35,2799.0,No,3253.5262372013653,High-Value
2027-CWDNU,18,85.6,1601.5,No,2775.3048919226394,Standard-Value
2737-WFVYW,2,45.25,85.5,Yes,1467.0858219567692,Standard-Value
9912-OMZDS,59,106.15,6256.2,No,3441.572596700797,High-Value
3733-ZEECP,22,51.1,1232.9,No,1656.75327076223,Standard-Value
7878-RTCZG,1,19.9,19.9,No,645.1935437997724,Standard-Value
2452-MRMZF,72,25.7,1937.4,No,833.2399032992037,Standard-Value
2272-QAGFO,14,74.3,1096.25,Yes,2408.938708759955,Standard-Value
7103-IPXPJ,50,99.4,5059.75,No,3222.7255403868035,High-Value
4342-HFXWS,48,69.7,3023.65,No,2259.7984926052336,Standard-Value
3545-CNWRG,49,98.35,4889.2,No,3188.682664960182,High-Value
1785-BPHTP,28,85.45,2289.9,No,2770.4416240045507,Standard-Value
4989-LIXVT,68,95.9,6503.2,No,3109.2492889647333,High-Value
7315-WYOAW,13,100.75,1313.25,No,3266.494951649602,High-Value
1173-XZPYF,11,89.2,990.3,No,2892.0233219567695,Standard-Value
9850-OWRHQ,3,74.1,228.0,Yes,2402.4543515358364,Standard-Value
3768-NLUBH,57,100.6,5746.15,Yes,3261.631683731513,High-Value
8676-TRMJS,3,75.0,209.1,Yes,2431.6339590443686,Standard-Value
2509-TFPJU,72,25.75,1864.2,No,834.8609926052333,Standard-Value
9530-GRMJG,70,84.1,5979.7,No,2726.672212741752,Standard-Value
6898-RBTLU,49,79.3,3902.45,No,2571.0476393629124,Standard-Value
5481-NTDOH,67,107.05,7142.5,No,3470.7522042093287,High-Value
2068-WWXQZ,46,20.05,902.0,No,650.0568117178613,Standard-Value
7359-SSBJK,64,70.2,4481.0,Yes,2276.0093856655294,Standard-Value
2061-VVFST,37,19.5,805.2,No,632.2248293515358,Standard-Value
0685-MLYYM,2,70.75,154.85,Yes,2293.8413680318545,Standard-Value
0749-IRGQE,13,45.3,528.45,No,1468.7069112627987,Standard-Value
2380-DAMQP,72,115.15,8349.7,No,3733.368671786121,High-Value
2256-YLYLP,68,72.95,4953.25,No,2365.169297497156,Standard-Value
1272-ILHFG,15,19.65,332.65,No,637.0880972696245,Standard-Value
0164-XAIRP,24,19.55,470.2,No,633.8459186575654,Standard-Value
5666-CYCYZ,24,89.55,2259.35,No,2903.370947098976,Standard-Value
4011-ARPHK,27,50.35,1411.35,No,1632.4369311717862,Standard-Value
8182-PNAGI,12,50.25,593.75,Yes,1629.194752559727,Standard-Value
6365-HITVU,71,87.25,6328.7,No,2828.8008390216155,Standard-Value
7558-IMLMT,67,20.8,1411.9,No,674.373151308305,Standard-Value
9488-FYQAU,63,109.25,6841.4,No,3542.0801336746304,High-Value
3590-TCXTB,1,20.35,20.35,No,659.7833475540388,Standard-Value
6994-KERXL,4,55.9,238.5,No,1812.3778441410695,Standard-Value
7957-RYHQD,40,79.2,3233.85,Yes,2567.8054607508534,Standard-Value
2180-DXNEG,12,96.0,1062.1,Yes,3112.4914675767923,High-Value
1960-UOTYM,52,79.2,4016.3,No,2567.8054607508534,Standard-Value
2740-JFBOK,10,24.0,226.55,No,778.1228668941981,Standard-Value
6500-JVEGC,68,101.35,7110.75,No,3285.948023321957,High-Value
5515-AKOAJ,54,100.1,5440.9,Yes,3245.420790671217,High-Value
8976-OQHGT,4,56.5,235.1,Yes,1831.8309158134246,Standard-Value
5245-VDBUR,52,35.45,1958.95,No,1149.3523179749718,Standard-Value
6230-BSUXY,1,85.0,85.0,Yes,2755.8518202502846,Standard-Value
8469-SNFFH,70,79.4,5528.9,No,2574.289817974972,Standard-Value
2144-ESWKO,43,35.2,1463.7,No,1141.246871444824,Standard-Value
1241-FPMOF,52,19.65,1025.05,No,637.0880972696245,Standard-Value
9928-BZVLZ,12,49.85,552.1,No,1616.2260381114904,Standard-Value
4114-QMKVN,56,68.75,3815.4,No,2228.9977957906713,Standard-Value
9003-CPATH,42,79.9,3313.4,No,2590.5007110352676,Standard-Value
1754-GKYPY,22,89.75,1938.9,No,2909.8553043230945,Standard-Value
5294-CDGWY,51,59.3,3014.65,Yes,1922.6119169510807,Standard-Value
7956-XQWGU,27,19.4,460.25,No,628.9826507394766,Standard-Value
1591-MQJTP,51,93.65,4839.15,No,3036.300270193402,High-Value
5295-PCJOO,4,49.4,184.4,Yes,1601.636234357224,Standard-Value
2369-FEVNO,1,19.9,19.9,No,645.1935437997724,Standard-Value
9863-JZAIC,35,55.0,2010.55,Yes,1783.1982366325371,Standard-Value
7471-MQPOS,71,72.9,5139.65,No,2363.548208191127,Standard-Value
7660-HDPJV,1,69.2,69.2,Yes,2243.587599544938,Standard-Value
5115-SQAAU,69,25.6,1673.4,No,829.9977246871446,Standard-Value
9845-QOMAD,14,19.75,309.35,No,640.3302758816837,Standard-Value
7672-VFMXZ,57,55.7,3171.6,No,1805.8934869169514,Standard-Value
9739-JLPQJ,72,117.5,8670.1,No,3809.559869169511,High-Value
9916-AYHTC,48,19.85,916.0,No,643.572454493743,Standard-Value
3855-ONCAR,4,78.9,299.75,No,2558.078924914676,Standard-Value
1488-SYSFC,31,20.65,702.05,No,669.5098833902161,Standard-Value
7931-PXHFC,38,62.3,2354.8,Yes,2019.8772753128555,Standard-Value
3990-QYKBE,37,92.5,3473.4,Yes,2999.0152161547217,High-Value
0970-QXPXW,1,19.65,19.65,No,637.0880972696245,Standard-Value
3259-KNMRR,57,79.75,4438.2,No,2585.637443117179,Standard-Value
6120-RJKLU,62,79.95,4819.75,No,2592.1218003412973,Standard-Value
9572-WUKSB,3,29.9,92.25,No,969.4114050056883,Standard-Value
5893-KCLGT,72,19.75,1567.0,No,640.3302758816837,Standard-Value
0076-LVEPS,29,45.0,1242.45,No,1458.9803754266213,Standard-Value
3640-JQGJG,13,44.8,559.2,No,1452.496018202503,Standard-Value
4919-MOAVT,3,69.65,220.1,Yes,2258.177403299204,Standard-Value
1596-OQSPS,11,51.1,531.15,No,1656.75327076223,Standard-Value
9867-XOBQA,21,53.15,1183.2,No,1723.2179323094426,Standard-Value
9546-KDTRB,19,24.7,465.85,No,800.818117178612,Standard-Value
3090-HAWSU,61,111.6,6876.05,Yes,3618.2713310580207,High-Value
9820-RMCQV,11,48.55,501.0,Yes,1574.0777161547212,Standard-Value
3174-RKMOW,35,109.95,3782.4,No,3564.7753839590446,High-Value
1760-CAZHT,25,20.8,460.2,No,674.373151308305,Standard-Value
7839-QRKXN,1,20.2,20.2,Yes,654.92007963595,Standard-Value
8441-SHIPE,67,25.6,1790.35,No,829.9977246871446,Standard-Value
5204-QZXPU,19,39.65,733.35,Yes,1285.5238196814562,Standard-Value
4597-ELFTS,56,24.9,1334.0,Yes,807.3024744027304,Standard-Value
1320-GVNHT,72,108.4,7767.25,No,3514.521615472128,High-Value
1047-RNXZV,43,19.55,876.15,No,633.8459186575654,Standard-Value
3541-ZNUHK,55,85.1,4600.95,No,2759.0939988623436,Standard-Value
8450-JOVAH,2,56.7,113.55,Yes,1838.315273037543,Standard-Value
8725-JEDFD,27,69.05,1793.25,No,2238.7243316268487,Standard-Value
7562-UXTPG,13,70.15,886.7,No,2274.3882963594997,Standard-Value
8071-SBTRN,70,111.15,7737.55,No,3603.6815273037546,High-Value
1113-IUJYX,14,105.95,1348.9,Yes,3435.0882394766786,High-Value
6668-CNMFP,19,89.35,1686.85,No,2896.8865898748577,Standard-Value
5626-MGTUK,20,89.1,1879.25,No,2888.78114334471,Standard-Value
5681-LLOEI,43,91.25,4013.8,No,2958.487983503982,High-Value
8212-DJRCH,5,90.35,434.5,No,2929.3083759954493,High-Value
4323-OHFOW,70,105.55,7195.35,No,3422.119525028442,High-Value
4933-BSAIP,40,19.1,780.1,No,619.2561149032992,Standard-Value
2030-BTZRO,6,20.4,107.6,No,661.4044368600682,Standard-Value
1116-DXXDF,39,100.45,3801.7,No,3256.768415813425,High-Value
9274-CNFMO,4,74.95,308.7,Yes,2430.0128697383393,Standard-Value
7758-XKCBS,15,29.7,438.25,Yes,962.92704778157,Standard-Value
8992-JQYUN,1,50.35,50.35,Yes,1632.4369311717862,Standard-Value
6563-VNPMN,45,85.7,3778.1,No,2778.547070534699,Standard-Value
0617-AQNWT,64,47.85,3147.5,Yes,1551.3824658703074,Standard-Value
2267-WTPYD,57,94.0,5438.95,No,3047.647895335609,High-Value
0270-THENM,72,69.85,5102.35,No,2264.661760523322,Standard-Value
2446-PLQVO,1,70.3,70.3,Yes,2279.2515642775884,Standard-Value
4707-MAXGU,72,25.85,1872.2,No,838.1031712172925,Standard-Value
2710-WYVXG,3,71.1,213.35,No,2305.1889931740616,Standard-Value
3005-NFMTA,55,98.8,5617.75,Yes,3203.272468714448,High-Value
6300-BWMJX,59,93.35,5386.5,No,3026.573734357224,High-Value
8784-CGILN,18,99.85,1776.95,Yes,3237.3153441410695,High-Value
5389-FFVKB,32,80.3,2483.05,Yes,2603.469425483504,Standard-Value
7009-LGECI,4,50.55,235.65,No,1638.9212883959044,Standard-Value
8444-WRIDW,66,80.45,5224.35,Yes,2608.332693401593,Standard-Value
5022-KVDQT,27,81.3,2272.8,No,2635.8912116040956,Standard-Value
7976-CICYS,4,20.7,83.75,No,671.1309726962457,Standard-Value
1036-GUDCL,60,79.05,4663.4,No,2562.9421928327647,Standard-Value
2005-DWQZJ,8,19.05,201.7,No,617.6350255972696,Standard-Value
8148-WOCMK,8,19.6,125.0,No,635.467007963595,Standard-Value
7815-PDTHL,35,20.2,684.4,No,654.92007963595,Standard-Value
9451-LPGOO,7,86.8,620.35,Yes,2814.2110352673494,Standard-Value
9173-IVZVP,53,20.9,1146.05,No,677.615329920364,Standard-Value
9129-UXERG,18,103.6,1806.35,No,3358.897042093288,High-Value
3635-JBPSG,15,38.8,603.0,No,1257.9653014789533,Standard-Value
7964-ZRKKG,67,88.4,5798.3,No,2866.0858930602963,Standard-Value
5868-YWPDW,6,84.2,519.15,Yes,2729.9143913538114,Standard-Value
6229-LSCKB,6,79.7,497.6,No,2584.016353811149,Standard-Value
2025-JKFWI,13,99.0,1301.7,Yes,3209.7568259385666,High-Value
4078-SAYYN,11,100.75,1129.75,Yes,3266.494951649602,High-Value
1724-IQWNM,1,19.3,19.3,No,625.7404721274175,Standard-Value
8217-QYOHV,5,55.75,266.95,No,1807.5145762229808,Standard-Value
5546-QUERU,13,19.95,257.0,No,646.814633105802,Standard-Value
9940-HPQPG,9,91.75,865.8,Yes,2974.6988765642777,High-Value
6897-UUBNU,29,89.65,2623.65,No,2906.6131257110355,Standard-Value
6127-IYJOZ,1,45.85,45.85,No,1486.5388936291242,Standard-Value
6618-RYATB,1,79.55,79.55,Yes,2579.1530858930605,Standard-Value
8930-XOTDP,18,55.95,1082.8,No,1813.9989334470993,Standard-Value
5916-QEWPT,2,69.0,147.8,No,2237.1032423208194,Standard-Value
5060-TQUQN,30,83.55,2570.2,No,2708.840230375427,Standard-Value
0531-XBKMM,66,65.7,4378.9,No,2130.111348122867,Standard-Value
8465-SBRXP,38,94.9,3616.25,No,3076.8275028441417,High-Value
2408-PSJVE,44,61.9,2924.05,No,2006.908560864619,Standard-Value
9079-YEXQJ,54,111.1,6014.85,Yes,3602.060437997725,High-Value
9700-ZCLOT,2,20.0,32.7,No,648.4357224118316,Standard-Value
8738-JOKAR,42,67.7,2882.25,No,2194.9549203640504,Standard-Value
4534-WGCIR,58,25.15,1509.9,No,815.4079209328783,Standard-Value
1930-WNXSB,58,92.85,5305.05,No,3010.3628412969283,High-Value
2685-SREOM,25,89.1,2368.4,Yes,2888.78114334471,Standard-Value
3508-CFVZL,71,111.3,7985.9,No,3608.5447952218433,High-Value
0402-CQAJN,37,101.9,3545.35,Yes,3303.7800056882825,High-Value
6692-UDPJC,14,91.65,1301.0,Yes,2971.4566979522187,High-Value
1273-MTETI,4,88.85,372.45,Yes,2880.675696814562,Standard-Value
0657-DOGUM,48,60.6,2985.25,No,1964.76023890785,Standard-Value
5480-HPRRX,3,25.3,77.75,Yes,820.2711888509671,Standard-Value
8792-AOROI,8,65.5,564.35,No,2123.6269908987488,Standard-Value
0295-PPHDO,1,95.45,95.45,Yes,3094.6594852104668,High-Value
5146-YYFRZ,67,19.95,1311.75,No,646.814633105802,Standard-Value
1195-OIYEJ,13,91.1,1135.7,Yes,2953.6247155858932,High-Value
5906-CVLHP,45,54.15,2319.8,Yes,1755.6397184300342,Standard-Value
3452-SRFEG,49,74.6,3720.35,No,2418.6652445961317,Standard-Value
4070-OKWVH,52,94.6,5025.8,No,3067.100967007964,High-Value
5297-MDOIR,63,81.15,5224.5,No,2631.0279436860073,Standard-Value
6369-MCAKO,68,89.05,6185.8,No,2887.1600540386803,Standard-Value
4926-UMJZD,31,49.2,1498.55,No,1595.151877133106,Standard-Value
6848-HJTXY,64,19.45,1208.6,No,630.6037400455062,Standard-Value
6341-AEVKX,62,104.3,6613.65,No,3381.592292377702,High-Value
4501-EQDRN,1,69.7,69.7,Yes,2259.7984926052336,Standard-Value
2990-HWIML,6,89.5,573.3,Yes,2901.749857792947,Standard-Value
0682-USIXD,21,86.05,1818.9,No,2789.8946956769055,Standard-Value
6976-BWGLQ,72,25.2,1787.35,No,817.0290102389079,Standard-Value
7078-NVFAM,32,35.15,1051.05,No,1139.6257821387942,Standard-Value
8065-QBYTO,71,99.65,7181.25,No,3230.8309869169516,High-Value
2133-TSRRM,34,105.35,3688.6,No,3415.6351678043234,High-Value
7384-GHBPI,3,35.15,99.75,Yes,1139.6257821387942,Standard-Value
7603-USHJS,12,73.75,871.4,Yes,2391.1067263936293,Standard-Value
7234-FECYN,8,101.35,780.5,Yes,3285.948023321957,High-Value
2511-ALLCS,35,24.3,821.6,No,787.8494027303755,Standard-Value
3191-CSNMG,3,80.7,239.45,No,2616.438139931741,Standard-Value
7952-OBOYL,3,89.85,244.45,No,2913.0974829351535,Standard-Value
7470-DYNOE,53,61.1,3357.9,No,1980.9711319681458,Standard-Value
7853-OETYL,4,29.05,129.6,No,941.8528868031856,Standard-Value
1545-ACTAS,48,99.7,4977.2,No,3232.452076222981,High-Value
5876-HZVZM,6,55.9,365.35,Yes,1812.3778441410695,Standard-Value
1400-MMYXY,3,105.9,334.65,Yes,3433.467150170649,High-Value
5126-RCXYW,54,46.0,2424.05,No,1491.402161547213,Standard-Value
3085-QUOZK,1,43.95,43.95,Yes,1424.9375000000002,Standard-Value
2363-BJLSL,62,80.4,4981.15,No,2606.7116040955634,Standard-Value
1956-YIFGE,22,100.05,2090.25,No,3243.799701365188,High-Value
3926-CUQZX,1,45.1,45.1,Yes,1462.2225540386805,Standard-Value
7921-LMDFQ,51,94.0,4905.75,No,3047.647895335609,High-Value
2925-MXLSX,30,68.95,2038.7,No,2235.4821530147897,Standard-Value
5820-PTRYM,56,68.45,4014.0,No,2219.271259954494,Standard-Value
9609-BENEA,35,69.0,2441.7,No,2237.1032423208194,Standard-Value
6211-WHMYA,64,43.85,2751.0,No,1421.695321387941,Standard-Value
4459-BBGHE,30,44.5,1307.8,No,1442.7694823663255,Standard-Value
9945-PSVIP,25,18.7,383.65,No,606.2874004550625,Standard-Value
1041-RXHRA,41,70.25,2868.05,Yes,2277.6304749715587,Standard-Value
1750-CSKKM,9,55.35,449.75,Yes,1794.5458617747443,Standard-Value
9108-EJFJP,1,53.55,53.55,No,1736.1866467576792,Standard-Value
0530-IJVDB,70,114.6,7882.5,No,3715.5366894197955,High-Value
0508-SQWPL,57,20.1,1087.7,No,651.6779010238909,Standard-Value
2215-ZAFGX,9,85.5,791.7,No,2772.0627133105804,Standard-Value
8213-TAZPM,69,108.75,7493.05,No,3525.8692406143346,High-Value
7142-HVGBG,43,103.0,4414.3,Yes,3339.443970420933,High-Value
1304-SEGFY,72,97.85,6841.3,No,3172.4717718998863,High-Value
7242-EDTYC,44,19.55,819.95,No,633.8459186575654,Standard-Value
2904-GGUAZ,72,84.05,6052.25,No,2725.0511234357227,Standard-Value
8267-ZNYVZ,33,103.75,3361.05,Yes,3363.760310011377,High-Value
5136-GFPMB,54,89.4,4869.5,No,2898.507679180888,Standard-Value
2595-KIWPV,27,19.7,509.3,No,638.7091865756541,Standard-Value
5243-SAOTC,54,79.85,4308.25,No,2588.879621729238,Standard-Value
9398-MMQTO,3,74.45,221.1,No,2413.8019766780435,Standard-Value
7619-PLRLP,53,74.1,3833.95,No,2402.4543515358364,Standard-Value
6457-GIRWB,1,69.35,69.35,Yes,2248.450867463026,Standard-Value
6508-NJYRO,15,18.8,294.95,No,609.5295790671217,Standard-Value
1450-SKCVI,56,73.85,4092.85,Yes,2394.3489050056883,Standard-Value
4710-NKCAW,5,64.4,316.9,No,2087.963026166098,Standard-Value
5306-BVTKJ,48,55.8,2651.2,No,1809.1356655290103,Standard-Value
0357-NVCRI,25,20.05,471.7,No,650.0568117178613,Standard-Value
5570-PTWEH,3,75.15,216.75,Yes,2436.4972269624577,Standard-Value
2371-KFUOG,58,99.15,5720.95,No,3214.620093856656,High-Value
0463-ZSDNT,10,56.75,503.25,No,1839.9363623435725,Standard-Value
6502-MJQAE,1,69.6,69.6,Yes,2256.556313993174,Standard-Value
6257-DTAYD,71,104.15,7365.3,No,3376.729024459614,High-Value
4616-ULAOA,65,110.8,7245.9,No,3592.3339021615475,High-Value
7693-LCKZL,5,80.15,385.0,Yes,2598.6061575654157,Standard-Value
7746-AWNQW,28,35.75,961.4,No,1159.0788538111492,Standard-Value
5996-EBTKM,67,69.9,4615.9,No,2266.282849829352,Standard-Value
2758-RNWXS,35,89.2,3251.3,No,2892.0233219567695,Standard-Value
2314-TNDJQ,72,55.65,3880.05,No,1804.2723976109216,Standard-Value
2405-LBMUW,61,50.7,3088.75,No,1643.7845563139933,Standard-Value
3454-JFUBC,68,20.0,1396.0,No,648.4357224118316,Standard-Value
0032-PGELS,1,30.5,30.5,Yes,988.8644766780433,Standard-Value
9039-ZVJDC,3,19.1,53.05,No,619.2561149032992,Standard-Value
6797-LNAQX,70,98.3,6859.5,Yes,3187.0615756541524,High-Value
9013-AQORL,48,45.55,2108.35,No,1476.8123577929466,Standard-Value
2898-MRKPI,68,101.05,6770.5,No,3276.2214874857796,High-Value
2750-BJLSB,47,103.7,4730.6,No,3362.1392207053473,High-Value
3648-GZPHF,32,36.25,1151.05,No,1175.289746871445,Standard-Value
2075-RMJIK,5,49.4,232.55,No,1601.636234357224,Standard-Value
9588-YRFHY,49,19.9,1022.6,No,645.1935437997724,Standard-Value
6394-MFYNG,48,107.4,5121.3,Yes,3482.0998293515363,High-Value
1564-NTYXF,13,82.0,1127.2,Yes,2658.58646188851,Standard-Value
9364-YKUVW,15,19.8,309.4,No,641.9513651877133,Standard-Value
5392-AKEMH,12,45.05,523.1,No,1460.6014647326508,Standard-Value
2451-YMUXS,67,64.55,4250.1,No,2092.8262940841864,Standard-Value
3914-FDRHP,9,86.25,770.5,No,2796.379052901024,Standard-Value
3078-ZKNTS,13,19.75,246.7,No,640.3302758816837,Standard-Value
1024-KPRBB,38,89.1,3342.0,No,2888.78114334471,Standard-Value
4690-PKDQG,42,95.55,3930.6,No,3097.9016638225257,High-Value
8155-IBNHG,24,75.4,1747.85,Yes,2444.6026734926054,Standard-Value
0886-QGENL,27,101.25,2754.45,Yes,3282.705844709898,High-Value
9547-ITEFG,9,102.6,897.75,No,3326.4752559726962,High-Value
1264-FUHCX,49,56.3,2780.6,No,1825.3465585893061,Standard-Value
7789-CRUVC,61,94.2,5895.45,No,3054.1322525597275,High-Value
6598-KELSS,50,43.05,2208.05,No,1395.7578924914676,Standard-Value
8739-WWKDU,25,89.5,2196.15,Yes,2901.749857792947,Standard-Value
8685-WHQPW,22,74.4,1692.6,Yes,2412.1808873720142,Standard-Value
4745-LSPLO,1,20.5,20.5,Yes,664.6466154721275,Standard-Value
8083-YTZES,4,74.35,265.35,Yes,2410.559798065984,Standard-Value
7240-FQLHE,18,99.75,1836.25,Yes,3234.0731655290106,High-Value
6664-FPDAC,56,111.95,6418.9,Yes,3629.618956200228,High-Value
9972-VAFJJ,53,94.0,4871.45,No,3047.647895335609,High-Value
0422-UXFAP,51,98.85,4947.55,No,3204.893558020478,High-Value
1904-WAJAA,24,64.35,1558.65,No,2086.341936860068,Standard-Value
5130-YPIRV,62,72.0,4284.2,No,2334.368600682594,Standard-Value
2843-CQMEG,24,49.7,1218.25,No,1611.3627701934017,Standard-Value
6439-PKTRR,70,80.7,5617.95,No,2616.438139931741,Standard-Value
5351-QESIO,1,24.2,24.2,No,784.6072241183163,Standard-Value
0786-VSSUD,16,39.0,679.85,Yes,1264.4496587030717,Standard-Value
5568-DMXZS,8,65.45,554.45,No,2122.005901592719,Standard-Value
8468-FZTOE,72,74.35,5237.4,No,2410.559798065984,Standard-Value
6633-SYEUS,23,83.2,2032.3,No,2697.49260523322,Standard-Value
6447-GORXK,31,25.0,789.2,No,810.5446530147896,Standard-Value
6967-PEJLL,37,40.2,1525.35,No,1303.3558020477817,Standard-Value
3976-BWUCK,30,94.1,2804.45,Yes,3050.890073947668,High-Value
5981-ZVXOT,35,108.35,3726.15,No,3512.9005261660977,High-Value
1684-FLBGS,23,69.5,1652.1,No,2253.314135381115,Standard-Value
1389-WNUIB,20,76.0,1588.75,No,2464.05574516496,Standard-Value
0376-OIWME,36,93.6,3366.05,No,3034.6791808873722,High-Value
3585-ISXZP,8,95.65,778.1,Yes,3101.143842434585,High-Value
0218-QNVAS,71,100.55,7113.75,No,3260.0105944254838,High-Value
6583-QGCSI,50,88.05,4367.35,Yes,2854.7382679180887,Standard-Value
0804-YGEQV,43,24.45,993.15,No,792.7126706484642,Standard-Value
7164-BPTUT,57,89.55,5012.35,No,2903.370947098976,Standard-Value
4174-LPGTI,41,66.5,2728.6,Yes,2156.0487770193404,Standard-Value
2523-EWWZL,27,76.1,2093.4,No,2467.297923777019,Standard-Value
0928-XUTSN,13,80.5,1011.8,No,2609.9537827076224,Standard-Value
2108-XWMPY,3,35.45,106.85,Yes,1149.3523179749718,Standard-Value
0052-YNYOT,67,20.55,1343.4,No,666.267704778157,Standard-Value
6304-IJFSQ,3,49.9,130.1,Yes,1617.84712741752,Standard-Value
9586-JGQKH,64,105.4,6794.75,No,3417.256257110353,High-Value
4501-VCPFK,26,35.75,1022.5,No,1159.0788538111492,Standard-Value
6075-SLNIL,38,95.1,3691.2,No,3083.3118600682596,High-Value
9347-AERRL,23,19.3,486.2,No,625.7404721274175,Standard-Value
0093-XWZFY,40,104.5,4036.85,Yes,3388.0766496018205,High-Value
2274-XUATA,72,63.1,4685.55,No,2045.814704209329,Standard-Value
1980-KXVPM,3,75.05,256.25,Yes,2433.2550483503983,Standard-Value
7703-ZEKEF,23,81.0,1917.1,Yes,2626.164675767918,Standard-Value
0723-DRCLG,1,74.45,74.45,Yes,2413.8019766780435,Standard-Value
5482-NUPNA,4,60.4,272.15,Yes,1958.2758816837315,Standard-Value
6691-CCIHA,62,84.95,5150.55,No,2754.2307309442554,Standard-Value
1685-BQULA,40,93.4,3756.4,No,3028.1948236632543,High-Value
9053-EJUNL,41,89.2,3645.75,No,2892.0233219567695,Standard-Value
0666-UXTJO,34,85.2,2874.45,No,2762.336177474403,Standard-Value
1471-GIQKQ,1,49.95,49.95,No,1619.4682167235496,Standard-Value
4807-IZYOZ,51,20.65,1020.75,No,669.5098833902161,Standard-Value
1122-JWTJW,1,70.65,70.65,Yes,2290.5991894197955,Standard-Value
9710-NJERN,39,20.15,826.0,No,653.2989903299203,Standard-Value
9837-FWLCH,12,19.2,239.0,No,622.4982935153583,Standard-Value
1699-HPSBG,12,59.8,727.8,Yes,1938.8228100113765,Standard-Value
7203-OYKCT,72,104.95,7544.3,No,3402.666453356087,High-Value
1035-IPQPU,63,103.5,6479.4,No,3355.654863481229,High-Value
7398-LXGYX,44,84.8,3626.35,No,2749.367463026166,Standard-Value
2823-LKABH,18,95.05,1679.4,No,3081.69077076223,High-Value
8775-CEBBJ,9,44.2,403.35,Yes,1433.0429465301481,Standard-Value
0550-DCXLH,13,73.35,931.55,No,2378.1380119453925,Standard-Value
9281-CEDRU,68,64.1,4326.25,No,2078.2364903299203,Standard-Value
2235-DWLJU,6,44.4,263.05,No,1439.5273037542663,Standard-Value
0871-OPBXW,2,20.05,39.25,No,650.0568117178613,Standard-Value
3605-JISKB,55,60.0,3316.1,No,1945.307167235495,Standard-Value
6894-LFHLY,1,75.75,75.75,Yes,2455.9502986348125,Standard-Value
9767-FFLEM,38,69.5,2625.25,No,2253.314135381115,Standard-Value
0639-TSIQW,67,102.95,6886.25,Yes,3337.822881114904,High-Value
8456-QDAVC,19,78.7,1495.1,No,2551.5945676905576,Standard-Value
7750-EYXWZ,12,60.65,743.3,No,1966.3813282138794,Standard-Value
2569-WGERO,72,21.15,1419.4,No,685.720776450512,Standard-Value
6840-RESVB,24,84.8,1990.5,No,2749.367463026166,Standard-Value
2234-XADUH,72,103.2,7362.9,No,3345.9283276450515,High-Value
4801-JZAZL,11,29.6,346.45,No,959.6848691695109,Standard-Value
8361-LTMKD,4,74.4,306.6,Yes,2412.1808873720142,Standard-Value
3186-AJIEK,66,105.65,6844.5,No,3425.361703640501,High-Value
