customerID,tenure,MonthlyCharges,TotalCharges,Churn,ChurnProbability,RiskLevel,RiskRank
2081-VEYEH,3,107.95,318.6,No,0.8206439736333604,High Risk,1
5760-IFJOZ,3,107.95,313.6,No,0.8205594218726505,High Risk,2
1875-QIVME,2,104.4,242.8,Yes,0.8126106766402323,High Risk,3
1400-MMYXY,3,105.9,334.65,Yes,0.811457838688784,High Risk,4
7181-BQYBV,1,102.45,102.45,Yes,0.8107982606767278,High Risk,5
5052-PNLOS,3,105.35,323.25,Yes,0.8086536517360453,High Risk,6
3992-YWPKO,6,109.9,669.45,Yes,0.8066331802208637,High Risk,7
6496-SLWHQ,3,105.0,294.45,Yes,0.8064666697871673,High Risk,8
5419-JPRRN,1,101.45,101.45,Yes,0.8060170667741657,High Risk,9
7216-EWTRS,1,100.8,100.8,Yes,0.8028604072877452,High Risk,10
3932-CMDTD,4,105.65,443.9,Yes,0.8022051315445207,High Risk,11
3178-FESZO,1,100.25,100.25,Yes,0.8001592407059109,High Risk,12
0107-YHINA,1,99.75,99.75,Yes,0.7976796220686495,High Risk,13
6734-GMPVK,5,105.3,550.6,No,0.7920601482926778,High Risk,14
7379-FNIUJ,2,100.2,198.5,No,0.791303511631305,High Risk,15
5299-SJCZT,3,101.55,298.35,Yes,0.7894400099707267,High Risk,16
6023-YEBUP,3,100.95,329.95,Yes,0.7869653864141863,High Risk,17
2369-UAPKZ,5,104.1,541.9,Yes,0.785747813927537,High Risk,18
4587-VVTOX,6,105.3,545.2,Yes,0.7811756737751815,High Risk,19
0702-PGIBZ,4,101.7,364.55,Yes,0.7806628914097887,High Risk,20
0880-TKATG,4,101.15,385.9,Yes,0.7781763225581926,High Risk,21
1393-IMKZG,1,95.85,95.85,No,0.7775523014148564,High Risk,22
4132-KALRO,4,100.85,399.25,No,0.7768454886384984,High Risk,23
6857-VWJDT,1,95.65,95.65,Yes,0.7764825637857175,High Risk,24
6356-ELRKD,1,95.6,95.6,Yes,0.7762145576861713,High Risk,25
6956-SMUCM,3,99.0,287.4,Yes,0.7758890168869658,High Risk,26
0295-PPHDO,1,95.45,95.45,Yes,0.7754091677506857,High Risk,27
6645-MXQJT,2,97.1,184.15,No,0.7748337053098783,High Risk,28
7938-OUHIO,3,98.7,293.65,Yes,0.7744059869888248,High Risk,29
2656-TABEH,4,100.2,420.2,Yes,0.7737822174969079,High Risk,30
5178-LMXOP,1,95.1,95.1,Yes,0.773521927043321,High Risk,31
0684-AOSIH,1,95.0,95.0,Yes,0.7729806600111646,High Risk,32
9851-KIELU,10,110.1,1043.3,Yes,0.7721384034262689,High Risk,33
5419-CONWX,4,99.8,442.85,Yes,0.7720796931085646,High Risk,34
1583-IHQZE,12,112.95,1384.75,Yes,0.7718570017950094,High Risk,35
4910-GMJOT,1,94.6,94.6,Yes,0.7708064643997523,High Risk,36
3292-PBZEJ,11,111.4,1183.05,No,0.7706921363438173,High Risk,37
0329-GTIAJ,3,97.9,315.3,Yes,0.770518551781461,High Risk,38
9223-UCPVT,1,94.4,94.4,Yes,0.7697138942314294,High Risk,39
2265-CYWIV,4,99.6,347.65,Yes,0.7690589370697343,High Risk,40
3158-MOERK,2,96.0,174.8,Yes,0.7686855246049925,High Risk,41
0754-UKWQP,2,95.85,197.7,Yes,0.7683327650481523,High Risk,42
9300-AGZNL,1,94.0,94.0,Yes,0.76751782203109,High Risk,43
8149-RSOUN,1,93.85,93.85,Yes,0.7666905407340957,High Risk,44
8413-VONUO,2,95.65,167.3,Yes,0.7666118643925248,High Risk,45
4929-XIHVW,2,95.5,181.65,No,0.7660809518506676,High Risk,46
9681-OXGVC,5,100.5,514.0,Yes,0.7659453802368039,High Risk,47
3389-YGYAI,8,105.5,829.55,Yes,0.7654634771118822,High Risk,48
9497-QCMMS,1,93.55,93.55,Yes,0.7650298420516425,High Risk,49
7851-WZEKY,2,95.15,196.9,Yes,0.7644619804936619,High Risk,50
5649-ANRML,2,95.1,180.25,Yes,0.7638401431423457,High Risk,51
6521-YYTYI,1,93.3,93.3,Yes,0.7636396832273327,High Risk,52
5349-IECLD,2,94.95,178.1,Yes,0.7629622702281991,High Risk,53
9057-SIHCH,3,96.6,291.9,Yes,0.7628866294576047,High Risk,54
7295-JOMMD,4,98.1,396.3,Yes,0.7617793695069504,High Risk,55
6108-OQZDQ,4,97.95,384.5,Yes,0.7606945058443244,High Risk,56
3006-XIMLN,2,94.2,193.8,Yes,0.759095285821482,High Risk,57
7218-HKQFK,2,94.2,167.5,Yes,0.7585423954820425,High Risk,58
2720-WGKHP,2,94.0,181.7,Yes,0.7577135590216117,High Risk,59
4236-XPXAV,5,99.15,465.05,Yes,0.7573881775754422,High Risk,60
4424-TKOPW,2,93.85,196.75,Yes,0.7571836002460922,High Risk,61
7024-OHCCK,2,93.85,170.85,Yes,0.756636189898304,High Risk,62
2984-AFWNC,3,95.4,293.15,No,0.7561723416825497,High Risk,63
3049-SOLAY,3,95.2,292.85,Yes,0.755030056351316,High Risk,64
9944-HKVVB,3,95.1,307.4,Yes,0.7547702353530779,High Risk,65
3186-BAXNB,1,91.7,91.7,Yes,0.754608755378796,High Risk,66
8884-ADFVN,7,101.95,700.85,Yes,0.7545708354056057,High Risk,67
5150-ITWWB,3,94.85,335.75,No,0.7539489022700637,High Risk,68
7089-IVVAZ,8,103.35,847.3,Yes,0.7537631088577624,High Risk,69
7398-SKNQZ,3,94.9,273.2,No,0.7528997794253397,High Risk,70
3988-RQIXO,1,91.3,91.3,Yes,0.752314988972604,High Risk,71
3440-JPSCL,6,99.95,547.65,Yes,0.7518061889571791,High Risk,72
5567-WSELE,3,94.6,279.55,Yes,0.7513155270351192,High Risk,73
5167-ZFFMM,1,90.85,90.85,Yes,0.7497173658855657,High Risk,74
9725-SCPZG,1,90.85,90.85,Yes,0.7497173658855657,High Risk,75
2725-KXXWT,1,90.75,90.75,Yes,0.7491376581005817,High Risk,76
8775-LHDJH,1,90.6,90.6,Yes,0.7482664233985994,High Risk,77
5797-APWZC,1,90.6,90.6,Yes,0.7482664233985994,High Risk,78
7274-RTAPZ,1,90.55,90.55,Yes,0.7479755660474363,High Risk,79
7294-TMAOP,1,90.55,90.55,Yes,0.7479755660474363,High Risk,80
8098-LLAZX,4,95.45,396.1,Yes,0.7466706599180896,High Risk,81
0722-SVSFK,7,100.4,715.0,No,0.7459437820518314,High Risk,82
1941-HOSAM,1,90.1,90.1,No,0.7453478375968359,High Risk,83
3027-ZTDHO,1,89.9,89.9,Yes,0.744174184857494,High Risk,84
4566-NECEV,5,96.55,500.1,No,0.7431630853772402,High Risk,85
6350-XFYGW,4,94.75,422.4,No,0.7431538457701649,High Risk,86
9546-CQJSU,2,91.4,193.6,Yes,0.742993624742328,High Risk,87
2018-PZKMU,9,103.1,970.45,No,0.7428823381450799,High Risk,88
4927-WWOOZ,2,91.45,171.45,No,0.7428013724804534,High Risk,89
1010-DIAUQ,5,96.5,492.55,Yes,0.7427037609768251,High Risk,90
9714-EDSUC,4,94.9,360.55,No,0.7426780355035636,High Risk,91
2446-BEGGB,6,98.25,560.6,Yes,0.7422070088665185,High Risk,92
0970-ETWGE,1,89.55,89.55,Yes,0.7421117685814494,High Risk,93
2506-CLAKW,6,98.15,567.45,Yes,0.7417688501383177,High Risk,94
7548-SEPYI,5,96.25,512.45,Yes,0.7416699095215131,High Risk,95
3811-VBYBZ,7,99.8,673.25,Yes,0.7415126384993441,High Risk,96
5091-HFAZW,2,91.15,168.5,No,0.7409696468131517,High Risk,97
4273-MBHYA,1,89.35,89.35,No,0.7409283853666295,High Risk,98
0302-JOIVN,8,101.15,842.9,Yes,0.740893146845457,High Risk,99
7234-FECYN,8,101.35,780.5,Yes,0.7406979328019043,High Risk,100
5923-GXUOC,10,104.4,1081.45,Yes,0.7406787762588865,High Risk,101
1415-YFWLT,1,89.3,89.3,Yes,0.7406319883795113,High Risk,102
1374-DMZUI,4,94.3,424.45,Yes,0.7405484659212014,High Risk,103
7577-SWIFR,1,89.25,89.25,No,0.740335371132887,High Risk,104
9763-PDTKK,4,94.4,387.2,Yes,0.7403172051685467,High Risk,105
3801-HMYNL,1,89.15,89.15,Yes,0.7397414762943161,High Risk,106
0306-JAELE,5,96.1,453.4,Yes,0.7394804075314345,High Risk,107
1455-ESIQH,1,89.1,89.1,Yes,0.7394441989206811,High Risk,108
4137-BTIKL,2,90.75,174.75,No,0.7387400124374619,High Risk,109
6326-MTTXK,8,100.85,819.55,Yes,0.7386004334427988,High Risk,110
9547-ITEFG,9,102.6,897.75,No,0.7383238727322896,High Risk,111
6861-XWTWQ,7,99.25,665.45,Yes,0.7380839868663971,High Risk,112
3068-OMWZA,1,88.8,88.8,Yes,0.7376559223029978,High Risk,113
4822-RVYBB,8,100.6,819.4,Yes,0.7371098683895438,High Risk,114
0139-IVFJG,2,90.35,190.5,No,0.7367097345946856,High Risk,115
2034-GDRCN,2,90.4,168.2,Yes,0.7365111049282496,High Risk,116
2754-SDJRD,8,100.15,908.55,No,0.7364117530036971,High Risk,117
3318-NMQXL,3,92.0,266.8,No,0.7357920569309623,High Risk,118
9889-TMAHG,8,100.3,832.35,Yes,0.7356074261772368,High Risk,119
3722-WPXTK,1,88.35,88.35,Yes,0.7349587229130968,High Risk,120
0771-WLCLA,16,112.95,1882.55,No,0.7347892426437286,High Risk,121
5442-UTCVD,3,91.85,257.05,Yes,0.7346759772716087,High Risk,122
3703-VAVCL,2,90.0,190.05,Yes,0.7346063625565895,High Risk,123
1731-TVIUK,4,93.5,362.2,Yes,0.7344006843540092,High Risk,124
2027-FECZV,12,106.7,1253.9,Yes,0.7333277296319166,High Risk,125
5095-AESKG,3,91.5,242.95,Yes,0.7322549577207641,High Risk,126
3387-VATUS,5,94.85,462.8,Yes,0.7322179308048151,High Risk,127
0655-RBDUG,7,98.05,713.0,Yes,0.7319598263706336,High Risk,128
8118-TJAFG,9,101.5,906.85,No,0.7319402348897456,High Risk,129
2074-GKOWZ,2,89.55,185.55,Yes,0.7317979073815548,High Risk,130
9305-CDSKC,8,99.65,820.5,Yes,0.7314337633081986,High Risk,131
5644-PDMZC,2,89.5,161.5,Yes,0.7309530312094419,High Risk,132
4192-GORJT,5,94.45,498.1,Yes,0.730597717724635,High Risk,133
1389-CXMLU,3,91.05,289.1,Yes,0.7305775199260128,High Risk,134
3319-DWOEP,6,95.75,573.75,Yes,0.7275231716473509,High Risk,135
0432-CAJZV,3,90.7,237.65,No,0.727282813683818,High Risk,136
5293-WXJAK,11,104.05,1133.65,Yes,0.7272061742397753,High Risk,137
5380-AFSSK,5,93.9,486.85,Yes,0.7269989282783667,High Risk,138
1465-VINDH,10,102.1,1068.85,Yes,0.7265748841618114,High Risk,139
0258-NOKBL,3,90.4,268.45,No,0.7261530275602462,High Risk,140
0781-LKXBR,9,100.5,918.6,Yes,0.7261314467987017,High Risk,141
4695-WJZUE,2,88.55,179.25,Yes,0.7255745392468111,High Risk,142
7145-FEJWU,12,105.3,1275.65,No,0.7253212663717454,High Risk,143
3606-TWKGI,13,106.9,1364.3,Yes,0.7243549536889409,High Risk,144
8603-IJWDN,1,86.6,86.6,Yes,0.7243025380545762,High Risk,145
6892-EZDTG,4,91.65,365.4,Yes,0.7232289583413654,High Risk,146
3071-VBYPO,3,89.85,248.4,No,0.7223147085979262,High Risk,147
7952-OBOYL,3,89.85,244.45,No,0.7222236916744847,High Risk,148
4826-XTSOH,1,86.05,86.05,Yes,0.720899174184543,High Risk,149
4844-JJWUY,1,86.0,86.0,Yes,0.7205885037406571,High Risk,150
6101-IMRMM,6,94.5,575.45,Yes,0.7198752269848793,High Risk,151
6210-KBBPI,9,99.45,919.4,Yes,0.7196812554643831,High Risk,152
9611-CTWIH,3,89.45,240.45,Yes,0.7196562156015399,High Risk,153
3049-NDXFL,1,85.8,85.8,Yes,0.7193437072143385,High Risk,154
4060-LDNLU,7,96.2,639.7,No,0.7189523024680982,High Risk,155
4445-ZJNMU,9,99.3,918.75,No,0.7187345168836474,High Risk,156
5192-EBGOV,1,85.7,85.7,Yes,0.7187200422797932,High Risk,157
0235-KGSLC,1,85.55,85.55,Yes,0.7177829650810567,High Risk,158
2462-XIIJB,5,92.5,452.7,Yes,0.717575796171536,High Risk,159
5597-GLBUC,1,85.45,85.45,Yes,0.7171571956103402,High Risk,160
9124-LHCJQ,1,85.45,85.45,Yes,0.7171571956103402,High Risk,161
2968-SSGAA,10,100.6,1060.2,Yes,0.7171131063688858,High Risk,162
5339-PXDVH,4,90.65,367.95,No,0.717089963381816,High Risk,163
5318-IXUZF,2,87.15,183.75,Yes,0.7170231219811701,High Risk,164
6137-NICCO,6,94.05,518.75,No,0.715752602592045,High Risk,165
3643-AHCFP,7,95.6,644.35,Yes,0.7153173562068382,High Risk,166
8266-VBFQL,4,90.4,356.65,No,0.7152632073997537,High Risk,167
5299-RULOA,10,100.25,1064.65,Yes,0.7150284658787673,High Risk,168
6688-UZPWD,11,102.0,1145.35,Yes,0.7147951454092862,High Risk,169
1069-XAIEM,1,85.05,85.05,Yes,0.7146457351177348,High Risk,170
3097-NQYSN,2,86.85,156.35,Yes,0.7145056668151283,High Risk,171
6230-BSUXY,1,85.0,85.0,Yes,0.7143308622285374,High Risk,172
9282-IZGQK,1,85.0,85.0,Yes,0.7143308622285374,High Risk,173
1628-BIZYP,1,85.0,85.0,No,0.7143308622285374,High Risk,174
8357-EQXFO,7,95.35,660.9,Yes,0.7141372547783983,High Risk,175
2202-CUYXZ,1,84.85,84.85,Yes,0.7133849938016447,High Risk,176
4228-ZGYUW,4,90.05,368.1,Yes,0.713334840659169,High Risk,177
0772-GYEQQ,3,88.35,262.05,Yes,0.7132879380721755,High Risk,178
4184-TJFAN,3,88.3,273.75,Yes,0.7132482973420724,High Risk,179
6877-TJMBR,1,84.8,84.8,Yes,0.7130692883044356,High Risk,180
9025-AOMKI,6,93.55,536.4,Yes,0.7130286320052658,High Risk,181
9734-YWGEX,9,98.3,923.5,Yes,0.7125872157137272,High Risk,182
7503-ZGUZJ,1,84.65,84.65,Yes,0.7121209261406244,High Risk,183
3874-EQOEP,7,95.0,655.5,Yes,0.711807441869423,High Risk,184
4912-PIGUY,1,84.6,84.6,No,0.711804390769749,High Risk,185
8937-RDTHP,1,84.6,84.6,Yes,0.711804390769749,High Risk,186
0133-BMFZO,2,86.25,181.65,Yes,0.7113236648564002,High Risk,187
7120-RFMVS,1,84.5,84.5,Yes,0.7111706990951805,High Risk,188
6275-YDUVO,2,86.2,178.7,Yes,0.7109381556926803,High Risk,189
8443-WVPSS,10,99.85,990.9,Yes,0.7107766795281314,High Risk,190
8414-MYSHR,5,91.4,449.75,Yes,0.7105996384144592,High Risk,191
9565-DJPIB,4,89.6,365.65,Yes,0.7104384730266082,High Risk,192
6502-HCJTI,7,94.7,673.1,Yes,0.7103271615464867,High Risk,193
2013-SGDXK,1,84.3,84.3,Yes,0.7099008369259964,High Risk,194
6474-FVJLC,2,86.0,165.45,Yes,0.7093587306386889,High Risk,195
0220-EBGCE,2,85.85,167.3,Yes,0.7084505737252106,High Risk,196
1143-NMNQJ,2,85.7,169.8,Yes,0.7075561989546686,High Risk,197
0259-GBZSH,2,85.65,181.5,Yes,0.707516090707891,High Risk,198
2865-TCHJW,4,89.2,346.2,Yes,0.7074389597769091,High Risk,199
2645-QTLMB,7,94.25,669.0,Yes,0.7073736386063515,High Risk,200
8161-QYMTT,7,94.1,701.3,No,0.7071866629545397,High Risk,201
5277-ZLOOR,2,85.55,187.45,Yes,0.7070208283336621,High Risk,202
7330-WZLNC,5,90.8,455.5,Yes,0.7069268827562415,High Risk,203
4078-SAYYN,11,100.75,1129.75,Yes,0.7065219785947003,High Risk,204
3587-PMCOY,10,98.9,1064.95,No,0.7065003328538627,High Risk,205
4951-UKAAQ,4,88.95,355.2,Yes,0.7060596534827116,High Risk,206
1273-MTETI,4,88.85,372.45,Yes,0.7058325343409962,High Risk,207
5716-LIBJC,13,104.15,1299.1,No,0.705598028764955,High Risk,208
3585-ISXZP,8,95.65,778.1,Yes,0.7055805300947496,High Risk,209
9979-RGMZT,7,94.05,633.45,No,0.7052505975820943,High Risk,210
1113-IUJYX,14,105.95,1348.9,Yes,0.7049419197536756,High Risk,211
2792-LSHWX,1,83.4,83.4,No,0.704145841617014,High Risk,212
4626-GYCZP,7,93.85,635.6,Yes,0.7040217939949168,High Risk,213
1450-GALXR,10,98.5,1058.25,Yes,0.703782467302427,High Risk,214
8212-DJRCH,5,90.35,434.5,No,0.7035484103993342,High Risk,215
1455-UGQVH,10,98.5,1037.75,Yes,0.7032913183335591,High Risk,216
7228-OMTPN,4,88.45,370.65,Yes,0.7032285641202273,High Risk,217
9172-ANCRX,10,98.7,973.25,Yes,0.7030287678575197,High Risk,218
5138-WVKYJ,10,98.55,1008.55,Yes,0.7029121502723993,High Risk,219
4140-MUHUG,3,86.85,220.95,Yes,0.7027759502855967,High Risk,220
9221-OTIVJ,14,104.85,1531.4,Yes,0.702258382414496,High Risk,221
1624-NALOJ,5,89.8,502.6,Yes,0.7016483689931369,High Risk,222
5168-MSWXT,8,94.75,759.55,No,0.6993499594842624,Medium Risk,223
1724-BQUHA,5,89.5,477.7,Yes,0.6991119550370786,Medium Risk,224
3902-FOIGH,12,101.35,1218.55,Yes,0.6990899488367807,Medium Risk,225
2012-NWRPA,11,99.55,1131.2,Yes,0.6988465256511351,Medium Risk,226
0325-XBFAC,8,94.7,740.3,Yes,0.6985611046079683,Medium Risk,227
1212-GLHMD,3,86.05,244.85,No,0.6981897943202594,Medium Risk,228
8481-YYXWG,5,89.35,461.7,Yes,0.6977531605923551,Medium Risk,229
2545-EBUPK,2,84.05,186.05,No,0.6973402177254528,Medium Risk,230
0378-TOVMS,3,85.8,272.2,Yes,0.6972307222674743,Medium Risk,231
0742-NXBGR,1,82.3,82.3,Yes,0.6970229164051962,Medium Risk,232
3217-FZDMN,8,94.45,742.95,Yes,0.6970038374498904,Medium Risk,233
0897-FEGMU,11,99.5,1056.95,Yes,0.6967236356170451,Medium Risk,234
2472-OVKUP,6,91.0,531.0,Yes,0.69658567363739,Medium Risk,235
2929-ERCFZ,8,94.2,777.3,Yes,0.6962127279034981,Medium Risk,236
3916-NRPAP,3,85.7,256.75,No,0.6962058444905876,Medium Risk,237
3489-HHPFY,2,84.05,134.05,No,0.6960780542075322,Medium Risk,238
2672-HUYVI,6,91.1,455.3,Yes,0.6953965566781142,Medium Risk,239
4853-OITSN,5,89.15,413.25,No,0.6952765031674709,Medium Risk,240
6407-UTSLV,2,83.8,163.7,No,0.6951711906041215,Medium Risk,241
7426-RHZGU,9,95.9,827.45,No,0.6949015680442489,Medium Risk,242
1567-DSCIC,8,94.0,773.65,Yes,0.694821288513444,Medium Risk,243
0871-URUWO,13,102.25,1359.0,Yes,0.694776139519647,Medium Risk,244
2004-OCQXK,1,81.95,81.95,Yes,0.6947363047273385,Medium Risk,245
5842-POCOP,5,88.9,454.15,Yes,0.6946424766151007,Medium Risk,246
8622-ZLFKO,6,90.75,512.25,No,0.6945013535558162,Medium Risk,247
8593-WHYHV,3,85.3,264.8,Yes,0.6937940800415672,Medium Risk,248
9430-FRQOC,4,87.1,341.45,Yes,0.6937787402452267,Medium Risk,249
6772-KSATR,1,81.7,81.7,Yes,0.6930971027708088,Medium Risk,250
5947-SGKCL,15,105.35,1559.25,No,0.6926238841610385,Medium Risk,251
0564-JJHGS,9,95.5,829.1,Yes,0.6923274483520079,Medium Risk,252
0207-MDKNV,15,105.1,1582.75,Yes,0.691560611513316,Medium Risk,253
8780-IXSTS,6,90.1,521.3,Yes,0.6904656267614461,Medium Risk,254
3198-VELRD,3,84.75,264.85,Yes,0.6901899388549746,Medium Risk,255
2612-RANWT,12,100.15,1164.3,Yes,0.6899379912123007,Medium Risk,256
2344-JMOGN,9,94.85,890.6,Yes,0.6895670732547982,Medium Risk,257
4614-NUVZD,1,81.1,81.1,Yes,0.6891431068269199,Medium Risk,258
3462-BJQQA,6,89.75,552.65,No,0.688932559364892,Medium Risk,259
7943-RQCHR,9,94.75,889.9,Yes,0.6888910845764038,Medium Risk,260
2018-QKYGT,1,81.05,81.05,No,0.6888123468806544,Medium Risk,261
7783-YKGDV,12,99.7,1238.45,Yes,0.6887982122990153,Medium Risk,262
1571-SAVHK,12,99.95,1132.75,Yes,0.6878429569668484,Medium Risk,263
2990-HWIML,6,89.5,573.3,Yes,0.6877919777108329,Medium Risk,264
5275-SQEIZ,1,80.85,80.85,Yes,0.6874873808738974,Medium Risk,265
4952-YSOGZ,4,85.95,381.3,Yes,0.6871983124044609,Medium Risk,266
6457-USBER,1,80.8,80.8,Yes,0.6871556589516162,Medium Risk,267
8168-UQWWF,11,97.85,1105.4,Yes,0.6870927861080591,Medium Risk,268
4847-TAJYI,6,89.35,567.8,No,0.6866645567145927,Medium Risk,269
0345-HKJVM,6,89.3,577.6,Yes,0.6865758889150323,Medium Risk,270
0225-ZORZP,3,84.3,235.05,No,0.6864865182457237,Medium Risk,271
7450-NWRTR,12,99.45,1200.15,Yes,0.6862010989037691,Medium Risk,272
2038-OEQZH,4,86.05,308.1,No,0.6860508456009644,Medium Risk,273
5698-BQJOH,9,94.4,857.25,Yes,0.6857717296232851,Medium Risk,274
0318-QUUOB,1,80.55,80.55,Yes,0.6854941782642182,Medium Risk,275
7439-DKZTW,1,80.55,80.55,No,0.6854941782642182,Medium Risk,276
2867-UIMSS,1,80.5,80.5,Yes,0.6851613095280844,Medium Risk,277
0013-EXCHZ,3,83.9,267.4,Yes,0.6846355937299846,Medium Risk,278
0697-ZMSWS,4,85.65,338.9,Yes,0.6841600602568624,Medium Risk,279
8035-PWSEV,6,89.25,487.05,No,0.6840010033806655,Medium Risk,280
8510-AWCXC,13,100.8,1308.1,Yes,0.6839753069492778,Medium Risk,281
7314-OXENN,2,82.0,184.65,Yes,0.683835301460359,Medium Risk,282
7903-CMPEY,1,80.3,80.3,Yes,0.6838279336852647,Medium Risk,283
7315-WYOAW,13,100.75,1313.25,No,0.6837707436904686,Medium Risk,284
7488-MXJIV,4,85.65,321.65,Yes,0.6837317345417325,Medium Risk,285
5494-HECPR,1,80.25,80.25,Yes,0.6834941156744766,Medium Risk,286
0137-OCGAB,1,80.2,80.2,Yes,0.6831601085159695,Medium Risk,287
0923-PNFUB,3,83.75,247.25,Yes,0.6831378662950164,Medium Risk,288
6086-ESGRL,1,80.15,80.15,Yes,0.6828259124471593,Medium Risk,289
8087-LGYHQ,9,94.05,811.65,No,0.6823131501572381,Medium Risk,290
9330-IJWIO,13,100.35,1358.85,Yes,0.6822412603559938,Medium Risk,291
8821-XNHVZ,1,80.05,80.05,Yes,0.6821569545318882,Medium Risk,292
1448-PWKYE,1,80.0,80.0,Yes,0.6818221931638527,Medium Risk,293
1960-UYCNN,10,95.25,1021.55,No,0.6816148903894866,Medium Risk,294
9300-RENDD,1,79.95,79.95,Yes,0.6814872438423654,Medium Risk,295
4145-UQXUQ,8,92.1,729.95,Yes,0.6812020222651649,Medium Risk,296
1285-OKIPP,1,79.9,79.9,Yes,0.6811521068084342,Medium Risk,297
1579-KLYDT,7,90.45,593.45,Yes,0.6807263888694487,Medium Risk,298
4315-MURBD,12,98.9,1120.95,Yes,0.6805727313888134,Medium Risk,299
7209-JCUDS,10,94.9,1048.85,Yes,0.6799570690252075,Medium Risk,300
9050-IKDZA,2,81.5,162.55,No,0.6799489740373682,Medium Risk,301
0495-RVCBF,1,79.7,79.7,Yes,0.6798096863935496,Medium Risk,302
4298-OYIFC,15,103.45,1539.8,No,0.6795587497952834,Medium Risk,303
8058-INTPH,1,79.65,79.65,Yes,0.6794736144376327,Medium Risk,304
0219-YTZUE,4,84.8,371.9,Yes,0.6793104146708615,Medium Risk,305
2660-EMUBI,10,95.35,898.35,Yes,0.6792063463259592,Medium Risk,306
7594-RQHXR,1,79.6,79.6,Yes,0.6791373562303827,Medium Risk,307
5393-RXQSZ,1,79.6,79.6,Yes,0.6791373562303827,Medium Risk,308
3737-GCSPV,11,96.2,1222.05,Yes,0.6790076234670089,Medium Risk,309
2754-VDLTR,10,95.2,930.4,Yes,0.6790032808339036,Medium Risk,310
9019-QVLZD,1,79.55,79.55,Yes,0.6788009120178269,Medium Risk,311
1761-AEZZR,1,79.55,79.55,Yes,0.6788009120178269,Medium Risk,312
6618-RYATB,1,79.55,79.55,Yes,0.6788009120178269,Medium Risk,313
2514-GINMM,1,79.5,79.5,Yes,0.6784642820467062,Medium Risk,314
4750-ZRXIU,4,84.6,360.1,Yes,0.6776729189861824,Medium Risk,315
5919-TMRGD,1,79.35,79.35,Yes,0.6774532800601024,Medium Risk,316
9507-EXLTT,1,79.35,79.35,Yes,0.6774532800601024,Medium Risk,317
3045-XETSH,10,94.85,953.45,Yes,0.6772315939730285,Medium Risk,318
2868-MZAGQ,1,79.25,79.25,Yes,0.6767783544986529,Medium Risk,319
5141-ZUVBH,9,93.0,870.25,No,0.676746578482472,Medium Risk,320
5183-SNMJQ,10,95.1,865.1,No,0.676693696363981,Medium Risk,321
9878-TNQGW,2,80.95,171.15,Yes,0.6764728965760709,Medium Risk,322
6567-HOOPW,1,79.2,79.2,Yes,0.6764406151977592,Medium Risk,323
9134-CEQMF,7,89.5,676.7,Yes,0.6764394772271745,Medium Risk,324
1522-VVDMG,7,89.75,608.8,Yes,0.6764152622819631,Medium Risk,325
6591-QGOYB,17,106.65,1672.1,No,0.6763144818519053,Medium Risk,326
9741-YLNTD,6,87.95,522.35,No,0.676184629976439,Medium Risk,327
2254-DLXRI,1,79.15,79.15,No,0.6761026918855056,Medium Risk,328
7493-TPUWZ,1,79.15,79.15,Yes,0.6761026918855056,Medium Risk,329
8580-AECUZ,1,79.1,79.1,Yes,0.6757645848143471,Medium Risk,330
5960-WPXQM,1,79.05,79.05,Yes,0.6754262942374523,Medium Risk,331
8183-ONMXC,2,80.75,159.45,Yes,0.6748303681802741,Medium Risk,332
8740-CRYFY,1,78.95,78.95,Yes,0.6747491635826867,Medium Risk,333
7479-NITWS,7,89.35,631.85,Yes,0.6742984968371621,Medium Risk,334
3130-ICDUP,2,80.55,188.1,No,0.6742024343490027,Medium Risk,335
4439-JMPMT,5,85.75,470.95,Yes,0.674138463152641,Medium Risk,336
2737-YNGYW,2,80.55,184.1,Yes,0.6741015009691621,Medium Risk,337
7760-OYPDY,2,80.65,144.15,Yes,0.6737689310414595,Medium Risk,338
6372-RFVNS,1,78.8,78.8,Yes,0.6737320976776576,Medium Risk,339
2868-SNELZ,2,80.6,155.8,Yes,0.6737250632081567,Medium Risk,340
2454-RPBRZ,12,98.1,1060.2,Yes,0.6736680042428608,Medium Risk,341
1565-RHDJD,4,84.05,333.55,Yes,0.6732964365886517,Medium Risk,342
8945-GRKHX,1,78.65,78.65,Yes,0.6727133940308551,Medium Risk,343
0641-EVBOJ,3,82.3,214.4,No,0.6725763087660586,Medium Risk,344
6967-QIQRV,15,101.9,1667.25,No,0.6723236019751276,Medium Risk,345
6923-JHPMP,2,80.45,137.1,No,0.6722370287367617,Medium Risk,346
2025-JKFWI,13,99.0,1301.7,Yes,0.6717268687995643,Medium Risk,347
4741-WWJQZ,2,80.15,194.55,No,0.6716578306249442,Medium Risk,348
8086-OVPWV,2,80.2,181.1,Yes,0.6716562441132118,Medium Risk,349
4115-NZRKS,7,89.15,574.35,No,0.67149079355334,Medium Risk,350
8903-WMRNW,15,101.75,1669.4,No,0.6713609402487484,Medium Risk,351
9885-CSMWE,1,78.45,78.45,Yes,0.6713525869916844,Medium Risk,352
0187-QSXOE,7,89.0,605.45,No,0.6712611275624057,Medium Risk,353
4395-PZMSN,5,85.55,408.5,No,0.6712045811186836,Medium Risk,354
9689-PTNPG,2,80.25,144.55,Yes,0.6710692095099725,Medium Risk,355
6615-NGGZJ,14,100.55,1415.55,Yes,0.6709572609338387,Medium Risk,356
4529-CKBCL,2,80.2,146.05,Yes,0.670767727766156,Medium Risk,357
0876-WDUUZ,5,85.4,425.9,Yes,0.6706272972198286,Medium Risk,358
4548-SDBKE,5,85.2,474.8,Yes,0.6705093152669617,Medium Risk,359
6432-TWQLB,5,85.4,401.1,Yes,0.6699977427870498,Medium Risk,360
2952-QAYZF,5,85.3,424.15,Yes,0.669903136442378,Medium Risk,361
2135-DQWAQ,5,85.3,420.45,No,0.6698091449799611,Medium Risk,362
4234-XTNEA,2,79.95,174.45,No,0.6697894086608601,Medium Risk,363
4813-HQMGZ,8,90.25,743.75,No,0.6690714230376197,Medium Risk,364
2777-PHDEI,1,78.05,78.05,Yes,0.6686223426687466,Medium Risk,365
5712-PTIWW,2,79.85,152.45,Yes,0.668549075393415,Medium Risk,366
0094-OIFMO,11,95.0,1120.3,Yes,0.6683252432834,Medium Risk,367
1981-INRFU,2,79.75,164.5,Yes,0.6681741663254238,Medium Risk,368
9940-HPQPG,9,91.75,865.8,Yes,0.6681665614704064,Medium Risk,369
9317-WZPGV,2,79.75,159.4,Yes,0.668044264651924,Medium Risk,370
4713-LZDRV,2,79.6,195.05,Yes,0.6679293155689565,Medium Risk,371
8642-GVWRF,2,79.7,165.0,Yes,0.6678458637990784,Medium Risk,372
3621-CEOVK,14,100.2,1369.8,Yes,0.6674108792890446,Medium Risk,373
6630-UJZMY,4,83.25,308.05,No,0.667211219553496,Medium Risk,374
8943-URTMR,2,79.65,152.7,Yes,0.6671909979676401,Medium Risk,375
0115-TFERT,21,111.2,2317.1,Yes,0.6668485148462596,Medium Risk,376
6060-DRTNL,5,84.85,415.55,Yes,0.6666159587350251,Medium Risk,377
0334-GDDSO,3,81.35,233.7,Yes,0.6666027330029922,Medium Risk,378
3420-YJLQT,2,79.55,151.75,No,0.666483466673979,Medium Risk,379
6328-ZPBGN,11,95.15,997.65,Yes,0.6662215504497598,Medium Risk,380
0125-LZQXK,15,101.35,1553.95,Yes,0.6656961257331864,Medium Risk,381
3422-GALYP,2,79.45,145.15,No,0.6656307527320917,Medium Risk,382
4919-IKATY,5,84.5,453.75,Yes,0.6651973376549198,Medium Risk,383
8242-SOQUO,5,84.7,392.5,No,0.6650003113179795,Medium Risk,384
8714-CTZJW,4,82.85,319.6,No,0.6647697383499618,Medium Risk,385
5561-NWEVX,2,79.2,172.85,Yes,0.6646268780984084,Medium Risk,386
0952-KMEEH,13,98.15,1230.25,Yes,0.6641082030361575,Medium Risk,387
0011-IGKFF,13,98.0,1237.85,Yes,0.6632733328542566,Medium Risk,388
0680-DFNNY,15,101.1,1504.05,Yes,0.6627027615113199,Medium Risk,389
3663-MITLP,15,101.25,1457.25,Yes,0.6625323036899178,Medium Risk,390
7198-GLXTC,2,79.0,143.65,Yes,0.6625048542972891,Medium Risk,391
2609-IAICY,1,77.15,77.15,Yes,0.6624378477071091,Medium Risk,392
8132-YPVBX,6,85.95,514.6,No,0.6623738233013791,Medium Risk,393
3191-CSNMG,3,80.7,239.45,No,0.6622928450277755,Medium Risk,394
7526-BEZQB,12,96.05,1148.1,Yes,0.6619216897319615,Medium Risk,395
9874-QLCLH,17,104.2,1743.5,Yes,0.6614439611020994,Medium Risk,396
8739-XNIKG,5,84.0,424.75,No,0.6610178409097829,Medium Risk,397
5747-PMBSQ,10,92.5,934.1,Yes,0.6607367997725768,Medium Risk,398
6357-JJPQT,3,80.5,232.35,No,0.6607329012460414,Medium Risk,399
8272-ONJLV,12,95.7,1184.0,No,0.6604340200257306,Medium Risk,400
2982-VPSGI,11,94.0,1078.9,Yes,0.6604070568059082,Medium Risk,401
2789-HQBOU,3,80.35,253.8,No,0.6602509063681998,Medium Risk,402
9846-GKXAS,9,90.8,809.75,Yes,0.660213977061158,Medium Risk,403
4086-YQSNZ,3,80.4,224.05,Yes,0.6598291584183706,Medium Risk,404
9897-KXHCM,3,80.3,250.05,Yes,0.6598091830267852,Medium Risk,405
9093-FPDLG,11,94.2,999.9,No,0.6597511046277916,Medium Risk,406
1304-NECVQ,2,78.55,149.55,Yes,0.6595555807835373,Medium Risk,407
2180-DXNEG,12,96.0,1062.1,Yes,0.6593621852560133,Medium Risk,408
3644-QXEHN,13,97.0,1334.45,No,0.6588685487065078,Medium Risk,409
5685-IIXLY,5,83.6,404.2,Yes,0.657724565421892,Medium Risk,410
4329-YPDDQ,20,108.2,2203.7,No,0.6576657913304,Medium Risk,411
9248-OJYKK,1,76.45,76.45,Yes,0.6575888344401696,Medium Risk,412
6204-IEUXJ,3,80.1,217.55,Yes,0.6575870289004068,Medium Risk,413
3138-BKYAV,6,85.35,489.45,Yes,0.6575844970932444,Medium Risk,414
9643-AVVWI,3,80.0,241.3,No,0.6575087908778502,Medium Risk,415
6161-UUUTA,3,79.9,260.9,Yes,0.6573231747456432,Medium Risk,416
5649-VUKMC,12,95.5,1115.15,Yes,0.6572738627254602,Medium Risk,417
3296-SILRA,1,76.4,76.4,Yes,0.6572411988881601,Medium Risk,418
6910-HADCM,1,76.35,76.35,Yes,0.6568933945479319,Medium Risk,419
4369-HTUIF,6,85.15,503.6,Yes,0.6565647168336903,Medium Risk,420
9451-LPGOO,7,86.8,620.35,Yes,0.6565468262865544,Medium Risk,421
2252-ISRNH,9,90.35,767.9,No,0.6560183707678994,Medium Risk,422
9444-JTXHZ,1,76.2,76.2,Yes,0.6558489717180074,Medium Risk,423
6015-VVHHE,5,83.15,446.05,Yes,0.6556881738539739,Medium Risk,424
6969-MVBAI,9,90.1,816.8,No,0.6555506847366782,Medium Risk,425
4290-BSXUX,3,79.65,251.75,Yes,0.6553517960059699,Medium Risk,426
9290-SHCMB,13,96.85,1235.55,No,0.6552691863783493,Medium Risk,427
2379-ENZGV,6,84.85,523.5,Yes,0.6549979441901331,Medium Risk,428
6215-NQCPY,15,99.7,1566.75,No,0.6546418142459465,Medium Risk,429
6960-HVYXR,1,76.0,76.0,Yes,0.6544540626822162,Medium Risk,430
6821-BUXUX,13,96.65,1244.5,Yes,0.6541110057272667,Medium Risk,431
7825-ECJRF,19,106.6,1934.45,Yes,0.654077040663116,Medium Risk,432
9094-AZPHK,15,100.15,1415.0,No,0.6538294405287234,Medium Risk,433
0231-LXVAP,1,75.9,75.9,Yes,0.6537556083662851,Medium Risk,434
1925-TIBLE,7,86.5,582.5,Yes,0.653479392824475,Medium Risk,435
1678-FYZOW,3,79.4,244.65,Yes,0.6534283855226024,Medium Risk,436
7595-EUIVN,1,75.8,75.8,Yes,0.653056490687611,Medium Risk,437
6110-OHIHY,3,79.25,267.6,Yes,0.6529805084647708,Medium Risk,438
7005-CCBKV,6,84.4,556.35,Yes,0.6527195843488541,Medium Risk,439
6894-LFHLY,1,75.75,75.75,Yes,0.6527066838338624,Medium Risk,440
2612-RRIDN,4,81.0,340.85,Yes,0.6525270512981863,Medium Risk,441
7074-IEVOJ,3,79.4,205.05,Yes,0.6523975472189019,Medium Risk,442
5196-SGOAK,1,75.7,75.7,Yes,0.652356712036723,Medium Risk,443
3338-CVVEH,12,94.55,1173.55,No,0.6521854197463173,Medium Risk,444
6435-SRWBJ,5,82.75,417.75,No,0.6521684328038101,Medium Risk,445
8844-TONUD,13,96.65,1162.85,Yes,0.6519859451834085,Medium Risk,446
7394-FKDNK,9,89.45,853.1,Yes,0.651969377829907,Medium Risk,447
4285-GYRQC,7,86.25,587.1,Yes,0.6518561499313382,Medium Risk,448
6818-DJXAA,10,91.1,964.35,No,0.651808003763908,Medium Risk,449
4587-NUKOX,3,79.1,246.5,Yes,0.6513842103570244,Medium Risk,450
5043-TRZWM,1,75.55,75.55,No,0.6513058099934113,Medium Risk,451
0817-HSUSE,1,75.5,75.5,No,0.650955181434534,Medium Risk,452
2951-QOQTK,4,80.8,332.45,Yes,0.6509118413868378,Medium Risk,453
5834-ASPWA,1,75.45,75.45,Yes,0.6506043894415495,Medium Risk,454
5729-KLZAR,4,80.85,302.75,Yes,0.6504859431607807,Medium Risk,455
5868-YWPDW,6,84.2,519.15,Yes,0.6503528961246269,Medium Risk,456
0196-VULGZ,6,84.35,474.9,Yes,0.6502461111773302,Medium Risk,457
0365-BZUWY,17,102.55,1742.5,No,0.6499623391422389,Medium Risk,458
1746-TGTWV,1,75.35,75.35,No,0.6499023163694366,Medium Risk,459
5054-IEXZT,1,75.35,75.35,Yes,0.6499023163694366,Medium Risk,460
4988-IQIGL,1,75.35,75.35,Yes,0.6499023163694366,Medium Risk,461
9940-RHLFB,1,75.3,75.3,Yes,0.6495510359000753,Medium Risk,462
3627-FHKBK,1,75.3,75.3,Yes,0.6495510359000753,Medium Risk,463
9787-XVQIU,1,75.3,75.3,Yes,0.6495510359000753,Medium Risk,464
5564-NEMQO,1,75.3,75.3,Yes,0.6495510359000753,Medium Risk,465
3671-SHRSP,4,80.6,319.15,Yes,0.6491649788323083,Medium Risk,466
4716-HHKQH,20,107.05,2172.05,No,0.6488309841159338,Medium Risk,467
1452-VOQCH,1,75.1,75.1,No,0.6481442949458055,Medium Risk,468
8816-VXNZD,1,75.1,75.1,Yes,0.6481442949458055,Medium Risk,469
3276-HDUEG,1,75.05,75.05,Yes,0.6477922064758322,Medium Risk,470
3908-BLSYF,6,83.9,497.55,Yes,0.647685923306139,Medium Risk,471
6979-ZNSFF,8,87.05,762.1,Yes,0.6474108203284855,Medium Risk,472
2674-MIAHT,4,80.3,324.2,No,0.6471931732978831,Medium Risk,473
2959-MJHIC,4,80.35,307.4,Yes,0.6471036601593638,Medium Risk,474
1157-BQCUW,1,74.95,74.95,Yes,0.6470875478204557,Medium Risk,475
9837-BMCLM,3,78.5,242.05,Yes,0.6470653931826389,Medium Risk,476
9420-LOJKX,15,99.1,1426.4,Yes,0.6467835882095955,Medium Risk,477
6996-KNSML,1,74.9,74.9,Yes,0.6467349782555019,Medium Risk,478
6358-LYNGM,1,74.9,74.9,Yes,0.6467349782555019,Medium Risk,479
4884-ZTHVF,8,87.1,713.6,No,0.6464895822422208,Medium Risk,480
5519-NPHVG,12,94.2,1046.1,Yes,0.6464006057287093,Medium Risk,481
1251-STYSZ,4,80.25,303.7,No,0.6463038512111274,Medium Risk,482
3904-UKFRE,4,80.1,336.15,No,0.6461013167777057,Medium Risk,483
0793-TWELN,4,80.15,319.85,No,0.646024812153927,Medium Risk,484
0265-PSUAE,16,100.7,1522.7,No,0.6458769656039901,Medium Risk,485
0637-KVDLV,2,76.5,162.45,Yes,0.6455983644990763,Medium Risk,486
9399-APLBT,1,74.7,74.7,Yes,0.6453231056834537,Medium Risk,487
3765-JXVKY,1,74.7,74.7,Yes,0.6453231056834537,Medium Risk,488
2424-WVHPL,1,74.7,74.7,No,0.6453231056834537,Medium Risk,489
5240-IJOQT,1,74.7,74.7,Yes,0.6453231056834537,Medium Risk,490
3629-ZNKXA,17,101.8,1752.45,No,0.6449581479710106,Medium Risk,491
3834-XUIFC,7,85.2,602.55,Yes,0.6448984980116825,Medium Risk,492
1597-FZREH,2,76.4,160.8,Yes,0.64485094787249,Medium Risk,493
3197-ARFOY,19,105.0,2007.25,No,0.6447777866425632,Medium Risk,494
8417-FMLZI,6,83.55,477.55,Yes,0.644699622371517,Medium Risk,495
1866-OBPNR,1,74.6,74.6,No,0.644616217192662,Medium Risk,496
3746-EUBYR,1,74.6,74.6,Yes,0.644616217192662,Medium Risk,497
2024-BASKD,1,74.6,74.6,Yes,0.644616217192662,Medium Risk,498
7598-UAASY,2,76.4,151.8,Yes,0.6446141491081923,Medium Risk,499
4806-KEXQR,4,79.9,324.3,Yes,0.6443817037267865,Medium Risk,500
9129-UXERG,18,103.6,1806.35,No,0.6443429708857492,Medium Risk,501
3793-MMFUH,13,95.05,1290.0,Yes,0.6440936259176301,Medium Risk,502
9061-TIHDA,13,95.25,1233.65,Yes,0.64401987897304,Medium Risk,503
4415-IJZTP,1,74.5,74.5,Yes,0.643908697253635,Medium Risk,504
7180-PISOG,1,74.5,74.5,Yes,0.643908697253635,Medium Risk,505
0723-DRCLG,1,74.45,74.45,Yes,0.643554701281051,Medium Risk,506
2982-IHMFT,1,74.45,74.45,Yes,0.643554701281051,Medium Risk,507
3551-HUAZH,1,74.4,74.4,Yes,0.6432005483957426,Medium Risk,508
4102-OQUPX,1,74.4,74.4,Yes,0.6432005483957426,Medium Risk,509
4633-MKHYU,9,88.4,788.6,No,0.6429071503010866,Medium Risk,510
4274-OWWYO,1,74.35,74.35,Yes,0.6428462389155208,Medium Risk,511
9840-EFJQB,1,74.35,74.35,No,0.6428462389155208,Medium Risk,512
8372-JUXUI,1,74.35,74.35,Yes,0.6428462389155208,Medium Risk,513
2468-SJFLM,1,74.3,74.3,No,0.6424917731588523,Medium Risk,514
8775-ERLNB,1,74.3,74.3,No,0.6424917731588523,Medium Risk,515
9894-EZEWG,1,74.3,74.3,Yes,0.6424917731588523,Medium Risk,516
2249-YPRNG,20,105.85,2239.65,Yes,0.6421625821905351,Medium Risk,517
3707-GNWHM,1,74.25,74.25,Yes,0.6421371514448555,Medium Risk,518
4143-OOBWZ,5,81.3,416.3,Yes,0.6419463752583132,Medium Risk,519
1833-VGRUM,1,74.2,74.2,Yes,0.6417823740933022,Medium Risk,520
8972-HJWNV,7,84.55,646.85,Yes,0.641478415988064,Medium Risk,521
8337-UPOAQ,10,89.8,914.3,Yes,0.641358261217966,Medium Risk,522
3473-XIIIT,16,100.0,1534.75,Yes,0.6412560019739999,Medium Risk,523
8985-OOPOS,1,74.1,74.1,No,0.6410723537598714,Medium Risk,524
5229-PRWKT,8,86.55,649.65,Yes,0.6409253239986216,Medium Risk,525
1618-CFHME,2,75.9,143.35,Yes,0.640860121386981,Medium Risk,526
4123-DVHPH,9,88.05,801.3,No,0.6407679405673294,Medium Risk,527
8433-WXGNA,2,75.7,189.2,Yes,0.6406565368429175,Medium Risk,528
5159-YFPKQ,2,75.8,160.75,Yes,0.6406122341952907,Medium Risk,529
2205-YMZZJ,7,84.8,546.95,Yes,0.6406071314264811,Medium Risk,530
8687-BAFGU,1,74.0,74.0,No,0.6403617147297523,Medium Risk,531
3727-RJMEO,6,82.85,460.25,Yes,0.6392947885294561,Medium Risk,532
9095-HFAFX,5,81.0,389.6,Yes,0.639115739936615,Medium Risk,533
2123-AGEEN,7,84.35,609.65,No,0.63907748045225,Medium Risk,534
7817-BOQPW,2,75.55,166.3,Yes,0.6389871910714335,Medium Risk,535
4210-QFJMF,4,79.15,317.25,Yes,0.638891601726125,Medium Risk,536
4795-KTRTH,5,81.0,371.65,Yes,0.6386400343375737,Medium Risk,537
8543-MSDMF,3,77.4,206.15,No,0.6383498974232873,Medium Risk,538
2516-VQRRV,2,75.45,158.4,Yes,0.6380678643823625,Medium Risk,539
4112-LUEIZ,10,89.5,863.1,Yes,0.6378757747593082,Medium Risk,540
8473-VUVJN,1,73.65,73.65,Yes,0.6378696432527837,Medium Risk,541
6390-DSAZX,1,73.6,73.6,Yes,0.6375130234290703,Medium Risk,542
8752-STIVR,4,79.0,303.15,Yes,0.6374523453868689,Medium Risk,543
6786-OBWQR,5,80.85,356.1,No,0.6371618392104232,Medium Risk,544
6513-EECDB,1,73.55,73.55,Yes,0.6371562521838088,Medium Risk,545
7563-BIUPC,5,80.6,415.55,Yes,0.6369629937627447,Medium Risk,546
9747-DDZOS,1,73.5,73.5,Yes,0.6367993298458111,Medium Risk,547
3855-ONCAR,4,78.9,299.75,No,0.6366509167244686,Medium Risk,548
6458-CYIDZ,5,80.7,374.8,No,0.6365916961369191,Medium Risk,549
8258-GSTJK,3,77.0,237.75,Yes,0.6363453836206512,Medium Risk,550
9231-ZJYAM,4,78.85,292.8,Yes,0.636110335867858,Medium Risk,551
0916-QOFDP,14,95.8,1346.3,No,0.6360991492475391,Medium Risk,552
5835-BEQEU,3,76.95,228.4,Yes,0.6357407690183926,Medium Risk,553
0023-XUOPT,13,94.1,1215.6,Yes,0.6353903336114621,Medium Risk,554
7928-VJYAB,11,90.6,1020.2,No,0.6350158780180647,Medium Risk,555
2657-VPXTA,10,88.85,929.45,No,0.6350136406613529,Medium Risk,556
7994-UYIVZ,8,85.65,659.45,No,0.6347914714820823,Medium Risk,557
7852-LECYP,13,93.8,1261.0,No,0.6344604406561979,Medium Risk,558
2080-GKCWQ,2,74.95,151.75,No,0.63433187950187,Medium Risk,559
3249-ZPQRG,4,78.45,330.05,Yes,0.634251091983975,Medium Risk,560
7571-YXDAD,2,74.9,147.15,Yes,0.6338524842992188,Medium Risk,561
1075-BGWOH,16,98.75,1587.55,Yes,0.63377358796521,Medium Risk,562
7235-NXZCP,2,74.85,156.4,Yes,0.6337421784773137,Medium Risk,563
6856-RAURS,2,74.9,136.05,No,0.6335565173245812,Medium Risk,564
6918-UMQCG,5,80.2,384.25,No,0.6332788429555591,Medium Risk,565
1977-STDKI,1,73.0,73.0,Yes,0.6332218691594919,Medium Risk,566
9696-RMYBA,5,80.1,398.55,No,0.6329459938405056,Medium Risk,567
7693-LCKZL,5,80.15,385.0,Yes,0.6329416537978662,Medium Risk,568
2761-OCIAX,2,74.7,165.4,Yes,0.6329109203738023,Medium Risk,569
5449-FIBXJ,19,103.3,2012.7,Yes,0.6328593863848828,Medium Risk,570
3320-VEOYC,14,95.6,1273.3,No,0.6327276535882442,Medium Risk,571
4770-UEZOX,2,74.75,144.8,No,0.6327184086043458,Medium Risk,572
6941-PMGEP,5,80.0,412.5,Yes,0.6326036738529965,Medium Risk,573
1200-TUZHR,8,85.2,695.75,No,0.6325466661989855,Medium Risk,574
8382-SHQEH,8,84.9,764.95,Yes,0.6322496088463847,Medium Risk,575
7029-RPUAV,17,100.45,1622.45,Yes,0.6319278999124406,Medium Risk,576
7321-PKUYW,11,90.15,987.95,Yes,0.6309399951176576,Medium Risk,577
3106-ULWFW,8,85.2,627.4,Yes,0.6307198907946296,Medium Risk,578
3370-HXOPH,3,76.1,257.6,No,0.6304474418916812,Medium Risk,579
0388-EOPEX,2,74.4,139.4,Yes,0.6300687612770314,Medium Risk,580
0495-ZBNGW,5,79.9,343.95,Yes,0.6300550790614298,Medium Risk,581
8837-VVWLQ,8,84.95,668.4,Yes,0.6300256971396014,Medium Risk,582
7786-WBJYI,4,77.95,305.55,Yes,0.6300207129114229,Medium Risk,583
7576-OYWBN,3,76.05,231.8,Yes,0.6293980746104599,Medium Risk,584
1309-BXVOQ,21,106.1,2249.95,Yes,0.6293425796513202,Medium Risk,585
8999-BOHSE,11,89.7,1047.7,Yes,0.6293139566472771,Medium Risk,586
6376-GAHQE,4,77.85,299.2,Yes,0.6291333503859344,Medium Risk,587
2880-FPNAE,2,74.2,140.1,No,0.6286526629977679,Medium Risk,588
3519-ZKXGG,3,75.85,256.6,Yes,0.6286274367065318,Medium Risk,589
4581-SSPWD,3,75.8,246.3,Yes,0.6279919979367671,Medium Risk,590
6693-FRIRW,18,101.3,1794.65,No,0.6276578353861206,Medium Risk,591
5937-EORGB,15,96.5,1392.25,No,0.6273916058171234,Medium Risk,592
3914-FDRHP,9,86.25,770.5,No,0.6271010808806944,Medium Risk,593
3398-FSHON,12,91.3,1094.5,Yes,0.6270595150616636,Medium Risk,594
3500-RMZLT,15,96.3,1426.75,Yes,0.6268799269240664,Medium Risk,595
0021-IKXGC,1,72.1,72.1,No,0.6267455156368578,Medium Risk,596
9367-WXLCH,8,84.5,662.65,Yes,0.6266393758144092,Medium Risk,597
1320-HTRDR,3,75.5,220.6,Yes,0.6251423869066972,Medium Risk,598
9957-YODKZ,6,80.8,457.1,No,0.6245470211213215,Medium Risk,599
5122-CYFXA,3,75.3,244.1,No,0.624333157782946,Medium Risk,600
1173-XZPYF,11,89.2,990.3,No,0.6241741239286914,Medium Risk,601
6689-TCZHQ,5,78.95,378.4,Yes,0.6241480569629841,Medium Risk,602
2983-ZANRP,2,73.55,145.4,Yes,0.6241166842263034,Medium Risk,603
6175-IRFIT,5,78.75,426.35,No,0.6239971568951542,Medium Risk,604
0925-VYDLG,3,75.25,242.0,Yes,0.6239158131037922,Medium Risk,605
4636-QRJKY,6,80.5,502.85,Yes,0.6236152923999307,Medium Risk,606
1569-TTNYJ,5,78.75,412.1,Yes,0.6236130265802041,Medium Risk,607
2276-YDAVZ,3,75.1,270.7,Yes,0.6236068201164617,Medium Risk,608
8380-PEFPE,1,71.65,71.65,Yes,0.6234900478732264,Medium Risk,609
8644-XLFBW,1,71.65,71.65,Yes,0.6234900478732264,Medium Risk,610
2507-QZPQS,15,95.7,1451.1,No,0.6232106494007076,Medium Risk,611
1980-KXVPM,3,75.05,256.25,Yes,0.6228559685734869,Medium Risk,612
6140-QNRQQ,1,71.55,71.55,Yes,0.6227650821042089,Medium Risk,613
9840-DVNDC,6,80.5,463.05,Yes,0.6225416034908086,Medium Risk,614
5570-PTWEH,3,75.15,216.75,Yes,0.6225125362144001,Medium Risk,615
2215-ZAFGX,9,85.5,791.7,No,0.6222639546285289,Medium Risk,616
5383-MMTWC,8,84.0,613.4,Yes,0.6217049670762822,Medium Risk,617
6221-AVQYL,2,73.25,131.05,Yes,0.6215620138398115,Medium Risk,618
9152-AMKAK,6,80.25,493.4,No,0.6215535336807156,Medium Risk,619
3966-HRMZA,3,75.05,202.9,No,0.6214153236563822,Medium Risk,620
2919-HBCJO,4,76.65,333.6,Yes,0.621411862455401,Medium Risk,621
8042-JVNFH,1,71.35,71.35,Yes,0.6213135042745156,Medium Risk,622
3177-LASXD,1,71.35,71.35,Yes,0.6213135042745156,Medium Risk,623
8676-TRMJS,3,75.0,209.1,Yes,0.6212210738634452,Medium Risk,624
4090-KPJIP,3,74.95,212.4,No,0.6209483815374632,Medium Risk,625
9254-RBFON,17,98.6,1704.95,Yes,0.620830526209974,Medium Risk,626
3878-AVSOQ,1,71.25,71.25,No,0.6205868978943964,Medium Risk,627
2959-FENLU,9,85.3,781.4,No,0.6205384739980915,Medium Risk,628
2691-NZETQ,9,85.35,758.6,Yes,0.6202838461958973,Medium Risk,629
5949-XIKAE,8,83.55,680.05,Yes,0.6202494472816681,Medium Risk,630
2800-VEQXM,3,74.75,238.1,No,0.6201951288170313,Medium Risk,631
5569-KGJHX,9,85.35,754.65,Yes,0.6201769721492452,Medium Risk,632
6424-ELEYH,3,74.75,229.5,Yes,0.6199624050245939,Medium Risk,633
9488-HGMJH,1,71.15,71.15,Yes,0.6198597503402478,Medium Risk,634
0511-JTEOY,1,71.1,71.1,Yes,0.6194959745175119,Medium Risk,635
8040-MNRTF,1,71.1,71.1,No,0.6194959745175119,Medium Risk,636
3411-WLRSQ,3,74.6,239.05,No,0.6191335663840496,Medium Risk,637
3422-LYEPQ,1,71.0,71.0,Yes,0.618768020575049,Medium Risk,638
7409-KIUTL,1,71.0,71.0,Yes,0.618768020575049,Medium Risk,639
2325-NBPZG,3,74.55,233.65,No,0.6186245444306536,Medium Risk,640
0151-ONTOV,1,70.9,70.9,Yes,0.6180395326358553,Medium Risk,641
5149-TGWDZ,21,104.55,2239.4,No,0.6178692714837756,Medium Risk,642
7823-JSOAG,3,74.5,217.45,No,0.6178223809037385,Medium Risk,643
2642-DTVCO,9,85.05,746.5,Yes,0.6177801121642978,Medium Risk,644
6229-LSCKB,6,79.7,497.6,No,0.6176803771721932,Medium Risk,645
0812-WUPTB,1,70.85,70.85,Yes,0.6176750893193895,Medium Risk,646
1031-IIDEO,1,70.85,70.85,Yes,0.6176750893193895,Medium Risk,647
7240-FQLHE,18,99.75,1836.25,Yes,0.6175799604284776,Medium Risk,648
9398-MMQTO,3,74.45,221.1,No,0.6175582435784034,Medium Risk,649
3295-YVUSR,2,72.6,154.3,No,0.6174793260569875,Medium Risk,650
0404-SWRVG,3,74.4,229.55,Yes,0.617424285172221,Medium Risk,651
0968-GSIKN,1,70.8,70.8,Yes,0.6173105135871886,Medium Risk,652
5956-YHHRX,21,104.35,2271.85,No,0.6172968626911035,Medium Risk,653
7779-LGOVN,10,86.65,856.65,Yes,0.6172190892105686,Medium Risk,654
6680-WKXRZ,3,74.4,215.8,Yes,0.6170511328178597,Medium Risk,655
0519-XUZJU,1,70.75,70.75,Yes,0.6169458058016085,Medium Risk,656
8784-CGILN,18,99.85,1776.95,Yes,0.616697192006282,Medium Risk,657
8245-UMPYT,16,96.4,1581.2,Yes,0.6166692050638286,Medium Risk,658
8443-ZRDBZ,4,76.05,318.9,Yes,0.6166618026349378,Medium Risk,659
5032-MIYKT,1,70.7,70.7,No,0.6165809663255832,Medium Risk,660
1122-JWTJW,1,70.65,70.65,Yes,0.6162159955226224,Medium Risk,661
4646-QZXTF,7,81.25,580.1,No,0.6160048677744938,Medium Risk,662
5376-DEQCP,1,70.6,70.6,Yes,0.6158508937568103,Medium Risk,663
5940-AHUHD,1,70.6,70.6,Yes,0.6158508937568103,Medium Risk,664
9617-INGJY,1,70.6,70.6,No,0.6158508937568103,Medium Risk,665
8309-IEYJD,1,70.6,70.6,No,0.6158508937568103,Medium Risk,666
9306-CPCBC,3,74.25,210.3,Yes,0.6158109502416408,Medium Risk,667
4423-YLHDV,21,104.4,2200.25,Yes,0.6157159264207301,Medium Risk,668
8051-HJRLT,1,70.55,70.55,Yes,0.615485661392805,Medium Risk,669
9850-OWRHQ,3,74.1,228.0,Yes,0.6152003252908564,Medium Risk,670
1915-IOFGU,1,70.5,70.5,Yes,0.6151202987958365,Medium Risk,671
8861-HGGKB,10,86.45,830.85,Yes,0.6150633465051077,Medium Risk,672
6986-IXNDM,14,92.9,1337.45,No,0.6149729160769521,Medium Risk,673
5445-UTODQ,7,81.1,576.65,Yes,0.6148191795588657,Medium Risk,674
2585-KTFRE,1,70.45,70.45,No,0.6147548063317058,Medium Risk,675
0515-YPMCW,1,70.45,70.45,Yes,0.6147548063317058,Medium Risk,676
0390-DCFDQ,1,70.45,70.45,Yes,0.6147548063317058,Medium Risk,677
0135-NMXAP,12,89.75,1052.4,Yes,0.6147007165358195,Medium Risk,678
0654-HMSHN,21,104.4,2157.95,Yes,0.6145656069842225,Medium Risk,679
4759-TRPLW,1,70.4,70.4,Yes,0.6143891843667835,Medium Risk,680
7465-ZZRVX,1,70.35,70.35,No,0.6140234332680081,Medium Risk,681
8058-JMEQO,9,84.45,762.5,Yes,0.6138491063052102,Medium Risk,682
2446-PLQVO,1,70.3,70.3,Yes,0.6136575534028863,Medium Risk,683
6653-CBBOM,1,70.3,70.3,Yes,0.6136575534028863,Medium Risk,684
1363-TXLSL,1,70.3,70.3,Yes,0.6136575534028863,Medium Risk,685
5519-YLDGW,21,103.9,2254.2,Yes,0.6135413785735803,Medium Risk,686
5565-FILXA,16,96.15,1529.2,Yes,0.6134345319817924,Medium Risk,687
1513-XNPPH,12,89.4,1095.65,Yes,0.61332695125909,Medium Risk,688
4749-OJKQU,4,75.65,302.35,No,0.6132987434983261,Medium Risk,689
1640-PLFMP,1,70.25,70.25,No,0.6132915451394892,Medium Risk,690
3244-DCJWY,1,70.25,70.25,Yes,0.6132915451394892,Medium Risk,691
9605-WGJVW,1,70.2,70.2,No,0.6129254088464531,Medium Risk,692
5357-TZHPP,9,84.4,732.5,Yes,0.6126670734946763,Medium Risk,693
1846-XWOQN,1,70.15,70.15,Yes,0.6125591448929766,Medium Risk,694
2619-WFQWU,1,70.15,70.15,Yes,0.6125591448929766,Medium Risk,695
9985-MWVIX,1,70.15,70.15,Yes,0.6125591448929766,Medium Risk,696
4854-CIDCF,3,73.85,196.4,No,0.6125173670440084,Medium Risk,697
7780-OTDSO,18,99.4,1742.95,Yes,0.6124938484850847,Medium Risk,698
5348-CAGXB,12,89.55,1021.75,No,0.6124074635397402,Medium Risk,699
6833-JMZYP,15,94.0,1505.45,No,0.6123394102187574,Medium Risk,700
1342-JPNKI,10,86.05,834.1,Yes,0.6122351822889773,Medium Risk,701
4702-IOQDC,1,70.1,70.1,Yes,0.6121927536488211,Medium Risk,702
2262-SLNVK,1,70.1,70.1,No,0.6121927536488211,Medium Risk,703
0328-GRPMV,1,70.1,70.1,Yes,0.6121927536488211,Medium Risk,704
5828-AVIPD,19,100.95,1875.55,Yes,0.6121771226570298,Medium Risk,705
8734-DKSTZ,10,85.95,858.6,No,0.6121731476868453,Medium Risk,706
5760-FXFVO,6,78.95,494.95,No,0.6121462532205683,Medium Risk,707
7181-OQCUT,21,103.85,2215.0,No,0.612108112256959,Medium Risk,708
1602-IJQQE,4,75.35,338.1,Yes,0.6120837204149268,Medium Risk,709
9603-OAIHC,1,70.05,70.05,No,0.6118262354843077,Medium Risk,710
3494-JCHRQ,1,70.05,70.05,Yes,0.6118262354843077,Medium Risk,711
8617-ENBDS,3,73.6,232.5,No,0.6116763294419063,Medium Risk,712
1195-OIYEJ,13,91.1,1135.7,Yes,0.6115819308549354,Medium Risk,713
5583-SXDAG,1,70.0,70.0,Yes,0.6114595907703166,Medium Risk,714
1853-UDXBW,1,70.0,70.0,Yes,0.6114595907703166,Medium Risk,715
6400-BWQKW,6,79.05,434.5,Yes,0.6112274470537539,Medium Risk,716
8000-REIQB,1,69.95,69.95,Yes,0.6110928198782861,Medium Risk,717
2920-RNCEZ,1,69.95,69.95,No,0.6110928198782861,Medium Risk,718
3066-RRJIO,1,69.95,69.95,Yes,0.6110928198782861,Medium Risk,719
7153-OANIO,1,69.95,69.95,Yes,0.6110928198782861,Medium Risk,720
6583-KQJLK,15,94.65,1285.05,No,0.611074420313893,Medium Risk,721
1062-LHZOD,1,69.9,69.9,Yes,0.6107259231802111,Medium Risk,722
5542-TBBWB,1,69.9,69.9,No,0.6107259231802111,Medium Risk,723
9804-ICWBG,1,69.9,69.9,Yes,0.6107259231802111,Medium Risk,724
5875-YPQFJ,1,69.9,69.9,Yes,0.6107259231802111,Medium Risk,725
5429-LWCMV,12,89.15,1057.55,No,0.610461661371282,Medium Risk,726
4603-JANFB,1,69.85,69.85,Yes,0.6103589010486407,Medium Risk,727
5550-VFRLC,1,69.85,69.85,Yes,0.6103589010486407,Medium Risk,728
0221-WMXNQ,4,75.35,273.4,No,0.6103176217832685,Medium Risk,729
9965-YOKZB,9,83.85,790.15,Yes,0.6102215446669552,Medium Risk,730
0637-YLETY,16,95.6,1555.65,Yes,0.6101386076466112,Medium Risk,731
0508-OOLTO,2,71.65,135.75,No,0.6100480137394879,Medium Risk,732
4510-HIMLV,1,69.8,69.8,Yes,0.6099917538566785,Medium Risk,733
5134-IKDAY,1,69.8,69.8,Yes,0.6099917538566785,Medium Risk,734
1356-MKYSK,6,78.65,483.3,No,0.609634932920357,Medium Risk,735
1084-UQCHV,1,69.75,69.75,Yes,0.6096244819779801,Medium Risk,736
5539-TMZLF,1,69.75,69.75,Yes,0.6096244819779801,Medium Risk,737
4501-EQDRN,1,69.7,69.7,Yes,0.6092570857867528,Medium Risk,738
3247-ZVOUO,10,85.55,851.75,Yes,0.6090610270692901,Medium Risk,739
7156-MHUGY,13,90.5,1201.15,Yes,0.6089811014910127,Medium Risk,740
4871-JTKJF,1,69.65,69.65,Yes,0.6088895656577521,Medium Risk,741
8062-YBDOE,1,69.65,69.65,Yes,0.6088895656577521,Medium Risk,742
7254-IQWOZ,1,69.65,69.65,Yes,0.6088895656577521,Medium Risk,743
4550-EVXNY,1,69.65,69.65,Yes,0.6088895656577521,Medium Risk,744
7665-TOALD,1,69.6,69.6,Yes,0.6085219219662832,Medium Risk,745
6502-MJQAE,1,69.6,69.6,Yes,0.6085219219662832,Medium Risk,746
8375-DKEBR,1,69.6,69.6,Yes,0.6085219219662832,Medium Risk,747
2636-ALXXZ,1,69.6,69.6,Yes,0.6085219219662832,Medium Risk,748
7249-WBIYX,10,85.6,813.85,Yes,0.6083903790222379,Medium Risk,749
9274-CNFMO,4,74.95,308.7,Yes,0.608354353200715,Medium Risk,750
0722-TROQR,4,74.9,321.75,Yes,0.6083451197686749,Medium Risk,751
1820-TQVEV,1,69.55,69.55,Yes,0.6081541550881977,Medium Risk,752
2506-TNFCO,1,69.55,69.55,Yes,0.6081541550881977,Medium Risk,753
4110-PFEUZ,1,69.55,69.55,Yes,0.6081541550881977,Medium Risk,754
4450-DLLMH,2,71.3,157.75,No,0.6080866509221323,Medium Risk,755
0488-GSLFR,1,69.5,69.5,Yes,0.6077862653998923,Medium Risk,756
5186-SAMNZ,1,69.5,69.5,Yes,0.6077862653998923,Medium Risk,757
2984-MIIZL,4,74.8,321.9,Yes,0.6076161919359133,Medium Risk,758
0947-IDHRQ,7,80.3,526.7,Yes,0.6076090432531551,Medium Risk,759
8118-LSUEL,23,106.4,2483.5,Yes,0.6075385044158651,Medium Risk,760
5884-GCYMI,1,69.4,69.4,Yes,0.6070501191009294,Medium Risk,761
7908-QCBCA,1,69.4,69.4,Yes,0.6070501191009294,Medium Risk,762
0195-IESCP,10,85.25,855.3,Yes,0.6069591743579278,Medium Risk,763
6457-GIRWB,1,69.35,69.35,Yes,0.6066818632457813,Medium Risk,764
3428-XZMAZ,1,69.35,69.35,Yes,0.6066818632457813,Medium Risk,765
8931-GJJIQ,9,83.3,803.3,Yes,0.6065512456751581,Medium Risk,766
5883-GTGVD,19,99.95,1931.75,Yes,0.6063923769924099,Medium Risk,767
7341-LXCAF,4,74.65,301.4,Yes,0.6059536066463754,Medium Risk,768
7206-GZCDC,1,69.25,69.25,Yes,0.6059449880169753,Medium Risk,769
0679-IDSTG,1,69.25,69.25,Yes,0.6059449880169753,Medium Risk,770
0236-HFWSV,15,93.35,1444.65,Yes,0.6059169440236629,Medium Risk,771
6849-OYAMU,19,100.0,1888.65,Yes,0.6055774522164206,Medium Risk,772
7660-HDPJV,1,69.2,69.2,Yes,0.605576369402062,Medium Risk,773
9728-FTTVZ,1,69.2,69.2,Yes,0.605576369402062,Medium Risk,774
1447-GIQMR,1,69.15,69.15,Yes,0.6052076306268652,Medium Risk,775
8128-YVJRG,7,79.65,604.7,Yes,0.6049758064092927,Medium Risk,776
3721-CNEYS,2,70.95,137.95,Yes,0.6049749055607337,Medium Risk,777
3871-IKPYH,1,69.1,69.1,Yes,0.6048387720720956,Medium Risk,778
3716-BDVDB,1,69.1,69.1,Yes,0.6048387720720956,Medium Risk,779
1086-LXKFY,1,69.1,69.1,Yes,0.6048387720720956,Medium Risk,780
6437-UKHMV,7,79.7,586.05,Yes,0.604831331040752,Medium Risk,781
6692-UDPJC,14,91.65,1301.0,Yes,0.6048303434852852,Medium Risk,782
1197-BVMVG,4,74.45,294.45,No,0.6042930315915827,Medium Risk,783
8361-LTMKD,4,74.4,306.6,Yes,0.6042590432441921,Medium Risk,784
4016-BJKTZ,25,108.9,2809.05,No,0.6041500712315467,Medium Risk,785
8640-SDGKB,4,74.4,299.7,Yes,0.6040694944465989,Medium Risk,786
0685-MLYYM,2,70.75,154.85,Yes,0.6039683836759686,Medium Risk,787
3866-MDTUB,2,70.75,146.9,Yes,0.6037499325357998,Medium Risk,788
4806-HIPDW,1,68.95,68.95,Yes,0.6037314815454415,Medium Risk,789
9237-HQITU,2,70.7,151.65,Yes,0.603512546768661,Medium Risk,790
2085-BOJKI,17,96.65,1588.25,No,0.6034104669291807,Medium Risk,791
8835-VSDSE,2,70.7,141.45,Yes,0.6032321516379487,Medium Risk,792
5028-GZLDO,2,70.7,140.7,Yes,0.6032115316694686,Medium Risk,793
3717-OEAUQ,2,70.7,129.2,No,0.6028953129401432,Medium Risk,794
4342-HENTK,2,70.65,142.35,Yes,0.6028887849394168,Medium Risk,795
8083-YTZES,4,74.35,265.35,Yes,0.6027572549138847,Medium Risk,796
0875-CABNR,10,84.6,865.55,Yes,0.6024620240978708,Medium Risk,797
1624-WOIWJ,10,84.7,832.05,Yes,0.6022769893265166,Medium Risk,798
4658-HCOHW,21,102.8,2110.15,Yes,0.6015301120518111,Medium Risk,799
2856-HYAPG,1,68.65,68.65,Yes,0.6015137180782842,Medium Risk,800
2905-KFQUV,2,70.4,154.8,No,0.6013893714546554,Medium Risk,801
9927-DSWDF,22,104.6,2180.55,No,0.6013407080992929,Medium Risk,802
3074-GQWYX,5,75.9,357.75,Yes,0.6013312400769169,Medium Risk,803
4629-NRXKX,2,70.4,147.15,Yes,0.6011786995392665,Medium Risk,804
8808-ELEHO,8,81.25,585.95,Yes,0.600862368895458,Medium Risk,805
6034-YMTOB,5,75.65,399.45,No,0.6006360708667574,Medium Risk,806
5442-BHQNG,2,70.35,139.25,No,0.6005922736304499,Medium Risk,807
5804-LEPIM,2,70.35,139.05,Yes,0.6005867626468291,Medium Risk,808
0848-ZGQIJ,16,94.65,1461.15,No,0.6005654635158246,Medium Risk,809
4385-GZQXV,16,94.45,1511.2,Yes,0.6004690295293877,Medium Risk,810
6416-TVAIH,1,68.5,68.5,Yes,0.600403265909898,Medium Risk,811
9717-QEBGU,2,70.3,144.0,No,0.6003542483562437,Medium Risk,812
6198-ZFIOJ,5,75.6,402.5,No,0.6003512025334728,Medium Risk,813
9250-WYPLL,5,75.55,413.65,Yes,0.600289538024219,Medium Risk,814
2026-TGDHM,7,79.3,523.15,Yes,0.6001546134806692,Medium Risk,815
7321-VGNKU,2,70.35,120.25,No,0.6000686166388333,Medium Risk,816
3234-VKACU,2,70.3,132.4,No,0.6000345056034007,Medium Risk,817
4585-HETAI,4,73.75,325.45,Yes,0.5999884860291527,Medium Risk,818
0004-TLHLJ,4,73.9,280.85,Yes,0.5998661328391447,Medium Risk,819
3797-FKOGQ,11,86.2,893.2,No,0.59962004890595,Medium Risk,820
3374-LXDEV,13,89.4,1132.35,Yes,0.5989992322142988,Medium Risk,821
2260-USTRB,2,70.2,115.95,Yes,0.5988423087352943,Medium Risk,822
5119-NZPTV,2,70.1,141.65,No,0.5988126508533687,Medium Risk,823
7394-LWLYN,2,70.15,123.8,No,0.5986894956528115,Medium Risk,824
0506-LVNGN,5,75.55,349.65,Yes,0.5985242867108309,Medium Risk,825
4512-ZUIYL,2,70.0,153.05,Yes,0.5983883013376394,Medium Risk,826
8063-RJYNF,16,94.25,1483.25,Yes,0.5982209929752862,Medium Risk,827
4373-MAVJG,14,90.9,1259.0,Yes,0.5981449013326936,Medium Risk,828
7638-QVMVY,7,79.0,522.95,Yes,0.5979329249247481,Medium Risk,829
5600-KTXFM,2,69.95,143.9,No,0.5977659938321809,Medium Risk,830
7495-OOKFY,8,80.65,633.3,Yes,0.5977370959019853,Medium Risk,831
3853-LYGAM,17,95.65,1640.0,No,0.5974579860017742,Medium Risk,832
4154-AQUGT,13,89.05,1169.35,Yes,0.597433476604004,Medium Risk,833
0867-LDTTC,5,75.15,392.65,No,0.5967537404159221,Medium Risk,834
2897-DOVND,2,69.8,146.65,No,0.5967322664276827,Medium Risk,835
9553-DLCLU,13,88.95,1161.75,No,0.596483451323359,Medium Risk,836
5832-XKAES,2,69.8,134.7,Yes,0.5964018965656753,Medium Risk,837
6166-ILMNY,2,69.75,144.55,Yes,0.5963040855351959,Medium Risk,838
4482-EWFMI,2,69.7,135.2,No,0.5956751974952295,Medium Risk,839
7538-GWHML,2,69.65,145.15,Yes,0.5955800965574362,Medium Risk,840
2272-UOINI,7,78.5,571.05,No,0.5955619721715062,Medium Risk,841
1236-WFCDV,14,90.45,1266.1,Yes,0.5950102593231065,Medium Risk,842
4277-PVRAN,8,80.1,679.3,Yes,0.5949371229072913,Medium Risk,843
2397-BRLOM,8,80.45,583.45,Yes,0.5948779267949219,Medium Risk,844
5276-KQWHG,2,69.6,131.65,Yes,0.5948359630605625,Medium Risk,845
4059-IIEBK,7,78.55,522.95,No,0.5946011715123988,Medium Risk,846
3143-JQEGI,13,88.35,1222.8,Yes,0.5937267529964468,Medium Risk,847
9799-CAYJJ,2,69.3,153.8,No,0.5932244478971117,Medium Risk,848
7562-GSUHK,16,93.2,1573.7,Yes,0.5929452348275595,Medium Risk,849
5399-ZIMKF,5,74.65,383.65,No,0.592798251440792,Medium Risk,850
2710-WYVXG,3,71.1,213.35,No,0.5927329379574848,Medium Risk,851
6496-JDSSB,8,80.0,624.6,No,0.5926797603812662,Medium Risk,852
0581-BXBUB,4,72.75,317.75,No,0.5923712769764362,Medium Risk,853
7858-GTZSP,12,86.55,1066.9,No,0.5915464723261852,Medium Risk,854
9402-ORRAH,15,91.5,1400.3,No,0.5910211939679325,Medium Risk,855
5916-QEWPT,2,69.0,147.8,No,0.5908294417850556,Medium Risk,856
4299-SIMNS,9,81.15,784.45,No,0.5901409554481746,Medium Risk,857
0734-OXWBT,3,70.7,225.65,No,0.5901015892356669,Medium Risk,858
4391-RESHN,23,104.05,2470.1,Yes,0.5898055797159416,Medium Risk,859
6993-OHLXR,2,68.95,119.75,Yes,0.5896782501835871,Medium Risk,860
4706-AXVKM,11,84.8,906.85,Yes,0.589619357035437,Medium Risk,861
5956-VKDTT,5,74.35,334.8,Yes,0.5892116361494358,Medium Risk,862
0315-LVCRK,11,84.8,888.75,No,0.5891161810954274,Medium Risk,863
7225-CBZPL,17,94.8,1563.9,No,0.5890405635410261,Medium Risk,864
9436-ZBZCT,14,89.95,1178.4,Yes,0.588862503236362,Medium Risk,865
1379-FRVEB,15,91.0,1430.05,No,0.5881270286027462,Medium Risk,866
8111-RKSPX,4,72.2,305.55,Yes,0.5879409201381736,Medium Risk,867
9692-TUSXH,18,96.05,1740.7,Yes,0.5877124455632033,Medium Risk,868
9658-WYUFB,17,94.4,1617.5,Yes,0.5875521352767556,Medium Risk,869
1670-SVOWZ,14,89.65,1208.35,Yes,0.5874608727977813,Medium Risk,870
6168-WFVVF,3,70.3,235.5,Yes,0.5873968661421778,Medium Risk,871
2055-PDADH,3,70.4,204.7,Yes,0.5872847993249514,Medium Risk,872
2979-SXESE,17,94.4,1607.2,Yes,0.5872653878360397,Medium Risk,873
4647-MUZON,18,95.95,1745.5,No,0.5871006774959964,Medium Risk,874
1704-NRWYE,9,80.85,751.65,Yes,0.586994288838988,Medium Risk,875
4029-HPFVY,3,70.3,220.4,No,0.586976421575668,Medium Risk,876
9633-XQABV,3,70.25,229.7,No,0.5868625908904398,Medium Risk,877
7379-POKDZ,3,70.3,208.85,Yes,0.5866547375772425,Medium Risk,878
1258-YMZNM,27,110.5,2857.6,No,0.5863990504835017,Medium Risk,879
2114-MGINA,14,89.8,1129.1,Yes,0.5863722986687584,Medium Risk,880
5935-FCCNB,17,94.2,1608.15,No,0.5858001218526208,Medium Risk,881
6000-APYLU,9,80.8,713.1,Yes,0.5855471973264149,Medium Risk,882
6077-BDPXA,3,70.15,194.2,No,0.5851271376829901,Medium Risk,883
8185-UPYBR,6,75.5,438.0,Yes,0.5850874531276908,Medium Risk,884
5995-SNNEW,23,104.45,2184.85,No,0.5848456839672965,Medium Risk,885
2988-PLAHS,3,69.95,220.45,No,0.584365694848533,Medium Risk,886
2719-BDAQO,17,93.85,1625.65,Yes,0.583674402069422,Medium Risk,887
1658-BYGOY,18,95.45,1752.55,Yes,0.5835647536634578,Medium Risk,888
3211-AAPKX,20,98.55,2031.95,No,0.5833126336856506,Medium Risk,889
6030-REHUX,28,110.85,3204.4,No,0.5830879071473473,Medium Risk,890
7245-NIIWQ,3,69.85,199.85,No,0.5830433544661481,Medium Risk,891
4919-MOAVT,3,69.65,220.1,Yes,0.5821131708476078,Medium Risk,892
9512-UIBFX,18,95.15,1779.95,Yes,0.5820866245146946,Medium Risk,893
0570-BFQHT,9,80.55,653.9,No,0.5820266355770657,Medium Risk,894
4229-CZMLL,6,74.9,469.8,Yes,0.581489977444027,Medium Risk,895
9576-ANLXO,3,69.55,222.3,Yes,0.5814263279168871,Medium Risk,896
4983-CCWMC,3,69.6,207.4,No,0.5813840409343078,Medium Risk,897
8429-XIBUM,22,101.35,2317.1,Yes,0.5809765366490356,Medium Risk,898
0455-XFASS,3,69.55,200.2,No,0.5808083821778296,Medium Risk,899
8625-AZYZY,24,104.65,2542.45,Yes,0.5807099768517081,Medium Risk,900
3750-CKVKH,2,67.75,116.65,Yes,0.5806329788431684,Medium Risk,901
4583-PARNH,16,91.55,1540.05,No,0.5796999733779092,Medium Risk,902
0727-IWKVK,9,79.9,741.7,Yes,0.5796148946292065,Medium Risk,903
1112-CUNAO,15,89.85,1424.95,Yes,0.579390773239855,Medium Risk,904
7363-QTBIW,9,79.75,769.1,No,0.5792576529578897,Medium Risk,905
9048-JVYVF,3,69.35,191.35,Yes,0.5790622457137017,Medium Risk,906
7159-FVYPK,3,69.15,235.0,No,0.5787850434042792,Medium Risk,907
7596-LDUXP,12,85.15,979.05,No,0.5786448257122001,Medium Risk,908
2823-LKABH,18,95.05,1679.4,No,0.5785245533947244,Medium Risk,909
7392-YYPYJ,22,100.65,2415.95,No,0.5784976569165727,Medium Risk,910
4536-PLEQY,12,85.05,999.8,No,0.5784760831679311,Medium Risk,911
2070-FNEXE,7,76.45,503.6,Yes,0.5784002288569898,Medium Risk,912
6683-VLCTZ,20,98.55,1842.8,Yes,0.5780222189078471,Medium Risk,913
5130-IEKQT,25,105.95,2655.25,Yes,0.5779566873796045,Medium Risk,914
0480-BIXDE,19,96.8,1743.05,No,0.5777676822818048,Medium Risk,915
3376-BMGFE,4,70.9,273.0,Yes,0.5773094770463432,Medium Risk,916
4505-EXZHB,6,74.4,434.1,Yes,0.5767422614629603,Medium Risk,917
3096-GKWEB,18,94.75,1691.9,No,0.5766237181936005,Medium Risk,918
0872-NXJYS,9,79.55,723.4,Yes,0.5764766202391346,Medium Risk,919
2688-BHGOG,9,79.55,718.55,No,0.5763405944550646,Medium Risk,920
4686-UXDML,21,99.85,1992.55,No,0.5763009131188837,Medium Risk,921
5955-ERIHD,18,94.7,1687.95,Yes,0.5761374561673351,Medium Risk,922
0644-OQMDK,4,70.65,293.85,No,0.5760171065992209,Medium Risk,923
7613-LLQFO,12,84.45,1059.55,Yes,0.5756473991004678,Medium Risk,924
8313-NDOIA,24,104.15,2494.65,No,0.5756203708213626,Medium Risk,925
2876-GZYZC,13,85.95,1215.65,No,0.5756052295332197,Medium Risk,926
7517-LDMPS,12,84.6,1017.35,No,0.5755902154000951,Medium Risk,927
5129-JLPIS,25,105.5,2686.05,No,0.575441758676443,Medium Risk,928
1658-TJVOA,6,74.1,450.9,No,0.5749600083690016,Medium Risk,929
3496-LFSZU,4,70.5,294.2,No,0.574899854567629,Medium Risk,930
6892-XPFPU,24,104.25,2433.9,Yes,0.5746667340937155,Medium Risk,931
5701-YVSVF,11,82.9,880.05,No,0.5746570176938854,Medium Risk,932
4817-QRJSX,10,81.0,818.05,Yes,0.5743342089707713,Medium Risk,933
4431-EDMIQ,7,75.7,554.05,No,0.5741828519292255,Medium Risk,934
1319-YLZJG,12,84.6,959.9,No,0.573977321273207,Medium Risk,935
4763-PGDPO,4,70.4,281.0,Yes,0.573777268370058,Medium Risk,936
7668-XCFYV,17,92.55,1614.7,No,0.5736197780456841,Medium Risk,937
4910-AQFFX,9,79.35,661.25,Yes,0.5732285329739877,Medium Risk,938
2074-GUHPQ,17,92.7,1556.85,No,0.5731227696111598,Medium Risk,939
6198-RTPMF,17,92.6,1579.7,No,0.573012468904791,Medium Risk,940
7044-YAACC,4,70.2,280.35,No,0.5722540043475157,Medium Risk,941
5520-FVEWJ,12,84.5,916.9,Yes,0.5720162974039689,Medium Risk,942
9190-MFJLN,19,95.9,1777.9,Yes,0.5719812277487275,Medium Risk,943
0840-DFEZH,7,75.35,564.65,No,0.5718470213293172,Medium Risk,944
7268-IGMFD,18,93.9,1743.9,No,0.5716923648117114,Medium Risk,945
8873-GLDMH,6,73.85,401.3,No,0.5716853787293213,Medium Risk,946
9408-SSNVZ,4,70.15,268.35,Yes,0.5715400249579156,Medium Risk,947
2077-MPJQO,7,75.4,533.05,No,0.571334728255252,Medium Risk,948
0112-QAWRZ,16,90.8,1442.2,No,0.5713191070414565,Medium Risk,949
0940-OUQEC,10,80.7,788.8,Yes,0.5712542524788057,Medium Risk,950
2568-BRGYX,4,70.2,237.95,Yes,0.5710614049990654,Medium Risk,951
2845-HSJCY,14,87.25,1258.6,Yes,0.5708786172235047,Medium Risk,952
6100-QQHEB,17,92.55,1515.1,Yes,0.570819226084181,Medium Risk,953
2608-BHKFN,4,70.05,266.9,Yes,0.5707458993314247,Medium Risk,954
7410-YTJIK,7,75.45,480.75,Yes,0.5702396650763597,Medium Risk,955
5590-BYNII,22,100.75,2095.0,Yes,0.5702368638451679,Medium Risk,956
8800-JOOCF,12,84.05,966.55,No,0.5700231202379266,Medium Risk,957
2227-JRSJX,21,99.15,1956.4,No,0.5700180665597095,Medium Risk,958
8802-UNOJF,12,83.8,1029.75,Yes,0.5699179096194474,Medium Risk,959
5485-WUYWF,2,66.4,94.55,Yes,0.5698681963853857,Medium Risk,960
7912-SYRQT,7,75.1,552.95,Yes,0.5696339984019368,Medium Risk,961
4572-DVCGN,10,80.25,846.0,Yes,0.5694728405657313,Medium Risk,962
8325-QRPZR,7,75.15,525.0,No,0.569223864178411,Medium Risk,963
7508-SMHXL,15,89.0,1288.3,No,0.5691621831336139,Medium Risk,964
0577-WHMEV,16,90.7,1374.9,No,0.5686704943912464,Medium Risk,965
3420-ZDBMA,5,71.45,371.6,No,0.5685021542832525,Medium Risk,966
9191-MYQKX,7,75.15,496.9,Yes,0.5684322024563908,Medium Risk,967
9601-BRXPO,25,104.95,2566.5,Yes,0.5679373633623598,Medium Risk,968
6711-FLDFB,7,74.9,541.15,Yes,0.5677927897551328,Medium Risk,969
7410-OIEDU,10,79.85,887.35,No,0.5676202034242767,Medium Risk,970
4547-KQRTM,10,80.05,830.7,Yes,0.5675327918727358,Medium Risk,971
1184-PJVDB,10,79.95,857.2,Yes,0.5675250458936056,Medium Risk,972
8120-JDCAM,4,69.55,284.9,No,0.5674819240520029,Medium Risk,973
4558-FANTW,17,91.85,1574.45,Yes,0.5672114136997948,Medium Risk,974
4659-NZRUF,19,95.15,1789.25,Yes,0.5666450647322715,Medium Risk,975
2034-CGRHZ,24,102.95,2496.7,Yes,0.5666382982518637,Medium Risk,976
1475-VWVDO,7,74.9,490.55,No,0.5663658545457101,Medium Risk,977
0927-LCSMG,7,74.65,544.55,Yes,0.5660008534702476,Medium Risk,978
9334-GWGOW,7,74.85,485.25,No,0.5658385853499022,Medium Risk,979
3415-TAILE,2,65.7,134.35,Yes,0.5657068202280061,Medium Risk,980
3753-TSEMP,15,88.15,1390.6,Yes,0.5656297253933099,Medium Risk,981
4013-UBXWQ,7,74.65,521.1,Yes,0.5653390520696621,Medium Risk,982
3223-DWFIO,4,69.35,261.65,No,0.5653153559383014,Medium Risk,983
9773-PEQBZ,10,79.85,797.25,No,0.5650783522797104,Medium Risk,984
1956-YIFGE,22,100.05,2090.25,No,0.5648189083371776,Medium Risk,985
2604-IJPDU,20,96.55,1901.65,No,0.5646136862666409,Medium Risk,986
4526-RMTLL,8,76.15,645.8,No,0.5644100825865843,Medium Risk,987
9909-IDLEK,20,96.8,1826.7,No,0.5643874008705858,Medium Risk,988
3452-GWUIN,19,94.95,1760.25,No,0.5643151369975828,Medium Risk,989
8699-ASUFO,7,74.4,527.9,Yes,0.5636408216168243,Medium Risk,990
4343-EJVQB,7,74.35,533.6,No,0.5634236261437918,Medium Risk,991
5889-LFOLL,13,84.6,1115.2,Yes,0.562594652552164,Medium Risk,992
6900-PXRMS,26,105.75,2710.25,Yes,0.562255321026191,Medium Risk,993
2754-XBHTB,9,77.65,714.15,Yes,0.5618878824571062,Medium Risk,994
7508-MYBOG,14,86.1,1235.55,Yes,0.5615413418717423,Medium Risk,995
8337-MSSXB,14,86.3,1180.95,Yes,0.5615116309612466,Medium Risk,996
8563-OYMQY,17,90.95,1612.2,No,0.5614721380707048,Medium Risk,997
7969-AULMZ,21,97.35,2119.5,Yes,0.5610192086881307,Medium Risk,998
2311-QYMUQ,16,89.45,1430.25,Yes,0.5607834060075244,Medium Risk,999
8225-BTJAU,10,79.25,793.55,Yes,0.5604331112414852,Medium Risk,1000
7130-VTEWQ,8,75.75,606.25,Yes,0.5602642216234192,Medium Risk,1001
0479-HMSWA,26,105.45,2715.3,No,0.5601260357539981,Medium Risk,1002
2141-RRYGO,4,68.65,261.25,Yes,0.5600063669366896,Medium Risk,1003
4822-NGOCH,13,84.45,1058.6,Yes,0.5598575898077136,Medium Risk,1004
3070-DVEYC,7,73.75,545.15,Yes,0.5592063526972431,Medium Risk,1005
0122-OAHPZ,7,73.85,511.25,Yes,0.5590045946840906,Medium Risk,1006
5433-KYGHE,14,86.0,1164.05,No,0.5587600188419967,Medium Risk,1007
9529-OFXHY,15,87.75,1242.2,No,0.5584055296810723,Medium Risk,1008
2815-CPTUL,5,70.25,331.9,Yes,0.5583024122167538,Medium Risk,1009
1965-DDBWU,16,89.05,1448.6,Yes,0.5582709144590935,Medium Risk,1010
0637-UBJRP,13,84.05,1095.3,Yes,0.5578639487583251,Medium Risk,1011
6260-ONULR,1,62.8,62.8,No,0.5575396488382275,Medium Risk,1012
1196-AMORA,7,73.6,520.0,Yes,0.5573562577585067,Medium Risk,1013
6715-OFDBP,5,70.05,346.4,Yes,0.5571959803575248,Medium Risk,1014
8584-KMVXD,8,75.6,535.55,No,0.557124455295491,Medium Risk,1015
0564-MUUQK,20,95.5,1916.2,No,0.5570716318998123,Medium Risk,1016
6330-JKLPC,11,80.5,896.9,Yes,0.5570008934815643,Medium Risk,1017
3164-AALRN,5,70.0,347.4,Yes,0.5568448762475287,Medium Risk,1018
9552-TGUZV,8,75.0,658.1,No,0.5560443869272783,Medium Risk,1019
0330-IVZHA,5,69.95,330.15,Yes,0.5559762561407571,Medium Risk,1020
6705-LXORM,5,70.05,302.6,No,0.555954271910639,Medium Risk,1021
9389-ACWBI,5,69.95,320.4,No,0.5556997554916798,Medium Risk,1022
3199-XGZCY,8,75.25,576.7,No,0.5556342264529354,Medium Risk,1023
7993-PYKOF,8,75.0,632.95,Yes,0.5553311087452104,Medium Risk,1024
5173-WXOQV,2,64.2,143.65,No,0.5546040263668077,Medium Risk,1025
1219-NNDDO,9,76.85,663.55,No,0.5543865875204121,Medium Risk,1026
9961-JBNMK,21,96.8,2030.3,Yes,0.5543191513596797,Medium Risk,1027
6402-ZFPPI,25,102.8,2660.2,Yes,0.5543046416149701,Medium Risk,1028
2058-DCJBE,5,69.75,324.6,Yes,0.5542997255463546,Medium Risk,1029
0320-JDNQG,23,99.85,2331.3,Yes,0.5542959299979093,Medium Risk,1030
3511-APPBJ,23,99.95,2292.75,No,0.5539617408295967,Medium Risk,1031
6047-YHPVI,5,69.7,316.9,Yes,0.5537012190567635,Medium Risk,1032
6087-MVHJH,16,88.45,1422.1,Yes,0.5529630867147924,Medium Risk,1033
3030-YDNRM,8,74.85,572.45,No,0.5524739798549676,Medium Risk,1034
4597-NUCQV,24,101.25,2440.15,Yes,0.5521515704111202,Medium Risk,1035
6647-ZEDXT,30,110.45,3327.05,No,0.5520047854988346,Medium Risk,1036
1541-ETJZO,1,62.05,62.05,Yes,0.5518206872463374,Medium Risk,1037
2799-ARNLO,5,69.35,341.6,No,0.5517414365315887,Medium Risk,1038
9185-TQCVP,14,85.15,1139.2,Yes,0.5515992053296621,Medium Risk,1039
9170-CCKOU,17,90.2,1454.15,Yes,0.5512981006497388,Medium Risk,1040
5606-AMZBO,10,78.15,765.15,No,0.5512756875864074,Medium Risk,1041
3235-ETOOB,8,74.5,609.9,Yes,0.5508755633356539,Medium Risk,1042
3488-PGMQJ,8,74.5,606.55,Yes,0.5507803549030567,Medium Risk,1043
9314-IJWSQ,14,84.8,1203.9,No,0.5507748053252065,Medium Risk,1044
5928-QLDHB,9,76.25,684.85,No,0.550428876801026,Medium Risk,1045
0689-NKYLF,13,83.2,1060.6,Yes,0.5504203145431849,Medium Risk,1046
5405-ZMYXQ,8,74.6,548.9,No,0.5499026926414803,Medium Risk,1047
9695-IDRZR,34,116.15,3946.9,No,0.5494216642697287,Medium Risk,1048
1626-ERCMM,20,94.55,1899.65,Yes,0.549380176846752,Medium Risk,1049
2430-USGXP,24,101.05,2391.8,Yes,0.5492554039314884,Medium Risk,1050
3018-TFTSU,12,81.7,858.6,Yes,0.5491579954736792,Medium Risk,1051
0018-NYROU,5,68.95,351.5,No,0.5489784786353151,Medium Risk,1052
4374-YMUSQ,34,116.25,3899.05,No,0.5488222837819162,Medium Risk,1053
8485-GJCDN,5,69.05,318.5,Yes,0.5488014160252922,Medium Risk,1054
1508-DFXCU,12,81.45,912.0,No,0.5487729830831002,Medium Risk,1055
5442-XSDCW,11,79.5,868.5,Yes,0.5485914039425853,Medium Risk,1056
1230-QAJDW,3,65.25,209.9,No,0.5485854540793249,Medium Risk,1057
7354-OIJLX,9,75.85,724.65,No,0.5485151621289849,Medium Risk,1058
6413-XKKPU,17,89.4,1539.45,Yes,0.5476327594644502,Medium Risk,1059
9620-ENEJV,6,70.55,433.95,No,0.5476021560710653,Medium Risk,1060
3540-RZJYU,15,86.2,1270.2,Yes,0.5474166558560594,Medium Risk,1061
4480-QQRHC,8,74.05,600.15,No,0.5471715128763635,Medium Risk,1062
6416-YJTTB,11,79.5,795.65,No,0.5465182841794665,Medium Risk,1063
3088-LHEFH,11,79.0,929.3,No,0.5465119150716905,Medium Risk,1064
5022-JNQEQ,9,75.85,647.5,No,0.5463195603399864,Medium Risk,1065
3957-LXOLK,28,106.15,3152.5,Yes,0.5461057863249605,Medium Risk,1066
1262-OPMFY,9,75.75,655.9,Yes,0.545796366842752,Medium Risk,1067
3934-HXCFZ,23,99.25,2186.4,Yes,0.5456092450883803,Medium Risk,1068
8329-UTMVM,27,104.65,2964.0,No,0.5452259077470525,Medium Risk,1069
4332-MUOEZ,20,94.3,1818.3,No,0.5451598818625922,Medium Risk,1070
2189-WWOEW,15,85.9,1269.55,Yes,0.5451112160186786,Medium Risk,1071
8519-IMDHU,15,85.6,1345.55,Yes,0.5449880442472761,Medium Risk,1072
1928-BXYIV,1,61.15,61.15,No,0.5449399287330401,Medium Risk,1073
3987-KQDDU,9,75.6,661.55,No,0.5448134131711174,Medium Risk,1074
5271-DBYSJ,11,79.15,827.7,No,0.5447622921783052,Medium Risk,1075
1792-UXAFY,17,89.15,1496.9,Yes,0.5445153129527346,Medium Risk,1076
8541-QVFKM,8,73.5,632.2,No,0.5438904216439434,Medium Risk,1077
9279-CJEOJ,21,95.4,2025.1,No,0.5435101797844193,Medium Risk,1078
7020-OZKXZ,9,75.5,637.4,No,0.5433623689442925,Medium Risk,1079
9050-QLROH,18,90.7,1597.25,Yes,0.5432653276463979,Medium Risk,1080
9133-AYJZG,23,98.7,2249.1,No,0.5432000456310105,Medium Risk,1081
1564-NTYXF,13,82.0,1127.2,Yes,0.5431703335891169,Medium Risk,1082
1871-MOWRM,12,80.85,866.45,Yes,0.5429013779502574,Medium Risk,1083
5356-CSVSQ,3,64.6,174.2,No,0.5426125983251735,Medium Risk,1084
5609-CEBID,20,94.1,1782.4,Yes,0.5426109385319069,Medium Risk,1085
9391-EOYLI,12,80.45,950.2,Yes,0.5422357211392588,Medium Risk,1086
5630-AHZIL,3,64.5,177.4,No,0.5419404380520286,Medium Risk,1087
4957-TREIR,3,64.4,195.65,No,0.5416973438428735,Medium Risk,1088
2100-BDNSN,5,67.95,350.3,Yes,0.5413181927742352,Medium Risk,1089
5288-AHOUP,11,78.5,874.2,No,0.5411268557989694,Medium Risk,1090
2187-PKZAY,12,79.95,1043.4,No,0.5410757937776293,Medium Risk,1091
0196-JTUQI,9,75.2,633.85,No,0.5409708718541776,Medium Risk,1092
8778-LMWTJ,9,74.85,708.2,No,0.5404185441471601,Medium Risk,1093
7326-RIGQZ,6,69.8,377.85,No,0.5402815244854945,Medium Risk,1094
1410-RSCMR,7,71.35,515.75,No,0.5401013343202358,Medium Risk,1095
3096-JRDSO,27,104.3,2867.75,Yes,0.5398102463629278,Medium Risk,1096
4282-YMKNA,9,74.75,706.6,Yes,0.5396089199982025,Medium Risk,1097
0620-DLSLK,13,81.9,1028.9,No,0.539603163168612,Medium Risk,1098
9809-IMGCQ,22,96.7,2082.95,Yes,0.5391378686472212,Medium Risk,1099
9524-EGPJC,18,90.1,1612.75,Yes,0.5391253911935835,Medium Risk,1100
6719-OXYBR,15,85.3,1219.85,No,0.5391135247652492,Medium Risk,1101
1104-TNLZA,28,105.8,2998.0,No,0.5390296327370319,Medium Risk,1102
0447-RXSGD,24,99.65,2404.85,No,0.5389468358300247,Medium Risk,1103
1518-VOWAV,9,74.65,703.55,Yes,0.5387576973195309,Medium Risk,1104
8104-OSKWT,12,79.8,1001.2,No,0.5387256520472304,Medium Risk,1105
0541-FITGH,2,62.15,113.1,No,0.5381089515677852,Medium Risk,1106
7072-MBHEV,11,78.1,864.85,No,0.5378036148092062,Medium Risk,1107
8868-WOZGU,28,105.7,2979.5,Yes,0.5377371321161479,Medium Risk,1108
4662-EKDPQ,2,62.05,118.3,Yes,0.5374929268447437,Medium Risk,1109
6234-PFPXL,22,95.9,2234.95,No,0.5373621730719369,Medium Risk,1110
5673-FSSMF,1,60.15,60.15,Yes,0.5372745782462024,Medium Risk,1111
2079-FBMZK,6,69.25,418.4,Yes,0.5372355053788115,Medium Risk,1112
5480-TBGPH,24,99.3,2431.35,Yes,0.5370278508425816,Medium Risk,1113
3325-FUYCG,28,106.1,2847.4,Yes,0.5370231859387035,Medium Risk,1114
1582-RAFML,1,60.1,60.1,Yes,0.5368908172584198,Medium Risk,1115
8981-FJGLA,11,78.0,851.8,No,0.536666303035989,Medium Risk,1116
0378-NHQXU,17,88.25,1460.65,Yes,0.5366068167009597,Medium Risk,1117
1077-HUUJM,7,71.05,472.65,No,0.5365777922239136,Medium Risk,1118
3453-RTHJQ,6,69.1,435.0,No,0.5365625527866655,Medium Risk,1119
8404-GFGCZ,4,65.6,250.1,No,0.5364606340743546,Medium Risk,1120
4797-AXPXK,1,60.0,60.0,Yes,0.5361231646119706,Medium Risk,1121
9492-TOKRI,18,90.0,1527.35,Yes,0.5359222021733738,Medium Risk,1122
2432-TFSMK,18,89.6,1633.0,No,0.5358808061049731,Medium Risk,1123
5172-MIGPM,4,65.55,237.2,No,0.5357096667114875,Medium Risk,1124
0709-TVGUR,9,74.55,622.9,Yes,0.5356898685899019,Medium Risk,1125
2694-CIUMO,12,79.55,958.25,No,0.5355874476875924,Medium Risk,1126
3877-JRJIP,1,59.85,59.85,Yes,0.5349713657154029,Medium Risk,1127
3372-KWFBM,16,86.6,1281.0,Yes,0.5348294592342767,Medium Risk,1128
9938-EKRGF,15,84.45,1287.85,No,0.5345555868219939,Medium Risk,1129
4398-HSCJH,3,63.6,155.65,Yes,0.5344399405970797,Medium Risk,1130
5609-IMCGG,15,84.35,1302.65,No,0.5342133320980672,Medium Risk,1131
7861-UVUFT,15,84.3,1308.4,Yes,0.5339950286141061,Medium Risk,1132
4116-TZAQJ,9,74.25,639.65,Yes,0.5338730317668202,Medium Risk,1133
5989-PGKJB,16,86.25,1340.1,No,0.5338401985025816,Medium Risk,1134
4559-UWIHT,14,82.65,1185.0,No,0.5338246816060117,Medium Risk,1135
9210-IAHGH,7,70.75,450.8,Yes,0.5336581183707879,Medium Risk,1136
6860-YRJZP,9,74.05,678.45,No,0.5334513877528042,Medium Risk,1137
5652-MSDEY,10,75.75,777.3,No,0.5333026284624554,Medium Risk,1138
4094-NSEDU,21,94.25,1973.75,Yes,0.5332544208864449,Medium Risk,1139
9919-KNPOO,21,94.3,1948.35,No,0.5329109622262246,Medium Risk,1140
7892-POOKP,28,104.8,3046.05,Yes,0.5327531334625295,Medium Risk,1141
2853-CWQFQ,1,59.55,59.55,No,0.5326666607967718,Medium Risk,1142
4415-WNGVR,12,79.2,943.85,No,0.5324971880278794,Medium Risk,1143
6339-YPSAH,9,73.8,704.3,No,0.5322765864899682,Medium Risk,1144
7079-QRCBC,24,98.75,2407.3,Yes,0.5321318484167636,Medium Risk,1145
9625-QSTYE,13,81.15,952.3,Yes,0.5316773580235704,Medium Risk,1146
1791-PQHBB,2,61.2,125.95,No,0.5312068962186737,Medium Risk,1147
5228-EXCET,13,80.85,1008.7,Yes,0.5309930197680212,Medium Risk,1148
8637-XJIVR,12,78.95,927.35,Yes,0.5301105124593588,Medium Risk,1149
3891-PUQOD,1,59.2,59.2,Yes,0.5299760822396007,Medium Risk,1150
3799-ISUZQ,7,69.95,529.5,Yes,0.5297826784302259,Medium Risk,1151
3090-LETTY,2,60.95,134.6,No,0.5295392395721646,Medium Risk,1152
5382-SOYZL,22,95.1,2162.6,No,0.5291699337577976,Medium Risk,1153
5931-FLJJF,7,70.1,467.55,Yes,0.5291591654835369,Medium Risk,1154
4521-YEEHE,18,88.85,1594.75,No,0.5290447056506615,Medium Risk,1155
5605-IYGFG,7,69.85,515.45,No,0.5286143050918316,Medium Risk,1156
0958-YHXGP,7,69.9,497.3,No,0.5284779816177604,Medium Risk,1157
0928-XUTSN,13,80.5,1011.8,No,0.5284000941051424,Medium Risk,1158
6727-IOTLZ,14,81.95,1181.75,No,0.528370318860302,Medium Risk,1159
4325-NFSKC,19,90.6,1660.0,Yes,0.5283172323623533,Medium Risk,1160
9518-XXBXE,10,75.3,720.45,No,0.52822935282957,Medium Risk,1161
9494-MRNYX,10,75.05,786.3,No,0.5281982405947475,Medium Risk,1162
3995-WFCSM,2,60.85,111.4,No,0.52810887576239,Medium Risk,1163
1268-ASBGA,16,85.35,1375.15,Yes,0.5279493242862086,Medium Risk,1164
7285-KLOTR,12,78.85,876.75,No,0.5278960074094575,Medium Risk,1165
3701-SFMUH,7,69.7,516.15,No,0.5274846309171695,Medium Risk,1166
4391-LNRXK,22,94.95,2142.8,No,0.5274535129407113,Medium Risk,1167
3137-LUPIX,4,64.4,253.0,No,0.527354661697168,Medium Risk,1168
3393-FMZPV,25,100.25,2387.75,Yes,0.5270623872670929,Medium Risk,1169
8800-ZKRFW,30,107.5,3242.5,No,0.5270566325308244,Medium Risk,1170
9415-DPEWS,18,88.35,1639.3,Yes,0.5264874954589212,Medium Risk,1171
4291-SHSBH,7,69.55,521.35,No,0.5264835417858387,Medium Risk,1172
8065-YKXKD,10,74.75,799.65,Yes,0.5262806395288001,Medium Risk,1173
9121-PHQSR,16,85.05,1391.15,No,0.5261075130216943,Medium Risk,1174
6473-ULUHT,16,84.9,1398.25,No,0.5251605577946,Medium Risk,1175
1346-UFHAX,13,80.0,1029.35,No,0.5250691665781323,Medium Risk,1176
6127-ISGTU,16,84.95,1378.25,Yes,0.5249711389631616,Medium Risk,1177
7625-XCQRH,11,76.5,837.95,Yes,0.5247807582459361,Medium Risk,1178
3323-CPBWR,23,96.9,2085.45,No,0.5247481005074895,Medium Risk,1179
6178-KFNHS,12,78.3,909.25,Yes,0.5246094887660374,Medium Risk,1180
2969-WGHQO,7,69.45,477.05,No,0.5244477722807446,Medium Risk,1181
3096-IZETN,12,78.1,947.3,Yes,0.5241654459226942,Medium Risk,1182
4124-MMETB,22,94.65,2104.55,Yes,0.5240574425442899,Medium Risk,1183
3969-GYXEL,11,76.4,838.7,No,0.5240351818224829,Medium Risk,1184
2139-FQHLM,19,89.95,1682.4,No,0.5239746121943457,Medium Risk,1185
4080-OGPJL,8,71.15,563.65,Yes,0.5239477355108606,Medium Risk,1186
5922-ABDVO,19,89.65,1761.05,Yes,0.5239266432159635,Medium Risk,1187
0260-ZDLGK,9,72.9,651.4,Yes,0.5238641886946187,Medium Risk,1188
5686-CMAWK,17,86.75,1410.25,No,0.5236739427682648,Medium Risk,1189
8929-KSWIH,25,99.3,2513.5,No,0.5233784811623842,Medium Risk,1190
9761-XUJWD,5,65.6,339.9,No,0.5230286260029389,Medium Risk,1191
2774-LVQUS,15,83.05,1258.3,Yes,0.5229814290522572,Medium Risk,1192
5027-QPKTE,7,69.35,451.1,Yes,0.5229370666406458,Medium Risk,1193
4514-GFCFI,16,84.75,1350.15,Yes,0.5226317127211636,Medium Risk,1194
5044-LRQAQ,7,69.2,477.55,No,0.5225441077384703,Medium Risk,1195
8993-IZEUX,7,69.15,488.65,No,0.5224785539842806,Medium Risk,1196
1891-UAWWU,20,90.8,1951.0,Yes,0.5221681753291476,Medium Risk,1197
6347-DCUIK,10,74.15,811.8,Yes,0.5220261582294425,Medium Risk,1198
5364-EVNIB,13,79.8,973.45,Yes,0.5219330390161357,Medium Risk,1199
2575-GFSOE,7,69.0,506.9,Yes,0.5218505361877994,Medium Risk,1200
1918-ZBFQJ,13,79.25,1111.65,Yes,0.5216733246101094,Medium Risk,1201
1564-HJUVY,4,63.75,226.2,No,0.5216011077885901,Medium Risk,1202
2731-GJRDG,32,109.55,3608.0,No,0.521210158381888,Medium Risk,1203
4619-EVPHY,20,91.0,1859.5,No,0.5210803822388985,Medium Risk,1204
5035-BVCXS,11,75.9,866.4,No,0.5209923622278677,Medium Risk,1205
4009-ALQFH,25,99.5,2369.05,Yes,0.5207731686140232,Medium Risk,1206
9274-UARKJ,15,83.2,1130.0,No,0.5204551376959813,Medium Risk,1207
7967-HYCDE,8,70.7,553.4,No,0.5202006903101918,Medium Risk,1208
6668-CNMFP,19,89.35,1686.85,No,0.5194975384285456,Medium Risk,1209
6551-GNYDG,14,80.9,1152.8,No,0.5194861850113733,Medium Risk,1210
4660-IRIBM,18,87.9,1500.5,No,0.5190571037377126,Medium Risk,1211
7714-YXSMB,26,100.5,2599.95,No,0.519036339099974,Medium Risk,1212
3647-GMGDH,22,94.7,1914.9,Yes,0.5190051051919153,Medium Risk,1213
4854-SSLTN,2,59.5,130.5,No,0.5182987782306622,Medium Risk,1214
6242-MBHPK,23,95.1,2326.05,No,0.5178300150207268,Medium Risk,1215
1552-AAGRX,30,106.4,3211.9,No,0.5177390447687232,Medium Risk,1216
4598-XLKNJ,25,98.5,2514.5,Yes,0.5172662260943288,Medium Risk,1217
2357-COQEK,28,103.3,2890.65,Yes,0.5167976970163082,Medium Risk,1218
5879-SESNB,11,75.25,888.65,No,0.5166397001345583,Medium Risk,1219
3771-PZOBW,20,90.7,1781.35,No,0.5165359187169576,Medium Risk,1220
9323-HGFWY,27,101.9,2681.15,No,0.5160770312360072,Medium Risk,1221
3427-GGZZI,19,89.1,1620.8,No,0.5156832749405927,Medium Risk,1222
8198-RKSZG,14,80.45,1137.05,No,0.5155786903531963,Medium Risk,1223
9793-WECQC,23,95.3,2192.9,No,0.515546662603647,Medium Risk,1224
9540-JYROE,8,70.1,551.35,Yes,0.5155344481816441,Medium Risk,1225
9102-IAYHT,17,85.45,1451.6,Yes,0.5148790786469333,Medium Risk,1226
1169-WCVAK,19,88.8,1672.35,No,0.5148577307564198,Medium Risk,1227
9796-BPKIW,8,69.95,562.7,No,0.5147078020963728,Medium Risk,1228
2971-SGAFL,13,78.75,995.35,No,0.5144985623832221,Medium Risk,1229
4248-QPAVC,17,85.35,1463.45,Yes,0.5144508506562988,Medium Risk,1230
5482-VXSXJ,22,93.2,2157.3,No,0.5144378665758158,Medium Risk,1231
8017-LXHFA,23,94.75,2293.6,Yes,0.5142107436194034,Medium Risk,1232
3898-BSJYF,10,73.55,693.3,No,0.5140203871402421,Medium Risk,1233
6778-YSNIH,2,59.0,114.15,No,0.5139892994169433,Medium Risk,1234
7905-TVXTA,5,64.35,352.65,No,0.5137963787330163,Medium Risk,1235
9921-ZVRHG,14,80.45,1072.0,Yes,0.5137122420959747,Medium Risk,1236
3336-JORSO,33,110.45,3655.45,Yes,0.5134430021475199,Medium Risk,1237
3254-YRILK,19,88.2,1775.8,Yes,0.513216447625528,Medium Risk,1238
0886-QGENL,27,101.25,2754.45,Yes,0.5131866664756034,Medium Risk,1239
4710-NKCAW,5,64.4,316.9,No,0.5131546534773644,Medium Risk,1240
1016-DJTSV,8,69.7,572.85,No,0.5130783035566862,Medium Risk,1241
2460-NGXBJ,11,75.2,775.3,No,0.5130033732614805,Medium Risk,1242
3043-TYBNO,3,60.65,196.9,No,0.5129938054919347,Medium Risk,1243
3999-QGRJH,8,69.7,560.85,Yes,0.5127339269032375,Medium Risk,1244
6319-IEJWJ,20,90.2,1776.55,Yes,0.5125569908966353,Medium Risk,1245
5599-HVLTW,14,80.35,1058.1,No,0.5125449836079183,Medium Risk,1246
1024-VRZHF,11,74.95,825.7,Yes,0.5125287906899483,Medium Risk,1247
4503-BDXBD,11,74.95,815.5,Yes,0.5122360550144975,Medium Risk,1248
7018-WBJNK,13,78.3,1033.95,No,0.5121486906743887,Medium Risk,1249
8544-GOQSH,14,80.05,1112.3,No,0.5117952136402579,Medium Risk,1250
2041-JIJCI,5,64.0,370.25,No,0.5116120819006867,Medium Risk,1251
1421-HCERK,30,105.7,3181.8,No,0.5114978105326119,Medium Risk,1252
7826-VVKWT,24,96.55,2263.45,No,0.5111276870063023,Medium Risk,1253
1689-YQBYY,12,76.6,893.0,No,0.5110896947487539,Medium Risk,1254
7587-AOVVU,27,100.75,2793.55,No,0.5104665609563076,Medium Risk,1255
0177-PXBAT,33,109.9,3694.7,No,0.5103429919502264,Medium Risk,1256
9786-IJYDL,35,113.2,3914.05,No,0.5098971561455589,Medium Risk,1257
3627-FCRDW,9,71.0,672.55,Yes,0.5098794042380022,Medium Risk,1258
0295-QVKPB,5,63.95,318.1,No,0.5097308923302681,Medium Risk,1259
1428-GTBJJ,11,74.55,824.75,Yes,0.5094274335228873,Medium Risk,1260
0411-EZJZE,3,60.25,170.5,No,0.5091619907732969,Medium Risk,1261
0829-XXPLX,20,89.4,1871.15,No,0.5091241017185962,Medium Risk,1262
1907-UBQFC,10,72.85,688.65,Yes,0.508507439656405,Medium Risk,1263
1867-BDVFH,11,74.35,834.2,Yes,0.5081614126138142,Medium Risk,1264
7661-CPURM,19,87.7,1725.95,No,0.5079428298834467,Medium Risk,1265
3001-UNBTL,29,103.95,2964.8,No,0.5078712290837382,Medium Risk,1266
5909-ECHUI,1,56.25,56.25,Yes,0.5072444366998905,Medium Risk,1267
5626-MGTUK,20,89.1,1879.25,No,0.5070505703304299,Medium Risk,1268
2696-NARTR,11,73.85,926.25,Yes,0.5069606280704635,Medium Risk,1269
1302-UHBDD,20,89.95,1648.45,No,0.506958272162022,Medium Risk,1270
6331-LWDTQ,10,72.15,794.25,Yes,0.5061582166932387,Medium Risk,1271
2985-FMWYF,23,93.5,2341.55,No,0.5059800833497716,Medium Risk,1272
0363-QJVFX,32,108.15,3432.9,Yes,0.5054297656504328,Medium Risk,1273
8982-NHAVY,27,100.5,2673.45,No,0.5050967407036124,Medium Risk,1274
0611-DFXKO,20,89.0,1820.45,Yes,0.5045934423495261,Medium Risk,1275
2027-CWDNU,18,85.6,1601.5,No,0.5042820769117332,Medium Risk,1276
4123-FCVCB,12,75.85,854.45,No,0.5042176505060323,Medium Risk,1277
5949-EBSQK,4,61.45,229.55,Yes,0.5040260831053152,Medium Risk,1278
3780-YVMFA,8,68.55,564.35,No,0.5039948090986218,Medium Risk,1279
8160-HOWOX,7,66.85,458.1,No,0.5039317310079957,Medium Risk,1280
8270-RKSAP,9,70.5,597.9,No,0.5038923963944746,Medium Risk,1281
4201-JMNGR,1,55.8,55.8,Yes,0.5037719200864081,Medium Risk,1282
8313-KTIHG,4,61.3,249.4,No,0.5034428088056117,Medium Risk,1283
1965-AKTSX,14,78.95,1101.85,Yes,0.5030394208967025,Medium Risk,1284
6559-PDZLR,26,98.65,2537.0,No,0.5030131964954314,Medium Risk,1285
6629-CZTTH,1,55.7,55.7,Yes,0.5030001885101122,Medium Risk,1286
2043-WVTQJ,1,55.7,55.7,No,0.5030001885101122,Medium Risk,1287
6365-MTGZX,24,96.0,2122.45,Yes,0.5028514454460625,Medium Risk,1288
1580-BMCMR,19,87.3,1637.3,No,0.5023221209971495,Medium Risk,1289
5895-QSXOD,9,70.05,657.5,No,0.5021439770310404,Medium Risk,1290
4727-MCYZG,1,55.55,55.55,No,0.5018425654909606,Medium Risk,1291
9822-OAOVB,1,55.45,55.45,No,0.5010708050708396,Medium Risk,1292
3063-QFSZL,1,55.4,55.4,Yes,0.5006849227175596,Medium Risk,1293
6646-JPPHA,14,78.85,1043.8,No,0.5006035298141408,Medium Risk,1294
5366-IJEQJ,20,88.7,1761.45,Yes,0.5005925709379863,Medium Risk,1295
5108-ADXWO,11,73.5,791.75,Yes,0.5004074818503426,Medium Risk,1296
5914-DVBWJ,18,85.45,1505.85,Yes,0.5003820392930841,Medium Risk,1297
4735-ASGMA,26,98.35,2515.3,Yes,0.5000833837556856,Medium Risk,1298
3518-PZXZQ,1,55.3,55.3,No,0.49991315602294617,Medium Risk,1299
8010-EZLOU,15,80.2,1217.25,Yes,0.49990527334783447,Medium Risk,1300
7831-QGOXH,18,85.2,1553.9,Yes,0.4998396617932996,Medium Risk,1301
5501-TVMGM,1,55.25,55.25,No,0.49952727260097723,Medium Risk,1302
1304-BCCFO,9,70.05,564.4,No,0.49947042007068354,Medium Risk,1303
5569-OUICF,28,101.3,2812.2,Yes,0.49917325004983554,Medium Risk,1304
2232-DMLXU,1,55.2,55.2,Yes,0.49914138974214334,Medium Risk,1305
2665-NPTGL,26,98.1,2510.7,No,0.49802905638300904,Medium Risk,1306
3577-AMVUX,1,55.05,55.05,No,0.4979837491412261,Medium Risk,1307
4183-MYFRB,21,90.05,1862.9,No,0.49782669053174666,Medium Risk,1308
5186-EJEGL,9,69.5,653.25,No,0.49779303172326916,Medium Risk,1309
4351-QLCSU,1,55.0,55.0,Yes,0.49759787313167253,Medium Risk,1310
3583-EKAPL,1,55.0,55.0,Yes,0.49759787313167253,Medium Risk,1311
2107-FBPTK,30,104.1,3121.1,No,0.4974543999917389,Medium Risk,1312
0319-QZTCO,3,58.7,168.6,No,0.497190604544186,Medium Risk,1313
5482-NUPNA,4,60.4,272.15,Yes,0.4971761506466512,Medium Risk,1314
3317-VLGQT,14,78.1,1122.4,No,0.4970940183484558,Medium Risk,1315
3658-KIBGF,1,54.9,54.9,Yes,0.4968261301565911,Medium Risk,1316
0168-XZKBB,19,86.85,1564.4,No,0.4967686702775514,Medium Risk,1317
3365-SAIGS,17,83.55,1329.15,No,0.49675808596734555,Medium Risk,1318
9058-MJLZC,24,94.6,2283.15,No,0.4967018408033292,Medium Risk,1319
1391-UBDAR,11,72.9,818.45,No,0.496560912692782,Medium Risk,1320
8450-JOVAH,2,56.7,113.55,Yes,0.4962911948107198,Medium Risk,1321
4074-SJFFA,1,54.75,54.75,Yes,0.4956685451982865,Medium Risk,1322
8393-DLHGA,25,95.9,2448.75,Yes,0.49539378888367575,Medium Risk,1323
6048-QBXKL,2,56.55,118.25,No,0.49527289531579033,Medium Risk,1324
9169-BSVIN,12,74.75,827.05,No,0.4949732194799374,Medium Risk,1325
0674-EYYZV,1,54.65,54.65,No,0.4948968469240414,Medium Risk,1326
9208-OLGAQ,18,84.95,1443.65,No,0.4947515459646585,Medium Risk,1327
0013-MHZWF,9,69.4,571.45,No,0.4946752572322851,Medium Risk,1328
4080-IIARD,13,76.2,981.45,No,0.4944968485350425,Medium Risk,1329
9643-YBLUR,9,69.05,653.95,No,0.49435333017648975,Medium Risk,1330
8990-ZXLSU,9,69.05,651.5,No,0.49428298214893657,Medium Risk,1331
3757-NJYBX,32,106.35,3520.75,Yes,0.4941129389384795,Medium Risk,1332
9360-OMDZZ,24,94.1,2322.85,No,0.4939976767053201,Medium Risk,1333
2739-CACDQ,17,82.65,1470.05,No,0.493884538801214,Medium Risk,1334
7246-ZGQDF,1,54.5,54.5,No,0.4937393462499682,Medium Risk,1335
2154-KVJFF,15,79.75,1111.85,Yes,0.4934188323960089,Medium Risk,1336
9560-ARGQJ,16,81.0,1312.15,Yes,0.4927228705552104,Medium Risk,1337
4349-GFQHK,1,54.35,54.35,Yes,0.4925819126871087,Medium Risk,1338
5950-AAAGJ,18,84.3,1537.9,No,0.49246069958532,Medium Risk,1339
6907-FLBER,1,54.3,54.3,No,0.49219611855675727,Medium Risk,1340
4631-OACRM,15,79.4,1156.1,Yes,0.49199873709254455,Medium Risk,1341
6439-LAJXL,9,68.95,593.85,No,0.4918590111486846,Medium Risk,1342
0516-OOHAR,28,100.35,2799.0,No,0.4914904977790589,Medium Risk,1343
3842-QTGDL,16,80.75,1321.3,No,0.49106383207465276,Medium Risk,1344
9033-EOXWV,12,74.05,872.65,Yes,0.4909012906288189,Medium Risk,1345
0114-PEGZZ,33,107.55,3645.5,No,0.4908635569859597,Medium Risk,1346
7011-CVEUC,25,95.7,2338.35,No,0.49068656744456485,Medium Risk,1347
3331-HQDTW,34,109.8,3587.25,Yes,0.4904317373310474,Medium Risk,1348
7351-KYHQH,7,64.95,493.65,No,0.4903448957713155,Medium Risk,1349
6505-OZNPG,6,63.4,348.8,No,0.4903266801358041,Medium Risk,1350
5976-JCJRH,10,70.3,738.2,Yes,0.49032557224286044,Medium Risk,1351
1907-YLNYW,8,66.7,579.0,No,0.49019229410600795,Medium Risk,1352
9732-KPKBW,1,53.95,53.95,Yes,0.48949584559157683,Medium Risk,1353
9866-QEVEE,19,86.0,1532.45,Yes,0.48931712616340856,Medium Risk,1354
4118-CEVPF,35,110.8,3836.3,No,0.4892138715196847,Medium Risk,1355
9272-LSVYH,10,70.15,735.5,No,0.48909521462954547,Medium Risk,1356
7603-USHJS,12,73.75,871.4,Yes,0.48855970043686003,Medium Risk,1357
3468-DRVQJ,10,70.3,676.15,No,0.48854446812606245,Medium Risk,1358
2692-BUCFV,29,101.45,2948.6,No,0.4881864748098426,Medium Risk,1359
7404-JLKQG,3,57.55,161.45,No,0.4881451720575853,Medium Risk,1360
4226-KKDON,8,66.65,520.95,No,0.488141779451309,Medium Risk,1361
3003-CMDUU,25,95.15,2395.7,No,0.4881057405444494,Medium Risk,1362
9189-JWSHV,24,93.55,2264.05,Yes,0.48808215067737803,Medium Risk,1363
2482-CZGBB,10,70.0,740.0,Yes,0.4880716331567478,Medium Risk,1364
7077-XJMET,12,74.15,741.4,No,0.4879024119388175,Medium Risk,1365
2157-MXBJS,13,75.3,989.45,Yes,0.4878087219750733,Medium Risk,1366
1384-RCUXW,16,80.55,1248.9,No,0.4874486025513768,Medium Risk,1367
7272-QDCKA,28,100.2,2688.45,No,0.48716446836775273,Medium Risk,1368
6284-AHOOQ,22,90.5,1910.6,Yes,0.48660038416453993,Medium Risk,1369
6379-RXJRQ,10,70.1,659.65,Yes,0.4865340957895077,Medium Risk,1370
7989-VCQOH,18,83.25,1611.15,No,0.4864935471077621,Medium Risk,1371
4929-BSTRX,1,53.55,53.55,Yes,0.48641057895831885,Medium Risk,1372
9108-EJFJP,1,53.55,53.55,No,0.48641057895831885,Medium Risk,1373
2386-LAHRK,1,53.5,53.5,Yes,0.4860249886090847,Medium Risk,1374
0701-TJSEF,9,68.25,576.95,No,0.48599436811431834,Medium Risk,1375
2373-NTKOD,8,66.25,546.45,No,0.4858000816048991,Medium Risk,1376
5899-MQZZL,13,75.0,999.45,Yes,0.4857906179907654,Medium Risk,1377
1550-EENBN,31,104.35,3205.6,No,0.4857477397240106,Medium Risk,1378
4077-CROMM,31,104.2,3243.45,Yes,0.48568139642127844,Medium Risk,1379
8903-XEBGX,2,55.3,108.65,No,0.4853900370382661,Medium Risk,1380
7270-BDIOA,22,90.0,1993.8,Yes,0.48514633991105105,Medium Risk,1381
7797-EJMDP,8,66.05,574.5,No,0.4850684295176757,Medium Risk,1382
9971-ZWPBF,34,108.9,3625.2,No,0.4846051952935291,Medium Risk,1383
7901-HXJVA,14,76.45,1117.55,No,0.48427312256187494,Medium Risk,1384
2840-XANRC,24,93.15,2231.05,Yes,0.4840620453835083,Medium Risk,1385
7905-NJMXS,7,64.2,475.0,No,0.4840468211491004,Medium Risk,1386
5493-SDRDQ,2,55.1,113.35,Yes,0.48398853332362596,Medium Risk,1387
7319-VENRZ,7,64.3,445.95,No,0.4839815490013726,Medium Risk,1388
8224-DWCKX,12,73.3,828.05,No,0.4838583950602299,Medium Risk,1389
0148-DCDOS,25,94.7,2362.1,Yes,0.4836843639451037,Medium Risk,1390
5982-PSMKW,23,91.1,2198.3,No,0.48341922337784515,Medium Risk,1391
2371-JQHZZ,24,93.0,2248.05,No,0.48339759889930006,Medium Risk,1392
4828-FAZPK,16,79.95,1267.95,No,0.4833857739621802,Medium Risk,1393
5208-HFSBT,2,55.05,102.75,Yes,0.4833004206046378,Medium Risk,1394
2916-BQZLN,19,84.75,1651.95,No,0.48314240346776954,Medium Risk,1395
6599-GZWCM,13,74.65,966.25,No,0.4821498354828618,Medium Risk,1396
7580-UGXNC,2,54.85,104.2,Yes,0.48180609248444217,Medium Risk,1397
1754-GKYPY,22,89.75,1938.9,No,0.48165139908535864,Medium Risk,1398
1548-ARAGG,4,58.5,224.85,No,0.4812176270395623,Medium Risk,1399
3174-RKMOW,35,109.95,3782.4,No,0.4811376860690351,Medium Risk,1400
7395-IGJOS,17,81.5,1329.2,Yes,0.4810062648017088,Medium Risk,1401
6854-EXGSF,8,65.5,573.15,No,0.48080573259365994,Medium Risk,1402
1902-XBTFB,22,89.4,2001.5,Yes,0.4807592238326332,Medium Risk,1403
8792-AOROI,8,65.5,564.35,No,0.4805533986630132,Medium Risk,1404
6733-LRIZX,35,108.95,4025.5,No,0.48043092619911953,Medium Risk,1405
5568-DMXZS,8,65.45,554.45,No,0.47988569752309196,Medium Risk,1406
8652-YHIYU,16,79.5,1264.2,No,0.47982289962922753,Medium Risk,1407
4994-OBRSZ,14,76.1,1054.8,No,0.479785819400523,Medium Risk,1408
9909-DFRJA,26,95.85,2475.35,No,0.47972487086338766,Medium Risk,1409
3633-CDBUW,17,80.85,1445.95,No,0.47936376164555905,Medium Risk,1410
6481-ESCNL,29,100.55,2878.75,No,0.479270211242585,Medium Risk,1411
4441-NIHPT,13,74.3,940.35,Yes,0.4787201992951959,Medium Risk,1412
1251-KRREG,2,54.4,114.1,Yes,0.4786353436775966,Medium Risk,1413
5527-ACHSO,11,70.5,829.3,No,0.47843234185283207,Medium Risk,1414
9667-TKTVZ,2,54.35,117.05,No,0.47833616663082285,Medium Risk,1415
3620-MWJNE,2,54.45,87.3,No,0.47825088669162313,Medium Risk,1416
9283-LZQOH,13,74.4,896.75,Yes,0.47823792042613783,Medium Risk,1417
3001-CBHLQ,32,104.9,3351.55,Yes,0.4781187199216486,Medium Risk,1418
2955-BJZHG,17,80.85,1400.85,Yes,0.47807096369459967,Medium Risk,1419
7663-ZTEGJ,29,100.55,2830.45,No,0.4778857179762372,Medium Risk,1420
8250-ZNGGW,5,59.9,287.85,No,0.4777378906692787,Medium Risk,1421
8824-RWFXJ,3,56.15,168.15,Yes,0.47758585185811037,Medium Risk,1422
2860-RANUS,20,85.8,1727.5,Yes,0.47733519874249947,Medium Risk,1423
1452-KIOVK,22,89.1,1949.4,No,0.4769631876626175,Medium Risk,1424
1894-IGFSG,22,89.25,1907.85,Yes,0.476923416317769,Medium Risk,1425
8654-DHAOW,2,54.15,101.65,No,0.47636019757130943,Medium Risk,1426
7206-PQBBZ,11,70.2,834.7,No,0.4762851436888444,Medium Risk,1427
6507-ZJSUR,23,90.45,2117.25,No,0.47610600696450894,Medium Risk,1428
4678-DVQEO,1,52.2,52.2,Yes,0.47600681696547087,Medium Risk,1429
8963-JLGJT,3,55.9,157.55,No,0.47536414395897186,Medium Risk,1430
4860-IJUDE,13,73.75,956.65,No,0.4749674489210608,Medium Risk,1431
7774-OJSXI,31,103.45,3066.45,Yes,0.47484906752926354,Medium Risk,1432
7277-OZCGZ,22,89.05,1886.25,No,0.47477037345347045,Medium Risk,1433
0634-SZPQA,23,90.05,2169.8,Yes,0.4745433300911928,Medium Risk,1434
7055-HNEOJ,3,55.8,154.55,No,0.47451124548180024,Medium Risk,1435
3668-QPYBK,2,53.85,108.15,Yes,0.4742453487378954,Medium Risk,1436
2501-XWWTZ,11,70.2,760.05,No,0.4741466760021011,Medium Risk,1437
1597-LHYNC,26,95.0,2497.2,Yes,0.47382954453435944,Medium Risk,1438
5453-AXEPF,17,80.5,1336.9,No,0.47355399185585056,Medium Risk,1439
2325-WINES,32,104.05,3416.85,No,0.4734692979422442,Medium Risk,1440
6331-EWIEB,20,85.25,1734.5,Yes,0.47331712495194667,Medium Risk,1441
8519-QJGJD,14,75.35,1025.95,Yes,0.47320528332985107,Medium Risk,1442
0856-NAOES,6,60.9,414.1,No,0.47300459687075624,Medium Risk,1443
1226-IENZN,16,78.75,1218.25,No,0.47275268595221986,Medium Risk,1444
1465-LNTLJ,8,64.4,581.7,No,0.47261142093082453,Medium Risk,1445
9054-FOWNV,22,88.75,1885.15,No,0.4724386191323604,Medium Risk,1446
0376-YMCJC,23,90.6,1943.2,Yes,0.47227138857298523,Medium Risk,1447
5174-RNGBH,9,66.25,620.55,Yes,0.47189452225122397,Medium Risk,1448
4484-CGXFK,3,55.3,196.15,Yes,0.47186902825252375,Medium Risk,1449
7748-UMTRK,30,101.3,2974.5,No,0.471745499223271,Medium Risk,1450
9921-QFQUL,23,90.15,2044.95,No,0.4717350202418482,Medium Risk,1451
5309-TAIKL,7,62.8,418.3,No,0.471678950195018,Medium Risk,1452
1028-FFNJK,30,101.5,2917.65,No,0.4716510215124145,Medium Risk,1453
3230-WYKIR,18,82.0,1425.45,Yes,0.47157696152220313,Medium Risk,1454
2181-UAESM,2,53.45,119.5,No,0.4715038068023519,Medium Risk,1455
3656-TKRVZ,3,55.35,165.2,Yes,0.47136630412576985,Medium Risk,1456
9842-EFSYY,4,57.2,223.75,No,0.471213425094886,Medium Risk,1457
0550-DCXLH,13,73.35,931.55,No,0.471182093224363,Medium Risk,1458
8107-KNCIM,14,75.1,1013.35,No,0.47092834094925484,Medium Risk,1459
7658-UYUQS,21,86.55,1857.25,No,0.47078639634210223,Medium Risk,1460
9685-WKZGT,14,74.95,1036.75,Yes,0.4704486343757065,Medium Risk,1461
7129-CAKJW,17,80.05,1345.65,No,0.4703553442803255,Medium Risk,1462
7049-GKVZY,17,79.85,1387.35,No,0.4700162701610429,Medium Risk,1463
2322-VCZHZ,23,90.0,2024.1,No,0.46998887585051613,Medium Risk,1464
3565-UNOCC,29,99.05,2952.85,Yes,0.4698893135099534,Medium Risk,1465
6476-YHMGA,15,76.5,1155.6,No,0.4697228173966407,Medium Risk,1466
8806-EAGWC,3,55.15,159.15,Yes,0.46966072838191947,Medium Risk,1467
5940-NFXKV,19,83.65,1465.75,Yes,0.46936942626179706,Medium Risk,1468
0807-ZABDG,3,55.1,154.65,Yes,0.4691489767032474,Medium Risk,1469
2057-ZBLPD,21,86.5,1808.7,Yes,0.4690141768398779,Medium Risk,1470
8059-UDZFY,33,105.35,3465.05,No,0.46880539312761793,Medium Risk,1471
4998-IKFSE,30,100.45,3096.9,No,0.46873558204589305,Medium Risk,1472
1436-ZMJAN,10,67.8,653.15,No,0.46870056254033826,Medium Risk,1473
9564-KCLHR,1,51.25,51.25,Yes,0.4686975791608927,Medium Risk,1474
8695-WDYEA,1,51.25,51.25,No,0.4686975791608927,Medium Risk,1475
8388-FYNPZ,4,56.75,245.15,No,0.46837833495732606,Medium Risk,1476
9537-VHDTA,1,51.2,51.2,No,0.46831322666475567,Medium Risk,1477
3629-WEAAM,8,64.1,504.05,No,0.46809082794082385,Medium Risk,1478
5981-ZVXOT,35,108.35,3726.15,No,0.4672579838746732,Medium Risk,1479
2272-QAGFO,14,74.3,1096.25,Yes,0.4671722975031246,Medium Risk,1480
4021-RQSNY,29,98.5,3004.15,Yes,0.46714451337208324,Medium Risk,1481
5924-IFQTT,13,72.8,930.05,No,0.46692648300353096,Medium Risk,1482
8875-AKBYH,20,84.35,1745.2,No,0.4667282073729465,Medium Risk,1483
9261-WDCAF,3,54.65,189.1,No,0.46668843117487124,Medium Risk,1484
9269-CQOOL,3,54.7,169.45,Yes,0.46650938867910974,Medium Risk,1485
1399-UBQIU,11,69.35,712.25,No,0.4662666284291017,Medium Risk,1486
8976-OQHGT,4,56.5,235.1,Yes,0.4661769614027805,Medium Risk,1487
0002-ORFBO,9,65.6,593.3,No,0.4661364211312475,Medium Risk,1488
3946-MHCZW,1,50.9,50.9,Yes,0.46600791700935684,Medium Risk,1489
8949-JTMAY,29,98.6,2933.2,Yes,0.4658816151579996,Medium Risk,1490
0682-USIXD,21,86.05,1818.9,No,0.46586050622651787,Medium Risk,1491
7979-CORPM,24,90.55,2282.55,Yes,0.465598736212421,Medium Risk,1492
5543-QDCRY,4,56.4,234.85,No,0.4654045197361988,Medium Risk,1493
2207-NHRJK,1,50.8,50.8,Yes,0.4652397980881418,Medium Risk,1494
9637-EIHEQ,1,50.8,50.8,Yes,0.4652397980881418,Medium Risk,1495
3597-MVHJT,27,95.6,2595.25,No,0.4652315608723895,Medium Risk,1496
3315-TOTBP,15,76.0,1130.85,Yes,0.4651869210394831,Medium Risk,1497
2103-ZRXFN,1,50.75,50.75,No,0.46485580021393696,Medium Risk,1498
4317-VTEOA,1,50.75,50.75,Yes,0.46485580021393696,Medium Risk,1499
7794-JASDG,1,50.75,50.75,No,0.46485580021393696,Medium Risk,1500
6888-SBYAI,1,50.7,50.7,No,0.46447184399837327,Medium Risk,1501
4902-OHLSK,29,98.65,2862.75,Yes,0.46425093751706853,Medium Risk,1502
9647-ERGBE,30,100.05,3046.15,Yes,0.4642230081108116,Medium Risk,1503
6905-NIQIN,1,50.65,50.65,Yes,0.46408792989198466,Medium Risk,1504
0468-YRPXN,29,98.8,2807.1,No,0.46380847096106503,Medium Risk,1505
1482-OXZSY,30,100.4,2936.25,No,0.46376053405432066,Medium Risk,1506
2947-DOMLJ,1,50.6,50.6,Yes,0.4637040583451059,Medium Risk,1507
4817-VYYWS,30,100.2,2983.8,Yes,0.4635891549346155,Medium Risk,1508
4765-OXPPD,9,65.0,663.05,Yes,0.46353898822706807,Medium Risk,1509
9058-CBREO,1,50.55,50.55,Yes,0.46332022980787013,Medium Risk,1510
6689-KXGBO,1,50.55,50.55,Yes,0.46332022980787013,Medium Risk,1511
0529-ONKER,15,75.65,1146.65,Yes,0.4629610735412705,Medium Risk,1512
6608-QQLVK,1,50.5,50.5,Yes,0.46293644473020806,Medium Risk,1513
5380-WJKOV,34,106.35,3549.25,Yes,0.4628808427621961,Medium Risk,1514
4873-ILOLJ,24,90.35,2238.5,Yes,0.4628103256378058,Medium Risk,1515
8280-MQRQN,1,50.45,50.45,Yes,0.4625527035618439,Medium Risk,1516
7250-EQKIY,1,50.45,50.45,Yes,0.4625527035618439,Medium Risk,1517
7767-UXAGJ,1,50.45,50.45,Yes,0.4625527035618439,Medium Risk,1518
0576-WNXXC,27,95.55,2510.2,Yes,0.4624195205903895,Medium Risk,1519
8854-CCVSQ,18,80.65,1451.9,Yes,0.46199918955780667,Medium Risk,1520
0988-JRWWP,3,54.2,140.4,No,0.46185472154614476,Medium Risk,1521
8992-JQYUN,1,50.35,50.35,Yes,0.4617853547508695,Medium Risk,1522
9912-GVSEQ,26,93.85,2381.55,Yes,0.461717238811637,Medium Risk,1523
6994-KERXL,4,55.9,238.5,No,0.461684757997413,Medium Risk,1524
7126-RBHSD,17,78.9,1348.95,No,0.46164848303460626,Medium Risk,1525
0567-GGCAC,7,61.4,438.9,No,0.4615516951982619,Medium Risk,1526
2603-HVKCG,31,101.4,3143.65,No,0.4613596344384303,Medium Risk,1527
2811-POVEX,23,88.45,2130.55,No,0.4611701685792354,Medium Risk,1528
4971-PUYQO,27,94.55,2724.6,Yes,0.46089654182757195,Medium Risk,1529
7402-EYFXX,26,93.6,2404.1,No,0.46045029539968146,Medium Risk,1530
8020-BWHYL,15,75.3,1147.45,Yes,0.46030862867645783,Medium Risk,1531
6218-KNUBD,6,59.45,357.6,No,0.46029061997189175,Medium Risk,1532
0374-AACSZ,1,50.15,50.15,No,0.46025120380509765,Medium Risk,1533
2740-TVLFN,1,50.15,50.15,No,0.46025120380509765,Medium Risk,1534
1845-ZLLIG,1,50.15,50.15,No,0.46025120380509765,Medium Risk,1535
5047-LHVLY,1,50.15,50.15,Yes,0.46025120380509765,Medium Risk,1536
4931-TRZWN,13,71.95,923.85,No,0.46024853315407455,Medium Risk,1537
8490-BXHEO,18,80.55,1411.65,No,0.4600861143538747,Medium Risk,1538
5219-YIPTK,33,104.4,3409.6,Yes,0.45995390949405124,Medium Risk,1539
2911-WDXMV,18,80.55,1406.65,No,0.4599434466807729,Medium Risk,1540
0248-IPDFW,1,50.1,50.1,No,0.45986778257642025,Medium Risk,1541
4749-VFKVB,1,50.1,50.1,Yes,0.45986778257642025,Medium Risk,1542
4283-IVYCI,9,64.95,547.8,No,0.4598665737157366,Medium Risk,1543
3733-LSYCE,15,75.35,1114.55,No,0.45975186172404653,Medium Risk,1544
8445-DNBAE,1,50.05,50.05,No,0.4594844088471937,Medium Risk,1545
6635-CPNUN,28,96.6,2684.35,No,0.45945290784129744,Medium Risk,1546
6543-XRMYR,30,99.7,2967.35,Yes,0.4592979771215881,Medium Risk,1547
2133-TSRRM,34,105.35,3688.6,No,0.4592160232395189,Medium Risk,1548
7993-NQLJE,15,75.1,1151.55,No,0.45889784881937423,Medium Risk,1549
1471-GIQKQ,1,49.95,49.95,No,0.458717805677996,Medium Risk,1550
3334-CTHOL,1,49.95,49.95,Yes,0.458717805677996,Medium Risk,1551
7623-TRNQN,1,49.9,49.9,Yes,0.4583345771329085,Medium Risk,1552
1453-RZFON,1,49.9,49.9,No,0.4583345771329085,Medium Risk,1553
1406-PUQVY,1,49.9,49.9,No,0.4583345771329085,Medium Risk,1554
1536-HBSWP,1,49.9,49.9,No,0.4583345771329085,Medium Risk,1555
3446-QDSZF,4,55.5,227.35,No,0.45831072837117365,Medium Risk,1556
0428-IKYCP,22,87.0,1850.65,No,0.45806299759895136,Medium Risk,1557
8064-RAVOH,1,49.85,49.85,No,0.45795139787703515,Medium Risk,1558
0603-OLQDC,12,69.85,837.5,No,0.45769863130479715,Medium Risk,1559
8757-TFHHJ,1,49.8,49.8,No,0.4575682683572409,Medium Risk,1560
7442-YGZFK,1,49.8,49.8,No,0.4575682683572409,Medium Risk,1561
9780-FKVVF,6,59.15,336.7,No,0.4574034447540694,Medium Risk,1562
9356-AXGMP,38,110.7,4428.6,No,0.45737815950337646,Medium Risk,1563
5666-CYCYZ,24,89.55,2259.35,No,0.45729341688818553,Medium Risk,1564
7312-XSBAT,1,49.75,49.75,No,0.4571851890201563,Medium Risk,1565
4918-QLLIW,3,53.4,188.7,Yes,0.45712191049687007,Medium Risk,1566
6402-EJMWF,4,55.3,238.5,No,0.4571018467547501,Medium Risk,1567
9137-UIYPG,35,106.9,3756.45,No,0.4570384059117548,Medium Risk,1568
8565-CLBZW,24,89.85,2165.05,Yes,0.45689502755072897,Medium Risk,1569
1194-HVAIF,27,95.0,2462.55,No,0.45685875299597495,Medium Risk,1570
7501-VTYLJ,2,51.55,106.2,No,0.45659149737506693,Medium Risk,1571
1660-HSOOQ,1,49.65,49.65,Yes,0.4564191826794531,Medium Risk,1572
5136-KCKGI,33,103.7,3467.0,Yes,0.45624624690227916,Medium Risk,1573
6906-ANDWJ,15,74.9,1107.25,Yes,0.4561081931281639,Medium Risk,1574
1575-KRZZE,4,55.2,220.65,No,0.4558300650784,Medium Risk,1575
2874-YXVVA,34,105.1,3634.8,No,0.4557738706950743,Medium Risk,1576
2722-JMONI,1,49.55,49.55,Yes,0.4556533824232016,Medium Risk,1577
8885-QSQBX,1,49.55,49.55,No,0.4556533824232016,Medium Risk,1578
4065-JJAVA,1,49.5,49.5,No,0.4552705606907716,Medium Risk,1579
1307-ATKGB,24,89.55,2187.15,No,0.45523590254340385,Medium Risk,1580
2969-QWUBZ,2,51.4,96.8,No,0.45517929307447663,Medium Risk,1581
2697-NQBPF,34,105.35,3540.65,No,0.4549986078530756,Medium Risk,1582
7919-ZODZZ,10,65.9,660.05,No,0.45437597987987455,Medium Risk,1583
2656-FMOKZ,15,74.45,1145.7,Yes,0.4537714776248815,Medium Risk,1584
3716-UVSPD,1,49.3,49.3,No,0.45373980678364384,Medium Risk,1585
8267-ZNYVZ,33,103.75,3361.05,Yes,0.45360971468225403,Medium Risk,1586
7030-NJVDP,24,89.25,2210.2,No,0.4536048169808493,Medium Risk,1587
9661-MHUMO,1,49.25,49.25,Yes,0.4533572537852772,Medium Risk,1588
6629-LADHQ,2,50.95,123.05,No,0.4524961638730771,Medium Risk,1589
5542-DHSXL,4,54.7,235.05,No,0.4524280061276117,Medium Risk,1590
2273-QCKXA,1,49.05,49.05,No,0.451827597022893,Medium Risk,1591
5908-QMGOE,15,74.2,1133.9,Yes,0.45153065704953943,Medium Risk,1592
1254-IZEYF,31,99.95,3186.65,Yes,0.4515210659752693,Medium Risk,1593
2607-FBDFF,1,49.0,49.0,No,0.4514453238563845,Medium Risk,1594
9947-OTFQU,15,74.4,1074.3,Yes,0.4513585419803445,Medium Risk,1595
6876-ADESB,1,48.95,48.95,Yes,0.45106310798511134,Medium Risk,1596
2809-ZMYOQ,32,101.35,3334.9,No,0.4504935451413126,Medium Risk,1597
9700-ISPUP,10,65.5,616.9,No,0.45010064947404005,Medium Risk,1598
3466-RITXD,26,92.4,2349.8,No,0.44975160786368207,Medium Risk,1599
5207-PLSTK,1,48.75,48.75,No,0.4495348262949187,Medium Risk,1600
4482-FTFFX,5,56.15,291.45,No,0.4491691742078285,Medium Risk,1601
5628-FCGYG,21,84.1,1737.45,No,0.4486564457970828,Medium Risk,1602
1845-CSBRZ,22,85.35,1961.6,No,0.44864537314251285,Medium Risk,1603
9752-ZNQUT,1,48.6,48.6,No,0.4483892382741975,Medium Risk,1604
1794-HBQTJ,1,48.6,48.6,Yes,0.4483892382741975,Medium Risk,1605
1260-TTRXI,4,54.3,195.3,Yes,0.44825254059472763,Medium Risk,1606
0322-YINQP,1,48.55,48.55,Yes,0.44800749666570233,Medium Risk,1607
0867-MKZVY,20,82.4,1592.35,Yes,0.447490414829214,Medium Risk,1608
5081-NWSUP,10,64.9,685.55,No,0.4474864280585111,Medium Risk,1609
0581-MDMPW,24,88.95,2072.75,No,0.447412309152569,Medium Risk,1610
0623-GDISB,1,48.45,48.45,No,0.4472441976873892,Medium Risk,1611
4324-AHJKS,5,55.8,300.4,No,0.44676142657880796,Medium Risk,1612
9506-UXUSK,13,70.15,931.75,No,0.4467538718141429,Medium Risk,1613
9992-UJOEL,2,50.3,92.75,No,0.44668792257449097,Medium Risk,1614
6078-VESFR,13,70.45,849.1,No,0.44668784072811674,Medium Risk,1615
1205-WNWPJ,7,59.5,415.95,Yes,0.4464141540701022,Medium Risk,1616
6844-DZKRF,2,50.2,109.25,No,0.44639623364781766,Medium Risk,1617
4301-VVZKA,16,75.4,1189.4,No,0.44634654935049334,Medium Risk,1618
2398-YPMUR,13,70.15,916.75,Yes,0.44632803820464595,Medium Risk,1619
7579-OOPEC,2,50.15,115.1,Yes,0.4461822792272822,Medium Risk,1620
3113-IWHLC,5,55.8,274.35,No,0.4460219434623082,Medium Risk,1621
4607-CHPCA,25,90.4,2178.6,Yes,0.4455630948925861,Medium Risk,1622
7954-MLBUN,31,99.45,3109.9,No,0.44553671677602474,Medium Risk,1623
7562-UXTPG,13,70.15,886.7,No,0.44547518907145844,Medium Risk,1624
8217-QYOHV,5,55.75,266.95,No,0.44543202210040844,Medium Risk,1625
6877-LGWXO,18,78.55,1422.65,Yes,0.4451604843453574,Medium Risk,1626
9489-UTFKA,8,60.9,551.95,No,0.44504125545058565,Medium Risk,1627
6921-OZMFH,5,55.7,259.4,No,0.44483799929692686,Medium Risk,1628
5146-CBVOE,16,75.1,1212.85,No,0.444732659370835,Medium Risk,1629
4223-WOZCM,2,49.95,107.1,No,0.4444359001742214,Medium Risk,1630
9992-RRAMN,22,85.1,1873.7,Yes,0.44424993109350164,Medium Risk,1631
1373-ORVIZ,11,66.35,740.8,Yes,0.44420169972847345,Medium Risk,1632
2504-DSHIH,23,86.8,1975.85,No,0.44419595285961794,Medium Risk,1633
0365-GXEZS,18,78.2,1468.75,No,0.44381006880625307,Medium Risk,1634
1092-GANHU,17,76.65,1313.55,Yes,0.4434986294117558,Medium Risk,1635
8286-AFUYI,1,47.95,47.95,No,0.4434315017128579,Medium Risk,1636
2294-SALNE,23,86.8,1940.8,No,0.44320217780331617,Medium Risk,1637
0274-JKUJR,7,58.85,465.7,No,0.44288876529512594,Medium Risk,1638
1481-ZUWZA,28,94.5,2659.4,Yes,0.4427525157547248,Medium Risk,1639
4612-SSVHJ,20,81.45,1671.6,No,0.4425226215812283,Medium Risk,1640
7629-WIXZF,7,59.1,369.25,No,0.4420524512377198,Medium Risk,1641
1226-UDFZR,2,49.6,114.7,Yes,0.4419949172093017,Medium Risk,1642
4361-BKAXE,41,114.5,4527.45,Yes,0.44142338052145197,Medium Risk,1643
4097-YODCF,34,103.8,3470.8,No,0.44122570283661877,Medium Risk,1644
3703-KBKZP,16,74.45,1261.35,No,0.4411745662628673,Medium Risk,1645
2685-SREOM,25,89.1,2368.4,Yes,0.441076416684029,Medium Risk,1646
6712-OAWRH,26,91.25,2351.8,Yes,0.4410716879905962,Medium Risk,1647
4283-FUTGF,19,79.85,1471.75,Yes,0.4405676000538147,Medium Risk,1648
8922-LIEGH,25,89.7,2187.55,Yes,0.4405044207816867,Medium Risk,1649
6874-SGLHU,30,97.0,3021.3,No,0.4402832247430854,Medium Risk,1650
9734-UYXQI,2,49.4,106.55,Yes,0.4402476529290726,Medium Risk,1651
5934-RMPOV,22,84.75,1816.75,No,0.4399813674596234,Medium Risk,1652
1771-OADNZ,29,95.9,2745.2,Yes,0.43996059490799966,Medium Risk,1653
1641-RQDAY,32,100.4,3217.65,No,0.4399504490522952,Medium Risk,1654
4546-FOKWR,16,74.75,1129.35,No,0.43971163953505205,Medium Risk,1655
2528-HFYZX,17,76.45,1233.4,Yes,0.43971154516560196,Medium Risk,1656
7929-DMBCV,20,81.0,1683.7,No,0.43945343732436826,Medium Risk,1657
5839-SUYVZ,16,74.55,1170.5,No,0.439360768176569,Medium Risk,1658
8739-WWKDU,25,89.5,2196.15,Yes,0.43923226804818316,Medium Risk,1659
5948-UJZLF,2,49.25,97.0,No,0.43884093244918,Medium Risk,1660
0067-DKWBL,2,49.25,91.1,Yes,0.43867404294414925,Medium Risk,1661
8348-HFYIV,2,49.25,90.35,Yes,0.43865282916957293,Medium Risk,1662
8805-JNRAZ,2,49.2,103.7,No,0.4386517720971792,Medium Risk,1663
3744-ZRRDZ,21,82.35,1852.85,Yes,0.4386439081190734,Medium Risk,1664
5419-KLXBN,25,89.15,2257.75,Yes,0.43832393863777774,Medium Risk,1665
9172-JITSM,26,90.8,2361.8,Yes,0.4379452822865378,Medium Risk,1666
4672-FOTSD,12,67.25,832.3,No,0.4377808297481254,Medium Risk,1667
6595-YGXIT,25,88.95,2291.2,Yes,0.4377556015247222,Medium Risk,1668
7503-QQRVF,16,74.3,1178.25,Yes,0.4376867841485797,Medium Risk,1669
5572-ZDXHY,22,84.3,1855.65,Yes,0.4376735109594174,Medium Risk,1670
4465-VDKIQ,18,77.8,1358.6,No,0.43765902419571917,Medium Risk,1671
4652-NNHNY,16,73.85,1284.2,Yes,0.4372758674761783,Medium Risk,1672
3097-NNSPB,2,49.05,91.1,Yes,0.4371599618026835,Medium Risk,1673
1621-YNCJH,36,106.05,3834.4,No,0.4369137637087859,Medium Risk,1674
3677-TNKIO,14,71.0,914.0,Yes,0.4368566754175758,Medium Risk,1675
4250-FDVOU,6,56.25,389.1,Yes,0.4368458553691078,Medium Risk,1676
9158-VCTQB,41,113.6,4594.95,Yes,0.43651599510876476,Medium Risk,1677
1849-RJYIG,8,60.0,487.75,No,0.43640096592750355,Medium Risk,1678
7279-BUYWN,41,113.2,4689.5,Yes,0.4361614657187709,Medium Risk,1679
0354-WYROK,31,98.9,2911.3,Yes,0.43574487833511394,Medium Risk,1680
9167-APMXZ,22,84.15,1821.95,No,0.4355864733574968,Medium Risk,1681
6946-LMSQS,25,89.05,2177.45,Yes,0.43529817308570024,Medium Risk,1682
6729-GDNGC,20,80.7,1614.2,No,0.43521851420241797,Medium Risk,1683
8364-TRMMK,3,50.65,151.3,Yes,0.4351647870440771,Medium Risk,1684
3329-WDIOK,3,50.6,155.35,Yes,0.4349011709847121,Medium Risk,1685
0516-WJVXC,5,54.2,308.25,Yes,0.43485438872763266,Medium Risk,1686
0774-IFUVM,11,65.15,723.35,No,0.434617008277646,Medium Risk,1687
7296-PIXQY,14,70.2,1046.5,No,0.4345493408354556,Medium Risk,1688
6217-TOWGS,17,75.4,1322.55,No,0.43428587058177304,Medium Risk,1689
5150-LJNSR,31,98.05,3082.1,No,0.43414177193614156,Medium Risk,1690
1763-WQFUK,3,50.5,147.75,No,0.4339310091191435,Medium Risk,1691
5149-CUZUJ,28,92.9,2768.35,No,0.43371917404182786,Medium Risk,1692
5876-HZVZM,6,55.9,365.35,Yes,0.4335293793350476,Medium Risk,1693
8818-XYFCQ,32,99.55,3204.65,Yes,0.43315288098007626,Medium Risk,1694
9631-XEYKE,3,50.4,137.25,No,0.43287957238801106,Medium Risk,1695
9710-ZUSHQ,37,106.75,4056.75,Yes,0.43269495338851205,Medium Risk,1696
8456-QDAVC,19,78.7,1495.1,No,0.432527641426162,Medium Risk,1697
6652-YFFJO,11,64.9,716.1,No,0.43252417883099886,Medium Risk,1698
4026-SKKHW,3,50.25,152.3,No,0.4321715560995344,Medium Risk,1699
7892-QVYKW,23,85.6,1868.4,No,0.43207268296422385,Medium Risk,1700
5756-JYOJT,11,64.9,697.25,No,0.43199279613493785,Medium Risk,1701
5896-NPFWW,3,50.15,168.15,Yes,0.43186362786164434,Medium Risk,1702
0929-HYQEW,3,50.15,160.85,No,0.43165789713379304,Medium Risk,1703
0975-UYDTX,26,90.1,2312.55,No,0.4312650630395322,Medium Risk,1704
2676-OXPPQ,6,55.7,335.65,No,0.43118244928629446,Medium Risk,1705
7129-ACFOG,5,53.8,283.95,No,0.43114875011275294,Medium Risk,1706
7593-XFKDI,1,46.3,46.3,Yes,0.43089916144560647,Medium Risk,1707
6185-TASNN,1,46.3,46.3,No,0.43089916144560647,Medium Risk,1708
0870-VEMYL,5,53.85,259.8,Yes,0.4308455641704443,Medium Risk,1709
4526-ZJJTM,25,88.4,2191.15,No,0.4307763966353059,Medium Risk,1710
7916-VCCPB,16,73.25,1195.75,No,0.43024812739417584,Medium Risk,1711
3669-OYSJI,1,46.2,46.2,Yes,0.4301422968996665,Medium Risk,1712
0578-SKVMF,22,83.3,1845.9,Yes,0.4298446053293007,Medium Risk,1713
9526-JAWYF,26,89.8,2335.3,Yes,0.42964368116137985,Medium Risk,1714
7318-EIVKO,8,59.25,436.6,No,0.42929600757575836,Medium Risk,1715
6923-EFPNL,4,51.75,201.1,Yes,0.42910718219060145,Medium Risk,1716
4013-TLDHQ,19,78.25,1490.95,Yes,0.42901706452391813,Medium Risk,1717
4480-MBMLB,36,104.8,3886.45,No,0.42894353507910404,Medium Risk,1718
6304-IJFSQ,3,49.9,130.1,Yes,0.42890715347871106,Medium Risk,1719
1976-CFOCS,1,46.0,46.0,Yes,0.4286295503194291,Medium Risk,1720
7054-LGEQW,1,45.95,45.95,Yes,0.4282515708355945,Medium Risk,1721
5103-MHMHY,1,45.95,45.95,Yes,0.4282515708355945,Medium Risk,1722
7551-DACSP,6,55.3,324.25,Yes,0.4278471311694854,Medium Risk,1723
4831-EOBFE,29,94.65,2649.15,Yes,0.42780805059830507,Medium Risk,1724
7377-DMMRI,2,47.8,92.45,Yes,0.42776249808826694,Medium Risk,1725
4237-RLAQD,1,45.85,45.85,Yes,0.42749586342092916,Medium Risk,1726
6127-IYJOZ,1,45.85,45.85,No,0.42749586342092916,Medium Risk,1727
3165-HDOEW,1,45.85,45.85,Yes,0.42749586342092916,Medium Risk,1728
1932-UEDCX,33,100.6,3270.25,No,0.42716991787939645,Medium Risk,1729
5133-POWUA,1,45.8,45.8,No,0.42711813633413465,Medium Risk,1730
7825-GKXMW,1,45.8,45.8,Yes,0.42711813633413465,Medium Risk,1731
7798-JVXYM,14,69.65,921.4,No,0.4268782510285921,Medium Risk,1732
7359-PTSXY,1,45.75,45.75,Yes,0.4267404942230742,Medium Risk,1733
0314-TKOSI,6,55.15,322.9,No,0.4266802482420287,Medium Risk,1734
0921-OHLVP,22,83.05,1799.3,No,0.42665130185017613,Medium Risk,1735
2458-EOMRE,11,64.05,733.95,No,0.42662074277022394,Medium Risk,1736
8474-UMLNT,13,67.8,842.25,No,0.42644948837744046,Medium Risk,1737
9253-QXKBE,29,94.45,2653.65,Yes,0.42642941545703283,Medium Risk,1738
0887-HJGAR,1,45.7,45.7,Yes,0.42636293750878945,Medium Risk,1739
9828-AOQLM,1,45.7,45.7,Yes,0.42636293750878945,Medium Risk,1740
9117-SHLZX,1,45.7,45.7,Yes,0.42636293750878945,Medium Risk,1741
3312-UUMZW,32,98.85,3145.9,No,0.4262233982310314,Medium Risk,1742
6599-SFQVE,6,55.0,340.4,No,0.42604357190102254,Medium Risk,1743
6128-CZOMY,1,45.65,45.65,Yes,0.42598546661192865,Medium Risk,1744
2135-RXIHG,1,45.65,45.65,Yes,0.42598546661192865,Medium Risk,1745
2960-NKRSO,24,85.95,2107.15,No,0.42569254233935117,Medium Risk,1746
4547-LYTDD,16,72.65,1194.3,Yes,0.4256897596408436,Medium Risk,1747
9244-ZVAPM,1,45.6,45.6,No,0.42560808195274397,Medium Risk,1748
2082-CEFLT,1,45.6,45.6,Yes,0.42560808195274397,Medium Risk,1749
7143-BQIBA,10,62.25,612.95,No,0.4253926841693357,Medium Risk,1750
9332-GYWLO,6,54.85,355.1,No,0.4253285240112426,Medium Risk,1751
3566-HJGPK,1,45.55,45.55,No,0.42523078395109065,Medium Risk,1752
7299-GNVPL,23,84.4,1936.85,No,0.42496017540562875,Medium Risk,1753
3348-CFRNX,28,92.35,2602.9,Yes,0.4249186944138365,Medium Risk,1754
7088-FBAWU,17,74.55,1215.8,No,0.42487545042158903,Medium Risk,1755
5016-IBERQ,23,84.25,1968.1,No,0.42471002825688137,Medium Risk,1756
6088-BXMRG,32,98.85,3089.6,No,0.42464258064102445,Medium Risk,1757
1557-EMYVT,43,115.05,4895.1,No,0.4244053010866117,Medium Risk,1758
8878-HMWBV,3,49.15,169.05,Yes,0.4243590863632913,Medium Risk,1759
3059-NGMXB,14,69.2,944.65,No,0.4241478752478464,Medium Risk,1760
2275-RBYQS,1,45.4,45.4,No,0.42409941408386803,Medium Risk,1761
5692-FPTAH,1,45.4,45.4,Yes,0.42409941408386803,Medium Risk,1762
8709-KRDVL,33,100.0,3320.6,No,0.42407255909745867,Medium Risk,1763
8200-KLNYW,21,80.9,1714.95,No,0.42382181481345393,Medium Risk,1764
3583-KRKMD,18,75.9,1373.05,No,0.42373863991570243,Medium Risk,1765
7754-IXRMC,1,45.35,45.35,No,0.42372246690287796,Medium Risk,1766
2235-ZGKPT,4,50.85,239.55,Yes,0.4234178566387193,Medium Risk,1767
2626-URJFX,4,50.9,225.6,Yes,0.4234020786662243,Medium Risk,1768
7568-PODML,1,45.3,45.3,Yes,0.42334560847266994,Medium Risk,1769
5077-DXTCG,1,45.3,45.3,Yes,0.42334560847266994,Medium Risk,1770
5552-ZNFSJ,1,45.3,45.3,Yes,0.42334560847266994,Medium Risk,1771
6582-OIVSP,1,45.3,45.3,No,0.42334560847266994,Medium Risk,1772
1963-SVUCV,1,45.3,45.3,Yes,0.42334560847266994,Medium Risk,1773
7065-YUNRY,1,45.3,45.3,Yes,0.42334560847266994,Medium Risk,1774
1636-NTNCO,4,50.95,207.35,No,0.4232657207363794,Medium Risk,1775
0082-OQIQY,29,94.2,2607.6,No,0.42325807175392344,Medium Risk,1776
6005-OBZPH,26,89.15,2277.65,Yes,0.42313462394221246,Medium Risk,1777
3413-BMNZE,1,45.25,45.25,No,0.42296883921067685,Medium Risk,1778
8417-GSODA,28,92.2,2568.15,No,0.4228173080913924,Medium Risk,1779
4706-DGAHW,1,45.2,45.2,No,0.4225921595339217,Medium Risk,1780
2403-BCASL,41,111.95,4534.9,Yes,0.4223926710268033,Medium Risk,1781
2931-SVLTV,40,110.1,4469.1,No,0.42233917764912293,Medium Risk,1782
2680-XKKNJ,8,58.2,469.25,No,0.4223174680431221,Medium Risk,1783
7252-NTGSS,1,45.15,45.15,No,0.4222155698590159,Medium Risk,1784
1612-EOHDH,1,45.15,45.15,Yes,0.4222155698590159,Medium Risk,1785
4360-PNRQB,18,75.6,1395.05,No,0.4221035370749634,Medium Risk,1786
6257-RJOHI,4,50.8,202.3,No,0.421998443570838,Medium Risk,1787
8080-DDEMJ,1,45.1,45.1,Yes,0.4218390706021572,Medium Risk,1788
4193-ORFCL,1,45.1,45.1,Yes,0.4218390706021572,Medium Risk,1789
3926-CUQZX,1,45.1,45.1,Yes,0.4218390706021572,Medium Risk,1790
3955-JBZZM,20,78.8,1641.3,No,0.42167191332275744,Medium Risk,1791
7339-POGZN,4,50.7,214.55,No,0.4215915379710478,Medium Risk,1792
2833-SLKDQ,1,45.05,45.05,Yes,0.42146266217912837,Medium Risk,1793
5696-QURRL,1,45.05,45.05,Yes,0.42146266217912837,Medium Risk,1794
0003-MKNFE,9,59.9,542.4,No,0.4214516725047015,Medium Risk,1795
8356-WUAOJ,1,45.0,45.0,No,0.421086345005295,Medium Risk,1796
7009-LGECI,4,50.55,235.65,No,0.42105768109077163,Medium Risk,1797
8123-QBNAZ,36,104.5,3684.95,No,0.42103267441942627,Medium Risk,1798
4818-QIUFN,20,79.15,1520.9,Yes,0.42092448647052616,Medium Risk,1799
8950-MTZNV,1,44.95,44.95,No,0.4207101194956043,Medium Risk,1800
7964-VEXDG,21,80.35,1747.2,No,0.4205989758020432,Medium Risk,1801
0899-LIIBW,34,100.85,3527.3,No,0.4205712835394381,Medium Risk,1802
2475-MROZF,30,95.0,2852.4,No,0.4204501763833605,Medium Risk,1803
0311-UNPFF,26,88.8,2274.35,Yes,0.42041691888582455,Medium Risk,1804
8710-YGLWG,1,44.9,44.9,No,0.42033398606458267,Medium Risk,1805
4847-QNOKA,1,44.9,44.9,Yes,0.42033398606458267,Medium Risk,1806
2122-YWVYA,18,75.4,1380.4,No,0.42019375019087146,Medium Risk,1807
2108-YKQTY,4,50.7,151.3,Yes,0.41982085941890984,Medium Risk,1808
8705-WZCYL,1,44.8,44.8,No,0.4195819970945401,Medium Risk,1809
0461-CVKMU,23,83.8,1900.25,Yes,0.4194329726937896,Medium Risk,1810
2672-OJQZP,1,44.75,44.75,No,0.4192061423824543,Medium Risk,1811
4373-VVHQL,1,44.75,44.75,No,0.4192061423824543,Medium Risk,1812
9462-MJUAW,4,50.4,206.6,Yes,0.419120874867874,Medium Risk,1813
1173-NOEYG,27,90.15,2423.4,No,0.41905401418566346,Medium Risk,1814
0520-FDVVT,35,102.35,3626.1,Yes,0.41892613490217695,Medium Risk,1815
9448-REEVD,1,44.7,44.7,Yes,0.4188303814029044,Medium Risk,1816
5071-FBJFS,4,50.3,217.1,No,0.41866580783150276,Medium Risk,1817
6633-SYEUS,23,83.2,2032.3,No,0.4186332410012283,Medium Risk,1818
5968-VXZLG,2,46.6,87.9,No,0.4186261770664541,Medium Risk,1819
3755-JBMNH,16,71.8,1167.8,Yes,0.418570257741766,Medium Risk,1820
7851-FLGGQ,1,44.65,44.65,Yes,0.41845471456828864,Medium Risk,1821
5778-BVOFB,9,59.5,530.05,No,0.41810974391867417,Medium Risk,1822
4146-SVFUD,1,44.6,44.6,No,0.4180791422905742,Medium Risk,1823
8180-AKMJV,1,44.55,44.55,No,0.4177036649812957,Medium Risk,1824
2903-YYTBW,1,44.55,44.55,No,0.4177036649812957,Medium Risk,1825
0027-KWYKW,23,83.75,1849.95,No,0.4176525941591151,Medium Risk,1826
7813-ZGGAW,31,96.6,2877.95,No,0.417506281447061,Medium Risk,1827
7401-RUBNK,18,74.8,1438.05,No,0.4173140303979175,Medium Risk,1828
4824-GUCBY,22,81.7,1820.9,No,0.4171300104062778,Medium Risk,1829
6595-COKXZ,1,44.45,44.45,Yes,0.4169529969120127,Medium Risk,1830
5858-EAFCZ,1,44.45,44.45,No,0.4169529969120127,Medium Risk,1831
0106-GHRQR,16,71.4,1212.1,No,0.4168157180584067,Medium Risk,1832
6982-SSHFK,1,44.4,44.4,Yes,0.41657780697289926,Medium Risk,1833
4361-JEIVL,1,44.4,44.4,Yes,0.41657780697289926,Medium Risk,1834
0415-MOSGF,1,44.4,44.4,Yes,0.41657780697289926,Medium Risk,1835
6142-VSJQO,1,44.35,44.35,Yes,0.4162027136440005,Medium Risk,1836
7766-CLTIC,10,60.95,629.55,No,0.41611317003432463,Medium Risk,1837
0082-LDZUE,1,44.3,44.3,No,0.41582771733466267,Medium Risk,1838
3737-XBQDD,24,84.85,2048.8,No,0.41581396387872904,Medium Risk,1839
0742-MOABM,4,50.05,179.35,Yes,0.4157419404387826,Medium Risk,1840
6507-DTJZV,13,66.4,831.75,No,0.41565976694438617,Medium Risk,1841
5514-YQENT,41,111.15,4507.15,No,0.4156270239226951,Medium Risk,1842
9574-RKJIF,30,94.4,2838.7,Yes,0.41557803896383594,Medium Risk,1843
5213-TWWJU,28,91.0,2626.15,No,0.41545408199427286,Medium Risk,1844
6145-NNPNO,1,44.15,44.15,No,0.41470331461082377,Medium Risk,1845
7663-RGWBC,1,44.15,44.15,Yes,0.41470331461082377,Medium Risk,1846
6116-RFVHN,34,100.45,3414.65,No,0.4144325959880509,Medium Risk,1847
4855-SNKMY,1,44.1,44.1,Yes,0.41432871046430925,Medium Risk,1848
2842-JTCCU,2,46.05,80.35,Yes,0.41430455851710163,Medium Risk,1849
3466-BYAVD,15,69.5,1071.4,No,0.41429942150458404,Medium Risk,1850
7841-TZDMQ,2,46.0,84.5,Yes,0.4140471028863231,Medium Risk,1851
3961-SXAXY,1,44.05,44.05,No,0.41395420537741023,Medium Risk,1852
6840-RESVB,24,84.8,1990.5,No,0.4138150623387387,Medium Risk,1853
9600-UDOPK,30,94.05,2866.45,Yes,0.41373899347745957,Medium Risk,1854
1942-OQFRW,1,44.0,44.0,No,0.4135797997567906,Medium Risk,1855
5522-JBWMO,1,44.0,44.0,No,0.4135797997567906,Medium Risk,1856
8720-RQSBJ,1,44.0,44.0,No,0.4135797997567906,Medium Risk,1857
9214-EKVXR,1,44.0,44.0,No,0.4135797997567906,Medium Risk,1858
0708-LGSMF,13,65.85,902.25,No,0.4135197303382358,Medium Risk,1859
5365-LLFYV,2,45.85,105.6,No,0.41351596949695574,Medium Risk,1860
3736-BLEPA,28,91.25,2483.65,No,0.4133477236647703,Medium Risk,1861
8397-MVTAZ,34,100.05,3480.0,Yes,0.41326927499250143,Medium Risk,1862
1895-QTKDO,1,43.95,43.95,No,0.41320549400866147,Medium Risk,1863
3085-QUOZK,1,43.95,43.95,Yes,0.41320549400866147,Medium Risk,1864
1501-SGHBW,2,45.85,81.0,Yes,0.41283082986192393,Medium Risk,1865
0439-IFYUN,18,74.7,1294.6,No,0.4125671669161982,Medium Risk,1866
6650-VJONK,1,43.85,43.85,No,0.41245718375244406,Medium Risk,1867
3976-BWUCK,30,94.1,2804.45,Yes,0.41238518195618235,Medium Risk,1868
5522-NYKPB,25,85.9,2199.05,No,0.4122513253463426,Medium Risk,1869
5404-GGUKR,5,51.35,262.3,No,0.41216937703910533,Medium Risk,1870
1478-VPOAD,1,43.8,43.8,No,0.41208318005449857,Medium Risk,1871
4692-NNQRU,21,79.2,1742.45,No,0.411872520741838,Medium Risk,1872
4238-JSSWH,35,102.05,3452.55,No,0.4118445078693691,Medium Risk,1873
2391-SOORI,4,49.35,219.65,Yes,0.411642888940142,Medium Risk,1874
3094-JOJAI,18,74.15,1387.0,No,0.4110407308618521,Medium Risk,1875
5295-PCJOO,4,49.4,184.4,Yes,0.4110347969039443,Medium Risk,1876
5154-VEKBL,9,58.5,539.85,Yes,0.4109188922948875,Medium Risk,1877
1818-ESQMW,27,89.2,2383.6,No,0.41085117945764976,Medium Risk,1878
3669-LVWZB,5,51.0,305.95,Yes,0.4107768163267284,Medium Risk,1879
4537-DKTAL,2,45.55,84.4,No,0.4106905860058118,Medium Risk,1880
1456-TWCGB,4,49.25,208.45,No,0.4105868246393458,Medium Risk,1881
0730-KOAVE,30,94.3,2679.7,No,0.41040471635334036,Medium Risk,1882
4256-ZWTZI,5,51.0,286.8,No,0.4102444984602417,Medium Risk,1883
4320-QMLLA,7,54.85,370.4,No,0.4101327712141533,Medium Risk,1884
8294-UIMBA,30,94.4,2638.1,No,0.40999270984216346,Medium Risk,1885
7801-KICAO,18,74.15,1345.75,No,0.40989413028893884,Medium Risk,1886
6519-CFDBX,2,45.4,80.95,No,0.4094786713381353,Medium Risk,1887
0322-CHQRU,2,45.35,89.5,Yes,0.40934431552712486,Medium Risk,1888
3569-EDBPQ,24,84.35,1938.05,No,0.409004764155318,Medium Risk,1889
8049-WJCLQ,10,60.2,563.5,No,0.40868507867515913,Medium Risk,1890
7718-RXDGG,15,68.6,1108.6,No,0.4086311872421012,Medium Risk,1891
2737-WFVYW,2,45.25,85.5,Yes,0.4084898787770326,Medium Risk,1892
6227-HWPWX,15,69.0,994.8,Yes,0.4084451918134178,Medium Risk,1893
6702-OHFWR,1,43.3,43.3,Yes,0.40834879167110094,Medium Risk,1894
7284-BUYEC,5,50.95,229.4,No,0.4082786354917479,Medium Risk,1895
4958-XCBDQ,35,101.4,3496.3,Yes,0.40822421350277277,Medium Risk,1896
5448-VWNAM,19,75.9,1375.6,No,0.40820545525706814,Medium Risk,1897
3278-FSIXX,2,45.25,74.2,No,0.4081762815612957,Medium Risk,1898
2962-XPMCQ,2,45.15,98.5,Yes,0.4081076124993549,Medium Risk,1899
1174-FGIFN,28,90.45,2509.25,No,0.40810443519617107,Medium Risk,1900
6156-UZDLF,26,87.15,2274.1,No,0.4080969827224524,Medium Risk,1901
5370-IIVVL,37,104.5,3778.0,No,0.4080374463955612,Medium Risk,1902
0431-APWVY,28,90.1,2598.95,Yes,0.40799312928107545,Medium Risk,1903
0380-NEAVX,34,99.85,3343.15,No,0.4079763060809459,Medium Risk,1904
8182-BJDSI,28,89.95,2625.55,Yes,0.4076169051299744,Medium Risk,1905
0963-ZBDRN,32,96.2,3183.4,Yes,0.40746091048554967,Medium Risk,1906
4671-LXRDQ,2,45.0,96.45,Yes,0.4069368678405096,Medium Risk,1907
9588-OZDMQ,2,45.0,89.75,No,0.4067511414750574,Medium Risk,1908
5424-RLQLC,10,59.65,638.95,No,0.40669315989788624,Medium Risk,1909
6817-WTYHE,2,44.9,111.05,No,0.4065993994062361,Medium Risk,1910
0504-HHAPI,27,88.3,2467.75,Yes,0.4064979476857196,Medium Risk,1911
4208-UFFGW,2,44.95,85.15,Yes,0.4062526571422385,Medium Risk,1912
3272-VUHPV,8,56.3,401.5,No,0.4062509823887857,Medium Risk,1913
8601-QACRS,5,50.6,249.95,Yes,0.4062499166348127,Medium Risk,1914
2277-VWCNI,4,48.75,179.85,No,0.40607789769298436,Medium Risk,1915
8840-DQLGN,35,100.5,3653.35,Yes,0.4058974625102068,Medium Risk,1916
6692-YQHXC,16,69.95,1205.5,No,0.40583434660302375,Medium Risk,1917
0650-BWOZN,18,73.55,1359.45,No,0.4058175286637548,Medium Risk,1918
4130-MZLCC,5,50.55,244.75,No,0.40573500844641697,Medium Risk,1919
2257-BOVXD,14,66.6,979.5,No,0.40570954382356234,Medium Risk,1920
9314-QDMDW,11,61.25,729.95,No,0.4055897131053981,Medium Risk,1921
6959-UWKHF,1,42.9,42.9,Yes,0.40536885834274533,Medium Risk,1922
2636-OHFMN,4,48.55,201.0,Yes,0.4051806204726171,Medium Risk,1923
9779-DPNEJ,22,80.15,1790.65,No,0.40474985243645617,Medium Risk,1924
5899-OUVKV,31,94.5,2979.2,No,0.40468647580649264,Medium Risk,1925
6253-WRFHY,13,64.75,877.35,No,0.40465037200367504,Medium Risk,1926
4816-JBHOV,2,44.7,93.7,Yes,0.4046359165503712,Medium Risk,1927
9659-QEQSY,45,115.65,5125.5,No,0.40413374892851295,Medium Risk,1928
9026-RNUJS,5,50.35,237.25,Yes,0.40404527652475486,Medium Risk,1929
7615-ESMYF,2,44.6,97.1,Yes,0.4039892440318119,Medium Risk,1930
4432-ADRLB,2,44.65,74.9,Yes,0.4037455252526865,Medium Risk,1931
4959-JOSRX,2,44.6,80.55,Yes,0.4035315824856691,Medium Risk,1932
9415-TPKRV,8,55.75,446.8,No,0.40342901372057255,Medium Risk,1933
6518-LGAOV,38,105.0,4026.4,Yes,0.4031371602435917,Medium Risk,1934
7729-JTEEC,2,44.5,90.05,No,0.40305405841234937,Medium Risk,1935
1215-VFYVK,4,48.25,202.25,No,0.40299339364231823,Medium Risk,1936
5593-SUAOO,24,83.15,2033.05,No,0.40273656929441215,Medium Risk,1937
8404-FYDIB,26,86.65,2208.75,No,0.4025809661393877,Medium Risk,1938
5959-BELXA,32,96.15,3019.25,Yes,0.40254662011682113,Medium Risk,1939
1728-BQDMA,2,44.45,82.7,No,0.4024810599454626,Medium Risk,1940
6617-WLBQC,23,81.85,1810.85,No,0.40243135378991196,Medium Risk,1941
6135-OZQVA,7,53.65,404.35,No,0.4021718817249444,Medium Risk,1942
6851-WEFYX,35,100.8,3437.5,No,0.4021489668147423,Medium Risk,1943
8751-EDEKA,28,89.9,2433.5,No,0.40193138326067845,Medium Risk,1944
1353-LJWEM,11,60.9,688.5,No,0.40185219179234394,Medium Risk,1945
2372-HWUHI,2,44.35,81.25,Yes,0.40170160432105656,Medium Risk,1946
0224-RLWWD,2,44.3,89.3,No,0.401554262973224,Medium Risk,1947
9903-LYSAB,18,73.15,1305.95,No,0.40137705676737867,Medium Risk,1948
8212-CRQXP,22,80.0,1706.45,No,0.4013128619777054,Medium Risk,1949
8914-RBTSB,31,93.8,3019.5,Yes,0.4006216845583957,Medium Risk,1950
0939-YAPAF,35,100.25,3527.6,Yes,0.40057134862277344,Medium Risk,1951
2637-FKFSY,3,46.1,130.15,No,0.4005491062197022,Medium Risk,1952
3754-DXMRT,2,44.15,92.65,Yes,0.40053852817308805,Medium Risk,1953
4822-YCXMX,25,84.8,2043.45,Yes,0.3997825498893377,Low Risk,1954
8111-SLLHI,39,105.65,4284.8,Yes,0.39963780467863236,Low Risk,1955
3196-NVXLZ,25,84.6,2088.05,No,0.39953589606759293,Low Risk,1956
1389-WNUIB,20,76.0,1588.75,No,0.39937584904460716,Low Risk,1957
6557-BZXLQ,16,69.65,1043.3,No,0.3991347663710751,Low Risk,1958
7703-ZEKEF,23,81.0,1917.1,Yes,0.39908423134895005,Low Risk,1959
4567-AKPIA,41,109.1,4454.25,No,0.3989415819850898,Low Risk,1960
3798-EPWRR,2,43.95,85.1,No,0.3988545353661687,Low Risk,1961
7048-GXDAY,39,106.4,4040.65,No,0.39844396219510714,Low Risk,1962
1855-AGAWH,31,93.8,2939.8,No,0.39842535380975935,Low Risk,1963
6807-SIWJI,38,104.85,3887.25,No,0.3981911159602737,Low Risk,1964
6298-QDFNH,22,79.35,1730.35,Yes,0.3971764856856573,Low Risk,1965
2075-RMJIK,5,49.4,232.55,No,0.3969007175262528,Low Risk,1966
9432-VOFYX,17,70.8,1207.0,No,0.39672358491817344,Low Risk,1967
5201-USSQZ,26,85.9,2196.45,No,0.39670765338131675,Low Risk,1968
2189-UXTKY,22,79.2,1742.75,Yes,0.3964132029119352,Low Risk,1969
7446-YPODE,11,60.25,662.95,No,0.39635410752300315,Low Risk,1970
5590-ZSKRV,8,54.65,482.25,No,0.3962877726556641,Low Risk,1971
3466-WAESX,16,69.1,1083.7,No,0.3961945766582312,Low Risk,1972
4061-UKJWL,3,45.45,141.7,No,0.3960760038025881,Low Risk,1973
7683-CBDKJ,14,65.45,937.6,Yes,0.3960591058298044,Low Risk,1974
8559-CIZFV,21,77.5,1625.0,Yes,0.3960368166683361,Low Risk,1975
4280-DLSHD,8,54.75,445.85,No,0.39602328526099173,Low Risk,1976
0118-JPNOY,26,85.8,2193.65,No,0.3958948817622666,Low Risk,1977
5515-RUGKN,8,54.75,438.05,No,0.395808997704679,Low Risk,1978
8947-YRTDV,32,94.8,3131.55,No,0.3956828994688261,Low Risk,1979
1589-AGTLK,3,45.35,141.5,Yes,0.395335069152497,Low Risk,1980
7351-MHQVU,6,50.95,307.6,No,0.3950004972146161,Low Risk,1981
6633-MPWBS,5,49.2,216.9,Yes,0.39499956285364934,Low Risk,1982
8496-EJAUI,19,73.85,1424.5,Yes,0.39440784166077925,Low Risk,1983
0277-BKSQP,8,54.4,475.1,No,0.3942535523012067,Low Risk,1984
5226-NOZFC,26,85.75,2146.5,No,0.39423299337787393,Low Risk,1985
7016-NVRIC,29,90.1,2656.7,No,0.39415699260222,Low Risk,1986
3211-ILJTT,17,70.4,1214.05,Yes,0.39397632967714047,Low Risk,1987
4947-DSMXK,34,97.7,3410.0,No,0.3939392338331095,Low Risk,1988
9584-EXCDZ,17,70.5,1165.6,No,0.3933820224615055,Low Risk,1989
3683-QKIUE,6,50.8,288.05,Yes,0.3933625395193439,Low Risk,1990
2684-EIWEO,30,91.7,2758.15,Yes,0.39335143027589925,Low Risk,1991
0080-OROZO,35,99.25,3532.0,No,0.3933301392876071,Low Risk,1992
4644-PIZRT,17,70.35,1201.65,No,0.3932693091280436,Low Risk,1993
0719-SYFRB,12,61.65,713.75,Yes,0.39268886737087544,Low Risk,1994
1357-MVDOZ,11,59.65,683.25,No,0.3925033981497694,Low Risk,1995
3588-WSTTJ,35,99.05,3554.6,No,0.3924821313230118,Low Risk,1996
3354-OADJP,8,54.25,447.75,No,0.39240304008368687,Low Risk,1997
7675-OZCZG,3,45.0,127.1,Yes,0.3923703424888426,Low Risk,1998
2832-KJCRD,38,103.65,3988.5,No,0.3921498469227735,Low Risk,1999
0869-PAPRP,26,85.7,2067.0,No,0.39168778566740087,Low Risk,2000
4468-YDOVK,5,48.65,235.2,No,0.39146504633692036,Low Risk,2001
3709-OIJEA,26,85.2,2184.6,No,0.3912424706230678,Low Risk,2002
6366-XIVKZ,13,63.15,816.8,No,0.39119543479026736,Low Risk,2003
8660-BUETV,3,44.75,148.05,No,0.3911116403458129,Low Risk,2004
0141-YEAYS,27,86.45,2401.05,No,0.39102117134736836,Low Risk,2005
5840-NVDCG,16,68.25,1114.85,No,0.3908094910019347,Low Risk,2006
0096-BXERS,6,50.35,314.55,No,0.39078927153685716,Low Risk,2007
8257-RZAHR,14,64.7,941.0,Yes,0.39064800280031975,Low Risk,2008
7163-OCEQI,22,78.65,1663.75,No,0.39021154786817885,Low Risk,2009
7517-SAWMO,19,73.2,1441.1,Yes,0.3900967131581619,Low Risk,2010
6897-UUBNU,29,89.65,2623.65,No,0.38995339350958297,Low Risk,2011
5175-WLYXL,22,78.85,1600.25,No,0.3899396085184261,Low Risk,2012
0374-IOEGQ,3,44.6,122.7,No,0.38932101719466494,Low Risk,2013
3884-HCSWG,17,70.0,1144.5,Yes,0.3891421301510667,Low Risk,2014
2657-ALMWY,26,84.95,2169.75,Yes,0.3890072052211731,Low Risk,2015
2082-OJVTK,29,89.2,2698.35,Yes,0.3887029577541701,Low Risk,2016
7881-EVUAD,2,42.6,72.4,Yes,0.38859560980401336,Low Risk,2017
2359-QWQUL,39,104.7,4134.85,Yes,0.38854863279521956,Low Risk,2018
7028-DVOIQ,35,99.05,3395.8,Yes,0.3881413449082915,Low Risk,2019
6393-WRYZE,34,97.65,3207.55,Yes,0.38803571059091135,Low Risk,2020
9921-EZKBY,33,95.3,3275.15,No,0.3879707245053339,Low Risk,2021
0691-NIKRI,40,105.95,4335.2,No,0.38788869241971813,Low Risk,2022
9375-MHRRS,6,50.05,288.35,No,0.387880061169963,Low Risk,2023
7963-GQRMY,3,44.3,134.5,Yes,0.3874512544412153,Low Risk,2024
4993-JCRGJ,26,84.3,2281.6,No,0.3873107549837333,Low Risk,2025
5099-BAILX,43,110.75,4687.9,Yes,0.3868041981091284,Low Risk,2026
3173-NVMPX,9,55.3,501.2,No,0.38626814386616765,Low Risk,2027
5175-AOBHI,4,46.0,193.6,Yes,0.38622644572900683,Low Risk,2028
7750-EYXWZ,12,60.65,743.3,No,0.38618309989966226,Low Risk,2029
2718-GAXQD,4,46.0,181.6,Yes,0.38589973366545305,Low Risk,2030
2831-EBWRN,4,45.9,199.75,No,0.3856649797708771,Low Risk,2031
8496-DMZUK,30,90.4,2820.65,No,0.3855517020715089,Low Risk,2032
9514-JDSKI,1,40.2,40.2,Yes,0.38544623151188795,Low Risk,2033
5816-SCGFC,7,51.3,419.35,No,0.3853320299099534,Low Risk,2034
1750-CSKKM,9,55.35,449.75,Yes,0.3852321632041359,Low Risk,2035
2782-LFZVW,11,58.95,601.6,No,0.3851585192317645,Low Risk,2036
2037-XJFUP,33,95.8,3036.75,Yes,0.38512357969173394,Low Risk,2037
2439-LYPMQ,38,102.6,4009.2,No,0.3850423235084057,Low Risk,2038
7278-CKDNC,24,80.5,2088.45,No,0.3848021106846094,Low Risk,2039
2070-XYMFH,23,79.35,1835.3,No,0.3847521975927325,Low Risk,2040
1769-GRUIK,18,71.1,1247.75,No,0.38474277673458834,Low Risk,2041
7734-DBOAI,1,40.1,40.1,Yes,0.38471523373485406,Low Risk,2042
5600-PDUJF,6,49.5,312.7,No,0.3845332373487737,Low Risk,2043
1213-NGCUN,6,49.65,267.35,Yes,0.38439221086446235,Low Risk,2044
1950-KSVVJ,45,113.3,5032.25,No,0.384318529068391,Low Risk,2045
0311-QYWSS,6,49.45,314.6,No,0.3842209927913182,Low Risk,2046
3223-WZWJM,26,83.95,2254.2,Yes,0.38401465648283906,Low Risk,2047
8564-LDKFL,40,106.0,4178.65,No,0.38399143244521694,Low Risk,2048
4277-UDIEF,24,81.0,1923.85,No,0.3839669171188687,Low Risk,2049
4957-TIALW,15,65.6,1010.0,No,0.3838543083247971,Low Risk,2050
3859-CVCET,4,45.65,191.05,Yes,0.3836085354115597,Low Risk,2051
3858-XHYJO,40,105.75,4228.55,No,0.38352862420795647,Low Risk,2052
2587-EKXTS,44,111.5,4915.15,No,0.38323675776974,Low Risk,2053
6032-KRXXO,30,90.25,2755.35,Yes,0.38268581314549033,Low Risk,2054
0402-CQAJN,37,101.9,3545.35,Yes,0.38254172419472093,Low Risk,2055
4700-UBQMV,21,75.9,1549.75,No,0.38228536353798326,Low Risk,2056
6029-WTIPC,37,101.1,3744.05,Yes,0.38212131529813287,Low Risk,2057
0111-KLBQG,32,93.95,2861.45,No,0.38209760437726514,Low Risk,2058
6726-WEXXK,27,85.9,2220.1,No,0.3820814142909771,Low Risk,2059
9824-BEMCV,17,69.0,1149.65,Yes,0.38199620946792323,Low Risk,2060
9360-AHGNL,43,109.55,4830.25,Yes,0.38194021626183616,Low Risk,2061
0674-DGMAQ,32,93.5,2970.8,No,0.38179562764989394,Low Risk,2062
0463-ZSDNT,10,56.75,503.25,No,0.3816779459787393,Low Risk,2063
6288-LBEAR,23,79.1,1783.75,No,0.38153545793861854,Low Risk,2064
9644-UMGQA,6,49.15,295.65,No,0.38152656395777057,Low Risk,2065
8779-QRDMV,1,39.65,39.65,Yes,0.381432222413788,Low Risk,2066
6362-QHAFM,42,108.3,4586.15,No,0.3814099570170642,Low Risk,2067
2207-OBZNX,7,51.0,354.05,Yes,0.38137773620112064,Low Risk,2068
3948-FVVRP,9,54.8,452.8,No,0.38131655276882676,Low Risk,2069
6578-KRMAW,32,93.4,2979.3,No,0.38130028200339616,Low Risk,2070
8229-TNIQA,4,45.3,196.95,Yes,0.38122629564438276,Low Risk,2071
8124-NZVGJ,6,49.25,255.6,No,0.38116680460370284,Low Risk,2072
1703-MGIAB,17,69.0,1108.0,No,0.38086739862956975,Low Risk,2073
3144-AUDBS,6,49.15,270.8,Yes,0.3808532354480668,Low Risk,2074
5707-ORNDZ,9,54.55,494.05,Yes,0.3806207041844497,Low Risk,2075
8714-EUHJO,31,91.15,2995.45,Yes,0.3805673219955531,Low Risk,2076
0224-HJAPT,5,47.15,223.15,Yes,0.38020551404330166,Low Risk,2077
6741-EGCBI,30,90.5,2595.85,No,0.3801771454339804,Low Risk,2078
2302-ANTDP,48,117.45,5438.9,Yes,0.3799825946418446,Low Risk,2079
7587-RZNME,3,43.3,123.65,Yes,0.379883998633923,Low Risk,2080
7396-VJUZB,4,45.25,155.35,No,0.3797374404886525,Low Risk,2081
6907-NZZIJ,36,99.15,3615.6,Yes,0.3796473370171943,Low Risk,2082
1699-HPSBG,12,59.8,727.8,Yes,0.3795854904276562,Low Risk,2083
4418-LZMSV,13,61.8,750.1,No,0.37954683169075265,Low Risk,2084
2720-FVBQP,6,48.95,273.25,No,0.37947009950258853,Low Risk,2085
4811-JBUVU,30,89.9,2723.15,No,0.37927488570879886,Low Risk,2086
8063-GBATB,27,85.25,2287.25,Yes,0.3791869012695967,Low Risk,2087
7673-LPRNY,23,78.55,1843.05,No,0.37915413088170014,Low Risk,2088
6497-TILVL,7,50.7,350.35,No,0.37910323039135946,Low Risk,2089
7742-MYPGI,6,48.8,297.35,No,0.37903574103978394,Low Risk,2090
4816-LXZYW,23,79.15,1676.95,Yes,0.3790067343807916,Low Risk,2091
0947-MUGVO,20,73.65,1463.5,Yes,0.3787799600136429,Low Risk,2092
8290-YWKHZ,32,93.2,2931.0,Yes,0.3785441489274078,Low Risk,2093
2105-PHWON,33,95.0,3008.15,No,0.37854067408630065,Low Risk,2094
1228-ZLNBX,21,75.3,1570.7,No,0.37850320064205556,Low Risk,2095
0337-CNPZE,41,106.3,4443.45,Yes,0.3781909079647857,Low Risk,2096
9508-ILZDG,34,96.35,3190.25,No,0.3781174592131367,Low Risk,2097
6267-DCFFZ,30,90.05,2627.2,No,0.37776738383965675,Low Risk,2098
7567-ECMCM,24,79.85,2001.0,No,0.377716623594476,Low Risk,2099
8436-BJUMM,26,83.75,2070.6,Yes,0.3775915443757122,Low Risk,2100
5244-IRFIH,33,94.5,3105.55,Yes,0.3775555618813804,Low Risk,2101
4002-BQWPQ,25,81.75,2028.8,No,0.37710382620132665,Low Risk,2102
9348-YVOMK,4,44.8,176.2,No,0.3770454307598331,Low Risk,2103
2480-SQIOB,4,44.8,169.65,No,0.37686872403364263,Low Risk,2104
2359-KMGLI,24,80.25,1861.5,Yes,0.3768422102007613,Low Risk,2105
7105-BENQF,15,64.85,950.75,No,0.3768140290753739,Low Risk,2106
7459-RRWQZ,15,64.65,994.55,Yes,0.3765510818657146,Low Risk,2107
9774-NRNAU,27,84.8,2309.55,No,0.37653552554912506,Low Risk,2108
5294-DMSFH,29,87.8,2621.75,No,0.37645447812668476,Low Risk,2109
7878-JGDKK,4,44.55,220.75,No,0.3764416105298988,Low Risk,2110
1848-LBZHY,7,50.3,355.1,No,0.3763398512348419,Low Risk,2111
6480-YAGIY,45,112.2,5031.85,No,0.3763345986778794,Low Risk,2112
1666-JXLKU,37,100.05,3810.55,No,0.37631735694177204,Low Risk,2113
9801-GDWGV,39,103.45,3994.45,Yes,0.37566497001379423,Low Risk,2114
9822-WMWVG,41,106.5,4282.4,No,0.37529141317956755,Low Risk,2115
2495-INZWQ,4,44.55,174.3,Yes,0.37518998291741146,Low Risk,2116
9445-ZUEQE,27,85.2,2151.6,No,0.3751652593627066,Low Risk,2117
8630-FJLIB,18,69.8,1221.65,No,0.37462028571926825,Low Risk,2118
5325-UWTWJ,31,90.55,2929.75,No,0.3744574209927402,Low Risk,2119
2203-GHNWN,24,79.65,1928.7,No,0.3743248013940299,Low Risk,2120
4324-BZCKL,10,55.55,551.3,No,0.37429850283862814,Low Risk,2121
6202-DYYFX,22,76.0,1783.6,No,0.3742190737307594,Low Risk,2122
9412-GHEEC,40,104.8,4131.95,Yes,0.3740427502765044,Low Risk,2123
0537-QYZZN,24,79.85,1857.75,No,0.3738567945230869,Low Risk,2124
5692-ICXLW,31,90.7,2845.15,No,0.3732625103410958,Low Risk,2125
8378-LKJAF,38,101.15,3956.7,No,0.37312662424404397,Low Risk,2126
9239-ZBZZV,6,47.95,305.1,Yes,0.3731106014256345,Low Risk,2127
1644-IRKSF,33,93.8,3124.5,Yes,0.3730185194734851,Low Risk,2128
6486-LHTMA,31,90.7,2835.5,No,0.3730032308144157,Low Risk,2129
5673-TIYIB,2,40.4,77.15,Yes,0.3727735475097534,Low Risk,2130
1809-DMJHQ,5,46.0,221.7,Yes,0.37186791092918436,Low Risk,2131
6890-PFRQX,18,69.5,1199.4,No,0.3718639687632081,Low Risk,2132
8563-IIOXK,7,49.75,331.3,Yes,0.3717392622761918,Low Risk,2133
8547-NSBBO,35,96.75,3403.4,No,0.37168448649652736,Low Risk,2134
4190-MFLUW,10,55.2,528.35,Yes,0.37116537789422627,Low Risk,2135
2568-OIADY,37,99.5,3762.0,Yes,0.37105315717915965,Low Risk,2136
5816-QVHRX,37,100.3,3541.4,No,0.37088155241837156,Low Risk,2137
8735-DCXNF,10,54.95,568.85,No,0.3704568686715433,Low Risk,2138
7021-XSNYE,7,49.65,305.55,No,0.37033124833885855,Low Risk,2139
6483-OATDN,8,51.3,411.6,No,0.3700261910825332,Low Risk,2140
0822-QGCXA,27,83.85,2310.2,No,0.3697189411914917,Low Risk,2141
6689-VRRTK,44,109.8,4860.35,No,0.36948845832739846,Low Risk,2142
9089-UOWJG,12,58.35,740.55,No,0.3694820807002742,Low Risk,2143
8166-ORCHU,33,93.55,3055.5,No,0.3693738748313747,Low Risk,2144
1396-QWFBJ,21,74.05,1565.7,Yes,0.3693688637144659,Low Risk,2145
0093-XWZFY,40,104.5,4036.85,Yes,0.36933685927974025,Low Risk,2146
3317-HRTNN,5,45.7,198.0,Yes,0.3690811061629918,Low Risk,2147
7422-WNBTY,33,93.35,3092.0,No,0.3689177956992439,Low Risk,2148
2153-MREFK,37,99.2,3754.6,Yes,0.36870458471910034,Low Risk,2149
7743-EXURX,8,51.05,415.05,Yes,0.36832784043317474,Low Risk,2150
9800-ONTFE,22,75.8,1615.1,No,0.3682653952211459,Low Risk,2151
7251-LJBQN,40,103.75,4188.4,No,0.36801981781303167,Low Risk,2152
9708-HPXWZ,5,45.4,214.75,No,0.36738223102674294,Low Risk,2153
3167-SNQPL,38,101.15,3741.85,No,0.3673723091699093,Low Risk,2154
7966-YOTQW,10,54.5,568.2,No,0.36721757431975227,Low Risk,2155
2931-FSOHN,13,59.9,788.35,No,0.36690571434009117,Low Risk,2156
3082-YVEKW,23,77.15,1759.4,No,0.36683777067830575,Low Risk,2157
9578-VRMNM,16,65.2,1043.35,Yes,0.3668093824889098,Low Risk,2158
0491-KAPQG,21,73.7,1558.7,No,0.36667821823534014,Low Risk,2159
3640-PHQXK,31,89.9,2806.9,Yes,0.36650401031130797,Low Risk,2160
7799-DSEWS,18,68.35,1299.8,No,0.3663134586248549,Low Risk,2161
3604-WLABM,10,54.25,583.0,No,0.3658270513999251,Low Risk,2162
6179-GJPSO,43,108.15,4600.7,Yes,0.36569103281160725,Low Risk,2163
1785-BPHTP,28,85.45,2289.9,No,0.36568284938703965,Low Risk,2164
1355-KUSBG,7,48.8,349.8,No,0.3654340212945079,Low Risk,2165
6351-SCJKT,3,41.35,107.25,No,0.3654240989614339,Low Risk,2166
9470-RTWDV,26,82.0,2083.1,No,0.3653610211373645,Low Risk,2167
7273-TEFQD,3,41.15,132.2,Yes,0.3646626363126036,Low Risk,2168
2208-NQBCT,26,81.95,2070.05,No,0.3646571530239047,Low Risk,2169
6427-FEFIG,24,78.6,1846.65,No,0.36460643114464875,Low Risk,2170
8731-WBBMB,26,81.9,2078.55,No,0.3645270949796566,Low Risk,2171
4958-GZWIY,7,48.7,340.25,Yes,0.36446697817727963,Low Risk,2172
2956-GGUCQ,24,78.85,1772.25,Yes,0.3644078490392132,Low Risk,2173
9904-EHEVJ,32,91.35,2896.55,No,0.3643373779925954,Low Risk,2174
3318-OSATS,35,95.45,3474.05,Yes,0.3642733347243125,Low Risk,2175
9851-QXEEQ,41,104.7,4346.4,Yes,0.3641049641365754,Low Risk,2176
7599-FKVXZ,42,106.15,4512.7,Yes,0.36398023348884573,Low Risk,2177
4377-VDHYI,32,90.8,3023.85,No,0.36380651623428883,Low Risk,2178
8621-MNIHH,34,94.25,3217.55,Yes,0.36377941710084866,Low Risk,2179
7739-LAXOG,32,91.05,2954.5,Yes,0.3637423616920803,Low Risk,2180
0820-FNRNX,17,66.7,1077.05,No,0.36351003373428004,Low Risk,2181
9715-SBVSU,14,61.4,815.55,No,0.36343324266409754,Low Risk,2182
2675-OTVVJ,31,89.45,2807.65,No,0.3633165335412465,Low Risk,2183
7521-AFHAB,5,44.8,220.45,No,0.3632554313510713,Low Risk,2184
5302-BDJNT,35,95.5,3418.2,No,0.36314453130996555,Low Risk,2185
7133-VBDCG,25,79.85,2015.35,Yes,0.3631217488189296,Low Risk,2186
9746-MDMBK,47,113.45,5317.8,No,0.36301114820490143,Low Risk,2187
6429-SHBCB,19,69.6,1394.55,No,0.36285966250186014,Low Risk,2188
0810-BDHAW,24,78.4,1832.4,No,0.3628040958506602,Low Risk,2189
5898-IGSLP,31,89.3,2823.0,No,0.3626575037818982,Low Risk,2190
9445-SZLCH,36,97.35,3457.9,Yes,0.3625021178550709,Low Risk,2191
5222-IMUKT,32,91.05,2871.5,No,0.36153872602573833,Low Risk,2192
8189-XRIKE,32,90.95,2897.95,No,0.36153011547081604,Low Risk,2193
7611-YKYTC,22,75.0,1573.95,No,0.3614682898690738,Low Risk,2194
0015-UOCOJ,7,48.2,340.35,No,0.36091510895381723,Low Risk,2195
4680-KUTAJ,11,55.6,580.8,No,0.36051473576523607,Low Risk,2196
8685-WHQPW,22,74.4,1692.6,Yes,0.3603555412832681,Low Risk,2197
6434-TTGJP,10,53.7,521.0,No,0.3602685890172018,Low Risk,2198
6927-WTFIV,20,71.3,1389.2,Yes,0.35995929702718554,Low Risk,2199
8327-LZKAS,43,107.55,4533.9,Yes,0.35965218360796614,Low Risk,2200
6371-NZYEG,16,64.25,1024.0,No,0.3595379977445896,Low Risk,2201
7789-HKSBS,42,105.2,4599.15,No,0.35952699679663336,Low Risk,2202
7880-XSOJX,4,42.4,146.4,No,0.35908333339099935,Low Risk,2203
6103-BOCOU,26,80.7,2193.0,No,0.35904101915180925,Low Risk,2204
0147-ESWWR,39,101.25,3949.15,No,0.35873570417632433,Low Risk,2205
0587-DMGBH,8,49.85,365.55,Yes,0.35847480144690846,Low Risk,2206
5394-SVGJV,37,98.8,3475.55,Yes,0.35844156202444255,Low Risk,2207
3776-EKTKM,1,36.45,36.45,Yes,0.3584127825573312,Low Risk,2208
3352-ALMCK,40,102.65,4108.15,No,0.3580653806183422,Low Risk,2209
0872-JCPIB,17,65.75,1111.2,No,0.35767790434696667,Low Risk,2210
9505-SQFSW,3,40.3,92.5,No,0.35757929972552177,Low Risk,2211
6338-AVWCY,3,40.15,130.75,Yes,0.3575288458299422,Low Risk,2212
1635-FJFCC,5,44.05,202.15,No,0.35745410038027325,Low Risk,2213
8952-WCVCD,41,104.45,4162.05,No,0.3574483487465248,Low Risk,2214
1047-NNCBF,20,70.55,1493.55,No,0.3574105015174377,Low Risk,2215
6859-RKMZJ,11,55.05,608.15,No,0.35734535512501375,Low Risk,2216
9885-AIBVB,29,85.8,2440.25,No,0.3573269448597359,Low Risk,2217
7554-AKDQF,6,45.65,323.45,No,0.3572027590382074,Low Risk,2218
3345-PBBFH,8,49.55,393.45,No,0.357091123294941,Low Risk,2219
5780-INQIK,8,49.4,408.25,No,0.35642257187634513,Low Risk,2220
2080-CAZNM,41,104.4,4133.95,No,0.35635453486722696,Low Risk,2221
6017-PPLPX,20,70.45,1470.95,Yes,0.3561089676505011,Low Risk,2222
4039-HEUNW,36,96.5,3436.1,Yes,0.35590847718964275,Low Risk,2223
6825-UYPFK,23,75.6,1758.6,Yes,0.35581606394586995,Low Risk,2224
4803-AXVYP,38,99.55,3734.25,Yes,0.3558118891309739,Low Risk,2225
7446-KQISO,45,109.75,4900.65,No,0.35536063222542097,Low Risk,2226
4647-XXZAM,6,45.5,285.2,No,0.3551373182546765,Low Risk,2227
5995-OIGLP,12,56.65,654.85,Yes,0.35512916499494024,Low Risk,2228
6522-YRBXD,35,94.55,3365.4,No,0.3550246400213688,Low Risk,2229
5998-VVEJY,26,80.5,2088.8,Yes,0.3548816788691193,Low Risk,2230
2519-FAKOD,38,99.25,3777.15,Yes,0.3548271567492714,Low Risk,2231
2049-BAFNW,1,35.9,35.9,No,0.35451789474855316,Low Risk,2232
7854-FOKSF,1,35.9,35.9,Yes,0.35451789474855316,Low Risk,2233
1877-HKBQX,11,54.6,617.85,No,0.3544281940344323,Low Risk,2234
9777-WJJPR,31,88.65,2683.2,No,0.3543669749141396,Low Risk,2235
9661-ACXBS,42,105.2,4400.75,Yes,0.35429618533735996,Low Risk,2236
4747-LCAQL,25,79.0,1902.0,No,0.35411422197524306,Low Risk,2237
1089-HDMKP,11,54.55,601.25,No,0.35364043208246065,Low Risk,2238
7054-ENNGU,9,50.85,466.6,No,0.353460134203404,Low Risk,2239
5378-IKEEG,1,35.75,35.75,Yes,0.35345896622901524,Low Risk,2240
0599-XNYDO,20,69.8,1540.35,No,0.35335776869690155,Low Risk,2241
8314-DPQHL,9,50.8,463.6,No,0.3530300761580516,Low Risk,2242
1766-GKNMI,29,84.9,2516.2,No,0.35298568746231596,Low Risk,2243
3137-NYQQI,17,64.8,1175.6,No,0.35268048931420926,Low Risk,2244
7641-TQFHN,39,100.55,3895.35,No,0.35238665978271994,Low Risk,2245
9481-SFCQY,14,59.8,824.85,No,0.35237070592770287,Low Risk,2246
8740-XLHDR,5,43.25,219.0,Yes,0.3522644351408501,Low Risk,2247
5934-TSSAU,23,75.3,1702.9,No,0.3522427800052269,Low Risk,2248
3688-FTHLT,16,63.05,1067.05,No,0.35221163700558555,Low Risk,2249
7850-VWJUU,23,75.0,1778.5,No,0.3521189708213884,Low Risk,2250
4821-SJHJV,32,89.6,2901.8,No,0.35210316338900605,Low Risk,2251
0841-NULXI,1,35.55,35.55,Yes,0.35204929699085835,Low Risk,2252
7669-LCRSD,12,56.3,628.65,No,0.35198105710961275,Low Risk,2253
4257-GAESD,6,45.0,298.7,No,0.35197706983172583,Low Risk,2254
9513-DXHDA,27,81.7,2212.55,No,0.35188478260930045,Low Risk,2255
2474-BRUCM,40,101.85,4086.3,Yes,0.3518572532076694,Low Risk,2256
3956-CJUST,23,75.4,1643.55,No,0.3513894764568372,Low Risk,2257
3091-FYHKI,1,35.45,35.45,Yes,0.3513454260173271,Low Risk,2258
7108-DGVUU,21,71.7,1497.05,No,0.35089960166252004,Low Risk,2259
5022-KVDQT,27,81.3,2272.8,No,0.35065845169865056,Low Risk,2260
8849-AYPTR,33,91.25,2964.05,No,0.35065827202087163,Low Risk,2261
0420-HLGXF,39,99.75,4036.0,No,0.35046106928683896,Low Risk,2262
3858-VOBET,23,74.95,1710.45,Yes,0.3499878561414746,Low Risk,2263
1740-CSDJP,1,35.25,35.25,Yes,0.3499396237050955,Low Risk,2264
8773-HHUOZ,17,64.7,1093.1,Yes,0.3498201746889888,Low Risk,2265
8812-ZRHFP,30,86.45,2538.05,No,0.34978216279700747,Low Risk,2266
2450-ZKEED,11,53.8,651.55,No,0.34969861276030073,Low Risk,2267
5027-XWQHA,6,44.75,270.95,Yes,0.3495002554072101,Low Risk,2268
3258-SANFR,6,44.7,276.5,No,0.34929560709904833,Low Risk,2269
1116-DXXDF,39,100.45,3801.7,No,0.3492363004903618,Low Risk,2270
0396-YCHWO,36,95.4,3474.2,No,0.3491853265171848,Low Risk,2271
6661-HBGWL,42,104.75,4323.45,Yes,0.3491160134600999,Low Risk,2272
6502-KUGLL,14,59.45,780.85,No,0.34876926182750495,Low Risk,2273
4289-DTDKW,40,101.3,4113.1,Yes,0.3487081300584303,Low Risk,2274
5056-FIMPT,43,106.0,4532.3,No,0.3487065913213979,Low Risk,2275
8344-WFMFH,9,50.1,484.05,No,0.3486618135311231,Low Risk,2276
2683-BPJSO,29,84.45,2467.1,Yes,0.34854951806739004,Low Risk,2277
3751-KTZEL,1,35.05,35.05,Yes,0.3485364239062889,Low Risk,2278
9530-EHPOH,11,53.75,608.0,Yes,0.34821274666903396,Low Risk,2279
7593-JNWRU,6,44.6,260.8,Yes,0.34818748023873514,Low Risk,2280
3841-CONLJ,1,35.0,35.0,No,0.348186032882407,Low Risk,2281
6421-SZVEM,28,82.85,2320.8,No,0.348146081696183,Low Risk,2282
4673-KKSLS,31,87.6,2724.25,No,0.3480829569507307,Low Risk,2283
1216-BGTSP,45,108.45,4964.7,No,0.34792262418901987,Low Risk,2284
0584-BJQGZ,25,78.35,1837.9,No,0.3478830584453084,Low Risk,2285
0818-OCPZO,27,81.45,2122.05,Yes,0.3477715099755349,Low Risk,2286
7982-VCELR,36,94.8,3565.65,No,0.34738110805572975,Low Risk,2287
2495-KZNFB,33,90.65,2989.6,No,0.34713297508425645,Low Risk,2288
2999-AANRQ,21,71.05,1524.85,No,0.3470832011624419,Low Risk,2289
0327-WFZSY,39,100.0,3835.55,No,0.34697795659490205,Low Risk,2290
2235-DWLJU,6,44.4,263.05,No,0.34685131178553114,Low Risk,2291
7228-PAQPD,14,59.1,772.85,No,0.3461203108869382,Low Risk,2292
0375-HVGXO,1,34.7,34.7,Yes,0.3460871449615358,Low Risk,2293
2709-UQGNP,10,51.65,524.5,No,0.3459598605284742,Low Risk,2294
3058-HJCUY,41,102.6,4213.35,Yes,0.34582052253374146,Low Risk,2295
7576-JMYWV,46,110.2,4972.1,No,0.34575583495777346,Low Risk,2296
7336-RLLRH,27,80.85,2204.35,No,0.34573292565058394,Low Risk,2297
5119-KEPFY,36,95.0,3440.25,No,0.345512369913361,Low Risk,2298
6899-PPEEA,37,96.55,3580.3,Yes,0.34540417746331176,Low Risk,2299
1472-TNCWL,36,94.7,3512.5,No,0.34530266623631506,Low Risk,2300
6680-NENYN,43,104.6,4759.85,Yes,0.3448738427943315,Low Risk,2301
0089-IIQKO,39,99.95,3767.4,No,0.34485879930411234,Low Risk,2302
5117-IFGPS,29,84.3,2357.75,No,0.34466009305417905,Low Risk,2303
6985-HAYWX,26,79.3,2015.8,No,0.3445818655121534,Low Risk,2304
5566-SOEZD,27,80.65,2209.75,No,0.3444829029238861,Low Risk,2305
6862-CQUMB,37,96.1,3646.8,No,0.3440033999578863,Low Risk,2306
0999-QXNSA,7,45.75,344.2,No,0.3438228995158815,Low Risk,2307
4789-KWMXN,47,110.85,5275.8,Yes,0.34364148910402853,Low Risk,2308
7534-BFESC,24,76.1,1712.7,Yes,0.34350750320492907,Low Risk,2309
3748-FVMZZ,4,40.05,162.45,No,0.34303968351378045,Low Risk,2310
8970-ANWXO,23,73.75,1756.6,No,0.34283217742789457,Low Risk,2311
8263-OKETD,20,68.9,1370.35,No,0.342647080138756,Low Risk,2312
9138-EFSMO,26,78.95,2034.25,No,0.34263201895204565,Low Risk,2313
9919-YLNNG,42,103.8,4327.5,No,0.34261106628454663,Low Risk,2314
1840-BIUOG,20,68.7,1416.2,No,0.3424478986324678,Low Risk,2315
8229-MYEJZ,10,51.2,498.25,No,0.3421559232416695,Low Risk,2316
3370-GQEAL,30,85.45,2509.95,No,0.342093102086921,Low Risk,2317
0524-IAVZO,30,85.0,2624.25,Yes,0.3419331844008014,Low Risk,2318
6635-MYYYZ,30,85.35,2530.4,Yes,0.3419296073275793,Low Risk,2319
0691-IFBQW,46,110.0,4874.8,Yes,0.34184666007749426,Low Risk,2320
6383-ZTSIW,39,99.1,3877.95,No,0.34182781458719885,Low Risk,2321
0423-UDIJQ,9,49.2,447.9,No,0.3414679654952189,Low Risk,2322
7927-AUXBZ,30,85.15,2555.9,Yes,0.34120498046359754,Low Risk,2323
1833-TCXKK,45,107.75,4882.8,No,0.3409373322633585,Low Risk,2324
9355-NPPFS,26,78.8,2006.1,No,0.3408668024879956,Low Risk,2325
8099-MZPUJ,48,111.8,5443.65,No,0.3401003992045097,Low Risk,2326
4911-BANWH,31,86.55,2697.4,Yes,0.34009872016163534,Low Risk,2327
8155-IBNHG,24,75.4,1747.85,Yes,0.33957387579828824,Low Risk,2328
2474-LCNUE,23,73.65,1642.75,No,0.3392021414708284,Low Risk,2329
1202-KKGFU,12,54.2,690.5,No,0.33898399676597424,Low Risk,2330
8992-VONJD,13,56.0,764.55,No,0.3389009007811917,Low Risk,2331
1803-BGNBD,12,54.3,654.5,No,0.3387465876754053,Low Risk,2332
6917-IAYHD,1,33.6,33.6,No,0.33844282535138204,Low Risk,2333
7240-ETPTR,9,48.75,442.2,Yes,0.33821606860527165,Low Risk,2334
2937-FTHUR,18,64.8,1166.7,No,0.3379289554769992,Low Risk,2335
1794-SWWKL,15,59.65,867.1,No,0.33790769249534425,Low Risk,2336
6655-LHBYW,50,114.35,5791.1,No,0.3378292000088462,Low Risk,2337
4640-UHDOS,13,55.95,734.35,Yes,0.3377800421766339,Low Risk,2338
1697-NVVGY,19,66.4,1286.05,No,0.3376340327194185,Low Risk,2339
6778-EICRF,24,74.8,1821.2,No,0.3373286226080734,Low Risk,2340
9474-PHLYD,15,59.45,892.65,Yes,0.33718850533723776,Low Risk,2341
7102-JJVTX,9,48.6,422.3,No,0.3366735628115385,Low Risk,2342
7175-NTIXE,25,76.15,1992.95,No,0.336660948117157,Low Risk,2343
1919-RTPQD,7,44.75,333.65,No,0.33664714888750247,Low Risk,2344
4622-YNKIJ,33,88.95,3027.65,No,0.3363551195214647,Low Risk,2345
2640-PMGFL,27,79.5,2180.55,Yes,0.3357920338269374,Low Risk,2346
8242-JSVBO,7,44.65,322.5,No,0.3356749961717627,Low Risk,2347
0851-DFJKB,15,58.95,955.15,No,0.3353586308001366,Low Risk,2348
3863-IUBJR,12,53.65,696.35,Yes,0.33535377933248794,Low Risk,2349
2485-ITVKB,2,35.1,68.75,Yes,0.3353006495739601,Low Risk,2350
7241-AJHFS,32,87.65,2766.4,No,0.33507177461585896,Low Risk,2351
9154-QDGTH,43,104.3,4451.85,No,0.3348665800256586,Low Risk,2352
6898-MDLZW,12,53.75,648.65,No,0.33481823629237106,Low Risk,2353
5982-FPVQN,37,95.15,3532.85,No,0.33452011820567,Low Risk,2354
7130-YXBRO,48,111.45,5315.1,No,0.33439404752204577,Low Risk,2355
4393-RYCRE,44,106.05,4510.8,No,0.33405562137603784,Low Risk,2356
4430-UZIPO,3,36.85,108.7,Yes,0.33400350461852446,Low Risk,2357
0376-OIWME,36,93.6,3366.05,No,0.33394284173777306,Low Risk,2358
0345-XMMUG,46,108.9,4854.3,No,0.333752421302671,Low Risk,2359
0256-LTHVJ,28,81.05,2227.1,Yes,0.3332944879079466,Low Risk,2360
2001-MCUUW,46,108.65,4903.2,No,0.3332918750589606,Low Risk,2361
2995-UPRYS,40,99.2,4062.2,Yes,0.33288693475271536,Low Risk,2362
5913-INRQV,34,90.15,3128.8,No,0.33285707865463626,Low Risk,2363
8887-IPQNC,7,44.25,313.45,No,0.33270634362926427,Low Risk,2364
4925-LMHOK,15,58.6,939.7,Yes,0.33256950985560524,Low Risk,2365
3694-DELSO,4,38.55,156.1,No,0.33255746584881274,Low Risk,2366
9987-LUTYD,13,55.15,742.9,No,0.3325164601331839,Low Risk,2367
5533-NHFRF,7,44.4,265.8,No,0.3325154125937663,Low Risk,2368
0822-GAVAP,2,34.7,62.25,Yes,0.33239864909406985,Low Risk,2369
0215-BQKGS,30,84.3,2438.6,No,0.33235662994892573,Low Risk,2370
3398-ZOUAA,21,69.1,1474.75,Yes,0.3323414580317976,Low Risk,2371
1536-YHDOE,17,62.1,1096.65,No,0.3319481338388074,Low Risk,2372
0496-AHOOK,24,74.4,1712.9,No,0.33182015997913206,Low Risk,2373
0580-PIQHM,41,101.6,3930.55,No,0.33165648737257825,Low Risk,2374
3161-GETRM,34,90.05,3097.0,No,0.33136463058008675,Low Risk,2375
7890-VYYWG,3,36.45,93.7,Yes,0.3308909292016682,Low Risk,2376
6599-RCLCJ,47,109.55,5124.55,Yes,0.3308230952963879,Low Risk,2377
3956-MGXOG,28,80.6,2244.95,No,0.3306798741029048,Low Risk,2378
5060-TQUQN,30,83.55,2570.2,No,0.3305948867385757,Low Risk,2379
6745-JEFZB,35,91.5,3236.35,No,0.33055986385648606,Low Risk,2380
9825-YCXWZ,41,101.1,4016.2,No,0.3304297686805674,Low Risk,2381
5846-QFDFI,33,88.6,2888.7,No,0.33041576225161196,Low Risk,2382
9798-DRYDS,17,61.95,1070.7,No,0.3302662058092128,Low Risk,2383
8865-TNMNX,10,49.55,475.7,No,0.33025349231737916,Low Risk,2384
8722-NGNBH,5,40.0,223.45,Yes,0.3299202799536435,Low Risk,2385
1216-JWVUX,25,75.5,1901.05,No,0.3298734157707352,Low Risk,2386
7682-AZNDK,34,89.85,3091.75,No,0.32986985862751955,Low Risk,2387
4522-AKYLR,13,54.8,731.3,No,0.3298369983498888,Low Risk,2388
7855-DIWPO,21,68.65,1493.2,No,0.3297458553383425,Low Risk,2389
2824-MYYBN,37,95.25,3314.15,No,0.3296303060082516,Low Risk,2390
8670-MEFCP,36,92.9,3379.25,No,0.32950638506823005,Low Risk,2391
4452-QIIEB,7,43.9,278.4,No,0.32943078634386447,Low Risk,2392
1767-TGTKO,8,45.45,411.75,No,0.32915513190174095,Low Risk,2393
0297-RBCSG,19,65.35,1231.85,No,0.32907423099757943,Low Risk,2394
9496-IVVRP,11,51.0,581.7,No,0.3286043595027872,Low Risk,2395
1596-OQSPS,11,51.1,531.15,No,0.32800211140772134,Low Risk,2396
2219-MVUSO,8,45.15,438.4,Yes,0.32779515380951524,Low Risk,2397
2845-AFFTX,41,99.8,4259.3,Yes,0.3277674683879768,Low Risk,2398
1723-HKXJQ,42,101.75,4273.45,Yes,0.32718645778882927,Low Risk,2399
5996-NRVXR,40,98.15,4116.8,No,0.3271335394965922,Low Risk,2400
5161-XEUVX,37,94.3,3460.95,No,0.3269058751433639,Low Risk,2401
5216-WASFJ,31,84.85,2633.4,No,0.3268447262717686,Low Risk,2402
9206-GVPEQ,13,54.45,706.85,Yes,0.32684370304214455,Low Risk,2403
5669-SRAIP,5,39.5,210.75,Yes,0.3262088486012846,Low Risk,2404
8679-JOEVF,16,59.4,1023.9,Yes,0.32595289453972975,Low Risk,2405
5693-PIPCS,41,99.65,4220.35,No,0.3257683058642346,Low Risk,2406
2378-HTWFW,35,91.0,3180.5,No,0.32575514975915065,Low Risk,2407
2455-USLMV,31,84.75,2613.4,No,0.3256636847287072,Low Risk,2408
8108-UXRQN,11,50.55,565.35,No,0.32514593824137233,Low Risk,2409
7142-HVGBG,43,103.0,4414.3,Yes,0.3250737488966221,Low Risk,2410
4412-YLTKF,27,78.05,2135.5,Yes,0.32478361438985903,Low Risk,2411
9705-ZJBCG,13,54.15,701.05,No,0.3246708194220656,Low Risk,2412
2108-XWMPY,3,35.45,106.85,Yes,0.32444828170489726,Low Risk,2413
5760-WRAHC,22,69.75,1545.4,No,0.3243735488098099,Low Risk,2414
0068-FIGTF,27,78.2,2078.95,No,0.32437092956091007,Low Risk,2415
6075-SLNIL,38,95.1,3691.2,No,0.3240114960225218,Low Risk,2416
5651-YLPRD,32,86.1,2723.75,No,0.3234624303404499,Low Risk,2417
3800-LYTRK,14,55.7,795.15,No,0.32340988348571464,Low Risk,2418
5868-CZJDR,1,31.35,31.35,Yes,0.3230696876166663,Low Risk,2419
5201-FRKKS,25,74.3,1952.25,No,0.3230515246739425,Low Risk,2420
5759-RCVCB,3,35.2,108.95,Yes,0.32281801549077266,Low Risk,2421
4608-LCIMN,8,44.65,369.15,No,0.32267473338926594,Low Risk,2422
2178-PMGCJ,22,69.7,1490.4,No,0.32265433883732886,Low Risk,2423
7384-GHBPI,3,35.15,99.75,Yes,0.32225108353127974,Low Risk,2424
3594-KADLU,3,35.1,101.1,No,0.3219491648153117,Low Risk,2425
3523-QRQLL,22,69.5,1498.2,Yes,0.32150689756567774,Low Risk,2426
3873-NFTGI,14,55.5,767.55,No,0.32137354857525413,Low Risk,2427
0895-UADGO,8,44.55,343.45,No,0.3213587535943601,Low Risk,2428
8455-HIRAQ,8,44.45,369.3,No,0.32133558786825006,Low Risk,2429
4704-ERYFC,22,69.25,1554.0,Yes,0.32122789945425523,Low Risk,2430
7978-DKUQH,25,74.6,1797.75,No,0.32119100418508867,Low Risk,2431
7123-WQUHX,38,95.0,3605.6,No,0.3211906532998907,Low Risk,2432
0410-IPFTY,31,83.85,2674.15,No,0.32113390326286956,Low Risk,2433
2974-GGUXS,36,91.95,3301.05,No,0.321122242429762,Low Risk,2434
4404-HIBDJ,25,74.3,1863.8,Yes,0.32083361756576884,Low Risk,2435
4083-BFNYK,38,95.0,3591.25,No,0.3208313704832305,Low Risk,2436
4636-JGAAI,34,88.85,3000.25,No,0.32081257792300405,Low Risk,2437
9168-INPSZ,44,104.15,4495.65,No,0.3208049690013686,Low Risk,2438
8465-SBRXP,38,94.9,3616.25,No,0.320786950704769,Low Risk,2439
5144-TVGLP,38,94.75,3653.0,No,0.3207015585357633,Low Risk,2440
4767-HZZHQ,30,82.05,2570.2,No,0.3204663592460073,Low Risk,2441
0939-EREMR,13,53.45,718.1,No,0.32039459439125095,Low Risk,2442
3050-GBUSH,3,34.8,113.95,No,0.3202595475097553,Low Risk,2443
5307-DZCVC,32,85.95,2628.6,Yes,0.3200704322198418,Low Risk,2444
9408-HRXRK,45,105.15,4730.9,No,0.3193993258875268,Low Risk,2445
7816-VGHTO,6,40.55,217.5,No,0.3193955980764803,Low Risk,2446
2037-SGXHH,38,94.65,3624.3,Yes,0.31931492553106244,Low Risk,2447
9944-AEXBM,32,85.65,2664.3,No,0.31895593020090596,Low Risk,2448
8216-AZUUZ,42,100.4,4303.65,No,0.3188657324384874,Low Risk,2449
9040-KZVWO,26,75.5,2018.1,No,0.31874405859211014,Low Risk,2450
8645-KWHJO,14,55.0,771.95,No,0.31813862325709835,Low Risk,2451
6656-JWRQX,1,30.55,30.55,No,0.3176924292480752,Low Risk,2452
5886-VLQVU,35,89.85,3161.2,No,0.31755444759901447,Low Risk,2453
0032-PGELS,1,30.5,30.5,Yes,0.31735794085887364,Low Risk,2454
3815-SLMEF,3,34.25,139.35,Yes,0.3172199659024274,Low Risk,2455
9600-NAXZN,43,101.4,4528.0,Yes,0.3171933772834222,Low Risk,2456
6625-UTXEW,12,51.25,612.1,No,0.3170070510063927,Low Risk,2457
7483-IQWIB,37,92.95,3415.25,No,0.31669919966014565,Low Risk,2458
5198-HQAEN,35,89.7,3165.6,No,0.3166648668745136,Low Risk,2459
1866-RZZQS,41,98.4,4187.75,Yes,0.31657063993085566,Low Risk,2460
3536-IQCTX,32,85.3,2661.1,Yes,0.3165426667572439,Low Risk,2461
9470-XCCEM,35,89.65,3161.6,No,0.3162328403961449,Low Risk,2462
2800-QQUSO,42,100.3,4222.95,No,0.3161904272309585,Low Risk,2463
4566-GOLUK,47,107.35,5118.95,Yes,0.31588004452037893,Low Risk,2464
6728-CZFEI,15,56.15,931.9,No,0.31586635570694915,Low Risk,2465
2758-RNWXS,35,89.2,3251.3,No,0.31546866553262104,Low Risk,2466
3269-ATYWD,39,95.65,3759.05,Yes,0.31541471698605766,Low Risk,2467
8665-UTDHZ,1,30.2,30.2,Yes,0.3153549782062197,Low Risk,2468
3990-QYKBE,37,92.5,3473.4,Yes,0.3151516995479511,Low Risk,2469
7511-YMXVQ,9,45.4,418.8,Yes,0.31497240706713386,Low Risk,2470
5311-IHLEI,12,50.95,605.75,No,0.3148553448224753,Low Risk,2471
9327-QSDED,8,43.55,335.4,No,0.31448908965802397,Low Risk,2472
4818-DRBQT,29,80.15,2265.25,Yes,0.3141351377348221,Low Risk,2473
9606-PBKBQ,32,85.0,2642.05,Yes,0.3140782954802506,Low Risk,2474
4544-RXFMG,8,43.45,345.5,No,0.314076302057121,Low Risk,2475
2761-XECQW,8,43.35,371.4,No,0.31405465563591983,Low Risk,2476
6317-YPKDH,1,29.95,29.95,Yes,0.31369106439851335,Low Risk,2477
1402-PTHGN,18,61.5,1087.45,No,0.3136446739550282,Low Risk,2478
5229-DTFYB,41,98.8,3959.15,No,0.3135588222370986,Low Risk,2479
5999-LCXAO,1,29.9,29.9,No,0.3133588540849942,Low Risk,2480
6410-LEFEN,9,45.15,416.45,Yes,0.3132576917920925,Low Risk,2481
6994-ORCWG,14,54.25,773.2,No,0.31318681877366894,Low Risk,2482
2237-ZFSMY,39,95.55,3692.85,Yes,0.31311318507577235,Low Risk,2483
7590-VHVEG,1,29.85,29.85,No,0.31302683512725576,Low Risk,2484
0384-RVBPI,20,64.4,1398.6,No,0.31288280386786654,Low Risk,2485
5049-MUBWG,26,75.0,1908.35,No,0.3126983341450671,Low Risk,2486
3347-YJZZE,29,80.1,2211.8,No,0.31248334733288186,Low Risk,2487
3030-YZADT,9,44.95,431.0,Yes,0.31229476672110884,Low Risk,2488
3312-ZWLGF,29,79.3,2414.55,No,0.31220090298238473,Low Risk,2489
9103-TCIHJ,15,55.7,899.8,Yes,0.3120910557449105,Low Risk,2490
9526-BIHHD,1,29.7,29.7,Yes,0.31203192868400864,Low Risk,2491
1684-FLBGS,23,69.5,1652.1,No,0.31143600670231425,Low Risk,2492
3707-LRWZD,32,84.05,2781.85,Yes,0.31125029048332736,Low Risk,2493
8374-XGEJJ,43,101.0,4388.4,Yes,0.31108792005617153,Low Risk,2494
5281-BUZGT,36,90.85,3186.7,Yes,0.31097053924821405,Low Risk,2495
2523-EWWZL,27,76.1,2093.4,No,0.31073531810938554,Low Risk,2496
3943-KDREE,26,74.95,1834.95,Yes,0.31055979277547324,Low Risk,2497
3023-GFLBR,33,86.15,2745.7,Yes,0.3104356872538373,Low Risk,2498
5639-NTUPK,13,52.1,670.65,No,0.3102544755954434,Low Risk,2499
9820-RMCQV,11,48.55,501.0,Yes,0.3102125546428628,Low Risk,2500
4657-FWVFY,40,96.35,3915.4,No,0.3100953738798785,Low Risk,2501
8182-PNAGI,12,50.25,593.75,Yes,0.30993479055635037,Low Risk,2502
5981-ITEMU,40,97.1,3706.95,Yes,0.3099076696962933,Low Risk,2503
3932-IJWDZ,45,103.65,4747.85,No,0.3098714552032622,Low Risk,2504
8938-UMKPI,47,106.4,5127.95,Yes,0.30982128356574207,Low Risk,2505
0959-WHOKV,42,99.0,4298.45,No,0.30946005568925494,Low Risk,2506
6620-JDYNW,18,60.6,1156.35,No,0.3094054147764859,Low Risk,2507
5312-UXESG,41,98.05,3990.6,No,0.30938676169657153,Low Risk,2508
0628-CNQRM,22,67.5,1544.05,Yes,0.30936274360047294,Low Risk,2509
6311-UEUME,29,78.9,2384.15,Yes,0.3088194615899342,Low Risk,2510
8019-ENHXU,42,99.45,4138.05,Yes,0.3084811592167506,Low Risk,2511
5498-TXHLF,34,87.45,2874.15,Yes,0.3084057559467688,Low Risk,2512
1816-FLZDK,1,29.15,29.15,No,0.30839878950010297,Low Risk,2513
7075-BNDVQ,4,35.0,135.75,No,0.3082824397715921,Low Risk,2514
5815-HGGHV,20,64.15,1274.45,No,0.30818334546339,Low Risk,2515
2165-VOEGB,46,105.2,4822.85,Yes,0.3081737657649186,Low Risk,2516
6586-PSJOX,15,55.2,864.55,No,0.30793556223143825,Low Risk,2517
7176-WIONM,12,49.85,617.15,No,0.30788227569351206,Low Risk,2518
5829-NVSQN,23,68.75,1689.45,No,0.3074238263374452,Low Risk,2519
0942-KOWSM,30,80.8,2369.3,No,0.3072193718857653,Low Risk,2520
1550-LOAHA,32,84.15,2585.95,Yes,0.3071009566663593,Low Risk,2521
0725-CXOTM,36,89.65,3348.1,No,0.30704877302171574,Low Risk,2522
5651-CPDND,10,46.0,492.1,No,0.3069668492335504,Low Risk,2523
4030-VPZBD,2,30.9,59.05,Yes,0.3069120033384768,Low Risk,2524
8775-CEBBJ,9,44.2,403.35,Yes,0.30668659402536724,Low Risk,2525
3589-PPVKW,9,44.4,348.15,No,0.30664628254901805,Low Risk,2526
9928-BZVLZ,12,49.85,552.1,No,0.3062923059554215,Low Risk,2527
0442-ZXKVS,54,115.6,6431.05,No,0.3061931460522705,Low Risk,2528
1217-VASWC,43,100.55,4304.0,No,0.3060666298737444,Low Risk,2529
3703-TTEPD,21,65.35,1424.4,No,0.3060329081156473,Low Risk,2530
6583-SZVGP,48,108.1,5067.45,No,0.30579401913994003,Low Risk,2531
0815-MFZGM,42,99.0,4135.0,No,0.3054622963731566,Low Risk,2532
3282-ZISZV,32,83.7,2633.3,No,0.3053161936515374,Low Risk,2533
6603-QWSPR,46,104.4,4904.2,No,0.30492983450235017,Low Risk,2534
6789-HJBWG,12,49.4,611.65,No,0.3048070519438381,Low Risk,2535
0961-ZWLVI,49,109.2,5290.45,No,0.30477807594680706,Low Risk,2536
2187-LZGPL,7,40.1,293.3,Yes,0.30450819976196775,Low Risk,2537
0064-YIJGF,27,75.75,1929.0,No,0.3044210324004635,Low Risk,2538
0365-TRTPY,37,91.2,3382.3,No,0.30436650493236167,Low Risk,2539
7217-JYHOQ,24,70.3,1706.45,No,0.30432127696645966,Low Risk,2540
6143-JQKEA,10,45.8,436.2,No,0.3042987453469753,Low Risk,2541
8818-DOPVL,46,104.45,4863.85,No,0.30427379491733314,Low Risk,2542
3677-IYRBF,2,30.4,78.65,Yes,0.30412687653279336,Low Risk,2543
1324-NLTJE,15,55.0,757.1,Yes,0.3040083842819755,Low Risk,2544
2040-OBMLJ,31,81.7,2548.65,No,0.3038339752564761,Low Risk,2545
4570-QHXHL,9,43.75,405.7,No,0.3038087621231434,Low Risk,2546
9576-SYUHJ,37,91.15,3369.25,No,0.30372390707212565,Low Risk,2547
3584-WKTTW,51,111.55,5720.35,No,0.30333566730558664,Low Risk,2548
3509-GWQGF,24,70.0,1732.6,No,0.3030054286746644,Low Risk,2549
4922-CVPDX,26,73.5,1905.7,No,0.30280576356417716,Low Risk,2550
7389-KBFIT,2,30.25,63.75,No,0.30278997156783455,Low Risk,2551
5630-IXDXV,47,106.35,4849.1,No,0.3026893679461515,Low Risk,2552
7245-JMTTQ,51,111.5,5703.25,No,0.3025961139402403,Low Risk,2553
6394-MFYNG,48,107.4,5121.3,Yes,0.3025466029069393,Low Risk,2554
8205-MQUGY,12,49.2,571.15,No,0.302522665021882,Low Risk,2555
5650-YLIBA,31,81.15,2640.55,No,0.30249055199690517,Low Risk,2556
8791-GFXLZ,12,49.05,593.05,No,0.30208021825493964,Low Risk,2557
1989-PRJHP,27,75.5,1893.95,Yes,0.30194607141253954,Low Risk,2558
0621-TWIEM,10,45.55,402.6,Yes,0.30185944684362803,Low Risk,2559
3179-GBRWV,21,64.95,1339.8,No,0.30137640130988336,Low Risk,2560
5949-HGVJL,26,73.05,1959.5,No,0.3011910363942256,Low Risk,2561
0048-LUMLS,37,91.2,3247.55,No,0.3010992254996887,Low Risk,2562
0257-ZESQC,27,75.2,1929.35,Yes,0.30085950479375057,Low Risk,2563
4223-BKEOR,21,64.85,1336.8,No,0.3006567748777144,Low Risk,2564
8095-WANWK,10,45.25,428.7,No,0.30054843708274565,Low Risk,2565
1142-WACZW,2,29.85,75.6,Yes,0.300485204881956,Low Risk,2566
5013-SBUIH,50,109.65,5551.15,Yes,0.30046213589749826,Low Risk,2567
4003-FUSHP,19,61.55,1093.2,No,0.3004462406993315,Low Risk,2568
7486-KSRVI,43,100.0,4211.55,Yes,0.30024983770269803,Low Risk,2569
6341-JVQGF,31,81.15,2545.75,No,0.3001979175742016,Low Risk,2570
2911-IJORQ,37,90.6,3358.65,No,0.29990285754398394,Low Risk,2571
0481-SUMCB,45,102.15,4735.35,No,0.29979171093564216,Low Risk,2572
9469-WEJBT,37,90.35,3419.3,No,0.29975125308759354,Low Risk,2573
4248-HCETZ,30,79.65,2365.15,Yes,0.2996432536557192,Low Risk,2574
3806-DXQOM,4,33.65,137.85,Yes,0.29955024387516593,Low Risk,2575
2305-MRGLV,28,76.55,2065.4,No,0.2993704662461504,Low Risk,2576
3639-XJHKQ,19,60.6,1297.8,No,0.2992462592139424,Low Risk,2577
8080-POTJR,30,79.3,2427.1,No,0.2988781674507876,Low Risk,2578
8851-RAGOV,25,71.05,1837.7,No,0.2988252995767024,Low Risk,2579
5701-ZIKJE,13,50.55,610.75,No,0.29870293314785124,Low Risk,2580
7746-QYVCO,16,55.85,857.8,No,0.2984248309303404,Low Risk,2581
3580-REOAC,10,44.85,435.4,Yes,0.2981296329267634,Low Risk,2582
8016-NCFVO,55,116.5,6382.55,No,0.29731724586218033,Low Risk,2583
0237-YFUTL,50,109.65,5405.8,No,0.29696459001369974,Low Risk,2584
6386-SZZKH,49,107.95,5293.2,Yes,0.2967596655104973,Low Risk,2585
0187-WZNAB,27,74.4,1972.35,No,0.2967393141942116,Low Risk,2586
6614-VBEGU,24,69.45,1614.05,No,0.296596036086304,Low Risk,2587
2115-BFTIW,25,70.95,1767.35,Yes,0.296492930548305,Low Risk,2588
3717-LNXKW,38,91.7,3479.05,No,0.2964341746001261,Low Risk,2589
2207-QPJED,37,90.0,3371.75,No,0.29635639969745436,Low Risk,2590
2195-VVRJF,18,59.1,1011.05,No,0.29614468939175914,Low Risk,2591
3524-WQDSG,43,99.3,4209.95,No,0.2957078460276529,Low Risk,2592
5153-RTHKF,34,85.35,2896.6,No,0.2953393019398497,Low Risk,2593
5402-HTOTQ,16,55.3,875.35,No,0.2953147063285467,Low Risk,2594
3384-CTMSF,47,104.1,5135.15,No,0.29507408142130687,Low Risk,2595
3237-AJGEH,3,31.0,95.05,Yes,0.29491682527218654,Low Risk,2596
8761-NSOBC,44,100.55,4398.15,Yes,0.29483922976392174,Low Risk,2597
9101-BWFSS,50,108.55,5610.7,Yes,0.2948197806326806,Low Risk,2598
5813-UECBU,33,83.85,2716.3,Yes,0.29479699755428784,Low Risk,2599
6022-KOUQO,2,29.05,44.75,No,0.2946020225388344,Low Risk,2600
2245-ADZFJ,31,80.55,2471.6,No,0.2945625814044756,Low Risk,2601
9763-GRSKD,13,49.95,587.45,No,0.2942955560935621,Low Risk,2602
7492-TAFJD,7,38.55,280.0,No,0.294189955694994,Low Risk,2603
0080-EMYVY,14,51.45,727.85,No,0.29388532215881547,Low Risk,2604
0666-UXTJO,34,85.2,2874.45,No,0.2938518664703779,Low Risk,2605
0356-ERHVT,11,45.9,521.9,No,0.2935451292250822,Low Risk,2606
8208-EUMTE,16,54.85,916.15,No,0.29341340832991697,Low Risk,2607
1899-VXWXM,48,106.1,5082.8,Yes,0.29325956040911527,Low Risk,2608
1078-TDCRN,3,30.75,82.85,No,0.2930300995663033,Low Risk,2609
8819-IMISP,31,80.45,2429.1,No,0.29291175562518756,Low Risk,2610
5027-YOCXN,51,110.05,5686.4,No,0.29286761435879793,Low Risk,2611
9249-FXSCK,52,111.25,5916.45,Yes,0.2926802630928241,Low Risk,2612
3550-SAHFP,33,83.35,2757.85,Yes,0.29259709070330514,Low Risk,2613
7184-LRUUR,22,65.25,1441.8,No,0.2923400230993693,Low Risk,2614
6352-TWCAU,35,86.45,3029.1,Yes,0.2921887648389427,Low Risk,2615
2144-BFDSO,50,108.75,5431.9,No,0.29183748602111176,Low Risk,2616
9898-KZQDZ,40,94.55,3640.45,Yes,0.2918084341392221,Low Risk,2617
7881-INRLC,45,100.85,4740.0,Yes,0.29157677686759886,Low Risk,2618
2578-JQPHZ,44,100.1,4378.35,No,0.2914999873827289,Low Risk,2619
3594-UVONA,35,85.95,3110.1,Yes,0.2909342562288879,Low Risk,2620
0206-TBWLC,54,114.65,6049.5,No,0.29089861407995415,Low Risk,2621
8167-GJLRN,3,30.4,82.15,No,0.2907884769466212,Low Risk,2622
1852-XEMDW,22,65.05,1427.55,No,0.29073146312135745,Low Risk,2623
4581-LNWUM,13,49.15,649.4,No,0.29067654958938727,Low Risk,2624
5882-CMAZQ,5,34.25,163.55,No,0.2906411430907222,Low Risk,2625
1986-PHGZF,18,58.4,964.9,No,0.2905828622617285,Low Risk,2626
9833-TGFHX,42,97.1,4016.75,No,0.2904005712454581,Low Risk,2627
6302-JGYRJ,31,79.45,2587.7,Yes,0.2903217893686768,Low Risk,2628
5788-YPOEG,34,84.75,2839.45,No,0.2901594484755852,Low Risk,2629
5438-QMDDL,19,59.8,1130.85,No,0.29014669908565327,Low Risk,2630
7047-FWEYA,46,103.15,4594.65,No,0.28947535037718297,Low Risk,2631
7130-CTCUS,16,54.55,825.1,No,0.28934882312886956,Low Risk,2632
7000-WCEVQ,20,61.6,1174.35,Yes,0.28934819774644566,Low Risk,2633
8008-HAWED,14,50.75,712.75,Yes,0.28908099118396313,Low Risk,2634
0618-XWMSS,28,74.9,2068.55,Yes,0.28891022232109376,Low Risk,2635
0228-MAUWC,19,59.55,1144.6,No,0.2888899900927892,Low Risk,2636
8109-YUOHE,17,56.1,946.95,No,0.28882083691312316,Low Risk,2637
7550-WIQVA,50,108.25,5431.4,No,0.28865776873692484,Low Risk,2638
3814-MLAXC,31,79.85,2404.15,Yes,0.28851576099349824,Low Risk,2639
8967-SZQAS,14,50.45,765.45,No,0.28842930142746753,Low Risk,2640
1685-VAYJF,11,45.2,492.0,No,0.2883950684657535,Low Risk,2641
6259-WJQLC,32,81.1,2619.25,No,0.2882932278704179,Low Risk,2642
5419-JKZNQ,30,77.9,2351.45,No,0.28814844654609273,Low Risk,2643
3351-NGXYI,16,54.1,889.0,No,0.28801408508924975,Low Risk,2644
2672-TGEFF,37,88.8,3340.55,No,0.28798305268727986,Low Risk,2645
7504-UWHNB,25,69.75,1729.35,No,0.2879571223894232,Low Risk,2646
9572-WUKSB,3,29.9,92.25,No,0.28786509097219193,Low Risk,2647
7470-MCQTK,13,48.75,633.4,Yes,0.2877697177624787,Low Risk,2648
9330-DHBFL,23,66.25,1533.8,No,0.28762236803746305,Low Risk,2649
1320-REHCS,52,110.75,5832.0,No,0.2875156564716631,Low Risk,2650
3192-LNKRK,34,84.05,2909.95,No,0.28740095851367764,Low Risk,2651
3082-VQXNH,3,29.8,94.4,No,0.287285576716817,Low Risk,2652
1685-BQULA,40,93.4,3756.4,No,0.2872726370953451,Low Risk,2653
3069-SSVSN,1,25.85,25.85,No,0.28710440523637426,Low Risk,2654
7924-GJZFI,25,69.3,1813.1,No,0.28709266650489823,Low Risk,2655
6711-VTNRE,36,87.55,3078.1,Yes,0.2870909495006686,Low Risk,2656
5960-MVTUK,3,29.75,96.85,No,0.2870284020529105,Low Risk,2657
2858-MOFSQ,17,55.85,937.5,Yes,0.2870218775426914,Low Risk,2658
5118-MUEYH,48,105.1,5083.55,No,0.2869435577773238,Low Risk,2659
6575-SUVOI,25,69.5,1752.65,No,0.28693046121368776,Low Risk,2660
2486-WYVVE,31,79.3,2484.0,No,0.28692883986952783,Low Risk,2661
0661-XEYAN,1,25.8,25.8,Yes,0.28678858549008346,Low Risk,2662
3410-YOQBQ,31,79.2,2497.2,No,0.28660990918334395,Low Risk,2663
4592-IWTJI,3,29.7,91.7,Yes,0.2865928399106888,Low Risk,2664
4495-LHSSK,18,57.65,992.7,No,0.28650316146832766,Low Risk,2665
2692-PFYTJ,1,25.75,25.75,No,0.2864729735473648,Low Risk,2666
5156-UMKOW,3,29.65,90.05,No,0.2862398059359719,Low Risk,2667
2712-SYWAY,1,25.7,25.7,No,0.28615756957879057,Low Risk,2668
1496-GGSUK,1,25.7,25.7,Yes,0.28615756957879057,Low Risk,2669
2476-YGEFM,29,76.0,2215.25,No,0.28613351299969897,Low Risk,2670
6891-JPYFF,48,105.25,4997.5,No,0.2858662696673815,Low Risk,2671
2359-KLTEK,41,94.9,3848.0,No,0.2857228209697847,Low Risk,2672
5855-EIBDE,49,106.65,5174.35,No,0.2856897802463318,Low Risk,2673
3538-WZPHD,3,29.6,79.45,Yes,0.28567719139661935,Low Risk,2674
1169-SAOCL,49,106.65,5168.1,No,0.2855432940607579,Low Risk,2675
1120-BMWUB,16,53.9,834.15,Yes,0.28546746688433855,Low Risk,2676
4695-VADHF,18,57.45,990.85,Yes,0.285204075038324,Low Risk,2677
1629-DQQVB,14,50.1,709.5,No,0.2849138399325747,Low Risk,2678
5206-HPJKM,17,55.5,934.15,No,0.2847457003296962,Low Risk,2679
8735-IJJEG,14,50.2,668.85,No,0.284589226959829,Low Risk,2680
9873-MNDKV,11,44.65,472.25,No,0.2844740281683938,Low Risk,2681
1741-WTPON,56,115.85,6567.9,No,0.28433816622234775,Low Risk,2682
2080-SRCDE,1,25.4,25.4,No,0.28426952268574235,Low Risk,2683
4628-WQCQQ,35,85.15,3030.6,Yes,0.28402405174969914,Low Risk,2684
6158-HDPXZ,1,25.35,25.35,No,0.28395557925175746,Low Risk,2685
7242-QZLXF,1,25.3,25.3,Yes,0.28364184513059726,Low Risk,2686
0975-VOOVL,3,29.2,98.5,No,0.28361773670802937,Low Risk,2687
5439-WIKXB,41,94.55,3851.45,No,0.28361152554091734,Low Risk,2688
9026-LHEVG,9,40.75,359.4,No,0.28357197244853904,Low Risk,2689
5084-OOVCJ,17,55.35,920.5,No,0.2834884527804038,Low Risk,2690
0612-RTZZA,1,25.25,25.25,Yes,0.2833283204863628,Low Risk,2691
4195-NZGTA,1,25.25,25.25,No,0.2833283204863628,Low Risk,2692
2209-XADXF,1,25.25,25.25,No,0.2833283204863628,Low Risk,2693
2446-ZKVAF,18,56.8,1074.65,No,0.2830956942297688,Low Risk,2694
5301-GAUUY,32,80.35,2596.15,Yes,0.28304479218202383,Low Risk,2695
5274-XHAKY,41,94.3,3893.6,No,0.2830333920273122,Low Risk,2696
8260-NGFNY,1,25.2,25.2,Yes,0.2830150054824377,Low Risk,2697
1768-ZAIFU,1,25.2,25.2,Yes,0.2830150054824377,Low Risk,2698
2750-BJLSB,47,103.7,4730.6,No,0.2829980098944967,Low Risk,2699
7975-TZMLR,47,103.1,4889.3,No,0.2829525971342876,Low Risk,2700
3014-WJKSM,29,75.3,2263.4,No,0.28287692652171237,Low Risk,2701
8552-OBVRU,48,104.5,5068.05,No,0.2828214607105204,Low Risk,2702
5832-TRLPB,29,75.35,2243.9,No,0.2827345118089815,Low Risk,2703
2672-DZUOY,1,25.15,25.15,Yes,0.2827019002814876,Low Risk,2704
7537-RBWEA,1,25.15,25.15,No,0.2827019002814876,Low Risk,2705
0023-HGHWL,1,25.1,25.1,Yes,0.2823890050454614,Low Risk,2706
6032-IGALN,1,25.1,25.1,Yes,0.2823890050454614,Low Risk,2707
3842-IYKUE,35,85.3,2917.5,Yes,0.2823233782727294,Low Risk,2708
0836-SEYLU,9,40.65,328.95,Yes,0.2822384427856005,Low Risk,2709
3426-NIYYL,15,51.55,765.5,Yes,0.2822303729023561,Low Risk,2710
0853-NWIFK,45,100.3,4483.95,No,0.28210050434841677,Low Risk,2711
0616-ATFGB,1,25.05,25.05,Yes,0.28207631993559035,Low Risk,2712
9907-SWKKF,1,25.05,25.05,Yes,0.28207631993559035,Low Risk,2713
7634-WSWDB,8,38.5,330.8,No,0.2818992183304412,Low Risk,2714
4713-ZBURT,45,99.7,4634.35,No,0.28186215336453585,Low Risk,2715
8896-BQTTI,1,25.0,25.0,No,0.28176384511238955,Low Risk,2716
8992-OBVDG,21,61.65,1393.6,No,0.2816955998754171,Low Risk,2717
4468-KAZHE,20,60.0,1259.35,No,0.2813050677209011,Low Risk,2718
4367-NHWMM,1,24.9,24.9,No,0.2811395269644751,Low Risk,2719
1431-AIDJQ,33,82.1,2603.1,No,0.28109742022158946,Low Risk,2720
4566-QVRRW,11,44.05,483.7,Yes,0.28099848647574593,Low Risk,2721
9233-PSYHO,45,100.15,4459.8,No,0.2806068100203498,Low Risk,2722
1024-GUALD,1,24.8,24.8,Yes,0.2805160518715115,Low Risk,2723
7932-WPTDS,1,24.8,24.8,Yes,0.2805160518715115,Low Risk,2724
6366-ZGQGL,1,24.8,24.8,Yes,0.2805160518715115,Low Risk,2725
7409-JURKQ,53,111.8,5809.75,No,0.28050052312345364,Low Risk,2726
4183-WCSEP,31,78.45,2435.15,Yes,0.28047619393961126,Low Risk,2727
3402-XRIUO,22,63.55,1381.8,No,0.28024974229383315,Low Risk,2728
4729-XKASR,1,24.75,24.75,Yes,0.2802046308643155,Low Risk,2729
5389-FFVKB,32,80.3,2483.05,Yes,0.2801056417264512,Low Risk,2730
3566-VVORZ,12,45.9,505.95,No,0.2800330947072216,Low Risk,2731
2538-OIMXF,1,24.7,24.7,No,0.2798934210918417,Low Risk,2732
2862-PFNIK,1,24.7,24.7,No,0.2798934210918417,Low Risk,2733
4115-BNPJY,29,75.55,2054.4,No,0.2795783323306052,Low Risk,2734
1730-ZMAME,32,79.5,2665.0,No,0.2793592949655238,Low Risk,2735
9227-LUNBG,1,24.6,24.6,Yes,0.27927163587236736,Low Risk,2736
8676-OOQEJ,4,30.5,118.4,No,0.2791754167414094,Low Risk,2737
6576-FBXOJ,17,54.6,934.8,No,0.27915696017056485,Low Risk,2738
1352-VHKAJ,27,71.6,1957.1,No,0.27873569410095683,Low Risk,2739
4690-PKDQG,42,95.55,3930.6,No,0.2786823845365839,Low Risk,2740
0895-LMRSF,23,64.9,1509.8,No,0.27863612795291154,Low Risk,2741
2014-MKGMH,46,101.1,4674.4,No,0.2785185241343925,Low Risk,2742
9136-ALYBR,1,24.45,24.45,Yes,0.27834054616799025,Low Risk,2743
1101-SSWAG,15,51.1,711.15,No,0.2781798350763561,Low Risk,2744
6296-DDOOR,19,58.2,1045.25,No,0.27813857096709305,Low Risk,2745
5233-AOZUF,29,74.95,2149.05,No,0.2780539326431576,Low Risk,2746
4433-JCGCG,46,101.0,4680.05,Yes,0.2780311762336266,Low Risk,2747
9895-VFOXH,1,24.4,24.4,No,0.27803060704446436,Low Risk,2748
7365-BVCJH,1,24.4,24.4,No,0.27803060704446436,Low Risk,2749
3439-GVUSX,1,24.4,24.4,No,0.27803060704446436,Low Risk,2750
8930-XOTDP,18,55.95,1082.8,No,0.2780081044826429,Low Risk,2751
8152-UOBNY,50,106.8,5347.95,No,0.2776610049602772,Low Risk,2752
7547-EKNFS,42,95.25,3959.35,Yes,0.277493059823159,Low Risk,2753
4929-ROART,18,56.25,969.85,No,0.2772564976115352,Low Risk,2754
2957-LOLHO,12,45.4,518.9,Yes,0.2772411717259513,Low Risk,2755
1334-FJSVR,1,24.25,24.25,Yes,0.27710206412481186,Low Risk,2756
7740-BTPUX,55,113.6,6292.7,No,0.27695456326128687,Low Risk,2757
1024-KPRBB,38,89.1,3342.0,No,0.27686935738526797,Low Risk,2758
5351-QESIO,1,24.2,24.2,No,0.27679297513456375,Low Risk,2759
1422-DGUBX,32,79.25,2619.15,No,0.27675855694427065,Low Risk,2760
9036-CSKBW,51,107.45,5680.9,No,0.2764591131885192,Low Risk,2761
0373-AIVNJ,9,39.55,373.0,No,0.27644661655761477,Low Risk,2762
8708-XPXHZ,42,94.2,4186.3,Yes,0.27624690715214995,Low Risk,2763
1428-IEDPR,52,109.3,5731.4,No,0.27615152717897246,Low Risk,2764
2038-LLMLM,48,103.85,4946.05,No,0.2759752739022942,Low Risk,2765
9029-FEGVJ,32,79.3,2570.0,No,0.2759370391189831,Low Risk,2766
3951-NJCVI,42,95.05,3944.5,No,0.2759205690225806,Low Risk,2767
2565-JSLRY,1,24.05,24.05,Yes,0.27586698618997624,Low Risk,2768
9097-ZUBYC,14,48.8,664.4,No,0.27580245065198083,Low Risk,2769
5701-SVCWR,1,24.0,24.0,No,0.27555874970700844,Low Risk,2770
7964-YESJC,24,66.3,1559.45,No,0.27553616650508844,Low Risk,2771
9281-OFDMF,39,90.7,3413.25,No,0.27550126411298737,Low Risk,2772
6537-OTKMY,15,50.75,688.2,No,0.27549703077255544,Low Risk,2773
0928-JMXNP,4,29.9,118.25,No,0.27547363764543503,Low Risk,2774
5392-AKEMH,12,45.05,523.1,No,0.2751855888013891,Low Risk,2775
6199-IWKGC,46,100.25,4753.85,No,0.2751121235001182,Low Risk,2776
8663-UPDGF,26,69.5,1800.05,No,0.2750536185773611,Low Risk,2777
1600-DILPE,12,45.0,524.35,No,0.27490758999775483,Low Risk,2778
7951-VRDVK,36,85.85,3003.55,No,0.274800154371382,Low Risk,2779
9504-DSHWM,20,59.2,1191.2,No,0.2747947622882169,Low Risk,2780
2259-OUUSZ,7,35.5,249.55,No,0.2743977171100026,Low Risk,2781
4800-CZMPC,48,103.25,5037.55,Yes,0.27439098760781755,Low Risk,2782
5373-SFODM,36,85.25,3132.75,Yes,0.27408083384360016,Low Risk,2783
8650-RHRKE,4,29.65,118.5,Yes,0.2739473794733389,Low Risk,2784
0093-EXYQL,40,91.55,3673.6,No,0.27386977741770746,Low Risk,2785
2347-WKKAE,42,94.4,4014.6,No,0.2735416914832667,Low Risk,2786
1397-XKKWR,7,35.3,264.8,No,0.2735226476932672,Low Risk,2787
7856-GANIL,45,98.7,4525.8,No,0.27319582727264874,Low Risk,2788
8008-ESFLK,53,110.5,5835.5,No,0.2730892778816052,Low Risk,2789
9369-XFEHK,33,80.6,2656.5,Yes,0.2730854293831485,Low Risk,2790
9278-VZKCD,52,109.1,5647.95,No,0.2730169436381389,Low Risk,2791
7641-EUYET,46,100.7,4541.2,Yes,0.2730058956700738,Low Risk,2792
0454-OKRCT,33,80.6,2651.1,No,0.2729623128314672,Low Risk,2793
7382-DFJTU,18,55.2,1058.1,No,0.2728386558401871,Low Risk,2794
1025-FALIX,26,69.05,1815.65,No,0.27265774732404613,Low Risk,2795
8111-BKVDS,10,40.7,449.3,No,0.27244352411070505,Low Risk,2796
1228-FZFRV,50,105.95,5341.8,Yes,0.2723083227168419,Low Risk,2797
3797-VTIDR,1,23.45,23.45,Yes,0.2721822704044291,Low Risk,2798
9365-SRSZE,27,70.55,1943.9,No,0.27198959530703154,Low Risk,2799
5197-PYEPU,42,94.45,3923.8,No,0.2717782079014021,Low Risk,2800
3657-COGMW,52,108.1,5839.3,No,0.271278631957662,Low Risk,2801
3945-GFWQL,12,44.55,480.6,Yes,0.2711630528889036,Low Risk,2802
9465-RWMXL,32,78.9,2447.95,Yes,0.2707091376761781,Low Risk,2803
9626-WEQRM,4,29.15,110.05,No,0.2707076944231501,Low Risk,2804
7853-OETYL,4,29.05,129.6,No,0.2705438830703551,Low Risk,2805
0362-ZBZWJ,36,84.9,3067.2,Yes,0.27045609572295115,Low Risk,2806
8220-OCUFY,21,60.25,1258.35,No,0.269992520761694,Low Risk,2807
0746-JTRFU,2,25.05,56.35,Yes,0.26995959772914707,Low Risk,2808
3002-WQZWT,29,74.2,1993.25,No,0.26990615536496887,Low Risk,2809
9831-BPFRI,39,89.55,3474.45,Yes,0.26988088034625474,Low Risk,2810
7674-YTAFD,33,79.95,2684.85,No,0.2697760617142026,Low Risk,2811
2362-IBOOY,36,84.75,3050.15,Yes,0.2691613576225479,Low Risk,2812
8259-NFJTV,7,34.65,246.6,No,0.2691568100888965,Low Risk,2813
4323-SADQS,7,34.5,279.25,Yes,0.26898710013552435,Low Risk,2814
9638-JIQYA,2,24.9,49.7,No,0.26890115359628636,Low Risk,2815
8713-IGZSO,2,24.85,62.0,No,0.2688765987944949,Low Risk,2816
1729-VLAZJ,10,40.25,411.45,No,0.2688533121384809,Low Risk,2817
2242-MFOTG,33,80.1,2603.3,No,0.26884052959315263,Low Risk,2818
0572-ZJKLT,46,99.65,4630.2,No,0.2686475360541614,Low Risk,2819
1784-EZDKJ,51,106.8,5498.8,No,0.2683514054289287,Low Risk,2820
8399-YNDCH,21,60.05,1236.15,Yes,0.26828097061099654,Low Risk,2821
9079-YEXQJ,54,111.1,6014.85,Yes,0.26811899159660846,Low Risk,2822
2604-XVDAM,12,43.8,540.95,No,0.26798612496989904,Low Risk,2823
9450-TRJUU,35,83.15,2848.45,No,0.26756293154301786,Low Risk,2824
6637-KYRCV,5,30.5,167.2,No,0.26753066867431907,Low Risk,2825
2817-NTQDO,13,45.55,597.0,Yes,0.26720681738756086,Low Risk,2826
4973-RLZVI,30,74.65,2308.6,No,0.2671223184007562,Low Risk,2827
8096-LOIST,19,56.2,1093.4,No,0.26703965174335387,Low Risk,2828
0323-XWWTN,3,26.4,121.25,No,0.2669623164694523,Low Risk,2829
9432-RUVSL,48,102.5,4904.25,No,0.2668162496112537,Low Risk,2830
1271-SJBGZ,12,43.65,526.95,Yes,0.266767412293662,Low Risk,2831
1976-AZZPJ,7,34.2,256.6,No,0.26666758706757193,Low Risk,2832
2150-UWTFY,22,61.15,1422.05,Yes,0.2665077639366696,Low Risk,2833
5980-NOPLP,44,96.1,4364.1,Yes,0.2664380567019695,Low Risk,2834
4236-UJPWO,2,24.5,46.4,No,0.2664153945458637,Low Risk,2835
0430-IHCDJ,15,49.0,749.25,No,0.2662526772748607,Low Risk,2836
8263-JQAIK,2,24.45,47.5,Yes,0.26613963711002525,Low Risk,2837
4905-JEFDW,11,41.6,470.6,Yes,0.26573494482673143,Low Risk,2838
0557-ASKVU,18,54.4,957.1,No,0.26571475910740017,Low Risk,2839
1409-PHXTF,54,110.45,6077.75,No,0.2656213246220173,Low Risk,2840
2933-FILNV,2,24.4,36.55,Yes,0.26559398671579076,Low Risk,2841
4079-VTGLK,30,74.85,2181.75,No,0.26547719950279225,Low Risk,2842
5482-PLVPE,2,24.35,41.85,Yes,0.26541282383142994,Low Risk,2843
8614-VGMMV,15,49.1,679.55,Yes,0.2652905020292562,Low Risk,2844
5939-XAIXZ,19,56.1,1033.9,No,0.2651044030259171,Low Risk,2845
9163-GHAYE,15,48.85,736.8,No,0.2650736772445511,Low Risk,2846
1777-JYQPJ,2,24.3,38.45,No,0.26503702680687696,Low Risk,2847
7137-RYLPP,37,85.7,3171.15,Yes,0.26502703482492174,Low Risk,2848
9699-UBQFS,43,94.5,4156.8,No,0.2647247146827,Low Risk,2849
3672-YITQD,36,84.1,3021.6,Yes,0.2646083431852975,Low Risk,2850
0280-XJGEX,49,103.7,5036.3,Yes,0.2644438182933838,Low Risk,2851
7876-BEUTG,15,48.8,720.1,No,0.26440094277650644,Low Risk,2852
1544-JJMYL,27,69.35,1927.3,No,0.26437239400049345,Low Risk,2853
8631-WUXGY,46,99.8,4391.25,No,0.26418487004381613,Low Risk,2854
0749-IRGQE,13,45.3,528.45,No,0.26417048918861086,Low Risk,2855
8634-MPHTR,47,100.05,4871.05,Yes,0.26390613321236234,Low Risk,2856
1904-WAJAA,24,64.35,1558.65,No,0.26370910029899114,Low Risk,2857
2786-GCDPI,50,104.95,5222.35,No,0.2635847201436663,Low Risk,2858
9079-LWTFD,47,100.75,4669.2,No,0.2635843345478912,Low Risk,2859
0191-ZHSKZ,30,74.75,2111.3,No,0.26330514493228974,Low Risk,2860
8133-ANHHJ,49,103.0,5166.2,No,0.2631605504663565,Low Risk,2861
0434-CSFON,47,100.5,4707.1,No,0.26293741320380315,Low Risk,2862
7516-GMHUV,50,105.05,5163.3,No,0.2628657122785227,Low Risk,2863
9396-ZSFLL,15,48.85,631.4,No,0.26272180277462864,Low Risk,2864
4923-ADWXJ,25,65.8,1679.65,No,0.26259564895499776,Low Risk,2865
1751-NCDLI,46,98.85,4564.9,No,0.2623866005540218,Low Risk,2866
4508-OEBEY,31,75.5,2424.45,No,0.2622978398012071,Low Risk,2867
1725-IQNIY,54,109.75,6110.2,Yes,0.262163349312248,Low Risk,2868
3640-JQGJG,13,44.8,559.2,No,0.26187431197004724,Low Risk,2869
1074-AMIOH,53,108.25,5935.1,No,0.26177475684401175,Low Risk,2870
6538-POCHL,33,79.0,2576.8,No,0.26165417320638523,Low Risk,2871
6574-MCOEH,33,79.15,2531.4,No,0.26153795266131297,Low Risk,2872
4760-THGOT,43,94.1,4107.3,No,0.2612382160971553,Low Risk,2873
8486-AYEQH,31,76.05,2227.8,No,0.2612015619396147,Low Risk,2874
8648-PFRMP,14,46.35,672.7,No,0.2611928888456473,Low Risk,2875
4176-FXYBO,54,109.55,6118.95,No,0.26116914645077116,Low Risk,2876
4350-ZTLPI,53,108.95,5718.2,No,0.26112095200015506,Low Risk,2877
0601-WZHJF,14,46.35,667.7,Yes,0.26108207226032343,Low Risk,2878
2810-FTLEM,16,50.15,762.25,Yes,0.2609389934186271,Low Risk,2879
3870-MQAMG,54,110.35,5893.15,Yes,0.26091206840965886,Low Risk,2880
6581-NQCBA,16,49.95,810.2,Yes,0.2608149702482612,Low Risk,2881
5837-LXSDN,21,58.85,1215.45,No,0.2606396662437471,Low Risk,2882
5802-ADBRC,50,104.4,5232.9,No,0.2605478206058426,Low Risk,2883
3898-GUYTS,45,97.05,4385.05,No,0.26011265781959586,Low Risk,2884
0369-ZGOVK,28,70.4,1992.2,No,0.2596373847235887,Low Risk,2885
1585-MQSSU,17,51.5,900.5,Yes,0.25962274969382454,Low Risk,2886
0824-VWDPO,45,96.75,4442.75,No,0.2596128167011655,Low Risk,2887
8725-JEDFD,27,69.05,1793.25,No,0.2596112186028281,Low Risk,2888
5480-HPRRX,3,25.3,77.75,Yes,0.25943296943632155,Low Risk,2889
8082-GHXOP,13,44.0,659.35,No,0.2593499376606036,Low Risk,2890
4128-ETESU,47,99.7,4747.2,No,0.2590801091737776,Low Risk,2891
6663-JOCQO,31,75.25,2344.5,No,0.2590461280148703,Low Risk,2892
5461-QKNTN,43,94.3,3953.15,No,0.2590141801424802,Low Risk,2893
8292-TYSPY,19,55.0,1046.5,Yes,0.258843384608051,Low Risk,2894
8993-PHFWD,3,25.25,58.9,Yes,0.25872214248591624,Low Risk,2895
8597-CWYHH,43,94.35,3921.3,No,0.25860735592021855,Low Risk,2896
9743-DQKQW,3,25.1,79.8,No,0.2582980226378185,Low Risk,2897
3229-USWAR,34,79.95,2727.3,No,0.25824309005162494,Low Risk,2898
2111-DWYHN,1,21.1,21.1,No,0.2580507063832993,Low Risk,2899
6906-MPARY,40,89.6,3488.15,No,0.2580070383336767,Low Risk,2900
8033-VCZGH,50,103.95,5231.3,No,0.25785502410081673,Low Risk,2901
8267-KFGYD,1,21.05,21.05,No,0.25775529086740945,Low Risk,2902
6542-LWGXJ,3,25.0,78.25,No,0.25767518240351395,Low Risk,2903
3890-RTCMS,16,49.45,799.0,No,0.257615053073664,Low Risk,2904
1480-IVEVR,35,81.6,2815.25,No,0.25759472220265067,Low Risk,2905
0308-IVGOK,11,40.4,422.6,No,0.2575404894199342,Low Risk,2906
6770-XUAGN,1,21.0,21.0,Yes,0.25746009618830856,Low Risk,2907
6664-FPDAC,56,111.95,6418.9,Yes,0.25728907845690807,Low Risk,2908
6728-WYQBC,1,20.95,20.95,No,0.2571651224497164,Low Risk,2909
5624-BQSSA,1,20.95,20.95,Yes,0.2571651224497164,Low Risk,2910
1353-GHZOS,22,59.75,1374.35,No,0.2571277556925619,Low Risk,2911
6467-CHFZW,47,99.35,4749.15,Yes,0.257061915779622,Low Risk,2912
4879-GZLFH,42,92.15,3875.4,No,0.2569432143283557,Low Risk,2913
7434-SHXLS,1,20.9,20.9,Yes,0.25687036975467165,Low Risk,2914
7243-LCGGZ,1,20.9,20.9,No,0.25687036975467165,Low Risk,2915
0426-TIRNE,1,20.9,20.9,Yes,0.25687036975467165,Low Risk,2916
3692-JHONH,52,106.5,5621.85,No,0.256863961428796,Low Risk,2917
3638-DIMPH,13,43.8,592.65,No,0.2567054822152718,Low Risk,2918
6982-UQZLY,1,20.85,20.85,Yes,0.25657583820553237,Low Risk,2919
4013-GUXND,1,20.8,20.8,No,0.2562815279039766,Low Risk,2920
2606-RMDHZ,6,30.5,208.7,Yes,0.25603924071210526,Low Risk,2921
8988-ECPJR,34,79.6,2718.3,Yes,0.25598952687497345,Low Risk,2922
3645-DEYGF,1,20.75,20.75,No,0.255987438951003,Low Risk,2923
2700-LUEVA,1,20.75,20.75,No,0.255987438951003,Low Risk,2924
2592-SEIFQ,3,24.75,66.95,Yes,0.25595991342879565,Low Risk,2925
5734-EJKXG,61,118.6,7365.7,No,0.2557817997618243,Low Risk,2926
8620-RJPZN,1,20.7,20.7,No,0.2556935714469314,Low Risk,2927
9277-JOOMO,3,24.6,86.35,No,0.2555059833677277,Low Risk,2928
2480-JZOSN,1,20.65,20.65,No,0.2553999254914031,Low Risk,2929
5088-QZLRL,1,20.65,20.65,No,0.2553999254914031,Low Risk,2930
9495-SKLKD,45,95.95,4456.65,No,0.25521487953349115,Low Risk,2931
3976-NLDEZ,1,20.6,20.6,No,0.2551065011833824,Low Risk,2932
5049-GLYVG,1,20.6,20.6,Yes,0.2551065011833824,Low Risk,2933
3410-MHHUM,44,94.4,4295.35,No,0.2548420299319668,Low Risk,2934
9708-KFDBY,1,20.55,20.55,No,0.2548132986211559,Low Risk,2935
7893-IXHRQ,1,20.55,20.55,Yes,0.2548132986211559,Low Risk,2936
3803-KMQFW,1,20.55,20.55,Yes,0.2548132986211559,Low Risk,2937
4816-OKWNX,50,103.4,5236.4,No,0.2547424226276681,Low Risk,2938
6235-VDHOM,5,28.45,131.05,Yes,0.2545692778625316,Low Risk,2939
4255-DDUOU,1,20.5,20.5,Yes,0.2545203179023343,Low Risk,2940
9753-OYLBX,1,20.5,20.5,No,0.2545203179023343,Low Risk,2941
2002-MZHWP,1,20.5,20.5,Yes,0.2545203179023343,Low Risk,2942
4745-LSPLO,1,20.5,20.5,Yes,0.2545203179023343,Low Risk,2943
5393-HJZSM,32,76.3,2404.15,No,0.2542591630682103,Low Risk,2944
0673-IGUQO,1,20.45,20.45,No,0.25422755912385225,Low Risk,2945
2668-TZSPS,1,20.45,20.45,No,0.25422755912385225,Low Risk,2946
8559-WNQZS,1,20.45,20.45,No,0.25422755912385225,Low Risk,2947
8262-COGGB,1,20.45,20.45,No,0.25422755912385225,Low Risk,2948
5996-DAOQL,1,20.45,20.45,No,0.25422755912385225,Low Risk,2949
2239-CFOUJ,1,20.4,20.4,No,0.2539350223819693,Low Risk,2950
6579-JPICP,1,20.4,20.4,No,0.2539350223819693,Low Risk,2951
3727-JEZTU,1,20.4,20.4,No,0.2539350223819693,Low Risk,2952
1963-VAUKV,1,20.4,20.4,Yes,0.2539350223819693,Low Risk,2953
2270-CHBFN,44,95.1,4060.55,No,0.2538099654799044,Low Risk,2954
7037-MTYVW,38,85.4,3297.0,No,0.2536934572549501,Low Risk,2955
1099-GODLO,1,20.35,20.35,No,0.2536427077722704,Low Risk,2956
3590-TCXTB,1,20.35,20.35,No,0.2536427077722704,Low Risk,2957
4634-JLRJT,1,20.35,20.35,No,0.2536427077722704,Low Risk,2958
2592-YKDIF,1,20.35,20.35,No,0.2536427077722704,Low Risk,2959
9122-UMROB,1,20.3,20.3,No,0.2533506153896665,Low Risk,2960
2676-ISHSF,1,20.3,20.3,No,0.2533506153896665,Low Risk,2961
7814-LEEVE,1,20.3,20.3,No,0.2533506153896665,Low Risk,2962
8073-IJDCM,1,20.3,20.3,Yes,0.2533506153896665,Low Risk,2963
3090-QFUVD,1,20.3,20.3,No,0.2533506153896665,Low Risk,2964
5868-YTYKS,1,20.25,20.25,No,0.25305874532839556,Low Risk,2965
8203-XJZRC,1,20.25,20.25,No,0.25305874532839556,Low Risk,2966
4211-MMAZN,1,20.25,20.25,Yes,0.25305874532839556,Low Risk,2967
0670-KDOMA,1,20.25,20.25,No,0.25305874532839556,Low Risk,2968
2081-KJSQF,1,20.25,20.25,No,0.25305874532839556,Low Risk,2969
2876-VBBBL,1,20.25,20.25,Yes,0.25305874532839556,Low Risk,2970
1842-EZJMK,50,103.7,5071.05,Yes,0.25289265299964575,Low Risk,2971
2065-MMKGR,29,71.0,2080.1,No,0.2528364975888124,Low Risk,2972
5356-RHIPP,1,20.2,20.2,Yes,0.2527670976820226,Low Risk,2973
7310-EGVHZ,1,20.2,20.2,No,0.2527670976820226,Low Risk,2974
1493-AMTIE,1,20.2,20.2,Yes,0.2527670976820226,Low Risk,2975
3247-MHJKM,1,20.2,20.2,No,0.2527670976820226,Low Risk,2976
4786-UKSNZ,1,20.2,20.2,Yes,0.2527670976820226,Low Risk,2977
6469-MRVET,1,20.2,20.2,No,0.2527670976820226,Low Risk,2978
8048-DSDFQ,1,20.2,20.2,No,0.2527670976820226,Low Risk,2979
8305-VHZBZ,1,20.2,20.2,Yes,0.2527670976820226,Low Risk,2980
6380-ARCEH,1,20.2,20.2,No,0.2527670976820226,Low Risk,2981
2955-PSXOE,1,20.2,20.2,Yes,0.2527670976820226,Low Risk,2982
7839-QRKXN,1,20.2,20.2,Yes,0.2527670976820226,Low Risk,2983
3374-TTZTK,52,106.3,5487.0,No,0.2527547629745683,Low Risk,2984
3804-RVTGV,50,103.85,5017.9,Yes,0.2526108800193176,Low Risk,2985
5628-RKIFK,49,101.55,5070.4,No,0.25252207893450346,Low Risk,2986
4897-QSUYC,1,20.15,20.15,Yes,0.25247567254344044,Low Risk,2987
1066-JKSGK,1,20.15,20.15,Yes,0.25247567254344044,Low Risk,2988
8974-OVACP,1,20.15,20.15,No,0.25247567254344044,Low Risk,2989
1934-SJVJK,1,20.15,20.15,Yes,0.25247567254344044,Low Risk,2990
4781-ZXYGU,1,20.15,20.15,No,0.25247567254344044,Low Risk,2991
7853-GVUDZ,1,20.15,20.15,Yes,0.25247567254344044,Low Risk,2992
1240-KNSEZ,1,20.1,20.1,Yes,0.2521844700048709,Low Risk,2993
1000-AJSLD,1,20.1,20.1,Yes,0.2521844700048709,Low Risk,2994
3148-BLQJT,1,20.1,20.1,Yes,0.2521844700048709,Low Risk,2995
5236-PERKL,57,112.95,6465.0,Yes,0.2519399053592606,Low Risk,2996
2812-SFXMJ,1,20.05,20.05,No,0.25189349015786466,Low Risk,2997
7096-UCLNH,1,20.05,20.05,No,0.25189349015786466,Low Risk,2998
3030-ZKIWL,1,20.05,20.05,No,0.25189349015786466,Low Risk,2999
8749-CLJXC,1,20.05,20.05,No,0.25189349015786466,Low Risk,3000
1349-WXNGG,1,20.05,20.05,Yes,0.25189349015786466,Low Risk,3001
5028-HTLJB,1,20.05,20.05,Yes,0.25189349015786466,Low Risk,3002
4661-NJEUX,1,20.05,20.05,No,0.25189349015786466,Low Risk,3003
9962-BFPDU,1,20.05,20.05,No,0.25189349015786466,Low Risk,3004
1545-ACTAS,48,99.7,4977.2,No,0.25188713508941585,Low Risk,3005
7698-YFGEZ,1,20.0,20.0,No,0.2516027330933026,Low Risk,3006
4877-EVATK,1,20.0,20.0,Yes,0.2516027330933026,Low Risk,3007
3807-XHCJH,1,20.0,20.0,No,0.2516027330933026,Low Risk,3008
4316-XCSLJ,17,50.3,846.8,No,0.2514289512912523,Low Risk,3009
6286-SUUWT,1,19.95,19.95,No,0.25131219890139583,Low Risk,3010
3506-LCJDC,1,19.95,19.95,Yes,0.25131219890139583,Low Risk,3011
2542-HYGIQ,1,19.95,19.95,No,0.25131219890139583,Low Risk,3012
5143-WMWOG,1,19.95,19.95,Yes,0.25131219890139583,Low Risk,3013
8623-ULFNQ,26,66.05,1652.4,No,0.2512043098673444,Low Risk,3014
2320-JRSDE,1,19.9,19.9,Yes,0.2510218876716868,Low Risk,3015
7878-RTCZG,1,19.9,19.9,No,0.2510218876716868,Low Risk,3016
5515-IDEJJ,1,19.9,19.9,Yes,0.2510218876716868,Low Risk,3017
6654-QGBZZ,1,19.9,19.9,No,0.2510218876716868,Low Risk,3018
3900-AQPHZ,1,19.9,19.9,Yes,0.2510218876716868,Low Risk,3019
2654-VBVPB,1,19.9,19.9,No,0.2510218876716868,Low Risk,3020
4800-VHZKI,1,19.9,19.9,Yes,0.2510218876716868,Low Risk,3021
2369-FEVNO,1,19.9,19.9,No,0.2510218876716868,Low Risk,3022
2931-XIQBR,50,103.05,5153.5,No,0.2509101314015935,Low Risk,3023
6777-TGHTM,53,106.95,5785.5,Yes,0.25087867726761065,Low Risk,3024
2669-OIDSD,48,100.05,4834.0,No,0.25081742743908436,Low Risk,3025
7025-IWFHT,41,89.55,3729.75,No,0.25079519079045276,Low Risk,3026
0107-WESLM,1,19.85,19.85,Yes,0.25073179949304986,Low Risk,3027
1064-FBXNK,1,19.85,19.85,No,0.25073179949304986,Low Risk,3028
4291-HPAXL,1,19.85,19.85,No,0.25073179949304986,Low Risk,3029
1135-LMECX,1,19.85,19.85,No,0.25073179949304986,Low Risk,3030
5977-CKHON,43,92.55,4039.0,No,0.2506666690322163,Low Risk,3031
7129-AZJDE,34,78.95,2647.2,No,0.2506634471226991,Low Risk,3032
4892-VLANZ,1,19.8,19.8,Yes,0.25044193445369145,Low Risk,3033
8562-GHPPI,1,19.8,19.8,No,0.25044193445369145,Low Risk,3034
2978-XXSOG,22,59.05,1253.5,No,0.25042217030224007,Low Risk,3035
2599-CZABP,14,44.6,641.25,No,0.2502624579846308,Low Risk,3036
7854-EDSSA,22,59.0,1254.7,Yes,0.25015947656376347,Low Risk,3037
2465-BLLEU,1,19.75,19.75,No,0.25015229264115163,Low Risk,3038
7239-HZZCX,1,19.75,19.75,Yes,0.25015229264115163,Low Risk,3039
9103-CXVOK,1,19.75,19.75,No,0.25015229264115163,Low Risk,3040
6849-WLEYG,1,19.75,19.75,Yes,0.25015229264115163,Low Risk,3041
7853-WNZSY,1,19.75,19.75,No,0.25015229264115163,Low Risk,3042
3930-ZGWVE,1,19.75,19.75,No,0.25015229264115163,Low Risk,3043
6124-ACRHJ,1,19.75,19.75,No,0.25015229264115163,Low Risk,3044
3717-OFRTN,1,19.75,19.75,No,0.25015229264115163,Low Risk,3045
1156-ZFYDO,1,19.75,19.75,No,0.25015229264115163,Low Risk,3046
6615-ZGEDR,1,19.7,19.7,Yes,0.24986287414230385,Low Risk,3047
0247-SLUJI,1,19.7,19.7,No,0.24986287414230385,Low Risk,3048
4903-CNOZC,29,70.9,1964.6,No,0.24976164162722017,Low Risk,3049
7343-EOBEU,3,23.6,89.05,No,0.24975775900300867,Low Risk,3050
7291-CDTMJ,1,19.65,19.65,No,0.24957367904335637,Low Risk,3051
6141-OOXUQ,1,19.65,19.65,Yes,0.24957367904335637,Low Risk,3052
7721-DVEKZ,1,19.65,19.65,No,0.24957367904335637,Low Risk,3053
3785-NRHYR,1,19.65,19.65,No,0.24957367904335637,Low Risk,3054
0970-QXPXW,1,19.65,19.65,No,0.24957367904335637,Low Risk,3055
5562-BETPV,1,19.65,19.65,No,0.24957367904335637,Low Risk,3056
8329-IBCTI,1,19.65,19.65,Yes,0.24957367904335637,Low Risk,3057
1194-SPVSP,1,19.65,19.65,No,0.24957367904335637,Low Risk,3058
3680-CTHUH,60,116.6,7049.5,No,0.24943922967959997,Low Risk,3059
4588-YBNIB,1,19.6,19.6,Yes,0.2492847074298523,Low Risk,3060
7989-CHGTL,1,19.6,19.6,Yes,0.2492847074298523,Low Risk,3061
7395-XWZOY,20,55.0,1165.55,No,0.24926221665166012,Low Risk,3062
9722-UJOJR,29,70.75,1974.8,Yes,0.24911728675403177,Low Risk,3063
9500-LTVBP,35,80.05,2835.9,No,0.2490272084376229,Low Risk,3064
8605-ITULD,1,19.55,19.55,No,0.24899595938667066,Low Risk,3065
1029-QFBEN,1,19.55,19.55,Yes,0.24899595938667066,Low Risk,3066
0927-CNGRH,1,19.55,19.55,No,0.24899595938667066,Low Risk,3067
2576-HXMPA,1,19.55,19.55,No,0.24899595938667066,Low Risk,3068
2866-IKBTM,1,19.55,19.55,No,0.24899595938667066,Low Risk,3069
1622-HSHSF,1,19.55,19.55,No,0.24899595938667066,Low Risk,3070
7601-WFVZV,1,19.55,19.55,No,0.24899595938667066,Low Risk,3071
6624-JDRDS,6,29.45,161.45,No,0.24892035176358665,Low Risk,3072
6845-RGTYS,47,98.75,4533.7,Yes,0.24889811000797535,Low Risk,3073
1905-OEILC,1,19.5,19.5,No,0.24870743499802692,Low Risk,3074
8566-YPRGL,1,19.5,19.5,No,0.24870743499802692,Low Risk,3075
5906-BFOZT,1,19.5,19.5,No,0.24870743499802692,Low Risk,3076
7551-JOHTI,1,19.5,19.5,Yes,0.24870743499802692,Low Risk,3077
4484-GLZOU,52,105.05,5624.85,Yes,0.24850831534076742,Low Risk,3078
8393-JMVMB,1,19.45,19.45,No,0.24841913434747379,Low Risk,3079
3679-XASPY,1,19.45,19.45,No,0.24841913434747379,Low Risk,3080
4760-XOHVN,1,19.45,19.45,Yes,0.24841913434747379,Low Risk,3081
1725-MIMXW,1,19.45,19.45,Yes,0.24841913434747379,Low Risk,3082
7617-EYGLW,1,19.45,19.45,No,0.24841913434747379,Low Risk,3083
9174-FKWZE,1,19.45,19.45,Yes,0.24841913434747379,Low Risk,3084
2091-RFFBA,31,73.9,2217.15,Yes,0.24841545951930358,Low Risk,3085
1100-DDVRV,17,49.8,836.35,No,0.24832158786950878,Low Risk,3086
4430-YHXGG,4,25.45,84.2,No,0.24828110045713744,Low Risk,3087
7298-IZWLY,1,19.4,19.4,No,0.24813105751790154,Low Risk,3088
9629-NHXFW,1,19.4,19.4,No,0.24813105751790154,Low Risk,3089
2220-IAHLS,1,19.4,19.4,No,0.24813105751790154,Low Risk,3090
5766-ZJYBB,1,19.4,19.4,Yes,0.24813105751790154,Low Risk,3091
9350-ZXYJC,4,25.3,116.95,No,0.24812222741002854,Low Risk,3092
0799-DDIHE,15,46.3,639.45,No,0.2479879403784837,Low Risk,3093
3522-CDKHF,32,75.5,2324.7,No,0.2479165598655134,Low Risk,3094
7607-QKKTJ,45,95.0,4368.85,No,0.24781619472890837,Low Risk,3095
1724-IQWNM,1,19.3,19.3,No,0.2475555756499552,Low Risk,3096
7926-IJOOU,1,19.3,19.3,No,0.2475555756499552,Low Risk,3097
0761-AETCS,1,19.3,19.3,Yes,0.2475555756499552,Low Risk,3098
4667-OHGKG,1,19.3,19.3,Yes,0.2475555756499552,Low Risk,3099
8746-OQQRW,4,25.25,101.9,No,0.24751332634382867,Low Risk,3100
5510-BOIUJ,1,19.25,19.25,Yes,0.2472681707740573,Low Risk,3101
1098-TDVUQ,1,19.25,19.25,No,0.2472681707740573,Low Risk,3102
9374-YOLBJ,1,19.25,19.25,No,0.2472681707740573,Low Risk,3103
5167-GBFRE,4,25.2,102.5,Yes,0.2472398501577355,Low Risk,3104
6568-POCUI,45,95.2,4285.8,No,0.2471850721452273,Low Risk,3105
3190-XFANI,49,100.6,5069.65,Yes,0.24703099347786675,Low Risk,3106
1663-MHLHE,1,19.2,19.2,No,0.24698099004409405,Low Risk,3107
3308-MHOOC,1,19.2,19.2,No,0.24698099004409405,Low Risk,3108
4232-JGKIY,1,19.2,19.2,No,0.24698099004409405,Low Risk,3109
3373-YZZYM,1,19.2,19.2,No,0.24698099004409405,Low Risk,3110
9053-EJUNL,41,89.2,3645.75,No,0.2469790995599879,Low Risk,3111
4815-GBTCD,4,25.15,99.95,No,0.24689929089752352,Low Risk,3112
9069-LGEUL,23,59.95,1406.0,No,0.2468652308905232,Low Risk,3113
2834-JKOOW,15,45.9,693.45,No,0.24685221048465975,Low Risk,3114
4676-MQUEA,50,101.9,5265.5,No,0.24670418420054557,Low Risk,3115
7302-ZHMHP,1,19.15,19.15,No,0.24669403353965547,Low Risk,3116
6569-KTMDU,1,19.1,19.1,No,0.24640730133967337,Low Risk,3117
6121-VZNQB,1,19.1,19.1,Yes,0.24640730133967337,Low Risk,3118
9441-QHEVC,1,19.1,19.1,No,0.24640730133967337,Low Risk,3119
7530-HDYDS,38,84.25,3264.5,Yes,0.24636162316773236,Low Risk,3120
6986-IJDHX,39,86.3,3266.0,Yes,0.24617310064612555,Low Risk,3121
1015-OWJKI,1,19.05,19.05,No,0.24612079352242214,Low Risk,3122
0778-NELLA,9,34.7,296.1,Yes,0.2459824020050026,Low Risk,3123
8910-ICHIU,46,95.65,4664.2,No,0.24589759755015442,Low Risk,3124
1183-CANVH,23,60.0,1347.15,No,0.24589558231619718,Low Risk,3125
1423-BMPBQ,1,19.0,19.0,No,0.24583451016551994,Low Risk,3126
9651-GTSAQ,53,106.1,5769.75,Yes,0.2456621527149959,Low Risk,3127
4500-HKANN,23,59.7,1414.2,No,0.2456129477461585,Low Risk,3128
9975-SKRNR,1,18.9,18.9,No,0.24526261713995437,Low Risk,3129
1689-MRZQR,34,78.3,2564.3,Yes,0.24516070684729385,Low Risk,3130
9318-NKNFC,1,18.85,18.85,Yes,0.24497700762325006,Low Risk,3131
8992-CEUEN,1,18.85,18.85,No,0.24497700762325006,Low Risk,3132
2967-MXRAV,1,18.8,18.8,No,0.24469162287081397,Low Risk,3133
4439-YRNVD,10,36.25,374.0,No,0.24457226753896175,Low Risk,3134
6827-IEAUQ,27,66.15,1874.45,No,0.24455721577436085,Low Risk,3135
0377-JBKKT,22,57.95,1271.8,No,0.24451352058538708,Low Risk,3136
0816-TSPHQ,2,20.75,44.2,No,0.24444297030477827,Low Risk,3137
2651-ZCBXV,54,108.0,5760.65,No,0.24439560063824609,Low Risk,3138
5278-PNYOX,49,100.65,4917.75,No,0.244083409352076,Low Risk,3139
3007-FDPEA,2,20.7,39.85,No,0.2440668647217459,Low Risk,3140
0265-EDXBD,32,74.9,2303.35,Yes,0.24403914081198558,Low Risk,3141
6769-DCQLI,52,105.0,5426.85,Yes,0.244001385204989,Low Risk,3142
5032-USPKF,38,84.1,3187.65,No,0.24387457475681887,Low Risk,3143
6360-SVNWV,31,73.55,2094.65,No,0.24380748554667767,Low Risk,3144
2839-RFSQE,2,20.65,38.7,Yes,0.2437589046818039,Low Risk,3145
2040-VZIKE,49,100.85,4847.35,No,0.24372645563351714,Low Risk,3146
1193-RTSLK,38,83.9,3233.6,Yes,0.24371364009861776,Low Risk,3147
5712-AHQNN,43,91.65,3954.1,No,0.24370141841561901,Low Risk,3148
8261-GWDBQ,60,116.05,6925.9,No,0.24365970857059002,Low Risk,3149
2806-MLNTI,52,105.1,5376.4,No,0.24350007405708543,Low Risk,3150
9139-WQQDY,49,100.45,4941.8,Yes,0.2434587378592312,Low Risk,3151
6942-LBFDP,2,20.55,33.6,No,0.24308459150501935,Low Risk,3152
9626-VFRGG,41,88.5,3645.05,No,0.24298216876154916,Low Risk,3153
9086-YJYXS,34,77.2,2753.8,No,0.2429350920705263,Low Risk,3154
2673-CXQEU,56,110.5,6139.5,No,0.2429089407683619,Low Risk,3155
5857-XRECV,2,20.5,38.25,No,0.24289997287106244,Low Risk,3156
7064-FRRSW,48,99.0,4744.35,No,0.24289935689355246,Low Risk,3157
0943-ZQPXH,44,92.95,4122.9,No,0.2428058714483414,Low Risk,3158
5985-TBABQ,32,74.75,2282.95,No,0.24275802798275586,Low Risk,3159
3594-IVHJZ,2,20.45,42.45,No,0.24270594858068734,Low Risk,3160
5681-LLOEI,43,91.25,4013.8,No,0.24269930804342568,Low Risk,3161
5261-QSHQM,4,24.45,86.6,Yes,0.24263610985388964,Low Risk,3162
2898-LSJGD,21,55.95,1157.05,Yes,0.2425872818245633,Low Risk,3163
4829-AUOAX,46,96.05,4399.5,Yes,0.24255610481986306,Low Risk,3164
6870-ECSHE,2,20.45,34.8,No,0.24254447178957975,Low Risk,3165
5385-SUIRI,52,104.2,5568.35,Yes,0.2424642662812357,Low Risk,3166
2410-CIYFZ,2,20.4,42.9,No,0.24243290821602642,Low Risk,3167
9818-XQCUV,2,20.35,45.3,No,0.2422011862421133,Low Risk,3168
8739-QOTTN,2,20.35,41.85,No,0.2421284573742428,Low Risk,3169
4307-KWMXE,10,35.75,389.8,No,0.24207510550030875,Low Risk,3170
5732-IKGQH,52,104.45,5481.25,No,0.24203910691966649,Low Risk,3171
5562-YJQGT,2,20.35,35.1,No,0.241986204752788,Low Risk,3172
4195-SMMNX,2,20.35,33.2,Yes,0.24194617353701736,Low Risk,3173
2342-CKIAO,2,20.3,41.2,No,0.2418326911790298,Low Risk,3174
1755-RMCXH,2,20.3,40.25,No,0.24181268365481443,Low Risk,3175
5650-VDUDS,4,24.25,96.05,Yes,0.24170643998989444,Low Risk,3176
8610-ZIKJJ,2,20.3,31.9,No,0.24163687655235425,Low Risk,3177
5067-DGXLL,2,20.25,36.8,No,0.24145826638385035,Low Risk,3178
1910-FMXJM,36,80.4,2937.65,No,0.24129510764548914,Low Risk,3179
8883-GRDWQ,20,54.0,1055.9,No,0.2412383608735539,Low Risk,3180
4697-LUPSU,2,20.2,34.75,No,0.24113362963597904,Low Risk,3181
1310-QRITU,18,50.3,913.3,No,0.24092694614463409,Low Risk,3182
5366-OBVMR,18,50.3,908.75,No,0.24083137573360952,Low Risk,3183
7017-VFULY,2,20.1,43.15,No,0.2407476104111252,Low Risk,3184
0678-RLHVP,53,105.55,5682.25,No,0.24069922955075243,Low Risk,3185
8006-PYCSW,2,20.1,39.8,No,0.24067727864097188,Low Risk,3186
6022-UGGSO,32,74.4,2276.95,Yes,0.2406587330419582,Low Risk,3187
5919-VCZYM,2,20.05,42.7,No,0.24045719164148305,Low Risk,3188
0871-OPBXW,2,20.05,39.25,No,0.24038482034268374,Low Risk,3189
4116-IQRFR,4,24.1,73.1,No,0.2403801884847057,Low Risk,3190
2826-DXLQO,7,29.8,220.45,No,0.2402929121311218,Low Risk,3191
0188-GWFLE,2,20.05,33.7,No,0.24026842819367342,Low Risk,3192
4986-MXSFP,2,20.0,40.9,No,0.24013871478540935,Low Risk,3193
4237-CLSMM,2,20.0,38.0,No,0.2400779350480686,Low Risk,3194
0568-ONFPC,5,25.9,135.0,Yes,0.24005777429691344,Low Risk,3195
5173-ZXXXL,2,19.95,47.7,No,0.24000066834200237,Low Risk,3196
9700-ZCLOT,2,20.0,32.7,No,0.23996688203195563,Low Risk,3197
2832-SCUCO,2,19.9,57.4,No,0.2399234186522586,Low Risk,3198
0909-SDHNU,7,29.8,201.95,No,0.23990518963244004,Low Risk,3199
1796-JANOW,2,19.95,38.15,No,0.2398006328509585,Low Risk,3200
7356-AYNJP,4,23.9,97.5,No,0.23976931672253018,Low Risk,3201
2303-PJYHN,2,19.85,52.0,No,0.2395300913450799,Low Risk,3202
8150-QUDFX,2,19.85,51.6,No,0.2395217218583335,Low Risk,3203
7636-XUHWW,2,19.9,33.7,No,0.23942731479428897,Low Risk,3204
2921-XWDJH,38,83.45,3147.15,No,0.23935905519418532,Low Risk,3205
9732-EQMWY,49,99.4,5025.0,No,0.23929543806633438,Low Risk,3206
4464-JCOLN,2,19.85,35.9,Yes,0.23919337776596805,Low Risk,3207
1137-DGOWI,30,70.25,2198.9,No,0.23917664428832236,Low Risk,3208
8690-UPCZI,29,69.05,1958.45,No,0.2391239117195829,Low Risk,3209
9518-IMLHK,31,72.45,2156.25,No,0.2389085725479947,Low Risk,3210
5843-TTHGI,18,50.0,892.7,No,0.23881316968381583,Low Risk,3211
3936-QQFLL,2,19.75,39.3,No,0.23870509887280053,Low Risk,3212
6620-HVDUJ,24,60.45,1440.75,No,0.23861833876064767,Low Risk,3213
4187-CINZD,46,95.25,4424.2,Yes,0.2385793836833607,Low Risk,3214
7771-ZONAT,22,56.75,1304.85,No,0.23844897205261506,Low Risk,3215
6198-PNNSZ,56,109.8,6109.65,No,0.23834857585930888,Low Risk,3216
6651-AZVTJ,49,99.8,4872.45,Yes,0.23834635484359523,Low Risk,3217
5766-XQXMQ,29,68.85,1970.5,Yes,0.23825766611918348,Low Risk,3218
2640-LYMOV,2,19.65,38.8,No,0.23813621779476177,Low Risk,3219
7321-ZNSLA,13,40.55,590.35,No,0.23805302696767752,Low Risk,3220
5671-UUNXD,50,100.65,5189.75,No,0.2380474799433694,Low Risk,3221
1608-GMEWB,45,93.9,4200.25,No,0.2380334104739212,Low Risk,3222
3845-FXCYS,2,19.65,31.2,No,0.23797786745802463,Low Risk,3223
7854-EKTJL,2,19.6,35.85,Yes,0.23779590881703885,Low Risk,3224
1814-DKOLC,5,25.45,134.75,No,0.23753681099953347,Low Risk,3225
5651-WYIPH,18,49.85,865.75,No,0.23741462395424545,Low Risk,3226
2308-STERM,2,19.4,61.05,No,0.23720618079865985,Low Risk,3227
0883-EIBTI,2,19.5,31.55,Yes,0.2371495429763978,Low Risk,3228
1051-GEJLJ,2,19.5,27.55,No,0.23706642955573629,Low Risk,3229
2498-XLDZR,32,73.6,2316.85,No,0.23701900253792166,Low Risk,3230
9101-NTIXF,2,19.4,50.6,No,0.2369890535418371,Low Risk,3231
0074-HDKDG,25,61.6,1611.0,No,0.23693069958724688,Low Risk,3232
3567-PQTSO,53,105.25,5576.3,No,0.23681035584449261,Low Risk,3233
2364-UFROM,30,70.4,2044.75,No,0.23680212128019754,Low Risk,3234
0366-NQSHS,2,19.35,46.35,No,0.2366228999035387,Low Risk,3235
2379-GYFLQ,46,94.9,4422.95,No,0.23660347647269872,Low Risk,3236
9386-LDCZR,43,90.65,3882.3,No,0.23658470710609236,Low Risk,3237
8849-GYOKR,54,106.55,5763.3,Yes,0.23630931106806977,Low Risk,3238
0396-HUJBP,2,19.3,44.4,No,0.236304811969327,Low Risk,3239
2284-VFLKH,49,99.25,4920.8,No,0.2362899002061731,Low Risk,3240
3156-QLHBO,2,19.25,48.35,No,0.236109233314075,Low Risk,3241
7410-KTVFV,18,49.55,878.35,Yes,0.23600905058188618,Low Risk,3242
6598-RFFVI,2,19.3,28.3,Yes,0.23597122540733384,Low Risk,3243
3882-IYOIJ,60,115.25,6758.45,No,0.23567160397574946,Low Risk,3244
9137-NOQKA,2,19.2,37.2,No,0.2356012481727507,Low Risk,3245
8909-BOLNL,3,21.2,52.05,No,0.23541761492729843,Low Risk,3246
0661-WCQNQ,22,56.25,1292.2,No,0.23540608045626096,Low Risk,3247
5349-AZPEW,5,25.05,125.5,No,0.23512475653796677,Low Risk,3248
0991-BRRFB,18,49.4,874.8,Yes,0.2351048923809085,Low Risk,3249
2408-WITXK,10,34.7,329.8,Yes,0.23495835258350017,Low Risk,3250
7663-CUXZB,59,113.75,6561.25,No,0.23485326958914557,Low Risk,3251
4881-JVQOD,10,34.55,362.6,No,0.23480637370136706,Low Risk,3252
5524-KHNJP,33,74.75,2453.3,No,0.23464121109984473,Low Risk,3253
4338-EYCER,21,54.6,1125.2,No,0.23438297432588823,Low Risk,3254
7802-EFKNY,5,24.95,100.4,Yes,0.23405481352003976,Low Risk,3255
1061-PNTHC,56,109.6,5953.0,No,0.23399299248236205,Low Risk,3256
2621-UDNLU,3,20.85,72.0,No,0.23389594508723502,Low Risk,3257
5536-RTPWK,49,99.05,4853.75,Yes,0.23379914822719114,Low Risk,3258
4525-VZCZG,54,105.85,5826.65,No,0.23374694092028148,Low Risk,3259
7764-BDPEE,3,20.85,60.65,No,0.23366240710378958,Low Risk,3260
8012-SOUDQ,43,90.25,3838.75,No,0.23347349463122666,Low Risk,3261
9426-SXNHE,2,18.75,53.15,No,0.233445564875646,Low Risk,3262
6988-CJEYV,49,98.7,4920.55,No,0.23324583695974993,Low Risk,3263
0463-WZZKO,3,20.75,67.1,No,0.2332446096091464,Low Risk,3264
2927-QRRQV,46,94.65,4312.5,No,0.23294285277483584,Low Risk,3265
9730-DRTMJ,32,72.8,2333.05,No,0.23293062446091672,Low Risk,3266
6092-QZVPP,36,79.2,2854.95,No,0.23290163923744156,Low Risk,3267
6394-HHHZM,3,20.7,57.5,No,0.232772705616837,Low Risk,3268
6402-SSEJG,25,61.05,1540.2,No,0.2324319638000018,Low Risk,3269
4625-EWPTF,8,30.45,226.45,Yes,0.23243167748586932,Low Risk,3270
4366-CTOUZ,50,100.2,5038.45,No,0.23243119911084412,Low Risk,3271
0305-SQECB,11,36.05,402.6,No,0.23238790068531445,Low Risk,3272
1370-GGAWX,46,94.15,4408.45,No,0.2321653814781964,Low Risk,3273
2792-VPPET,3,20.5,76.95,No,0.23207390868110658,Low Risk,3274
1222-LRYKO,6,26.35,184.05,No,0.23198692848671942,Low Risk,3275
6543-JXSOO,23,57.75,1282.85,No,0.23197182342515368,Low Risk,3276
5808-TOTXO,3,20.55,57.4,No,0.23194777496045094,Low Risk,3277
4062-HBMOS,52,103.05,5364.8,No,0.23183705738459476,Low Risk,3278
6064-PUPMC,23,57.2,1423.35,No,0.23183348558594705,Low Risk,3279
4390-KYULV,3,20.55,51.15,Yes,0.23181990182606954,Low Risk,3280
5136-RGMZO,31,71.05,2168.15,No,0.23141051207855076,Low Risk,3281
9770-LXDBK,3,20.4,63.15,No,0.23124432407230236,Low Risk,3282
2233-FAGXV,5,24.3,132.25,No,0.23113952457886075,Low Risk,3283
5014-WUQMG,47,96.1,4391.45,No,0.23105908206091053,Low Risk,3284
6821-JPCDC,48,97.05,4692.95,No,0.23099043555261434,Low Risk,3285
3545-CNWRG,49,98.35,4889.2,No,0.23068650014125391,Low Risk,3286
8158-WPEZG,11,35.65,425.1,No,0.23065891659769394,Low Risk,3287
3280-MRDOF,30,69.1,2093.9,No,0.23065272409172272,Low Risk,3288
4393-OBCRR,3,20.25,71.2,No,0.2305892363565261,Low Risk,3289
6180-YBIQI,5,24.3,100.2,No,0.23048591026857818,Low Risk,3290
2240-HSJQD,38,81.85,3141.7,No,0.2304038923114007,Low Risk,3291
3195-TQDZX,3,20.25,61.45,No,0.23039059358940786,Low Risk,3292
4718-DHSMV,11,35.8,363.15,No,0.23021509008557065,Low Risk,3293
3744-ZBHON,3,20.2,65.95,No,0.2302096301469942,Low Risk,3294
2856-NNASM,43,89.55,3856.75,Yes,0.23000868723353773,Low Risk,3295
2927-CVULT,53,104.05,5566.4,No,0.23000356136586358,Low Risk,3296
2309-OSFEU,10,33.9,298.45,Yes,0.2299262318806761,Low Risk,3297
3039-MJSLN,3,20.2,50.6,No,0.22989731028796506,Low Risk,3298
3946-JEWRQ,47,95.2,4563.0,No,0.2296452861160168,Low Risk,3299
3407-QGWLG,3,20.05,75.45,No,0.22958605746278019,Low Risk,3300
2402-TAIRZ,37,80.05,3019.1,No,0.22948206852126077,Low Risk,3301
4851-BQDNX,40,85.05,3355.65,No,0.22943363524457788,Low Risk,3302
6559-RAKOZ,49,97.95,4917.9,No,0.22909215295901006,Low Risk,3303
6732-FZUGP,47,94.9,4615.25,No,0.2290752803318715,Low Risk,3304
6734-CKRSM,3,20.0,63.6,No,0.22907369763340893,Low Risk,3305
2393-DIVAI,3,20.0,61.7,No,0.2290351570816631,Low Risk,3306
6289-CPNLD,33,73.9,2405.05,Yes,0.2289990052609535,Low Risk,3307
7586-ZATGZ,40,84.9,3369.05,No,0.2288905998969611,Low Risk,3308
7808-DVWEP,3,20.0,49.65,No,0.22879083497438196,Low Risk,3309
2925-MXLSX,30,68.95,2038.7,No,0.22871462937794698,Low Risk,3310
7521-YXVZY,3,19.95,58.3,No,0.22869483167843868,Low Risk,3311
0178-CIIKR,3,19.95,58.0,No,0.2286887531044959,Low Risk,3312
0409-WTMPL,58,110.65,6526.65,No,0.22860819725866177,Low Risk,3313
7017-VFHAY,61,115.1,7008.15,No,0.22851308886086813,Low Risk,3314
7103-IPXPJ,50,99.4,5059.75,No,0.22850152632947973,Low Risk,3315
4827-USJHP,20,51.8,1023.85,No,0.22842137355923373,Low Risk,3316
8467-WYNSR,22,55.1,1253.15,No,0.2283083972307441,Low Risk,3317
6776-TLWOI,3,19.85,64.55,Yes,0.22827922322933675,Low Risk,3318
0137-UDEUO,3,19.85,63.75,Yes,0.2282630346909399,Low Risk,3319
3097-IDVPU,19,50.1,910.45,No,0.22823220503081595,Low Risk,3320
3642-GKTCT,61,115.1,6993.65,No,0.22821958546869683,Low Risk,3321
5066-GFJMM,3,19.9,45.75,No,0.22816971083584162,Low Risk,3322
0030-FNXPP,3,19.85,57.2,No,0.2281305214413917,Low Risk,3323
3346-BRMIS,18,48.35,810.7,Yes,0.22804845761307826,Low Risk,3324
1449-XQEMT,3,19.8,58.15,Yes,0.2278790497570875,Low Risk,3325
1095-JUDTC,47,95.05,4504.55,Yes,0.2276475050772513,Low Risk,3326
9867-XOBQA,21,53.15,1183.2,No,0.2276445933147872,Low Risk,3327
6214-EDAKZ,22,55.15,1206.05,Yes,0.22762683903565753,Low Risk,3328
0268-QKIWO,3,19.75,58.85,Yes,0.227622724699666,Low Risk,3329
0103-CSITQ,57,109.4,6252.7,No,0.22760884927182717,Low Risk,3330
7055-VKGDA,54,105.4,5643.4,Yes,0.22755598893236406,Low Risk,3331
8782-LKFPK,44,90.4,4063.0,No,0.22746773094409747,Low Risk,3332
4576-CSAJH,22,55.15,1193.05,Yes,0.227364405564058,Low Risk,3333
2873-ZLIWT,40,84.85,3303.05,Yes,0.22728505695727666,Low Risk,3334
6646-VRFOL,53,103.85,5485.5,Yes,0.2272798029556588,Low Risk,3335
7526-IVLYU,3,19.65,68.35,No,0.22727404725677303,Low Risk,3336
1465-WCZVT,3,19.65,60.65,No,0.227118750205215,Low Risk,3337
2038-YSEZE,29,67.45,1801.1,No,0.22709766198092662,Low Risk,3338
8695-ARGXZ,34,75.55,2425.4,No,0.22703585744818863,Low Risk,3339
8679-LZBMD,44,90.65,3974.15,No,0.2270257079439881,Low Risk,3340
2558-BUOZZ,47,94.8,4535.85,No,0.22692856069910775,Low Risk,3341
6837-BJYDQ,3,19.6,61.35,No,0.22686302907979797,Low Risk,3342
1087-UDSIH,3,19.6,59.75,Yes,0.22683079462963576,Low Risk,3343
6184-DYUOB,3,19.6,55.25,No,0.2267401525909363,Low Risk,3344
5233-GEEAX,8,29.4,221.9,Yes,0.2266284968286448,Low Risk,3345
4456-RHSNB,19,49.6,962.9,No,0.22658892800266098,Low Risk,3346
4693-VWVBO,3,19.55,61.05,No,0.22658738059127975,Low Risk,3347
9812-GHVRI,40,83.85,3532.25,No,0.22650833978434215,Low Risk,3348
7722-CVFXN,54,105.2,5637.85,No,0.22636492037233508,Low Risk,3349
5133-VRSAB,8,29.35,216.45,No,0.22624947176143367,Low Risk,3350
1179-INLAT,3,19.45,69.25,No,0.22621368471978143,Low Risk,3351
3283-WCWXT,6,25.4,153.3,No,0.22620313540742532,Low Risk,3352
7421-ZLUPA,8,29.25,226.95,No,0.22592237043223554,Low Risk,3353
8201-AAXCB,25,60.35,1404.65,No,0.22587893610045148,Low Risk,3354
5327-CNLUQ,48,96.9,4473.45,No,0.22573469957959222,Low Risk,3355
6710-HSJRD,61,114.1,7132.15,No,0.22561514901189547,Low Risk,3356
4983-CLMLV,52,102.7,5138.1,No,0.2253472406546559,Low Risk,3357
9357-UJRUN,24,58.35,1346.9,No,0.22519633530823094,Low Risk,3358
7785-RDVIG,3,19.3,54.7,No,0.22511549519902388,Low Risk,3359
3780-DDGSE,35,76.05,2747.2,No,0.22495523124891922,Low Risk,3360
9575-IWCAZ,6,25.1,171.0,No,0.22494648774445786,Low Risk,3361
7950-XWOVN,11,34.7,383.55,No,0.22468235389780106,Low Risk,3362
9052-DHNKM,26,61.55,1581.95,No,0.22466352557518374,Low Risk,3363
6516-NKQBO,38,81.0,3084.9,No,0.2246625233175569,Low Risk,3364
2087-QAREY,22,54.7,1178.75,No,0.22465604163388297,Low Risk,3365
8178-EYZUO,46,93.7,4154.8,Yes,0.22459251231328076,Low Risk,3366
9796-MVYXX,14,39.7,692.35,No,0.22407992749662245,Low Risk,3367
5651-CRHKQ,41,86.2,3339.05,No,0.2240381574557764,Low Risk,3368
9039-ZVJDC,3,19.1,53.05,No,0.22401136168169378,Low Risk,3369
1407-DIGZV,3,19.1,52.0,No,0.22399039632918702,Low Risk,3370
2616-UUTFK,33,72.75,2447.45,No,0.22365874453213663,Low Risk,3371
7361-YPXFS,28,64.45,1867.6,No,0.22353842091625586,Low Risk,3372
9986-BONCE,4,20.95,85.5,Yes,0.22338417975112074,Low Risk,3373
3865-QBWSJ,38,80.45,3162.65,No,0.2232747407649831,Low Risk,3374
9592-ERDKV,37,79.25,2911.8,No,0.2230174098964289,Low Risk,3375
6937-GCDGQ,19,48.95,955.6,No,0.2229593787958239,Low Risk,3376
6815-ABQFQ,56,107.25,6033.3,No,0.22288154359734746,Low Risk,3377
8480-PPONV,62,115.55,7159.05,No,0.22273653312969174,Low Risk,3378
3806-YAZOV,3,18.8,56.0,No,0.2224701693553328,Low Risk,3379
3714-XPXBW,37,78.9,2976.95,No,0.2224494211431998,Low Risk,3380
7219-TLZHO,4,20.85,62.9,No,0.22240179083856035,Low Risk,3381
9894-QMIMJ,23,55.8,1327.85,No,0.22235148353792306,Low Risk,3382
2433-KMEAS,22,54.45,1127.35,Yes,0.2222971642470737,Low Risk,3383
0997-YTLNY,19,48.8,953.65,No,0.2221224355920146,Low Risk,3384
3301-LSLWQ,29,66.1,1912.15,No,0.22208851585232645,Low Risk,3385
7976-CICYS,4,20.7,83.75,No,0.222018385817939,Low Risk,3386
1104-FEJAM,28,64.4,1802.15,No,0.22197052475287427,Low Risk,3387
9367-OIUXP,4,20.7,73.05,No,0.22180616129925176,Low Risk,3388
5989-OMNJE,24,57.6,1367.75,No,0.22160995115390142,Low Risk,3389
0156-FVPTA,22,54.2,1152.7,Yes,0.2214724013863263,Low Risk,3390
9412-ARGBX,48,95.5,4627.85,Yes,0.22133964493088953,Low Risk,3391
6168-YBYNP,59,111.35,6519.75,No,0.22102765799914897,Low Risk,3392
9738-QLWTP,39,81.9,3219.75,No,0.2210141617021076,Low Risk,3393
8189-DUKMV,4,20.5,79.05,No,0.22086481658051732,Low Risk,3394
5811-IWXYM,52,101.25,5301.1,No,0.2208629309485274,Low Risk,3395
6231-WFGFH,4,20.5,77.6,No,0.2208361557293684,Low Risk,3396
4690-LLKUA,17,45.05,770.6,Yes,0.22076279401894253,Low Risk,3397
1810-MVMAI,30,67.6,2000.2,No,0.22071128277162672,Low Risk,3398
9618-LFJRU,4,20.45,82.85,No,0.22067536102756694,Low Risk,3399
6353-BRMMA,54,104.1,5645.8,No,0.2206521344056806,Low Risk,3400
9929-PLVPA,4,20.4,94.5,No,0.2206410413762255,Low Risk,3401
5857-TYBCJ,44,89.2,4040.2,No,0.22059688887337014,Low Risk,3402
6599-CEBNN,34,73.95,2524.45,Yes,0.22046541031955474,Low Risk,3403
2495-TTHBQ,4,20.4,84.75,No,0.22044851312724423,Low Risk,3404
7105-MXJLL,26,60.7,1597.4,No,0.22044741229689713,Low Risk,3405
2321-OMBXY,38,80.3,3058.65,Yes,0.22041606692493476,Low Risk,3406
8591-TKMZH,59,111.1,6555.2,No,0.22040555613992596,Low Risk,3407
5687-DKDTV,4,20.35,77.5,Yes,0.22004139505552617,Low Risk,3408
0031-PVLZI,4,20.35,76.35,Yes,0.22001872463163788,Low Risk,3409
7627-JKIAZ,37,78.95,2839.65,Yes,0.21999721045856335,Low Risk,3410
0877-SDMBN,54,103.95,5639.05,Yes,0.21972685665642713,Low Risk,3411
8894-JVDCV,62,115.05,7133.45,No,0.21958124913758795,Low Risk,3412
9391-DXGGG,44,89.15,3990.75,No,0.2193583644045126,Low Risk,3413
6469-QJKZW,4,20.15,91.4,No,0.2192607361671689,Low Risk,3414
4397-FRLTA,4,20.15,84.5,No,0.21912508571371878,Low Risk,3415
7621-VPNET,42,85.9,3729.75,No,0.2191080422130247,Low Risk,3416
1596-BBVTG,35,75.35,2636.05,Yes,0.21903203777061014,Low Risk,3417
6543-CPZMK,9,29.95,248.95,Yes,0.21897289507972692,Low Risk,3418
0396-UKGAI,23,55.3,1284.2,No,0.2188454603607609,Low Risk,3419
3345-JHUEO,4,20.2,55.7,No,0.2188222994604724,Low Risk,3420
5712-VBOXD,4,20.15,68.45,No,0.21880978455381944,Low Risk,3421
0953-LGOVU,12,35.5,432.25,No,0.2188084367332762,Low Risk,3422
1855-CFULU,4,20.05,91.45,No,0.21873567740883673,Low Risk,3423
7874-ECPQJ,4,20.05,85.5,No,0.2186189015672397,Low Risk,3424
1336-EZFZY,4,20.05,83.3,No,0.2185757353168755,Low Risk,3425
6207-WIOLX,25,58.6,1502.65,Yes,0.21852296696429777,Low Risk,3426
6705-LNMDD,20,50.0,1003.05,No,0.2184031733807396,Low Risk,3427
1357-BIJKI,50,98.25,4858.7,No,0.21835894933870384,Low Risk,3428
9762-YAQAA,39,81.4,3213.75,No,0.21826033856924007,Low Risk,3429
7056-IMHCC,53,101.9,5549.4,Yes,0.21816895607417366,Low Risk,3430
5035-PGZXH,56,106.8,5914.4,No,0.21815505507101307,Low Risk,3431
3097-PYWXL,4,19.95,82.9,No,0.21804304533330707,Low Risk,3432
2233-TXSIU,17,44.45,792.15,No,0.21802640864433076,Low Risk,3433
6478-HRRCZ,32,70.5,2201.75,No,0.21794927829905805,Low Risk,3434
5619-XZZKR,4,19.95,68.2,No,0.21775528063521848,Low Risk,3435
8819-ZBYNA,58,109.1,6393.65,No,0.21769735357665068,Low Risk,3436
1337-BOZWO,18,46.4,812.4,No,0.2176962747993131,Low Risk,3437
0754-EEBDC,4,19.9,76.65,No,0.21765868897983043,Low Risk,3438
5144-PQCDZ,4,19.95,59.25,No,0.21758021123231733,Low Risk,3439
6260-XLACS,4,19.7,117.8,No,0.2174162495207839,Low Risk,3440
6839-ITVZJ,26,60.05,1616.15,Yes,0.21739732334386405,Low Risk,3441
4724-WXVWF,48,95.4,4445.3,No,0.2172233284696319,Low Risk,3442
4396-KLSEH,4,19.85,63.0,No,0.2171302952369454,Low Risk,3443
9821-POOTN,35,75.2,2576.2,Yes,0.21707323339251863,Low Risk,3444
4558-CGYCZ,4,19.75,78.3,No,0.21690632366296816,Low Risk,3445
4883-QICIH,32,69.75,2347.9,Yes,0.21688096975996876,Low Risk,3446
4010-YLMVT,56,106.6,5893.95,No,0.21670870063824285,Low Risk,3447
7776-QGYJC,39,81.5,3107.3,No,0.2167027924104129,Low Risk,3448
5160-UXJED,17,44.6,681.4,No,0.21664717107715545,Low Risk,3449
5702-SKUOB,4,19.6,93.45,No,0.21641869984686873,Low Risk,3450
7508-KBIMB,24,56.25,1454.25,No,0.21620964046272476,Low Risk,3451
0690-SRQID,4,19.65,67.55,No,0.21617505780449983,Low Risk,3452
6368-TZZDT,4,19.5,96.85,No,0.21596371511360085,Low Risk,3453
5655-JSMZM,49,96.2,4718.25,Yes,0.21581883700489826,Low Risk,3454
1354-YZFNB,4,19.55,68.8,No,0.21567866392359739,Low Risk,3455
8410-BGQXN,4,19.4,93.4,No,0.21537642456497966,Low Risk,3456
5092-STPKP,24,56.35,1381.2,No,0.21531020491398886,Low Risk,3457
1208-NBVFH,20,49.6,939.8,No,0.2150813012382425,Low Risk,3458
9948-YPTDG,38,79.45,3013.05,Yes,0.21507120560664397,Low Risk,3459
5285-MVEHD,56,105.6,6068.65,No,0.21489990750201868,Low Risk,3460
5649-RXQTV,51,99.0,5038.15,No,0.21487058294412684,Low Risk,3461
3253-HKOKL,52,100.3,5244.45,No,0.21477656733714362,Low Risk,3462
5089-IFSDP,58,109.45,6144.55,Yes,0.21467285000509143,Low Risk,3463
0895-DQHEW,54,104.3,5278.15,Yes,0.21451015894117534,Low Risk,3464
1400-WIVLL,57,107.95,5969.85,No,0.21434193946600286,Low Risk,3465
3424-NMNBO,58,108.85,6287.25,Yes,0.2143254726654747,Low Risk,3466
1329-VHWNP,7,25.05,189.95,No,0.21405262758126722,Low Risk,3467
8610-WFCJF,49,95.6,4783.5,Yes,0.21397001804073676,Low Risk,3468
6345-ULYRW,44,88.4,3912.9,Yes,0.21392632762028804,Low Risk,3469
9688-YGXVR,44,88.15,3973.2,No,0.21379815435452687,Low Risk,3470
0278-YXOOG,5,21.05,113.85,Yes,0.21349965007612273,Low Risk,3471
9099-FTUHS,23,54.4,1249.25,No,0.21347545282469638,Low Risk,3472
0696-UKTOX,23,54.15,1312.45,No,0.21340338925705485,Low Risk,3473
2408-TZMJL,59,110.15,6448.05,Yes,0.213353129417264,Low Risk,3474
9027-YFHQJ,7,25.05,152.95,No,0.2133384774278519,Low Risk,3475
6233-HXJMX,45,89.3,4192.15,No,0.2131739230347519,Low Risk,3476
7666-WKRON,39,80.45,3201.55,Yes,0.21308105262766908,Low Risk,3477
5222-JCXZT,4,19.0,78.9,No,0.21302537832404891,Low Risk,3478
7234-KMNRQ,4,19.0,73.45,No,0.21292044523391015,Low Risk,3479
0930-EHUZA,36,76.35,2606.35,No,0.21278665270743063,Low Risk,3480
3255-GRXMG,18,45.65,747.2,No,0.21253729883009703,Low Risk,3481
5018-LXQQG,30,66.3,1923.5,No,0.21243344155550187,Low Risk,3482
0620-XEFWH,4,18.85,84.2,No,0.21235480177827318,Low Risk,3483
0422-UXFAP,51,98.85,4947.55,No,0.21234746282672984,Low Risk,3484
3205-MXZRA,26,59.45,1507.0,No,0.21217077032521983,Low Risk,3485
6475-VHUIZ,23,54.25,1221.55,No,0.21216952725271995,Low Risk,3486
0733-VUNUW,24,55.65,1400.55,Yes,0.2120662923740133,Low Risk,3487
4088-YLDSU,55,104.15,5743.05,Yes,0.21191867794693792,Low Risk,3488
7432-FFVAR,46,90.95,4236.6,No,0.2117709910603259,Low Risk,3489
5215-LNLDJ,7,24.7,149.05,No,0.21146278220436368,Low Risk,3490
1707-HABPF,46,91.3,4126.35,No,0.21145405164354342,Low Risk,3491
4177-JPDFU,12,34.0,442.45,No,0.2112202283123828,Low Risk,3492
8677-HDZEE,56,105.45,5916.95,No,0.21120490557300528,Low Risk,3493
3675-EQOZA,5,20.65,93.55,No,0.21105262072844497,Low Risk,3494
2690-DVRVK,5,20.55,99.45,No,0.21065363177498245,Low Risk,3495
1925-GMVBW,5,20.55,96.1,No,0.21058965314546366,Low Risk,3496
4067-HLYQI,33,70.4,2406.1,No,0.21056938130616956,Low Risk,3497
2732-ISEZX,5,20.5,104.3,No,0.21049061231242358,Low Risk,3498
4106-HADHQ,39,80.0,3182.95,Yes,0.21041440389999647,Low Risk,3499
5140-FOMCQ,59,109.15,6557.75,No,0.21032201612504217,Low Risk,3500
3717-FDJFU,5,20.45,106.9,No,0.21028476187637385,Low Risk,3501
1866-NXPSP,36,75.55,2680.15,No,0.21009769996848018,Low Risk,3502
2739-CCZMB,5,20.35,122.0,No,0.21006214460013858,Low Risk,3503
2479-BRAMR,41,83.75,3273.55,Yes,0.20996065083966428,Low Risk,3504
2869-ADAWR,45,89.3,4016.85,Yes,0.20981592111270814,Low Risk,3505
9795-VOWON,7,24.35,150.85,No,0.2097076759781848,Low Risk,3506
0701-RFGFI,49,95.4,4613.95,No,0.20969146314991488,Low Risk,3507
2577-GVSIL,35,73.45,2661.1,No,0.2096767954454989,Low Risk,3508
9330-VOFSZ,60,110.8,6640.7,No,0.20966475178516222,Low Risk,3509
4000-VGMQP,38,78.95,2862.55,No,0.2096080672046522,Low Risk,3510
2000-MPKCA,58,107.75,6332.75,No,0.20954806209462892,Low Risk,3511
6621-YOBKI,5,20.35,92.75,No,0.20950515737638248,Low Risk,3512
2439-QKJUL,5,20.25,109.8,No,0.20932021649009463,Low Risk,3513
8085-MSNLK,62,113.95,6891.4,No,0.20920176399481494,Low Risk,3514
4198-VFOEA,12,33.6,435.45,No,0.2090448834751494,Low Risk,3515
9490-DFPMD,42,84.65,3541.35,Yes,0.2090009624115258,Low Risk,3516
3977-QCRSL,5,20.15,117.95,No,0.20896635451620682,Low Risk,3517
9294-TDIPC,5,20.2,83.75,No,0.20857144474468023,Low Risk,3518
0899-WZRSD,56,105.35,5794.45,No,0.2083624049859156,Low Risk,3519
6713-OKOMC,10,29.75,301.9,No,0.20817388061480718,Low Risk,3520
5129-HHMZC,43,86.45,3574.5,No,0.20816419426941782,Low Risk,3521
4471-KXAUH,42,84.3,3588.4,Yes,0.20811623812819763,Low Risk,3522
3005-TYFRD,55,103.65,5676.65,No,0.2081020625236003,Low Risk,3523
6322-PJJDJ,49,94.8,4690.65,No,0.20809788021758072,Low Risk,3524
8752-IMQOS,5,20.1,85.1,No,0.20808976842427904,Low Risk,3525
9194-GFVOI,42,84.35,3571.6,No,0.20805164169579485,Low Risk,3526
2159-TURXX,5,20.05,95.55,No,0.20803417226059728,Low Risk,3527
4785-NKHCX,5,20.05,94.15,No,0.20800767806830325,Low Risk,3528
0036-IHMOT,55,103.7,5656.75,No,0.20797880628304755,Low Risk,3529
9143-CANJF,24,55.15,1319.85,No,0.2079770140248404,Low Risk,3530
6080-TCMYC,40,81.2,3292.3,No,0.2079710932065712,Low Risk,3531
4846-WHAFZ,37,76.5,2868.15,Yes,0.20787856506110902,Low Risk,3532
0458-HEUZG,13,35.4,450.4,No,0.2078635432217417,Low Risk,3533
3363-EWLGO,5,19.95,109.6,No,0.20779345527223517,Low Risk,3534
6377-KSLXC,5,19.95,107.05,No,0.20774524104439537,Low Risk,3535
6993-YCOBK,60,110.6,6586.85,No,0.20762779114958346,Low Risk,3536
3090-HAWSU,61,111.6,6876.05,Yes,0.20758477216380367,Low Risk,3537
2801-NISEI,24,54.95,1348.5,No,0.20750627240074457,Low Risk,3538
5143-EGQFK,10,29.65,291.4,Yes,0.20746897709864015,Low Risk,3539
0621-JFHOL,10,29.6,299.05,No,0.20736063414879996,Low Risk,3540
4140-WJAWW,5,19.85,108.05,Yes,0.20725836737367317,Low Risk,3541
3733-ZEECP,22,51.1,1232.9,No,0.2069782366793798,Low Risk,3542
2316-ESMLS,12,33.15,444.75,No,0.20694096922063843,Low Risk,3543
3635-JBPSG,15,38.8,603.0,No,0.2068156530766826,Low Risk,3544
4948-WBBKL,36,74.9,2659.45,No,0.20640947627737266,Low Risk,3545
8276-MQBYC,51,97.8,4913.3,Yes,0.2063512771750346,Low Risk,3546
6954-OOYZZ,18,44.35,768.05,No,0.20631442252278012,Low Risk,3547
7619-ODSGN,24,54.75,1338.15,Yes,0.20630181061121486,Low Risk,3548
8066-POXGX,13,35.1,446.1,Yes,0.20626751693386544,Low Risk,3549
4840-ORQXB,56,104.75,5841.35,No,0.20621538877251347,Low Risk,3550
8910-LEDAG,34,71.55,2427.35,No,0.20620998561302067,Low Risk,3551
0420-BWTPW,8,25.5,215.2,Yes,0.20617057677779174,Low Risk,3552
7868-TMWMZ,60,110.0,6668.35,No,0.2061360163143153,Low Risk,3553
8696-JKZNU,37,76.25,2841.55,Yes,0.20611487996905142,Low Risk,3554
5016-ETTFF,10,29.5,255.25,Yes,0.20603133808022256,Low Risk,3555
2716-GFZOR,43,86.1,3551.65,No,0.205965836065451,Low Risk,3556
3694-GLTJM,5,19.65,92.05,No,0.2059488152564987,Low Risk,3557
6258-NGCNG,7,23.5,173.0,No,0.20582354199016412,Low Risk,3558
3723-BFBGR,24,54.8,1291.3,No,0.20567313031825227,Low Risk,3559
7311-MQJCH,5,19.55,99.6,No,0.2055879141634563,Low Risk,3560
4903-UYAVB,5,19.35,126.05,Yes,0.20507997901871788,Low Risk,3561
1257-SXUXQ,5,19.45,86.05,No,0.20483243179286234,Low Risk,3562
7480-QNVZJ,50,95.7,4816.7,Yes,0.2044830326773107,Low Risk,3563
8845-LWKGE,30,64.5,1985.15,No,0.20446826288930833,Low Risk,3564
6464-KEXXH,8,25.25,186.3,No,0.2043746795636958,Low Risk,3565
4913-EHYUI,56,104.55,5794.65,Yes,0.2043367803077752,Low Risk,3566
7036-ZZKBD,31,66.4,2019.8,No,0.20417219851109772,Low Risk,3567
7013-PSXHK,40,80.75,3208.65,No,0.20413505694384915,Low Risk,3568
5002-GCQFH,49,93.85,4733.1,No,0.20411500727646856,Low Risk,3569
0303-WMMRN,5,19.25,86.05,No,0.20383237315639596,Low Risk,3570
2851-STERV,35,73.0,2471.25,No,0.2038306104277218,Low Risk,3571
7901-IIDQV,24,54.6,1242.25,No,0.20375439507012993,Low Risk,3572
4134-BSXLX,28,60.9,1785.65,No,0.20362980240565023,Low Risk,3573
4939-KYYPY,27,59.45,1611.65,No,0.20357374255840602,Low Risk,3574
0320-DWVTU,53,99.5,5424.25,No,0.20350040042054235,Low Risk,3575
6440-DKQGE,30,64.5,1929.95,No,0.20343880188415125,Low Risk,3576
5447-WZAFP,53,100.3,5200.8,No,0.20332819235461239,Low Risk,3577
7156-MXBJE,43,85.1,3662.25,No,0.20302931660561183,Low Risk,3578
2896-TBNBE,40,80.8,3132.75,No,0.20297092264222347,Low Risk,3579
1229-RCALF,64,115.0,7396.15,No,0.20295209558336633,Low Risk,3580
6212-ATMLK,50,95.7,4729.75,No,0.20286310858530474,Low Risk,3581
5575-TPIZQ,46,89.15,4245.55,No,0.20284360884800592,Low Risk,3582
0096-FCPUF,30,64.5,1888.45,No,0.20266738597367567,Low Risk,3583
5889-JTMUL,50,95.05,4888.7,Yes,0.20258302752248405,Low Risk,3584
5955-EPOAZ,6,20.95,109.5,No,0.20233393013032624,Low Risk,3585
8869-LIHMK,64,115.1,7334.05,No,0.20229649182561352,Low Risk,3586
0406-BPDVR,54,101.5,5373.1,Yes,0.202109793018325,Low Risk,3587
4489-SNOJF,35,72.25,2568.55,Yes,0.20190782958354425,Low Risk,3588
2522-AHJXR,60,109.45,6572.85,No,0.20161007718073937,Low Risk,3589
2582-FFFZR,22,50.6,1073.3,No,0.20149961546573664,Low Risk,3590
6038-GCYEC,24,54.15,1240.25,Yes,0.20148123468069487,Low Risk,3591
5019-GQVCR,43,84.85,3645.6,No,0.2014801392565111,Low Risk,3592
2928-HLDBA,6,20.7,112.75,No,0.20115579536131242,Low Risk,3593
2108-GLPQB,25,55.55,1405.3,No,0.2011242817406712,Low Risk,3594
2828-SLQPF,19,45.0,865.85,No,0.2009611476996946,Low Risk,3595
6490-FGZAT,6,20.65,109.3,No,0.20084518224444664,Low Risk,3596
0212-ISBBF,22,50.35,1098.85,No,0.20073578481064297,Low Risk,3597
7435-ZNUYY,6,20.6,116.6,No,0.2007329718030063,Low Risk,3598
4081-DYXAV,19,44.85,893.55,Yes,0.20073138062325577,Low Risk,3599
9224-VTYID,47,90.5,4318.35,No,0.20053240114178264,Low Risk,3600
7089-RKVSZ,8,24.4,203.95,No,0.20048138616106925,Low Risk,3601
4104-PVRPS,24,53.6,1315.35,No,0.20015093655141075,Low Risk,3602
4612-THJBS,56,104.75,5510.65,Yes,0.20006661770151105,Low Risk,3603
2519-TWKFS,25,55.1,1466.1,No,0.200024946965352,Low Risk,3604
7883-ROJOC,19,44.9,839.65,No,0.19998579904954583,Low Risk,3605
2267-FPIMA,50,94.4,4914.9,No,0.19985359820556417,Low Risk,3606
4826-DXMUP,35,72.1,2495.15,No,0.19981395830262863,Low Risk,3607
0585-EGDDA,40,80.0,3168.75,No,0.19967964102375818,Low Risk,3608
2030-BTZRO,6,20.4,107.6,No,0.1995826970041802,Low Risk,3609
1502-XFCVR,58,106.45,6145.85,Yes,0.1995509548111851,Low Risk,3610
1810-BOHSY,51,96.4,4911.05,No,0.1993474819039124,Low Risk,3611
4472-VESGY,52,98.15,4993.4,No,0.19919506100634643,Low Risk,3612
1470-PSXNM,49,93.65,4520.15,No,0.19918697081742437,Low Risk,3613
2530-FMFXO,56,103.2,5873.75,No,0.19911405861663978,Low Risk,3614
5850-BDWCY,6,20.2,123.65,No,0.19889546350563928,Low Risk,3615
0786-VSSUD,16,39.0,679.85,Yes,0.19885176125118198,Low Risk,3616
7787-BNTZM,6,20.15,130.5,No,0.19877583876729848,Low Risk,3617
1641-BYBTK,6,20.2,98.35,No,0.19843280949264894,Low Risk,3618
6641-XRPSU,34,70.0,2416.1,Yes,0.19831044268012038,Low Risk,3619
6439-GTPCA,45,87.25,3941.7,Yes,0.1981786136431353,Low Risk,3620
6537-QLGEX,16,38.9,664.4,No,0.1980801891234274,Low Risk,3621
2930-UOTMB,31,65.25,1994.3,Yes,0.19801971537994043,Low Risk,3622
2587-YNLES,6,20.1,100.35,No,0.19798054585683014,Low Risk,3623
2883-ILGWO,57,104.9,5913.95,No,0.19794698364855137,Low Risk,3624
4801-JZAZL,11,29.6,346.45,No,0.19786348942300772,Low Risk,3625
6972-SNKKW,6,20.0,109.2,No,0.19765381347450892,Low Risk,3626
4020-KIUDI,6,19.85,138.85,No,0.19746238765356022,Low Risk,3627
3275-RHRNE,28,60.0,1682.05,No,0.19728645877284112,Low Risk,3628
5445-GLVOT,22,49.8,1049.05,No,0.19712860752511902,Low Risk,3629
4868-AADLV,66,116.25,7862.25,No,0.19711337467966933,Low Risk,3630
6164-HXUGH,6,19.85,119.3,No,0.19710675361961608,Low Risk,3631
3026-ATZYV,37,75.1,2658.8,No,0.1970450011216784,Low Risk,3632
9770-KXGQU,53,98.6,5311.85,No,0.19700013420382614,Low Risk,3633
7957-RYHQD,40,79.2,3233.85,Yes,0.1969567350987976,Low Risk,3634
6766-HFKLA,56,103.2,5744.35,No,0.196754325798709,Low Risk,3635
7654-YWJUF,43,84.25,3539.25,No,0.19659095040872498,Low Risk,3636
9970-QBCDA,6,19.7,129.55,No,0.19656355806861475,Low Risk,3637
5515-AKOAJ,54,100.1,5440.9,Yes,0.19648181033170994,Low Risk,3638
0052-DCKON,66,115.8,7942.15,No,0.19637659332211713,Low Risk,3639
5753-QQWPW,28,59.9,1654.7,No,0.19630372098269364,Low Risk,3640
8920-NAVAY,62,110.75,7053.35,No,0.19630357355055444,Low Risk,3641
3077-RSNTJ,6,19.7,113.5,No,0.19627256109357313,Low Risk,3642
7623-HKYRK,6,19.7,111.65,No,0.1962390403225551,Low Risk,3643
2669-QVCRG,41,81.3,3190.65,No,0.19622822266564668,Low Risk,3644
6771-XWBDM,57,104.5,5921.35,Yes,0.1961350589570317,Low Risk,3645
8199-ZLLSA,67,118.35,7804.15,Yes,0.19611445309712724,Low Risk,3646
9150-KPBJQ,6,19.65,116.85,No,0.19609074252662156,Low Risk,3647
6933-FHBZC,26,56.05,1553.2,No,0.19605230574499236,Low Risk,3648
0193-ESZXP,58,105.5,6205.5,Yes,0.196002402455745,Low Risk,3649
7762-ONLJY,6,19.7,94.45,No,0.1959275948815742,Low Risk,3650
8053-WWDRO,6,19.5,146.3,Yes,0.1958968420317712,Low Risk,3651
1345-GKDZZ,6,19.55,128.6,No,0.19581881992846206,Low Risk,3652
4719-UMSIY,6,19.65,100.9,No,0.19580208369252566,Low Risk,3653
7196-LIWRH,6,19.55,124.45,No,0.1957437622079554,Low Risk,3654
3724-UCSHY,6,19.55,122.9,No,0.19571573418538254,Low Risk,3655
3481-JHUZH,41,80.25,3439.0,No,0.19563492603734267,Low Risk,3656
7112-OPOTK,33,68.25,2171.15,Yes,0.19550793006794226,Low Risk,3657
6806-YDEUL,6,19.5,106.8,No,0.19518310432557898,Low Risk,3658
8050-WYBND,22,49.45,1031.4,No,0.1951118773392235,Low Risk,3659
0895-LNKRC,6,19.45,113.5,No,0.19506246329743845,Low Risk,3660
3154-CFSZG,47,90.05,4137.2,No,0.1950351580660461,Low Risk,3661
4720-VSTSI,44,84.8,3862.55,Yes,0.19498733433767712,Low Risk,3662
1448-CYWKC,58,105.2,6225.4,No,0.19491093175787552,Low Risk,3663
4531-AUZNK,51,95.15,5000.05,No,0.19488130205926318,Low Risk,3664
8409-WQJUX,25,54.2,1423.15,No,0.19485725849621346,Low Risk,3665
1042-HFUCW,25,54.75,1266.35,No,0.19468541043177456,Low Risk,3666
4945-RVMTE,28,59.55,1646.45,No,0.19446247375370077,Low Risk,3667
0723-FDLAY,44,85.25,3704.15,No,0.19430463510432538,Low Risk,3668
2573-GYRUU,48,91.05,4370.75,No,0.19399263086044707,Low Risk,3669
0440-MOGPM,41,80.55,3263.9,No,0.19392743724447914,Low Risk,3670
2862-JVEOY,6,19.15,124.4,No,0.1938133789142454,Low Risk,3671
0931-MHTEM,54,100.05,5299.65,No,0.19369255724839213,Low Risk,3672
9881-VCZEP,25,54.1,1373.0,No,0.1934746945931627,Low Risk,3673
2190-BCXEC,40,78.85,3126.85,No,0.19333562858695544,Low Risk,3674
1394-SUIUH,44,85.15,3670.5,No,0.1932203374549633,Low Risk,3675
1323-OOEPC,53,98.4,5149.5,Yes,0.19310643712476094,Low Risk,3676
3099-OONVS,25,54.3,1296.8,No,0.19306902205104312,Low Risk,3677
6867-ACCZI,24,52.5,1208.15,No,0.19286560325471683,Low Risk,3678
9572-MTILT,59,106.75,6252.9,Yes,0.19281570446210072,Low Risk,3679
1335-NTIUC,9,24.95,190.25,No,0.19275865462793068,Low Risk,3680
0661-KQHNK,6,19.0,105.5,No,0.19275552088745798,Low Risk,3681
2272-JKMSI,62,110.8,6840.95,No,0.19272195527442917,Low Risk,3682
7968-QUXNS,6,18.95,110.15,No,0.19259940009962703,Low Risk,3683
3316-UWXUY,50,93.5,4747.5,No,0.1924577249147642,Low Risk,3684
7639-SUPCW,22,48.8,1054.6,Yes,0.19240526084812778,Low Risk,3685
7879-CGSFV,55,100.9,5552.05,No,0.19227500022160077,Low Risk,3686
3758-CKOQL,59,107.0,6152.3,No,0.1922145922903099,Low Risk,3687
3685-YLCMQ,58,104.65,6219.6,Yes,0.1921667531043084,Low Risk,3688
9473-CBZOP,28,59.0,1654.45,No,0.19196887482012387,Low Risk,3689
9170-GYZJC,41,79.9,3326.2,Yes,0.1919289603798639,Low Risk,3690
0750-EKNGL,7,20.75,141.1,No,0.19177320218431715,Low Risk,3691
0864-FVJNJ,64,113.35,7222.75,No,0.19176066658864419,Low Risk,3692
7594-LZNWR,34,69.15,2275.1,No,0.19166512852959858,Low Risk,3693
3012-VFFMN,7,20.65,158.95,No,0.19161435422540207,Low Risk,3694
1360-JYXKQ,54,99.1,5437.1,No,0.1916038472186751,Low Risk,3695
8879-ZKJOF,41,79.85,3320.75,No,0.19159359153485908,Low Risk,3696
3530-CRZSB,7,20.65,155.9,No,0.1915600915170477,Low Risk,3697
3750-YHRYO,7,20.65,150.0,No,0.19145515759175438,Low Risk,3698
4776-XSKYQ,12,30.25,368.85,No,0.19133259199751312,Low Risk,3699
7460-ITWWP,45,86.1,3861.45,No,0.19118872699043277,Low Risk,3700
2351-RRBUE,7,20.65,134.05,No,0.19117169991241595,Low Risk,3701
3055-MJDSB,9,24.6,190.1,No,0.1910865373905091,Low Risk,3702
5062-CJJKH,25,53.65,1355.45,No,0.1910124974657855,Low Risk,3703
9112-WSNPU,35,70.55,2419.0,No,0.19094579914570833,Low Risk,3704
8224-IVVPA,27,56.7,1652.95,No,0.19093585855566336,Low Risk,3705
5832-EXGTT,29,60.2,1834.15,No,0.19093351758441388,Low Risk,3706
7398-LXGYX,44,84.8,3626.35,No,0.1907637103698071,Low Risk,3707
5989-AXPUC,68,118.6,7990.05,No,0.19062521868742283,Low Risk,3708
5774-XZTQC,7,20.45,150.75,No,0.19051804980691284,Low Risk,3709
4003-OCTMP,31,64.0,1910.75,No,0.19050078605375037,Low Risk,3710
2696-ECXKC,55,100.9,5448.6,No,0.1904362257854292,Low Risk,3711
8945-MUQUF,51,94.8,4837.6,Yes,0.19030585806389422,Low Risk,3712
7544-ZVIKX,58,105.05,6004.85,No,0.19025441581475197,Low Risk,3713
9286-DOJGF,38,74.95,2869.85,Yes,0.1900824968721364,Low Risk,3714
6671-NGWON,7,20.35,150.6,No,0.1900415299874766,Low Risk,3715
9912-OMZDS,59,106.15,6256.2,No,0.1900182490320079,Low Risk,3716
4797-MIWUM,7,20.25,174.7,No,0.1899942416371145,Low Risk,3717
1527-SXDPN,52,96.25,4990.25,Yes,0.1899814470151361,Low Risk,3718
6158-DWPZT,9,24.1,259.8,Yes,0.1899496917257351,Low Risk,3719
2884-GBPFB,35,70.3,2416.55,Yes,0.18971752270359585,Low Risk,3720
4732-RRJZC,7,20.25,144.35,No,0.1894582974027006,Low Risk,3721
4188-FRABG,57,103.05,5925.75,No,0.18927647942496117,Low Risk,3722
7353-YOWFP,7,20.25,129.15,No,0.1891903195045219,Low Risk,3723
5364-XYIRR,51,94.65,4812.75,Yes,0.18915779931777335,Low Risk,3724
9108-EQPNQ,10,26.1,225.55,No,0.18892704293077553,Low Risk,3725
2279-AXJJK,52,95.65,5088.4,No,0.18887912096716394,Low Risk,3726
1383-EZRWL,7,20.05,164.85,Yes,0.18887600188565803,Low Risk,3727
5331-RGMTT,54,99.05,5295.7,No,0.18886492534413318,Low Risk,3728
3808-HFKDE,20,44.35,927.15,No,0.1888522637675031,Low Risk,3729
6339-DKLMK,13,31.65,389.95,No,0.18844744656912646,Low Risk,3730
2673-ZALNP,7,19.9,173.15,No,0.18831592732862526,Low Risk,3731
1009-IRMNA,7,20.0,137.6,Yes,0.18816189946414796,Low Risk,3732
5294-IMHHT,53,97.75,5043.2,No,0.18813839207850563,Low Risk,3733
9788-YTFGE,7,19.95,147.5,No,0.18810071416293064,Low Risk,3734
5951-AOFIH,33,66.4,2245.4,No,0.1880120532313098,Low Risk,3735
6563-VNPMN,45,85.7,3778.1,No,0.18782865393360823,Low Risk,3736
7921-LMDFQ,51,94.0,4905.75,No,0.18773421981699215,Low Risk,3737
4291-YZODP,7,20.05,96.8,No,0.1876813621618812,Low Risk,3738
9828-QHFBK,24,51.15,1275.7,No,0.1876645103179972,Low Risk,3739
8314-HTWVE,7,19.85,144.15,No,0.187572817415958,Low Risk,3740
7554-NEWDD,10,25.7,251.6,No,0.18750456856422057,Low Risk,3741
3221-CJMSG,24,51.1,1269.6,No,0.187323498788558,Low Risk,3742
7636-OWBPG,12,29.35,381.2,No,0.1873021825764227,Low Risk,3743
0727-BMPLR,55,100.0,5509.3,Yes,0.18726416133099702,Low Risk,3744
6261-LHRTG,26,54.75,1406.9,No,0.18725583740406596,Low Risk,3745
7811-JIVPF,23,49.7,1081.25,No,0.18725404334299636,Low Risk,3746
5473-KHBPS,52,95.7,4976.15,No,0.18714544781803874,Low Risk,3747
6584-VQMYT,27,56.2,1567.55,No,0.1870751372246944,Low Risk,3748
0489-WMEMG,23,49.45,1119.35,No,0.18675044318059195,Low Risk,3749
0282-NVSJS,12,29.3,355.9,No,0.18662666090813412,Low Risk,3750
0484-FFVBJ,32,64.85,2010.95,No,0.18643479060648357,Low Risk,3751
5195-KPUNQ,53,96.75,5206.55,No,0.18631355171121544,Low Risk,3752
3162-KKZXO,55,100.15,5409.75,No,0.18622812111333775,Low Risk,3753
3470-BTGQO,21,45.65,985.05,No,0.18617033252734694,Low Risk,3754
3546-GHEAE,7,19.45,165.35,No,0.18607380927729,Low Risk,3755
7923-IYJWY,67,116.1,7839.85,No,0.18605382243126212,Low Risk,3756
8295-FHIVV,7,19.4,168.65,No,0.18589838396981945,Low Risk,3757
9871-ELEYA,34,67.65,2339.3,No,0.1857318389355031,Low Risk,3758
7481-ATQQS,49,90.85,4515.85,Yes,0.18573063768309198,Low Risk,3759
2550-QHZGP,7,19.5,128.6,No,0.18566771404207819,Low Risk,3760
8221-HVAYI,35,69.15,2490.15,No,0.18561455587595643,Low Risk,3761
1015-JPFYW,7,19.45,136.75,No,0.1855767706223526,Low Risk,3762
4522-XRWWI,42,80.45,3375.9,No,0.18555775162798943,Low Risk,3763
2812-ENYMO,26,54.55,1362.85,No,0.18555558229722569,Low Risk,3764
8901-HJXTF,12,29.2,309.1,Yes,0.1853471528264381,Low Risk,3765
6778-JFCMK,24,50.6,1288.75,No,0.18532560212954308,Low Risk,3766
4654-GGUII,18,40.2,711.95,No,0.18522105629904648,Low Risk,3767
2320-YKQBO,7,19.3,144.95,No,0.18502251554721988,Low Risk,3768
9053-JZFKV,67,116.2,7752.3,Yes,0.18499892453267375,Low Risk,3769
1591-MQJTP,51,93.65,4839.15,No,0.18494227965247262,Low Risk,3770
8718-PTMEZ,13,31.05,347.25,Yes,0.1849011010089224,Low Risk,3771
4282-MSACW,68,117.2,8035.95,No,0.1848634129138388,Low Risk,3772
6549-NNDYT,13,30.85,394.1,No,0.18478514637546678,Low Risk,3773
8608-OZTLB,38,74.05,2802.3,No,0.18468635955109447,Low Risk,3774
2851-MMUTZ,27,56.15,1439.35,No,0.18461432371666112,Low Risk,3775
3208-YPIOE,39,75.25,3017.65,Yes,0.18429617186074407,Low Risk,3776
4541-RMRLG,7,19.25,112.3,Yes,0.18422643166175764,Low Risk,3777
8749-JMNKX,51,93.8,4750.95,Yes,0.18411194171259335,Low Risk,3778
9609-BENEA,35,69.0,2441.7,No,0.18408083694201152,Low Risk,3779
7901-TBKJX,56,101.05,5594.0,No,0.18390667917955622,Low Risk,3780
3791-LGQCY,56,100.65,5688.05,Yes,0.18368182033741587,Low Risk,3781
1135-HIORI,64,111.45,7266.95,No,0.18362637448084165,Low Risk,3782
3005-NFMTA,55,98.8,5617.75,Yes,0.18357146281309858,Low Risk,3783
4186-ZBUEW,36,70.7,2511.95,No,0.18349835266058973,Low Risk,3784
1045-LTCYT,8,21.05,139.75,No,0.18336778069493298,Low Risk,3785
5131-PONJI,49,90.4,4494.65,No,0.1832818205442425,Low Risk,3786
1386-ZIKUV,7,18.95,130.55,No,0.18315723826275432,Low Risk,3787
6377-WHAOX,60,106.15,6411.25,No,0.182975238590886,Low Risk,3788
8999-YPYBV,45,84.35,3858.05,No,0.18294545631893677,Low Risk,3789
4070-OKWVH,52,94.6,5025.8,No,0.18290413769074376,Low Risk,3790
5555-RNPGT,10,24.8,223.9,No,0.18284811023574513,Low Risk,3791
9938-ZREHM,37,72.1,2658.4,No,0.18284650361277208,Low Risk,3792
9030-QGZNL,8,20.85,161.65,No,0.18282400718532918,Low Risk,3793
8651-ENBZX,60,106.0,6441.4,Yes,0.18280336980320236,Low Risk,3794
9917-KWRBE,41,78.35,3211.2,No,0.1826633699475229,Low Risk,3795
1698-XFZCI,61,107.75,6521.9,No,0.18262898835022598,Low Risk,3796
4554-YGZIH,49,90.05,4547.25,Yes,0.1825759775777764,Low Risk,3797
5018-HEKFO,10,24.5,270.15,No,0.1822640172986527,Low Risk,3798
9819-FBNSV,37,72.25,2575.45,No,0.18211328126420226,Low Risk,3799
2239-JALAW,58,103.25,6017.65,Yes,0.18209047494954028,Low Risk,3800
2039-JONDJ,27,55.45,1477.65,No,0.18204969116861328,Low Risk,3801
9003-CPATH,42,79.9,3313.4,No,0.1819439244364,Low Risk,3802
4012-ZTHBR,21,44.95,926.25,No,0.1819230773774368,Low Risk,3803
8680-CGLTP,29,58.75,1696.2,No,0.18177051169611488,Low Risk,3804
1614-JBEBI,8,20.7,137.6,No,0.18172461934464385,Low Risk,3805
2516-XSJKX,41,78.45,3126.45,No,0.18167121710491868,Low Risk,3806
5647-FXOTP,60,105.9,6401.25,No,0.18165775254435657,Low Risk,3807
7752-XUSCI,60,105.9,6396.45,Yes,0.18157580124734815,Low Risk,3808
3682-YEUWS,10,24.4,253.9,No,0.18152856935083014,Low Risk,3809
1891-QRQSA,64,111.6,7099.0,No,0.1814361145231309,Low Risk,3810
8868-GAGIO,45,84.55,3713.95,No,0.18139581307150085,Low Risk,3811
0811-GSDTP,13,30.15,382.2,No,0.1813609632192116,Low Risk,3812
1656-DRSMG,63,109.85,7002.95,No,0.1813442811031176,Low Risk,3813
2186-QZEYA,29,58.55,1718.95,No,0.18124491229928053,Low Risk,3814
7140-ADSMJ,8,20.45,162.3,No,0.1810042821286592,Low Risk,3815
1850-AKQEP,8,20.35,178.7,No,0.18082768456941048,Low Risk,3816
4710-FDUIZ,56,100.3,5614.45,Yes,0.18081758868965114,Low Risk,3817
1208-DNHLN,23,48.35,1067.15,Yes,0.1807769603732309,Low Risk,3818
0356-OBMAC,56,99.9,5706.3,No,0.18055827758253784,Low Risk,3819
0840-DCNZE,47,86.95,4138.9,No,0.18052915760497754,Low Risk,3820
3062-ICYZQ,51,93.8,4539.35,No,0.1804887851483623,Low Risk,3821
4075-JFPGR,51,93.5,4619.55,No,0.18048667435381496,Low Risk,3822
8388-DMKAE,8,20.25,174.65,No,0.18030378190000762,Low Risk,3823
2924-KHUVI,56,100.55,5514.95,No,0.1802641993819006,Low Risk,3824
4220-TINQT,61,106.35,6751.35,No,0.18014906292315014,Low Risk,3825
0181-RITDD,62,108.15,6825.65,No,0.1800985349343272,Low Risk,3826
3845-JHAMY,16,35.5,552.7,No,0.1800900834142407,Low Risk,3827
5345-BMKWB,8,20.25,158.35,No,0.18002722322979628,Low Risk,3828
2843-CQMEG,24,49.7,1218.25,No,0.1799844693818119,Low Risk,3829
1307-TVUFB,42,79.35,3344.1,No,0.17995954743536285,Low Risk,3830
7537-CBQUZ,63,109.4,7031.45,No,0.1797808936544204,Low Risk,3831
9391-LMANN,53,95.95,5036.9,No,0.1797213926756722,Low Risk,3832
0224-NIJLP,8,20.15,165.5,No,0.17969469369763585,Low Risk,3833
2293-IJWPS,57,100.75,5985.0,No,0.17966029847745876,Low Risk,3834
0178-SZBHO,47,87.2,4017.45,No,0.17960464120883776,Low Risk,3835
9896-UYMIE,66,114.3,7383.7,No,0.17955302268378082,Low Risk,3836
7845-URHJN,8,20.15,156.25,Yes,0.17953812440015351,Low Risk,3837
2926-JEJJC,8,20.2,140.95,No,0.17950576377826533,Low Risk,3838
0285-INHLN,27,54.75,1510.3,No,0.17941727118367246,Low Risk,3839
2740-JFBOK,10,24.0,226.55,No,0.17924524021640834,Low Risk,3840
5087-SUURX,18,39.05,669.85,Yes,0.1792301518841219,Low Risk,3841
2717-HVIZY,8,20.05,163.6,No,0.17920968010868024,Low Risk,3842
5574-NXZIU,63,109.2,7049.75,No,0.1791845936170449,Low Risk,3843
3948-XHGNA,24,49.55,1210.4,Yes,0.17917193271509274,Low Risk,3844
3521-MNKLV,24,49.7,1167.8,No,0.17913075161698108,Low Risk,3845
4683-WYDOU,62,107.6,6912.7,No,0.17907950081641205,Low Risk,3846
2282-YGNOR,29,58.0,1734.5,No,0.1790105866143967,Low Risk,3847
2858-EIMXH,53,95.85,5016.25,No,0.1789196962808366,Low Risk,3848
4694-PHWFW,8,19.95,170.9,No,0.1788808620552036,Low Risk,3849
4884-TVUQF,57,101.3,5779.6,No,0.1786781325010649,Low Risk,3850
2017-CCBLH,8,20.0,141.6,No,0.17861253843065303,Low Risk,3851
2229-VWQJH,24,49.3,1233.25,No,0.17842835338044005,Low Risk,3852
7677-SJJJK,8,19.9,153.95,No,0.17836957620582852,Low Risk,3853
7868-BGSZA,43,80.2,3581.6,No,0.17836926047566878,Low Risk,3854
6769-DYBQN,46,85.0,3969.4,Yes,0.1782904176092978,Low Risk,3855
2805-EDJPQ,56,99.75,5608.4,No,0.17822370022035625,Low Risk,3856
1226-JZNKR,8,19.8,160.05,No,0.17802179383792216,Low Risk,3857
5726-CVNYA,8,19.85,146.6,No,0.17802074114797425,Low Risk,3858
3981-QSVQI,8,19.7,168.9,No,0.17772070101801993,Low Risk,3859
2667-WYLWJ,8,19.75,145.0,Yes,0.17754429981676506,Low Risk,3860
2466-NEJOJ,8,19.65,169.75,No,0.17751034050595493,Low Risk,3861
6035-RIIOM,54,97.2,5129.45,No,0.17749710473240188,Low Risk,3862
4778-IZARL,63,110.1,6705.7,No,0.1774497534034564,Low Risk,3863
4160-AMJTL,8,19.65,164.3,Yes,0.177418957626327,Low Risk,3864
4908-XAXAY,49,89.85,4287.2,No,0.17726121209554313,Low Risk,3865
3572-UOLYZ,46,84.8,3958.85,No,0.17721426623857234,Low Risk,3866
5647-URDKA,8,19.7,130.25,No,0.17707283212612476,Low Risk,3867
8706-HRADD,21,43.55,1011.5,No,0.17702454154208322,Low Risk,3868
2067-QYTCF,64,111.15,6953.4,No,0.17694080997547126,Low Risk,3869
4365-MSDYN,8,19.55,161.15,No,0.1769178518996412,Low Risk,3870
1091-SOZGA,56,99.8,5515.45,No,0.17688909815605952,Low Risk,3871
8069-YQQAJ,14,31.1,419.7,No,0.17684575431848987,Low Risk,3872
0804-XBFBV,11,25.2,321.05,No,0.17683425092668204,Low Risk,3873
2229-DPMBI,8,19.5,162.15,No,0.17671074418854418,Low Risk,3874
7337-CINUD,8,19.5,159.35,No,0.1766639566504515,Low Risk,3875
8148-WOCMK,8,19.6,125.0,No,0.17653742415539145,Low Risk,3876
4801-KFYKL,8,19.45,159.2,No,0.17643788662648693,Low Risk,3877
3503-TYDAY,43,80.45,3398.9,No,0.17642878100594078,Low Risk,3878
1442-BQPVU,13,29.15,357.15,No,0.17642086654120093,Low Risk,3879
8434-PNQZX,42,78.45,3373.4,No,0.17639922553825352,Low Risk,3880
5353-WILCI,28,56.05,1522.65,No,0.17607975486353353,Low Risk,3881
0257-KXZGU,32,62.45,2045.55,No,0.1760728838383318,Low Risk,3882
9405-GPBBG,64,110.5,7069.25,No,0.17596954000528509,Low Risk,3883
9488-FYQAU,63,109.25,6841.4,No,0.1759144086863614,Low Risk,3884
6549-YMFAW,9,21.25,204.55,No,0.17590558927166317,Low Risk,3885
1735-XMJVH,8,19.35,152.6,No,0.17588150963564297,Low Risk,3886
6804-GDMOI,61,106.6,6428.4,Yes,0.17584643169511266,Low Risk,3887
1734-ZMNTZ,11,25.0,300.7,No,0.17560198432519455,Low Risk,3888
6674-KVJHG,11,25.2,245.15,No,0.17556872015046812,Low Risk,3889
9498-FIMXL,8,19.2,161.95,No,0.17536907919124775,Low Risk,3890
2005-DWQZJ,8,19.05,201.7,No,0.17536223332395384,Low Risk,3891
6979-TNDEU,8,19.2,156.85,No,0.17528437553967874,Low Risk,3892
5469-CTCWN,61,106.0,6547.7,Yes,0.1751591510716712,Low Risk,3893
2001-EWBQU,60,104.7,6333.8,No,0.1751135549855576,Low Risk,3894
8041-TMEID,63,108.5,6991.9,No,0.17507818748580373,Low Risk,3895
3768-NLUBH,57,100.6,5746.15,Yes,0.17498512266993121,Low Risk,3896
0348-SDKOL,58,102.1,5885.4,Yes,0.17468098508361052,Low Risk,3897
3170-GWYKC,60,104.95,6236.75,No,0.17461445949195198,Low Risk,3898
1427-VERSM,56,98.7,5669.5,No,0.17455196241576715,Low Risk,3899
8387-MOJJT,42,77.95,3384.0,Yes,0.1743513992477212,Low Risk,3900
2027-WKXMW,63,108.75,6871.7,No,0.17419630718049145,Low Risk,3901
0691-JVSYA,53,94.85,5000.2,Yes,0.17418061699330803,Low Risk,3902
2789-CZANW,64,110.3,6997.3,No,0.17388891795626624,Low Risk,3903
2519-LBNQL,60,104.35,6339.45,No,0.17365717789501395,Low Risk,3904
5204-QZXPU,19,39.65,733.35,Yes,0.1736377931828795,Low Risk,3905
3665-JATSN,19,39.7,710.05,No,0.17347447143874645,Low Risk,3906
6893-ODYYE,50,90.1,4549.45,No,0.17344033996529468,Low Risk,3907
5318-YKDPV,43,79.15,3566.6,No,0.17343842015375327,Low Risk,3908
7147-AYBAA,37,70.35,2552.9,No,0.17319922199608256,Low Risk,3909
1548-FEHVL,61,106.2,6375.2,No,0.17319379551178216,Low Risk,3910
1134-YWTYF,27,53.8,1389.85,No,0.17316582738843025,Low Risk,3911
0440-UEDAI,53,94.45,5042.75,No,0.17311665458128186,Low Risk,3912
8535-SFUTN,61,106.45,6300.15,No,0.17306038361217993,Low Risk,3913
1049-FYSYG,17,35.65,646.05,No,0.17298209101807369,Low Risk,3914
0239-OXEXL,46,84.25,3847.6,No,0.17292589858451687,Low Risk,3915
5447-VYTKW,27,53.45,1461.45,No,0.17280246312125805,Low Risk,3916
8332-OSJDW,12,26.4,314.95,No,0.17279082980254754,Low Risk,3917
8384-FZBJK,57,100.6,5611.7,No,0.17276670903239438,Low Risk,3918
2208-UGTGR,56,98.6,5581.05,No,0.1726531191801759,Low Risk,3919
0945-TSONX,47,85.3,4107.25,No,0.17262317451815176,Low Risk,3920
0106-UGRDO,69,116.0,8182.85,No,0.17250047106310715,Low Risk,3921
6686-YPGHK,47,85.5,4042.3,Yes,0.17243621720474828,Low Risk,3922
4826-TZEVA,40,74.8,2971.7,No,0.17209340740367873,Low Risk,3923
3452-ABWRL,47,86.05,3865.6,No,0.17195418915827318,Low Risk,3924
8735-NBLWT,9,20.4,184.1,No,0.17181344330655118,Low Risk,3925
4568-TTZRT,9,20.4,181.8,No,0.17177585286600092,Low Risk,3926
2985-JUUBZ,40,74.55,3015.75,No,0.17171915959848286,Low Risk,3927
5057-RKGLH,9,20.35,191.1,No,0.17170906628773455,Low Risk,3928
2195-ZRVAX,47,85.3,4045.65,Yes,0.1716149009133053,Low Risk,3929
2791-SFVEW,9,20.15,238.15,No,0.17160290874882822,Low Risk,3930
1385-TQOZW,9,20.45,147.55,No,0.17143517866397226,Low Risk,3931
4304-TSPVK,68,114.9,7843.55,No,0.17128072740829575,Low Risk,3932
6278-FEPBZ,9,20.25,186.15,No,0.17119139217237614,Low Risk,3933
4083-EUGRJ,9,20.25,178.5,Yes,0.1710667474095633,Low Risk,3934
6933-VLYFX,31,59.95,1848.8,No,0.17101700357500943,Low Risk,3935
4616-ULAOA,65,110.8,7245.9,No,0.1709916308911191,Low Risk,3936
4537-CIBHB,9,20.25,172.35,No,0.17096659503072245,Low Risk,3937
4189-NAKJS,26,51.55,1295.4,No,0.17091347916829527,Low Risk,3938
6064-ZATLR,27,52.85,1498.65,No,0.17078489052978632,Low Risk,3939
0708-SJDIS,34,65.0,2157.5,No,0.17074281928679122,Low Risk,3940
2155-AMQRX,28,54.9,1505.15,No,0.1707224046187972,Low Risk,3941
8984-HPEMB,71,118.65,8477.6,No,0.17063652192761664,Low Risk,3942
9483-GCPWE,9,20.1,190.25,No,0.17060444696503047,Low Risk,3943
6445-TNRXS,68,114.7,7849.85,No,0.17051170363067955,Low Risk,3944
1110-KYLGQ,63,108.25,6780.1,No,0.17050193858003812,Low Risk,3945
4307-KTUMW,53,93.9,5029.2,Yes,0.17048835866833975,Low Risk,3946
8631-XVRZL,9,20.15,163.7,No,0.17039061125159916,Low Risk,3947
1485-YDHMM,52,93.25,4631.7,No,0.1702884461943025,Low Risk,3948
9027-TMATR,43,78.8,3460.3,No,0.1701694389319653,Low Risk,3949
8149-AIQCG,39,73.15,2730.85,No,0.17008304646434957,Low Risk,3950
2929-QNSRW,56,98.25,5508.35,Yes,0.16993964704472206,Low Risk,3951
7248-VZQLC,47,85.2,3969.35,Yes,0.16993821738674678,Low Risk,3952
8495-LJDFO,64,108.95,7111.3,No,0.169843351273082,Low Risk,3953
9972-NKTFD,28,54.65,1517.5,No,0.1698365074308662,Low Risk,3954
6067-NGCEU,65,111.05,7107.0,No,0.16982303656402528,Low Risk,3955
9978-HYCIN,47,84.95,4018.05,No,0.16964292437927717,Low Risk,3956
8734-FNWVH,31,59.7,1825.5,No,0.1695525065295722,Low Risk,3957
3352-RICWQ,9,19.75,210.65,No,0.16941616058656997,Low Risk,3958
8075-GXIUB,9,19.85,183.15,No,0.16940443811533093,Low Risk,3959
3927-NLNRY,53,94.25,4867.95,Yes,0.1693940020044419,Low Risk,3960
0310-VQXAM,9,19.85,178.8,No,0.1693341415962348,Low Risk,3961
6202-JVYEU,9,19.9,164.6,No,0.16932101201128436,Low Risk,3962
1264-BYWMS,55,96.8,5283.95,Yes,0.16907597794279375,Low Risk,3963
3729-OWRVL,65,110.35,7246.15,No,0.1690427037174511,Low Risk,3964
4446-BZKHU,61,105.55,6281.45,Yes,0.1688331811735684,Low Risk,3965
3482-ABPKK,28,54.3,1546.3,No,0.16878781262727835,Low Risk,3966
1017-FBQMM,62,106.05,6703.5,No,0.1687799895782055,Low Risk,3967
2886-KEFUM,63,107.5,6873.75,Yes,0.16876806141392212,Low Risk,3968
9931-DCEZH,28,54.4,1516.6,No,0.1687406747150414,Low Risk,3969
5396-IZEPB,9,19.7,180.7,No,0.16871682152415912,Low Risk,3970
9424-CMPOG,9,19.6,197.4,No,0.16855457446745004,Low Risk,3971
5061-PBXFW,32,61.4,1864.65,No,0.168505342536676,Low Risk,3972
2826-UWHIS,45,81.4,3775.85,No,0.16844478812253763,Low Risk,3973
8612-GXIDD,12,25.4,313.0,No,0.1684075401155088,Low Risk,3974
9972-VAFJJ,53,94.0,4871.45,No,0.1683712042086287,Low Risk,3975
0486-HECZI,55,96.75,5238.9,Yes,0.16813501930225253,Low Risk,3976
9681-KYGYB,49,88.2,4159.45,No,0.16792069767977086,Low Risk,3977
5624-RYAMH,9,19.5,178.85,No,0.16782618810026728,Low Risk,3978
1154-HYWWO,38,70.6,2708.2,No,0.16772592469749115,Low Risk,3979
4137-JOPHL,50,89.7,4304.5,No,0.16771932324756283,Low Risk,3980
7869-ZYDST,31,59.05,1882.8,No,0.16767277463980956,Low Risk,3981
7727-SHVZV,9,19.5,150.35,No,0.1673694700817917,Low Risk,3982
6838-YAUVY,54,95.1,5064.85,No,0.16722748521682224,Low Risk,3983
5197-YPYBZ,12,25.25,274.7,No,0.16714909264794905,Low Risk,3984
3422-WJOYD,28,54.35,1426.45,No,0.167079012954562,Low Risk,3985
0866-QLSIR,34,64.4,2088.75,Yes,0.16704413339465823,Low Risk,3986
8345-MVDYC,45,81.65,3618.7,No,0.16699825989323094,Low Risk,3987
0623-IIHUG,21,41.9,840.1,Yes,0.16699530134865082,Low Risk,3988
8205-OTCHB,22,43.75,903.6,Yes,0.16698905011847234,Low Risk,3989
8003-EWNDZ,10,21.2,222.65,No,0.16686178692201462,Low Risk,3990
8468-EHYJA,57,99.65,5497.05,No,0.16679248486005968,Low Risk,3991
9817-APLHW,12,25.0,316.2,No,0.1667427295569579,Low Risk,3992
3307-TLCUD,17,34.4,592.75,No,0.16669894088113205,Low Risk,3993
1732-FEKLD,54,94.75,5121.75,No,0.16663944178217513,Low Risk,3994
8785-EPNCG,11,23.15,245.2,Yes,0.16662930555529887,Low Risk,3995
5204-HMGYF,49,87.2,4345.0,No,0.16660557461275077,Low Risk,3996
1710-RCXUS,51,90.35,4614.55,No,0.16651797498721763,Low Risk,3997
2522-WLNSF,34,64.2,2106.3,No,0.16646954967594746,Low Risk,3998
5203-XEHAX,34,64.35,2053.05,No,0.16626104787954232,Low Risk,3999
9835-ZIITK,66,110.85,7491.75,Yes,0.16616216560834302,Low Risk,4000
7576-ASEJU,41,74.7,3187.65,No,0.16612126175292194,Low Risk,4001
0887-WBJVH,53,93.45,4872.2,No,0.16602782566475674,Low Risk,4002
1163-VIPRI,65,109.3,7337.55,No,0.16600331906047716,Low Risk,4003
3847-BAERP,10,20.9,247.0,No,0.16596985177762785,Low Risk,4004
3823-KYNQY,12,24.95,280.4,No,0.16595918548914354,Low Risk,4005
7124-UGSUR,61,104.4,6405.0,Yes,0.1658822279605198,Low Risk,4006
6333-YDVLT,65,110.0,7138.65,No,0.16582088241104298,Low Risk,4007
1301-LOPVR,29,55.35,1636.95,No,0.16578856364984645,Low Risk,4008
7895-VONWT,25,48.25,1293.8,No,0.16567324441624776,Low Risk,4009
0980-FEXWF,26,50.35,1285.8,No,0.16559459508664462,Low Risk,4010
9025-ZRPVR,9,18.95,185.6,Yes,0.16558408937811395,Low Risk,4011
1991-VOPLL,9,19.05,157.65,No,0.16556543779467978,Low Risk,4012
1853-ARAAQ,26,50.35,1277.5,No,0.16546290144663825,Low Risk,4013
7632-MNYOY,66,110.9,7432.05,Yes,0.16542639328649955,Low Risk,4014
3795-CAWEX,70,116.55,8152.3,No,0.16536498269066838,Low Risk,4015
9565-JSNFM,38,70.45,2597.6,Yes,0.1653223477589928,Low Risk,4016
7569-NMZYQ,72,118.75,8672.45,No,0.1652183271173678,Low Risk,4017
6847-KJLTS,58,100.4,5749.8,No,0.16511252843020657,Low Risk,4018
6303-KFWSL,29,55.25,1620.2,No,0.16509825568587383,Low Risk,4019
3413-DHLPB,60,103.75,5969.95,No,0.16509124703177694,Low Risk,4020
6284-KMNUF,56,98.0,5270.6,No,0.16505955417958543,Low Risk,4021
0056-EPFBG,20,39.4,825.4,No,0.16500990598438545,Low Risk,4022
3612-YUNGG,64,109.2,6741.15,No,0.164988794744528,Low Risk,4023
9419-IPPBE,51,90.15,4554.85,No,0.16472030715979302,Low Risk,4024
6243-OZGFH,23,44.95,996.85,No,0.16469007920512807,Low Risk,4025
9052-VKDUW,65,109.4,7227.45,No,0.1646824182553287,Low Risk,4026
2533-TIBIX,15,30.2,469.65,No,0.16464768812411149,Low Risk,4027
0475-RIJEP,43,77.85,3365.85,Yes,0.16458598688612824,Low Risk,4028
9512-PHSMG,10,20.55,252.75,No,0.16457592794114367,Low Risk,4029
2830-LEWOA,61,103.9,6449.15,No,0.16446107882244815,Low Risk,4030
8591-NXRCV,41,74.65,3090.65,No,0.16437218490179623,Low Risk,4031
7925-PNRGI,45,81.3,3541.1,No,0.16427871631675792,Low Risk,4032
4488-KQFDT,61,103.95,6423.0,No,0.16425972578835732,Low Risk,4033
5966-EMAZU,64,108.5,6880.85,No,0.16423495260529672,Low Risk,4034
7459-IMVYU,38,69.95,2657.55,No,0.1641539222801233,Low Risk,4035
3724-BSCVH,10,20.45,242.4,No,0.16399044093605009,Low Risk,4036
5271-YNWVR,68,113.15,7856.0,Yes,0.16397149122787608,Low Risk,4037
4523-WXCEF,59,101.1,6039.9,Yes,0.16382288356882133,Low Risk,4038
8091-TTVAX,58,100.35,5681.1,No,0.1638168005438721,Low Risk,4039
6173-ITPWD,47,83.35,4065.0,Yes,0.1635598139997279,Low Risk,4040
1784-BXEFA,10,20.55,187.35,No,0.16354564158598506,Low Risk,4041
2252-JHJGE,61,104.0,6363.45,No,0.16353308234881694,Low Risk,4042
0750-EBAIU,52,91.25,4738.3,No,0.16344017753476553,Low Risk,4043
1455-HFBXA,52,91.6,4627.8,No,0.16317667489625923,Low Risk,4044
5827-MWCZK,56,96.95,5432.2,No,0.16317593554024765,Low Risk,4045
8715-KKTFG,61,103.3,6518.35,No,0.16302269055860974,Low Risk,4046
5339-TJFEK,62,105.5,6487.2,No,0.16300185208320933,Low Risk,4047
0956-ACVZC,54,94.1,5060.9,No,0.16292618804626702,Low Risk,4048
3230-IUALN,45,81.0,3533.6,No,0.16289837343648084,Low Risk,4049
1163-ONYEY,41,74.55,3023.55,No,0.16289641461178758,Low Risk,4050
0330-BGYZE,60,102.5,6157.6,No,0.16277639232185875,Low Risk,4051
8728-SKJLR,41,74.25,3089.1,No,0.16266512872606537,Low Risk,4052
9259-PACGQ,34,62.65,2274.9,Yes,0.16257905770486605,Low Risk,4053
7665-VIGUD,10,20.35,176.3,No,0.1625330663302593,Low Risk,4054
7657-DYEPJ,38,70.15,2497.35,Yes,0.16247992853412974,Low Risk,4055
1494-EJZDW,10,20.15,220.8,No,0.16239162281868852,Low Risk,4056
6252-DFGTK,37,68.1,2479.25,No,0.16235869264213754,Low Risk,4057
7758-XKCBS,15,29.7,438.25,Yes,0.1620531391476432,Low Risk,4058
8561-NMTBD,67,112.35,7388.45,No,0.16205124829950107,Low Risk,4059
7094-MSZAO,10,20.05,218.5,No,0.16193785608741815,Low Risk,4060
5578-NKCXI,58,99.25,5846.65,No,0.1617975401286376,Low Risk,4061
8879-XUAHX,71,116.25,8564.75,No,0.16179589925454077,Low Risk,4062
3549-ZTMNH,12,24.0,269.65,No,0.1617867658174826,Low Risk,4063
9767-FFLEM,38,69.5,2625.25,No,0.16176005177670325,Low Risk,4064
6583-QGCSI,50,88.05,4367.35,Yes,0.16173088424384588,Low Risk,4065
3920-HIHMQ,26,49.5,1265.65,No,0.1616999237700434,Low Risk,4066
1952-DVVSW,10,20.1,184.4,No,0.16161522044370283,Low Risk,4067
0221-NAUXK,10,19.95,219.5,No,0.16153644800528838,Low Risk,4068
6133-OZILE,18,35.2,607.3,No,0.16149221514950476,Low Risk,4069
0380-ZCSBI,10,20.0,198.7,No,0.16142115481645103,Low Risk,4070
2889-FPWRM,72,117.8,8684.8,Yes,0.1614197966667034,Low Risk,4071
8439-LTUGF,10,20.0,198.6,No,0.16141959990886856,Low Risk,4072
2307-FYNNL,65,109.05,7108.2,No,0.16134483020570228,Low Risk,4073
4860-YZGZM,10,20.0,185.4,No,0.161214458260848,Low Risk,4074
0114-RSRRW,10,19.95,187.75,No,0.16104308779543458,Low Risk,4075
3396-DKDEL,70,115.15,8250.0,No,0.1610177500771126,Low Risk,4076
4936-YPJNK,10,19.9,199.45,No,0.16101690198255736,Low Risk,4077
9924-JPRMC,72,118.2,8547.15,No,0.16094532215913035,Low Risk,4078
3162-ZJZFU,53,92.55,4779.45,No,0.16078768676272095,Low Risk,4079
0201-OAMXR,70,115.55,8127.6,Yes,0.16078045426473503,Low Risk,4080
3675-YDUPJ,10,19.85,193.05,No,0.1607100845409261,Low Risk,4081
4827-LTQRJ,66,110.6,7210.85,No,0.1606998143006742,Low Risk,4082
6603-YRDCJ,33,61.05,2018.4,No,0.16062322906728602,Low Risk,4083
4318-RAJVY,10,19.8,198.25,No,0.16058327176640766,Low Risk,4084
4182-BGSIQ,10,19.8,196.75,No,0.1605600473023802,Low Risk,4085
2428-ZMCTB,10,19.75,208.25,No,0.1605308290208215,Low Risk,4086
2773-OVBPK,67,111.3,7567.2,No,0.1604605799684239,Low Risk,4087
6992-TKNYO,38,69.0,2669.45,No,0.16036820180149164,Low Risk,4088
3807-BPOMJ,55,94.75,5276.1,No,0.1602806595747615,Low Risk,4089
5478-JJVZK,33,60.9,2033.85,No,0.16024088118202037,Low Risk,4090
7541-YLXCL,36,65.4,2498.4,Yes,0.16011326971691023,Low Risk,4091
6341-AEVKX,62,104.3,6613.65,No,0.15997123469646038,Low Risk,4092
9739-JLPQJ,72,117.5,8670.1,No,0.15994771693250504,Low Risk,4093
3761-FLYZI,65,108.8,7082.45,No,0.159909369150471,Low Risk,4094
6240-EURKS,18,35.0,553.0,Yes,0.15982167962698032,Low Risk,4095
4429-WYGFR,26,49.15,1237.3,No,0.1598083289819419,Low Risk,4096
8076-FEZKJ,10,19.5,225.85,No,0.15976857318188795,Low Risk,4097
3146-JTQHR,10,19.6,189.45,No,0.15962020489928494,Low Risk,4098
1573-LGXBA,57,97.55,5598.0,No,0.1595575901263461,Low Risk,4099
3022-BEXHZ,67,111.2,7530.8,No,0.15948540130543812,Low Risk,4100
4007-NHVHI,56,96.85,5219.65,No,0.15945673323566115,Low Risk,4101
2371-KFUOG,58,99.15,5720.95,No,0.15943627529749055,Low Risk,4102
3199-NPKCN,67,111.25,7511.65,No,0.15939668758816228,Low Risk,4103
5090-EMGTC,59,100.05,6034.85,No,0.1593693016377181,Low Risk,4104
2675-DHUTR,58,98.9,5780.7,No,0.15932566975659618,Low Risk,4105
3571-RFHAR,65,109.15,6941.2,Yes,0.15917715249630812,Low Risk,4106
2659-VXMWZ,67,111.3,7482.1,Yes,0.1591480827319388,Low Risk,4107
9207-ZPANB,37,67.45,2443.3,No,0.1591049587824255,Low Risk,4108
5751-USDBL,46,81.0,3846.35,No,0.15907440818864213,Low Risk,4109
0946-CLJTI,58,98.7,5812.6,Yes,0.15899286071902172,Low Risk,4110
3058-WQDRE,13,25.15,331.85,No,0.15886242496610867,Low Risk,4111
4011-ARPHK,27,50.35,1411.35,No,0.15882558600064703,Low Risk,4112
1444-VVSGW,70,115.65,7968.85,Yes,0.15874544048563136,Low Risk,4113
7572-KPVKK,62,104.05,6590.5,No,0.15858553184421986,Low Risk,4114
1821-BUCWY,30,55.65,1653.85,No,0.15857850257752512,Low Risk,4115
5298-GSTLM,60,101.4,6176.6,No,0.15850917301112982,Low Risk,4116
7629-WFGLW,56,95.65,5471.75,No,0.15839426619075322,Low Risk,4117
4815-TUMEQ,10,19.3,185.2,No,0.15832133302800572,Low Risk,4118
7996-BPXHY,13,25.0,332.5,No,0.15825687806367128,Low Risk,4119
0186-CAERR,71,116.3,8309.55,No,0.1580641735050307,Low Risk,4120
0419-YAAPX,49,85.3,4297.95,No,0.15792904033480845,Low Risk,4121
4063-EIKNQ,11,20.95,267.35,No,0.1577818890898483,Low Risk,4122
0471-ARVMX,62,104.85,6312.9,No,0.15761614245838618,Low Risk,4123
4191-XOVOM,63,105.4,6713.2,No,0.15743834730079265,Low Risk,4124
7929-SKFGK,70,114.3,8244.3,No,0.15743048972127482,Low Risk,4125
2692-AQCPF,65,108.05,7118.9,No,0.15738933054330895,Low Risk,4126
5375-XLDOF,69,114.35,7665.8,No,0.15734078602272802,Low Risk,4127
8975-SKGRX,71,116.1,8310.55,No,0.15726252116062917,Low Risk,4128
6990-YNRIO,65,108.65,6937.95,Yes,0.1570803110189169,Low Risk,4129
2223-GDSHL,71,116.05,8297.5,No,0.15686046601813025,Low Risk,4130
6368-NWMCE,38,68.15,2656.3,No,0.15667960074243492,Low Risk,4131
5158-RIVOP,11,20.9,202.3,No,0.15658826736169287,Low Risk,4132
9788-HNGUT,72,116.95,8594.4,No,0.15653637016039046,Low Risk,4133
3372-CDXFJ,13,24.5,343.6,No,0.15638725406737142,Low Risk,4134
6650-BWFRT,72,117.15,8529.5,No,0.15636430044734415,Low Risk,4135
3655-SNQYZ,69,113.25,7895.15,No,0.15635076852216262,Low Risk,4136
1121-QSIVB,44,77.55,3471.1,No,0.15631995235805804,Low Risk,4137
7402-PWYJJ,53,91.15,4862.5,No,0.15631615487883044,Low Risk,4138
0471-LVHGK,41,73.0,3001.2,Yes,0.15616126945537423,Low Risk,4139
5863-OOKCL,10,18.85,163.2,No,0.15615248387915073,Low Risk,4140
4791-QRGMF,59,99.5,5961.1,Yes,0.15599749010932476,Low Risk,4141
7271-AJDTL,55,94.45,5073.1,No,0.15594866693589382,Low Risk,4142
2907-ILJBN,11,20.6,233.9,No,0.15585051478431464,Low Risk,4143
3716-LRGXK,60,101.15,6067.4,No,0.1558290735406983,Low Risk,4144
3714-JTVOV,42,74.15,3229.4,Yes,0.1558117097654079,Low Risk,4145
8189-HBVRW,53,90.8,4921.2,No,0.15578649497341485,Low Risk,4146
6904-JLBGY,72,117.35,8436.25,No,0.1557636666516499,Low Risk,4147
2323-ARSVR,67,111.05,7321.05,No,0.15567473254467304,Low Risk,4148
4353-HYOJD,27,49.85,1336.15,No,0.15564327054515986,Low Risk,4149
7136-IHZJA,40,71.35,2847.2,No,0.15560867667775957,Low Risk,4150
7266-GSSJX,11,20.45,250.8,No,0.15549929473059332,Low Risk,4151
7706-DZNKK,11,20.45,237.3,No,0.15529576301651749,Low Risk,4152
6865-JZNKO,30,55.3,1530.6,No,0.15528133758693585,Low Risk,4153
3096-YXENJ,65,107.65,7082.85,No,0.1552209131590683,Low Risk,4154
6698-OXETB,11,20.4,231.45,No,0.1550061079774408,Low Risk,4155
3349-ANQNH,59,99.5,5890.0,No,0.1549252007170162,Low Risk,4156
6924-TDGMT,11,20.55,184.95,No,0.15491077581848345,Low Risk,4157
3810-DVDQQ,72,117.6,8308.9,No,0.15485328070162757,Low Risk,4158
7838-LAZFO,45,78.8,3597.5,No,0.15483895314773413,Low Risk,4159
9256-JTBNZ,11,20.3,246.3,No,0.1548267799639058,Low Risk,4160
0607-MVMGC,45,78.75,3600.65,No,0.15468512570326465,Low Risk,4161
9932-WBWIK,11,20.35,215.25,No,0.1545614753181869,Low Risk,4162
6103-LIANB,59,99.5,5861.75,No,0.1545008243750826,Low Risk,4163
4664-NJCMS,33,59.55,2016.3,No,0.15446876594300998,Low Risk,4164
2011-TRQYE,18,33.5,600.0,Yes,0.15442734661538857,Low Risk,4165
1488-PBLJN,72,116.85,8477.7,No,0.1543726663364241,Low Risk,4166
0635-WKOLD,40,70.75,2921.75,No,0.15431360240323524,Low Risk,4167
6646-QVXLR,62,103.75,6383.35,Yes,0.1542287434608064,Low Risk,4168
4712-AUQZO,18,33.6,550.35,No,0.15408454048741102,Low Risk,4169
2371-JUNGC,11,20.25,208.0,No,0.1540514478314606,Low Risk,4170
6172-FECYY,49,84.5,4254.85,Yes,0.15403815041490848,Low Risk,4171
7109-CQYUZ,52,89.25,4652.4,No,0.1539136288011731,Low Risk,4172
5336-UFNZP,65,107.45,7047.5,No,0.15388657953183935,Low Risk,4173
0017-IUDMW,72,116.8,8456.75,No,0.15385847331171437,Low Risk,4174
7356-IWLFW,46,80.0,3769.7,No,0.1538535056940329,Low Risk,4175
9139-TWBAS,26,47.85,1190.5,No,0.1538116314736607,Low Risk,4176
6261-RCVNS,42,73.9,3160.55,Yes,0.15377107613405186,Low Risk,4177
9442-JTWDL,11,20.05,237.7,No,0.15369476758172437,Low Risk,4178
6861-OKBCE,11,20.1,221.35,Yes,0.15365050732647864,Low Risk,4179
6900-RBKER,52,89.45,4577.75,No,0.15359825740835176,Low Risk,4180
0675-NCDYU,72,116.4,8543.25,No,0.15355068205437628,Low Risk,4181
6834-NXDCA,13,23.9,300.8,Yes,0.1533287597052987,Low Risk,4182
3552-CTCYF,63,104.8,6597.25,No,0.15326939987859178,Low Risk,4183
3617-XLSGQ,66,109.25,7082.5,No,0.1532553003032278,Low Risk,4184
0530-IJVDB,70,114.6,7882.5,No,0.15318902168067938,Low Risk,4185
4393-GEADV,70,114.75,7842.3,No,0.15318845718706003,Low Risk,4186
8084-OIVBS,11,20.0,211.95,No,0.15311091481049965,Low Risk,4187
6961-VCPMC,46,80.4,3605.2,Yes,0.15299709350052362,Low Risk,4188
4895-TMWIR,11,19.95,214.75,Yes,0.1529532845617161,Low Risk,4189
2632-IVXVF,68,111.75,7511.3,No,0.15295325397831158,Low Risk,4190
8383-SGHJU,33,59.4,1952.8,No,0.15291993503334897,Low Risk,4191
2722-VOJQL,64,105.65,6903.1,Yes,0.1528853520423659,Low Risk,4192
0967-BMLBD,11,20.0,196.35,No,0.1528787003770884,Low Risk,4193
1142-IHLOO,51,87.55,4475.9,No,0.15283303968134104,Low Risk,4194
9554-DFKIC,30,54.45,1588.7,No,0.15274476749645946,Low Risk,4195
8822-KNBHV,48,83.45,3887.85,No,0.1527119777694634,Low Risk,4196
9146-JRIOX,14,25.55,372.45,No,0.15264716611240117,Low Risk,4197
0512-FLFDW,60,100.5,6029.0,No,0.15264593890839045,Low Risk,4198
0020-JDNXP,34,61.25,1993.2,No,0.15257072300466623,Low Risk,4199
5315-CKEQK,28,51.0,1381.8,No,0.1525637819705744,Low Risk,4200
7801-CEDNV,27,48.7,1421.75,No,0.15231674660433323,Low Risk,4201
6993-YGFJV,69,112.55,7806.5,No,0.15221320341375685,Low Risk,4202
4455-BFSPD,61,101.15,6383.9,No,0.1521964697177632,Low Risk,4203
5193-QLVZB,63,104.75,6536.5,No,0.15216746300590248,Low Risk,4204
2045-BMBTJ,33,59.45,1884.65,No,0.15210686834739842,Low Risk,4205
7176-WRTNX,70,114.95,7711.25,No,0.15203718599673743,Low Risk,4206
3472-OAOOR,19,34.95,610.2,No,0.152030936107886,Low Risk,4207
2351-BKRZW,43,75.2,3254.35,No,0.15202514415006893,Low Risk,4208
5973-EJGDP,51,87.35,4473.0,No,0.15199537515393724,Low Risk,4209
6319-QSUSR,11,19.7,216.2,No,0.15198123608645087,Low Risk,4210
0565-JUPYD,63,104.5,6590.8,No,0.15198028546674297,Low Risk,4211
0486-LGCCH,11,19.65,225.75,No,0.15192443395007607,Low Risk,4212
1004-NOZNR,56,94.8,5264.3,No,0.15184587532974753,Low Risk,4213
3315-IKYZQ,28,50.8,1386.8,No,0.15184416191440359,Low Risk,4214
1666-JZPZT,27,49.0,1291.35,No,0.1515755355400457,Low Risk,4215
4086-ATNFV,34,60.8,2042.05,No,0.15150983934897122,Low Risk,4216
1093-YSWCA,11,19.55,223.15,No,0.15149019576594394,Low Risk,4217
5180-UCIIQ,22,40.05,880.2,Yes,0.1514076571740242,Low Risk,4218
7649-PHJVR,11,19.5,226.8,No,0.15134647623847564,Low Risk,4219
3258-ZKPAI,72,116.6,8337.45,No,0.15129135587010525,Low Risk,4220
0795-GMVQO,67,109.9,7332.4,No,0.1512495029517165,Low Risk,4221
2842-BCQGE,43,75.35,3161.4,No,0.15124510242395148,Low Risk,4222
7730-IUTDZ,43,75.2,3198.6,Yes,0.151201429103455,Low Risk,4223
4808-YNLEU,35,62.15,2215.45,No,0.15115039532342298,Low Risk,4224
2202-OUTMO,34,60.85,2003.6,No,0.1511401130263656,Low Risk,4225
0786-IVLAW,66,108.1,7238.6,No,0.15100603850455516,Low Risk,4226
8628-MFKAX,72,116.75,8277.05,No,0.15099310094247362,Low Risk,4227
8044-BGWPI,12,21.15,306.05,No,0.15078387860447776,Low Risk,4228
6627-CFOSN,59,99.45,5623.7,No,0.15076545473626035,Low Risk,4229
1360-XFJMR,67,109.7,7344.45,No,0.15063856593920194,Low Risk,4230
0112-QWPNC,49,84.35,4059.35,Yes,0.1505435611460577,Low Risk,4231
9586-JGQKH,64,105.4,6794.75,No,0.15029582773242786,Low Risk,4232
2368-GAKKQ,70,113.65,7939.25,No,0.15026755394144603,Low Risk,4233
6007-TCTST,72,115.8,8476.5,No,0.15018630099913793,Low Risk,4234
6723-WSNTY,66,108.1,7181.95,No,0.1501736730477447,Low Risk,4235
8984-EYLLL,64,105.25,6823.4,No,0.1501270283172863,Low Risk,4236
1480-BKXGA,72,116.05,8404.9,No,0.15011794873945175,Low Risk,4237
7401-JIXNM,54,91.3,4965.0,No,0.15010890065329643,Low Risk,4238
2480-EJWYP,58,97.8,5458.8,No,0.15006878724887807,Low Risk,4239
8421-WZOOW,57,95.3,5567.45,No,0.15004689039885716,Low Risk,4240
5067-XJQFU,66,108.45,7076.35,No,0.14999947568177205,Low Risk,4241
3669-WHAFY,71,115.15,8078.1,No,0.1499927083407685,Low Risk,4242
5795-KTGUD,68,110.8,7553.6,No,0.14982393630111296,Low Risk,4243
6828-HMKWP,12,21.05,262.05,No,0.1497458250876503,Low Risk,4244
7349-ALMUX,37,65.6,2313.8,No,0.14973557156888193,Low Risk,4245
5269-NRGDP,42,73.15,3088.25,No,0.1497329867373265,Low Risk,4246
4946-EDSEW,11,19.25,180.3,Yes,0.14968044104304382,Low Risk,4247
4701-MLJPN,31,55.25,1715.65,Yes,0.14953105919898277,Low Risk,4248
5451-YHYPW,72,115.75,8443.7,No,0.14951041580693522,Low Risk,4249
5445-PZWGX,62,102.0,6529.25,Yes,0.1494558334271257,Low Risk,4250
5914-XRFQB,72,115.8,8424.9,No,0.1494313741791193,Low Risk,4251
0547-HURJB,12,21.05,235.8,No,0.14936231572838524,Low Risk,4252
7716-YTYHG,48,82.05,4029.95,Yes,0.14928469667655603,Low Risk,4253
1555-DJEQW,70,114.2,7723.9,Yes,0.14927160484006055,Low Risk,4254
8785-CJSHH,60,99.8,5985.75,No,0.14925011501697122,Low Risk,4255
5844-QVTAT,33,58.45,1955.4,No,0.14921133540897313,Low Risk,4256
8980-WQFWL,35,62.1,2096.1,No,0.14920448467382658,Low Risk,4257
4976-LNFVV,19,34.3,577.15,No,0.1489896031621595,Low Risk,4258
4403-BWPAY,14,24.8,321.7,No,0.14894692322876693,Low Risk,4259
3714-NTNFO,49,84.5,3906.7,No,0.14889862772437837,Low Risk,4260
8606-CIQUL,72,115.75,8399.15,No,0.14886086836348267,Low Risk,4261
5074-FBGHB,64,104.65,6889.8,No,0.14875095052060758,Low Risk,4262
8029-XYPWT,71,115.05,8016.6,No,0.14870449182515072,Low Risk,4263
5155-AZQPB,28,49.9,1410.25,No,0.14865412154150764,Low Risk,4264
5975-BAICR,36,63.7,2188.5,No,0.14864500413128395,Low Risk,4265
8849-PRIQJ,67,109.4,7281.6,No,0.14854639297063862,Low Risk,4266
8263-QMNTJ,72,115.55,8425.3,No,0.14846253614242685,Low Risk,4267
0907-HQNTS,70,113.0,7987.6,No,0.14843337858128094,Low Risk,4268
3143-ILDAL,56,94.45,5124.6,Yes,0.14842496881682773,Low Risk,4269
8961-QDZZJ,57,95.0,5535.8,No,0.1484138927555586,Low Risk,4270
1447-PJGGA,57,95.25,5464.65,Yes,0.14835273706817811,Low Risk,4271
8015-IHCGW,72,115.5,8425.15,No,0.14826605562239678,Low Risk,4272
5322-TEUJK,71,114.6,8100.25,No,0.14816963538915298,Low Risk,4273
7067-KSAZT,65,106.25,6979.8,Yes,0.1481580775745285,Low Risk,4274
2933-XEUJM,46,79.2,3593.8,No,0.14811006114734188,Low Risk,4275
8513-OLYGY,72,115.8,8332.15,No,0.14808227514439434,Low Risk,4276
3070-BDOQC,60,99.65,5941.05,No,0.1480165939878886,Low Risk,4277
1343-EHPYB,63,103.4,6603.0,Yes,0.1478476377140576,Low Risk,4278
0643-OKLRP,47,80.35,3825.85,Yes,0.14783107160927733,Low Risk,4279
3207-OYBWH,57,95.25,5427.05,Yes,0.1478078765905267,Low Risk,4280
7182-OVLBJ,62,101.15,6638.35,No,0.14773395502489256,Low Risk,4281
7610-TVOPG,15,26.35,378.6,No,0.14767999762316933,Low Risk,4282
2436-QBZFP,22,39.2,849.9,No,0.14764077187391234,Low Risk,4283
4109-CYRBD,29,51.6,1442.0,No,0.14760608772820075,Low Risk,4284
3192-NQECA,68,110.0,7611.85,Yes,0.14755645157522854,Low Risk,4285
6476-EPYZR,12,20.5,255.5,No,0.14751018143699593,Low Risk,4286
8942-DBMHZ,12,20.45,255.35,No,0.14731474325270438,Low Risk,4287
1539-LNKHM,12,20.4,266.6,No,0.14728390573109826,Low Risk,4288
4806-DXQCE,70,113.65,7714.65,No,0.14700292234226275,Low Risk,4289
0164-APGRB,72,114.9,8496.7,No,0.14697824063986728,Low Risk,4290
3726-TBHQT,71,114.0,8175.9,No,0.14694153859897613,Low Risk,4291
3870-SPZSI,70,113.05,7869.05,No,0.14691294379905065,Low Risk,4292
3521-SYVOR,37,64.75,2345.2,Yes,0.14688904918543902,Low Risk,4293
2121-JAFOM,72,115.55,8312.4,No,0.14683048036723848,Low Risk,4294
3038-PQIUY,38,66.15,2522.4,No,0.14678576168356686,Low Risk,4295
9298-WGMRW,72,115.5,8312.75,No,0.14664297495019113,Low Risk,4296
2277-DJJDL,60,99.0,6017.9,No,0.1466143009189702,Low Risk,4297
6838-HVLXG,12,20.3,246.7,No,0.1466118240238572,Low Risk,4298
8328-SKJNO,23,40.65,947.4,No,0.14658159661156808,Low Risk,4299
7032-LMBHI,37,64.65,2347.85,No,0.14654212503040934,Low Risk,4300
1035-IPQPU,63,103.5,6479.4,No,0.14645184775600004,Low Risk,4301
0064-SUDOG,12,20.3,224.5,No,0.1462930528228945,Low Risk,4302
2972-YDYUW,57,94.7,5468.95,No,0.1462899010371151,Low Risk,4303
5153-LXKDT,68,110.2,7467.5,No,0.14624932825730777,Low Risk,4304
8454-AATJP,72,115.05,8405.0,No,0.14623755540558556,Low Risk,4305
5777-ZPQNC,12,20.15,260.7,No,0.14623622096881866,Low Risk,4306
3963-RYFNS,72,116.45,8013.55,No,0.14599959406114613,Low Risk,4307
5993-BQHEA,12,20.05,267.0,No,0.14594282664763739,Low Risk,4308
7531-GQHME,12,20.05,265.45,No,0.14592063569548464,Low Risk,4309
3239-TPHPZ,12,20.05,264.55,No,0.14590775191039462,Low Risk,4310
2380-DAMQP,72,115.15,8349.7,No,0.1458289313680826,Low Risk,4311
0906-QVPMS,72,115.15,8349.45,No,0.14582535430943588,Low Risk,4312
1095-WGNGG,61,101.05,5971.25,No,0.14579709721273146,Low Risk,4313
1352-HNSAW,72,115.6,8220.4,No,0.14570286754380316,Low Risk,4314
7777-UNYHB,12,20.1,232.4,No,0.14563937370203647,Low Risk,4315
2386-OWURY,58,95.3,5817.7,No,0.14557655691160884,Low Risk,4316
9367-TCUYN,12,20.1,223.6,No,0.1455136407699266,Low Risk,4317
9258-CNWAC,71,113.65,8166.8,No,0.14546734215012302,Low Risk,4318
8221-EQDGL,35,61.0,2130.45,No,0.14545036130812736,Low Risk,4319
9659-ZTWSM,66,107.35,7051.95,No,0.145388269730373,Low Risk,4320
7940-UQQUG,64,104.4,6721.6,No,0.14536319502997969,Low Risk,4321
7207-RMRDB,65,105.5,6985.65,Yes,0.1453538937498522,Low Risk,4322
8268-YDIXR,56,93.15,5253.95,No,0.14527735325393873,Low Risk,4323
4937-QPZPO,61,99.9,6241.35,No,0.14525703319436178,Low Risk,4324
0128-MKWSG,26,45.8,1147.0,No,0.145162259580786,Low Risk,4325
3096-WPXBT,61,100.7,6018.65,No,0.14513582069180442,Low Risk,4326
9134-WYRVP,51,86.35,4267.15,No,0.14511535727736902,Low Risk,4327
5012-YSPJJ,31,54.35,1647.0,No,0.14506422893820234,Low Risk,4328
7109-MFBYV,26,45.45,1233.15,No,0.14505450902042238,Low Risk,4329
2324-EFHVG,64,104.4,6692.65,No,0.14495055223647343,Low Risk,4330
0716-BQNDX,57,93.75,5625.55,No,0.14489301153038525,Low Risk,4331
8058-DMYRU,54,90.05,4931.8,No,0.14479706258102984,Low Risk,4332
3727-OWVYD,35,61.2,2021.2,No,0.14465689656199404,Low Risk,4333
1429-UYJSV,12,19.7,260.9,No,0.14451955256906465,Low Risk,4334
5442-PPTJY,12,19.7,258.35,No,0.1444833421481662,Low Risk,4335
1038-ZAGBI,12,19.8,229.6,Yes,0.14445529837997206,Low Risk,4336
7083-YNSKY,15,25.4,399.6,Yes,0.14433770286896083,Low Risk,4337
1150-WFARN,67,108.75,7156.2,Yes,0.14424837732671442,Low Risk,4338
2388-LAESQ,72,114.85,8317.95,No,0.1442326310630434,Low Risk,4339
1084-MNSMJ,51,85.5,4421.95,No,0.14408122176381202,Low Risk,4340
1680-VDCWW,12,19.8,202.25,No,0.14406746048828703,Low Risk,4341
1563-IWQEX,12,19.7,220.35,No,0.14394462891395224,Low Risk,4342
1936-UAFEH,68,110.25,7279.35,No,0.14376054134410074,Low Risk,4343
8404-VLQFB,15,25.25,394.85,No,0.14370171251404057,Low Risk,4344
1779-PWPMG,72,114.65,8333.95,No,0.14370106333295324,Low Risk,4345
6061-GWWAV,41,70.2,2894.55,No,0.14363280346597984,Low Risk,4346
7359-WWYJV,72,114.45,8375.05,No,0.14352518289342334,Low Risk,4347
3194-ORPIK,50,84.4,4116.15,Yes,0.14350000958365886,Low Risk,4348
1041-RXHRA,41,70.25,2868.05,Yes,0.14344763280742584,Low Risk,4349
2706-QZIHY,15,25.2,387.9,No,0.14341448751159255,Low Risk,4350
3750-RNQKR,12,19.45,246.25,No,0.1433647407132614,Low Risk,4351
4376-KFVRS,72,114.05,8468.2,No,0.14332833128942363,Low Risk,4352
1136-XGEQU,50,84.15,4164.4,No,0.14323638542625697,Low Risk,4353
2335-GSODA,23,40.1,857.75,No,0.14320992538547958,Low Risk,4354
2267-WTPYD,57,94.0,5438.95,No,0.14319824959882768,Low Risk,4355
5135-GRQJV,72,114.5,8331.95,No,0.14310614124083032,Low Risk,4356
2882-DDZPG,12,19.45,227.45,No,0.14309972992820297,Low Risk,4357
8777-MBMTS,65,105.85,6725.5,No,0.14299493382880635,Low Risk,4358
8207-DMRVL,72,114.55,8306.05,No,0.14292997895193668,Low Risk,4359
6919-ELBGL,72,114.95,8196.4,No,0.14289408591776712,Low Risk,4360
0134-XWXCE,44,74.85,3268.05,No,0.14279913828489943,Low Risk,4361
5055-MGMGF,65,105.05,6914.95,No,0.1426469135932918,Low Risk,4362
5961-VUSRV,12,19.35,219.35,No,0.1426092051155679,Low Risk,4363
8007-YYPWD,15,25.05,369.1,No,0.1425844657627163,Low Risk,4364
5602-BVFMK,12,19.3,228.75,No,0.14255321079306604,Low Risk,4365
4573-JKNAE,12,19.35,212.3,No,0.1425102150275973,Low Risk,4366
0208-BPQEJ,12,19.4,198.1,No,0.14249880848650534,Low Risk,4367
3766-EJLFL,68,109.05,7508.55,No,0.14246322955552773,Low Risk,4368
2782-JEEBU,21,36.0,780.15,No,0.1424095853292009,Low Risk,4369
0868-VJRDR,64,104.05,6605.55,No,0.14239530462396466,Low Risk,4370
9837-FWLCH,12,19.2,239.0,No,0.14232135061716245,Low Risk,4371
7233-DRTRF,63,102.4,6444.05,No,0.14177837441259386,Low Risk,4372
4553-DVPZG,62,101.35,6164.7,No,0.14176075288484374,Low Risk,4373
7055-JCGNI,70,111.95,7795.95,No,0.14169900627243429,Low Risk,4374
4476-OSWTN,69,110.55,7610.1,No,0.14167843708959854,Low Risk,4375
0289-IVARM,35,60.55,1982.6,No,0.1416608858521751,Low Risk,4376
3419-SNJJD,65,105.25,6786.4,Yes,0.1415965236423552,Low Risk,4377
1218-VKFPE,12,19.0,233.55,Yes,0.14149608892259571,Low Risk,4378
5136-GFPMB,54,89.4,4869.5,No,0.14146766066149966,Low Risk,4379
1843-TLSGD,13,20.85,272.35,No,0.14114633583863911,Low Risk,4380
1043-UXOVO,71,113.15,7993.3,No,0.14113307535479375,Low Risk,4381
9578-FOMUK,15,24.8,324.15,No,0.14102042449512606,Low Risk,4382
4524-QCSSM,26,44.65,1156.55,No,0.14096092116062223,Low Risk,4383
6035-BXTTY,32,54.65,1830.1,No,0.14090084953213997,Low Risk,4384
3892-NXAZG,72,114.05,8289.2,No,0.14082214792546385,Low Risk,4385
2382-BCKQJ,62,100.15,6413.65,Yes,0.14075267768341043,Low Risk,4386
7449-HVPIV,55,90.4,5099.15,No,0.14060729217048165,Low Risk,4387
2320-SLKMB,26,44.45,1183.8,No,0.14059550331589715,Low Risk,4388
9475-NNDGC,71,113.15,7953.25,No,0.1405763487914645,Low Risk,4389
0575-CUQOV,60,97.95,5867.0,No,0.14051325463123623,Low Risk,4390
2019-HDCZY,63,102.6,6296.75,No,0.140473079411335,Low Risk,4391
2560-PPCHE,65,105.05,6744.25,No,0.1402656294429234,Low Risk,4392
4402-FTBXC,54,89.8,4667.0,No,0.14014191126289777,Low Risk,4393
4918-FYJNT,55,90.45,5044.8,No,0.1400396761595706,Low Risk,4394
2091-MJTFX,30,51.2,1561.5,Yes,0.13987669443777487,Low Risk,4395
8627-ZYGSZ,47,78.9,3650.35,No,0.13985798838286584,Low Risk,4396
0136-IFMYD,69,109.95,7634.25,No,0.1397824233777517,Low Risk,4397
5371-VYLSX,50,83.4,4113.7,No,0.13972733808522367,Low Risk,4398
4504-YOULA,35,59.45,2136.9,No,0.1397136492383646,Low Risk,4399
2040-XBAVJ,72,114.45,8100.55,No,0.1396925512783457,Low Risk,4400
6131-FOYAS,35,59.6,2094.9,No,0.13968827642649365,Low Risk,4401
7426-GSWPO,64,103.5,6548.65,No,0.1395553527124199,Low Risk,4402
7762-URZQH,66,106.05,6981.35,Yes,0.13951408797913822,Low Risk,4403
4194-WHFCB,59,96.65,5580.8,No,0.13947536965945084,Low Risk,4404
3752-CQSJI,13,20.45,254.5,No,0.1394153843884045,Low Risk,4405
7519-JTWQH,69,110.5,7455.45,No,0.1393473700133602,Low Risk,4406
1790-NESIO,13,20.4,261.3,No,0.1393246232554345,Low Risk,4407
0487-RPVUM,61,99.4,5943.65,No,0.1392096005794145,Low Risk,4408
0310-MVLET,61,99.15,6010.05,Yes,0.13920221097251045,Low Risk,4409
6959-GQEGV,45,75.95,3273.8,No,0.13919661102443745,Low Risk,4410
4486-EFAEB,13,20.4,251.65,No,0.1391917545066201,Low Risk,4411
6131-JLWZM,13,20.3,275.4,No,0.139150129326463,Low Risk,4412
8050-DVOJX,49,81.35,4060.9,No,0.139142119039048,Low Risk,4413
7779-ORAEL,45,75.15,3480.35,No,0.1390913803487562,Low Risk,4414
6425-YQLLO,66,105.95,6975.25,Yes,0.139061362622785,Low Risk,4415
0596-BQCEQ,62,100.15,6283.3,Yes,0.1389515276091021,Low Risk,4416
9236-NDUCW,21,35.1,770.4,No,0.13892833524797696,Low Risk,4417
5443-SCMKX,58,94.3,5610.15,No,0.13891612044097154,Low Risk,4418
2212-LYASK,27,45.85,1246.4,No,0.13891378491806472,Low Risk,4419
3197-NNYNB,65,105.1,6631.85,No,0.13889969411124609,Low Risk,4420
6873-UDNLD,40,67.45,2731.0,No,0.13888675908097392,Low Risk,4421
5039-LZRQT,13,20.2,273.25,No,0.138752606835825,Low Risk,4422
0513-RBGPE,37,62.8,2278.75,No,0.13861766344175827,Low Risk,4423
4627-MIHJH,69,110.25,7467.55,No,0.1385936426912121,Low Risk,4424
0266-GMEAO,72,114.3,8058.55,No,0.1385621752672848,Low Risk,4425
9381-NDKME,24,40.65,933.3,Yes,0.13853341566636784,Low Risk,4426
1131-SUEKT,61,98.45,6145.2,No,0.13848427248557002,Low Risk,4427
5887-IKKYO,58,94.35,5563.65,No,0.13846176358479453,Low Risk,4428
7100-FQPRV,43,71.9,3173.35,No,0.13828550035047596,Low Risk,4429
2360-RDGRO,65,104.25,6812.95,No,0.1382622600714071,Low Risk,4430
9637-CDTKZ,72,114.1,8086.4,No,0.13821018424423653,Low Risk,4431
9705-IOVQQ,61,99.0,5969.3,No,0.13809225504057127,Low Risk,4432
5423-BHIXO,32,54.2,1739.6,No,0.13799261932907259,Low Risk,4433
4730-AWNAU,36,60.7,2234.55,No,0.137970928621655,Low Risk,4434
0253-ZTEOB,48,79.65,3870.3,No,0.13795557589299898,Low Risk,4435
7277-KAMWT,13,20.0,268.45,No,0.13795358958895204,Low Risk,4436
9127-FHJBZ,72,114.0,8093.15,No,0.1379364375704809,Low Risk,4437
8071-SBTRN,70,111.15,7737.55,No,0.13793326549629492,Low Risk,4438
3571-DPYUH,58,94.7,5430.35,No,0.1379201868055957,Low Risk,4439
5038-ETMLM,72,113.65,8182.75,No,0.1378802865714362,Low Risk,4440
3838-OZURD,66,105.0,7133.25,Yes,0.13774146059225215,Low Risk,4441
5481-NTDOH,67,107.05,7142.5,No,0.13772656701944366,Low Risk,4442
5546-QUERU,13,19.95,257.0,No,0.13761464979579122,Low Risk,4443
0689-DSXGL,52,85.8,4433.3,No,0.13758375651620955,Low Risk,4444
9522-ZSINC,13,19.95,253.8,No,0.13757103236459767,Low Risk,4445
2330-PQGDQ,51,84.2,4299.75,No,0.13754666178265224,Low Risk,4446
6465-GSRCL,67,106.6,7244.7,No,0.1374773020868676,Low Risk,4447
1921-KYSAY,41,68.6,2877.05,No,0.13744694235020527,Low Risk,4448
5014-GSOUQ,13,19.95,243.65,No,0.1374327601988431,Low Risk,4449
9128-CPXKI,59,95.8,5655.45,No,0.1373802080163457,Low Risk,4450
2988-QRAJY,69,110.05,7430.75,No,0.13735926172356505,Low Risk,4451
3696-XRIEN,50,82.5,4179.1,No,0.13732066185794106,Low Risk,4452
4323-ELYYB,13,20.0,218.55,No,0.1372733457728825,Low Risk,4453
6616-AALSR,65,104.3,6725.3,No,0.13724902481615905,Low Risk,4454
9691-HKOVS,55,90.15,4916.95,No,0.13718461352685324,Low Risk,4455
0594-UFTUL,13,19.85,252.0,No,0.13718206077434378,Low Risk,4456
1347-KTTTA,64,102.45,6654.1,No,0.13714964243258468,Low Risk,4457
6896-SRVYQ,44,73.85,3122.4,No,0.13708444607011322,Low Risk,4458
9239-GZHZE,72,113.65,8124.2,No,0.13708276852905127,Low Risk,4459
5063-IUOKK,13,19.75,265.75,No,0.13700506949694158,Low Risk,4460
1543-LLLFT,61,98.3,6066.55,No,0.13686402217092328,Low Risk,4461
6859-QNXIQ,72,113.1,8248.5,No,0.1367710728512389,Low Risk,4462
3078-ZKNTS,13,19.75,246.7,No,0.13674654793359559,Low Risk,4463
8670-ERCJH,72,113.4,8164.1,No,0.13671580691520208,Low Risk,4464
1338-CECEE,41,68.5,2839.95,No,0.1365793887646476,Low Risk,4465
0058-EVZWM,55,89.8,4959.6,No,0.13649183372624454,Low Risk,4466
7776-QWNFX,30,50.4,1527.5,Yes,0.13648168618533515,Low Risk,4467
3720-DBRWL,51,83.85,4307.1,No,0.1363740723303543,Low Risk,4468
8433-WPJTV,65,103.9,6767.1,No,0.13636325490290566,Low Risk,4469
0956-SYCWG,13,19.65,244.8,No,0.13635818617360054,Low Risk,4470
8979-CAMGB,64,102.1,6688.1,No,0.13633996951387578,Low Risk,4471
0854-UYHZD,13,19.55,265.3,No,0.13627332695625222,Low Risk,4472
3186-AJIEK,66,105.65,6844.5,No,0.1361838937129292,Low Risk,4473
0960-HUWBM,65,104.1,6700.05,No,0.13618072431348555,Low Risk,4474
0655-YDGFJ,29,48.95,1323.7,No,0.136038122098993,Low Risk,4475
2788-CJQAQ,13,19.45,270.2,No,0.1359778421643264,Low Risk,4476
1469-LBJQJ,66,105.2,6936.85,No,0.13580413653054169,Low Risk,4477
6297-NOOPG,70,110.5,7752.05,No,0.13576862421790298,Low Risk,4478
4250-ZBWLV,68,108.45,7176.55,Yes,0.13568866079827505,Low Risk,4479
2252-NKNSI,52,85.15,4461.85,No,0.13561281259673563,Low Risk,4480
6112-KTHFQ,13,19.3,279.3,No,0.13555918183029517,Low Risk,4481
8623-TMRBY,51,84.2,4146.05,Yes,0.1354656241123311,Low Risk,4482
4770-QAZXN,13,19.45,232.1,No,0.13546447523966598,Low Risk,4483
2378-VTKDH,65,104.35,6578.55,No,0.13544511166414944,Low Risk,4484
2592-HODOV,13,19.3,259.65,No,0.13529489751628587,Low Risk,4485
8401-EMUWF,42,69.4,3058.3,No,0.13523176575013424,Low Risk,4486
7821-DPRQE,68,107.7,7320.9,No,0.13492984805051114,Low Risk,4487
5575-GNVDE,34,56.95,1889.5,No,0.13484986142494798,Low Risk,4488
5183-KLYEM,72,112.75,8192.6,No,0.1347546842566864,Low Risk,4489
4143-HHPMK,52,85.35,4338.6,Yes,0.1346770203815741,Low Risk,4490
5055-BRMNE,67,106.7,7009.5,No,0.13466293919343392,Low Risk,4491
3794-NFNCH,30,50.0,1474.9,No,0.13433409606364474,Low Risk,4492
9076-AXYIK,64,102.1,6538.45,No,0.134328434730118,Low Risk,4493
9933-QRGTX,60,97.2,5611.75,No,0.13430484041471472,Low Risk,4494
3508-CFVZL,71,111.3,7985.9,No,0.1342771311004108,Low Risk,4495
5553-AOINX,66,104.9,6891.45,No,0.13411812576230225,Low Risk,4496
0835-JKADZ,71,111.25,7984.15,No,0.13407512840869912,Low Risk,4497
5338-YHWYT,37,61.45,2302.35,No,0.13404836441633425,Low Risk,4498
4832-VRBMR,65,103.15,6792.45,No,0.13400699062808738,Low Risk,4499
6339-RZCBJ,48,78.9,3771.5,No,0.13391346959139136,Low Risk,4500
3258-SYSWS,72,113.8,7845.8,No,0.1338776363855464,Low Risk,4501
8707-HOEDG,70,110.2,7689.8,No,0.13385841985218758,Low Risk,4502
1020-JPQOW,56,90.55,5116.6,No,0.1337878318289862,Low Risk,4503
1297-VQDRP,68,107.15,7379.8,No,0.13374949376923492,Low Risk,4504
9481-IEBZY,72,112.9,8061.5,No,0.13354137327041005,Low Risk,4505
1958-RNRKS,30,49.9,1441.95,No,0.13353829784875798,Low Risk,4506
8213-TAZPM,69,108.75,7493.05,No,0.1335157243015496,Low Risk,4507
2778-OCLGR,24,39.1,971.3,Yes,0.13344557448893019,Low Risk,4508
3387-PLKUI,13,18.8,251.25,No,0.13339431992989204,Low Risk,4509
3520-FJGCV,72,112.6,8126.65,No,0.13333981763835082,Low Risk,4510
5708-EVONK,58,93.4,5435.6,Yes,0.13330444490711008,Low Risk,4511
1506-YJTYT,45,73.85,3371.0,No,0.13291805287373465,Low Risk,4512
0060-FUALY,59,94.75,5597.65,No,0.13283117423173144,Low Risk,4513
2519-ERQOJ,33,54.6,1803.7,No,0.1327757955644977,Low Risk,4514
5076-YVXCM,51,83.4,4149.45,No,0.13265474601990998,Low Risk,4515
1245-HARPS,14,20.4,292.4,No,0.13220798793572994,Low Risk,4516
4091-TVOCN,48,78.75,3682.45,No,0.13220136860973042,Low Risk,4517
1492-QGCLU,53,85.7,4616.1,No,0.13217995261968582,Low Risk,4518
5897-ZYEKH,67,105.6,7112.15,No,0.13211524708533434,Low Risk,4519
6797-UCJHZ,66,104.6,6819.45,No,0.13209913389488095,Low Risk,4520
7817-OMJNA,14,20.4,275.7,No,0.13198805751914827,Low Risk,4521
7549-MYGPK,63,100.55,6215.35,Yes,0.13195689919587705,Low Risk,4522
4829-ZLJTK,72,112.4,8046.85,No,0.13157962098765197,Low Risk,4523
2192-OZITF,45,73.55,3349.1,No,0.13157055848761348,Low Risk,4524
9495-REDIY,25,40.65,970.55,No,0.131531699090218,Low Risk,4525
9821-BESNZ,66,104.25,6860.6,No,0.1314084557581478,Low Risk,4526
6408-OTUBZ,66,104.55,6779.05,No,0.13139238539041784,Low Risk,4527
6418-HNFED,51,83.25,4089.45,No,0.131336538549282,Low Risk,4528
7609-YBPXG,54,87.1,4735.2,No,0.13132219817822083,Low Risk,4529
6572-ADKRS,46,74.8,3548.3,No,0.13123833479107958,Low Risk,4530
1984-FCOWB,70,109.5,7674.55,Yes,0.13118216706257674,Low Risk,4531
9342-VNIMQ,33,54.65,1665.2,No,0.1311296814589123,Low Risk,4532
3763-GCZHZ,66,104.05,6890.0,Yes,0.1310921517676593,Low Risk,4533
8317-BVKSO,14,20.05,299.3,No,0.13106810680431616,Low Risk,4534
7255-SSFBC,72,112.25,8041.65,No,0.13098535624652635,Low Risk,4535
6734-FQAJX,67,105.05,7171.7,No,0.13096428493223647,Low Risk,4536
0407-BDJKB,60,95.75,5742.9,Yes,0.1309082973705157,Low Risk,4537
1376-HHBDV,30,48.8,1536.75,No,0.13090603910509224,Low Risk,4538
9220-ZNKJI,55,88.8,4805.3,No,0.13087791830167123,Low Risk,4539
9522-BNTHX,34,56.25,1765.95,No,0.13073653495555082,Low Risk,4540
4742-DRORA,60,95.4,5812.0,No,0.13058698944610952,Low Risk,4541
6029-CSMJE,17,25.65,440.2,No,0.1305797820611275,Low Risk,4542
7841-FCRQD,33,53.75,1857.3,No,0.13049138169126145,Low Risk,4543
6211-WWLTF,63,99.7,6330.4,No,0.1304832406320613,Low Risk,4544
1060-ENTOF,67,105.4,7035.6,No,0.13041111463940983,Low Risk,4545
2834-SPCJV,52,84.1,4348.65,Yes,0.13039013412400374,Low Risk,4546
7931-PXHFC,38,62.3,2354.8,Yes,0.13036918619351098,Low Risk,4547
3061-BCKYI,14,19.9,283.75,No,0.13034098243394002,Low Risk,4548
3190-FZATL,14,19.95,268.4,No,0.13031542992013284,Low Risk,4549
9845-QOMAD,14,19.75,309.35,No,0.1301514917467537,Low Risk,4550
0619-OLYUR,72,111.9,8071.05,No,0.1301467524068221,Low Risk,4551
8769-KKTPH,63,99.65,6311.2,No,0.1300591261088539,Low Risk,4552
0843-WTBXE,53,85.45,4517.25,Yes,0.13001073670104232,Low Risk,4553
5440-FLBQG,69,108.4,7318.2,Yes,0.12998696209114258,Low Risk,4554
7803-XOCCZ,52,84.05,4326.8,No,0.1299318605791054,Low Risk,4555
2193-SFWQW,72,111.95,8033.1,No,0.12982767003214657,Low Risk,4556
5174-ITUMV,67,105.4,6989.45,No,0.1298111148038178,Low Risk,4557
1679-JRFBR,70,108.15,7930.55,No,0.12980765678709752,Low Risk,4558
1442-OKRJE,66,103.15,7031.3,No,0.12979349805898935,Low Risk,4559
4023-RTIQM,31,50.4,1580.1,No,0.12976705888498646,Low Risk,4560
6898-RBTLU,49,79.3,3902.45,No,0.129692091159533,Low Risk,4561
1930-WNXSB,58,92.85,5305.05,No,0.12966048404283376,Low Risk,4562
4881-GQJTW,14,19.6,300.4,No,0.12951414320809687,Low Risk,4563
0378-CJKPV,72,112.1,7965.95,No,0.12947784987665428,Low Risk,4564
2138-VFAPZ,14,19.7,263.65,No,0.1293850151919609,Low Risk,4565
0397-GZBBC,59,93.85,5574.75,Yes,0.12937846078534915,Low Risk,4566
0748-RDGGM,70,109.5,7534.65,Yes,0.12936142919909607,Low Risk,4567
3131-NWVFJ,14,19.55,294.5,No,0.12926457032763894,Low Risk,4568
8705-DWKTI,52,83.8,4331.4,No,0.12912450544182227,Low Risk,4569
1345-ZUKID,14,19.35,324.8,No,0.1289642733090572,Low Risk,4570
2931-VUVJN,59,94.05,5483.9,No,0.12889660363121117,Low Risk,4571
9351-HXDMR,72,110.9,8240.85,No,0.1288783228871494,Low Risk,4572
5223-UZAVK,64,100.3,6603.8,No,0.12886051456792072,Low Risk,4573
3423-HHXAO,14,19.5,272.0,No,0.12880128828823786,Low Risk,4574
3082-WQRVY,14,19.65,228.65,No,0.12876020334596155,Low Risk,4575
2748-MYRVK,63,99.9,6137.0,Yes,0.12867140417611558,Low Risk,4576
1935-IMVBB,56,89.7,4952.95,No,0.12866488781920934,Low Risk,4577
5304-EFJLP,72,111.65,8022.85,No,0.12865680773769064,Low Risk,4578
4753-PADAS,67,105.7,6816.95,No,0.12861976003230854,Low Risk,4579
4795-WRNVT,40,65.1,2586.0,No,0.1285882411233495,Low Risk,4580
4682-BLBUC,44,70.95,3250.45,No,0.12850944466397993,Low Risk,4581
7527-QNRUS,17,25.15,412.6,No,0.12848840952026885,Low Risk,4582
8853-TZDGH,72,111.6,8012.75,No,0.1283546573105654,Low Risk,4583
2056-EVGZL,68,105.75,7322.5,No,0.12810199626614707,Low Risk,4584
1140-UKVZG,17,24.8,475.25,No,0.12808939638615718,Low Risk,4585
7134-MJPDY,66,102.85,6976.75,No,0.12805364034560313,Low Risk,4586
4174-LPGTI,41,66.5,2728.6,Yes,0.12805146210537227,Low Risk,4587
2188-SXWVT,34,55.0,1885.15,No,0.1279491785495717,Low Risk,4588
4987-GQWPO,17,25.1,382.8,No,0.12793391756166442,Low Risk,4589
5198-EFNBM,57,90.65,5199.8,No,0.12791963363735084,Low Risk,4590
4001-TSBTV,58,91.55,5511.65,No,0.12783762785614788,Low Risk,4591
3606-SBKRY,31,50.05,1523.4,No,0.12782839154180667,Low Risk,4592
2469-DTSGX,72,111.65,7943.45,No,0.12763781046281295,Low Risk,4593
5414-OFQCB,57,90.45,5229.8,No,0.1276181665109991,Low Risk,4594
0013-SMEOE,71,109.7,7904.25,No,0.12761116406225695,Low Risk,4595
0266-CLZKZ,67,105.65,6717.9,No,0.12717915856364834,Low Risk,4596
7605-BDWDC,31,49.85,1520.1,No,0.12710211502441376,Low Risk,4597
8738-JOKAR,42,67.7,2882.25,No,0.1269744456960528,Low Risk,4598
5073-RZGBK,50,80.05,4042.2,No,0.12688328980027355,Low Risk,4599
9853-JFZDU,35,56.85,1861.1,No,0.12682627917006062,Low Risk,4600
5945-AZYHT,71,109.6,7854.15,No,0.12663132267784794,Low Risk,4601
5268-DSMNQ,62,97.95,5936.55,No,0.12658252439031636,Low Risk,4602
1150-FTQGN,60,94.15,5811.8,No,0.1262813082911054,Low Risk,4603
9090-SGQXL,68,105.3,7299.65,Yes,0.12627423736800053,Low Risk,4604
2452-SNHFZ,47,75.45,3545.1,No,0.1262348613300153,Low Risk,4605
9677-AVKED,53,84.6,4449.75,No,0.12622466453608722,Low Risk,4606
7473-ZBDSN,14,18.8,255.55,No,0.12619620961827066,Low Risk,4607
4355-CVPVS,56,88.9,4968.0,No,0.1261219796753558,Low Risk,4608
7694-VLBWQ,67,104.1,7040.85,Yes,0.12600994398652463,Low Risk,4609
8565-HBFNN,69,107.2,7317.1,No,0.12585592812303284,Low Risk,4610
8823-RLPWL,72,110.65,8065.65,No,0.12578778659809953,Low Risk,4611
8466-PZBLH,67,104.6,6885.75,No,0.12574166232504524,Low Risk,4612
7998-ZLXWN,15,20.45,330.8,No,0.1256627616669991,Low Risk,4613
4129-LYCOI,67,104.0,7039.05,No,0.12564889810096852,Low Risk,4614
0422-OHQHQ,15,20.55,295.95,No,0.1255608807258249,Low Risk,4615
0292-WEGCH,54,86.2,4524.05,No,0.12551024082540146,Low Risk,4616
6704-UTUKK,29,45.9,1332.4,No,0.12549420155610985,Low Risk,4617
0898-XCGTF,61,96.5,5673.7,No,0.12542051085468908,Low Risk,4618
5003-OKNNK,15,20.35,335.95,No,0.12539009338880494,Low Risk,4619
6300-BWMJX,59,93.35,5386.5,No,0.12526741972000338,Low Risk,4620
4717-GHADL,50,79.6,4024.2,No,0.12513140153251412,Low Risk,4621
2150-WLKUW,40,63.9,2635.0,No,0.1251239198945372,Low Risk,4622
7602-MVRMB,72,110.45,8058.85,No,0.12502745337709567,Low Risk,4623
3009-JWMPU,62,96.75,6125.4,Yes,0.12491000634125274,Low Risk,4624
7812-FZHPE,17,24.1,409.9,Yes,0.12488147848060112,Low Risk,4625
7030-FZTFM,72,110.9,7922.75,No,0.12483138206873277,Low Risk,4626
2599-CIPQE,71,109.3,7782.85,No,0.12471758085871273,Low Risk,4627
4926-UMJZD,31,49.2,1498.55,No,0.12463031027281739,Low Risk,4628
6194-HBGQN,51,81.15,4126.2,No,0.1246015027865791,Low Risk,4629
9570-KYEUA,64,99.25,6549.45,No,0.1245960759103771,Low Risk,4630
6270-OMFIW,60,94.4,5610.25,Yes,0.12458506162939254,Low Risk,4631
6693-DJWTY,35,55.6,2016.45,No,0.12456249945139343,Low Risk,4632
4378-MYPGO,68,105.25,7173.15,No,0.12451201472855104,Low Risk,4633
1291-CUOCY,72,110.6,7962.2,No,0.12431934437076558,Low Risk,4634
7696-AMHOD,49,78.0,3824.2,No,0.1242641462584682,Low Risk,4635
7595-EHCDL,32,50.6,1653.45,No,0.12426136946094142,Low Risk,4636
3756-VNWDH,65,100.75,6674.65,No,0.12419066939285081,Low Risk,4637
0829-DDVLK,15,20.1,302.45,No,0.12413031271062644,Low Risk,4638
8309-PPCED,72,110.45,7982.5,No,0.12407117987559468,Low Risk,4639
3086-RUCRN,66,103.1,6595.0,No,0.12406993441280861,Low Risk,4640
2499-AJYUA,72,110.8,7882.25,No,0.12398957989068612,Low Risk,4641
5748-RNCJT,69,106.5,7348.8,Yes,0.12390112243962001,Low Risk,4642
8387-UGUSU,15,20.05,284.3,No,0.123736986089265,Low Risk,4643
0347-UBKUZ,15,19.9,320.45,No,0.12368702473317392,Low Risk,4644
5688-KZTSN,15,20.0,288.05,Yes,0.12361700476089518,Low Risk,4645
6308-CQRBU,71,109.25,7707.7,No,0.12361160336404727,Low Risk,4646
9362-MWODR,40,64.1,2460.35,No,0.12360907228390591,Low Risk,4647
4138-NAXED,51,81.0,4085.75,No,0.12359498561682636,Low Risk,4648
9518-RWHZL,64,100.05,6254.2,Yes,0.12358412292853002,Low Risk,4649
6791-YBNAK,18,25.55,467.85,No,0.12346932007480288,Low Risk,4650
2027-DNKIV,37,58.75,2203.1,No,0.12345949126844116,Low Risk,4651
9680-NIAUV,72,109.7,8129.3,No,0.12339850158795676,Low Risk,4652
3580-HYCSP,72,110.3,7966.9,No,0.1233767395721917,Low Risk,4653
0536-ACXIP,72,109.55,8165.1,No,0.12334431031225636,Low Risk,4654
7566-DSRLQ,72,110.15,7998.8,No,0.12327413084430688,Low Risk,4655
3134-DSHVC,63,98.0,6218.45,No,0.12326835152767289,Low Risk,4656
9364-YKUVW,15,19.8,309.4,No,0.12321685884171729,Low Risk,4657
9844-FELAJ,70,107.9,7475.85,No,0.12318807574886856,Low Risk,4658
3721-CNZHX,15,19.8,304.6,No,0.1231573042496244,Low Risk,4659
3404-JNXAX,51,80.75,4116.9,No,0.12315039616554105,Low Risk,4660
3298-QEICA,23,34.6,813.45,No,0.12312902770274725,Low Risk,4661
8138-EALND,15,19.75,311.6,No,0.12307809316994016,Low Risk,4662
1272-ILHFG,15,19.65,332.65,No,0.12300713668813404,Low Risk,4663
5577-OTWWW,15,19.75,297.3,Yes,0.12290091478823391,Low Risk,4664
9866-OCCKE,72,109.75,8075.35,No,0.12289537425872586,Low Risk,4665
4452-ROHMO,15,19.6,331.6,No,0.1228283459958201,Low Risk,4666
7089-XXAYG,25,38.1,970.4,No,0.12282695769879963,Low Risk,4667
4250-WAROZ,60,93.25,5774.55,No,0.12279703429532517,Low Risk,4668
5384-ZTTWP,15,19.8,272.95,No,0.12276523532573871,Low Risk,4669
1261-FWTTE,23,34.65,768.45,No,0.12273749842675698,Low Risk,4670
8319-QBEHW,26,39.95,1023.75,No,0.12269655898244984,Low Risk,4671
9863-JZAIC,35,55.0,2010.55,Yes,0.12249124399145077,Low Risk,4672
8606-OEGQZ,18,25.3,454.65,No,0.12247653625965857,Low Risk,4673
5232-NXPAY,47,74.45,3510.3,No,0.1224511210589293,Low Risk,4674
8944-AILEF,15,19.45,340.85,No,0.12244628548326818,Low Risk,4675
6040-CGACY,15,19.6,299.4,No,0.12243039001324696,Low Risk,4676
7718-UPSKJ,69,106.4,7251.9,No,0.12236724809731836,Low Risk,4677
5161-UBZXI,69,106.35,7261.75,No,0.12232361720753283,Low Risk,4678
4819-HJPIW,18,25.15,476.8,No,0.12225433881531861,Low Risk,4679
3057-VJJQE,35,55.25,1924.1,No,0.12225052074526051,Low Risk,4680
5312-TSZVC,15,19.65,270.6,No,0.12224030009323535,Low Risk,4681
1591-NFNLQ,51,80.0,4242.35,Yes,0.1222186664646747,Low Risk,4682
3407-JMJQQ,71,109.0,7661.8,No,0.12221430497861087,Low Risk,4683
2272-WUSPA,72,110.75,7751.7,No,0.12220486642569997,Low Risk,4684
6097-EQISJ,66,102.45,6615.15,Yes,0.12216162449412928,Low Risk,4685
5334-JLAXU,60,94.1,5475.9,No,0.12192042509580853,Low Risk,4686
4159-NAAIX,63,97.45,6253.0,No,0.1218759397527472,Low Risk,4687
7164-BPTUT,57,89.55,5012.35,No,0.12186965958434201,Low Risk,4688
9070-BCKQP,72,110.15,7881.2,No,0.12182157141996126,Low Risk,4689
4837-QUSFT,65,100.15,6643.5,No,0.12181411837088105,Low Risk,4690
7529-ZDFXI,57,89.85,4925.35,No,0.12178761844870417,Low Risk,4691
3886-CERTZ,72,109.25,8109.8,Yes,0.12166960766680372,Low Risk,4692
2223-KAGMX,15,19.4,289.3,Yes,0.12164701721631146,Low Risk,4693
4049-ZPALD,64,99.0,6375.8,No,0.1216129135519494,Low Risk,4694
1092-WPIVQ,18,25.1,428.45,No,0.12149537799063903,Low Risk,4695
4615-PIVVU,42,66.5,2762.75,No,0.12146679491822981,Low Risk,4696
0983-TATYJ,33,51.45,1758.9,No,0.12146148577858523,Low Risk,4697
9544-PYPSJ,62,96.1,6019.35,No,0.12143547370907845,Low Risk,4698
0076-LVEPS,29,45.0,1242.45,No,0.12138152771602291,Low Risk,4699
4199-QHJNM,67,102.9,6989.7,No,0.12137314110586034,Low Risk,4700
4451-RWASJ,15,19.5,239.75,No,0.12136775910099358,Low Risk,4701
2266-FUBDZ,15,19.35,278.85,No,0.12135474947802997,Low Risk,4702
0254-KCJGT,52,81.4,4354.45,No,0.12133076082609918,Low Risk,4703
7317-GGVPB,71,108.6,7690.9,Yes,0.12125638120407117,Low Risk,4704
9114-VEPUF,62,96.1,6001.45,No,0.12121627594777802,Low Risk,4705
5046-NUHWD,29,45.0,1228.65,No,0.12121257185368202,Low Risk,4706
6461-PPAXN,35,54.95,1916.0,No,0.1211647761880116,Low Risk,4707
1162-ECVII,72,109.75,7932.5,No,0.12113753029745494,Low Risk,4708
5176-LDKUH,48,75.15,3772.65,No,0.12110652270605131,Low Risk,4709
5696-CEIQJ,67,103.15,6895.5,No,0.12103956892756822,Low Risk,4710
3557-HTYWR,47,74.05,3496.3,No,0.12096417704811879,Low Risk,4711
1841-YSJGV,72,109.95,7852.4,No,0.12081321116350016,Low Risk,4712
9351-LZYGF,42,66.4,2727.8,No,0.12071220478808123,Low Risk,4713
7128-GGCNO,46,72.8,3249.4,No,0.12069132932964959,Low Risk,4714
8106-GWQOK,38,60.0,2193.2,No,0.12057465011607063,Low Risk,4715
0303-UNCIP,41,65.0,2531.8,No,0.12057057284666711,Low Risk,4716
4909-JOUPP,72,109.7,7898.45,No,0.12055860110390294,Low Risk,4717
9648-BCHKM,18,24.65,471.35,No,0.12054734022805548,Low Risk,4718
7789-CRUVC,61,94.2,5895.45,No,0.12053885460398406,Low Risk,4719
0533-BNWKF,55,85.45,4874.7,Yes,0.12043908397787992,Low Risk,4720
3518-FSTWG,72,109.55,7920.7,No,0.12034062200092101,Low Risk,4721
0639-TSIQW,67,102.95,6886.25,Yes,0.12027420633546688,Low Risk,4722
6122-EFVKN,24,35.75,830.8,No,0.12025662448722264,Low Risk,4723
0201-MIBOL,66,102.4,6471.85,No,0.12024458878468425,Low Risk,4724
2798-NYLMZ,71,108.55,7616.0,No,0.12017991932826311,Low Risk,4725
6295-OSINB,72,109.65,7880.25,No,0.12017443190896929,Low Risk,4726
5440-VHLUL,69,105.2,7386.05,No,0.12007725246269638,Low Risk,4727
3244-CQPHU,72,110.1,7746.7,No,0.12001585953553766,Low Risk,4728
9802-CAQUT,72,109.55,7887.25,No,0.11993446755287204,Low Risk,4729
8313-AFGBW,47,73.6,3522.65,No,0.1198190806839364,Low Risk,4730
6508-NJYRO,15,18.8,294.95,No,0.11975740489680357,Low Risk,4731
9974-JFBHQ,64,99.15,6171.2,No,0.11960953218192791,Low Risk,4732
3831-YCPUO,72,109.5,7854.9,No,0.11938103483940575,Low Risk,4733
0787-LHDYT,16,20.6,330.25,No,0.1192500193240528,Low Risk,4734
9754-CLVZW,26,38.85,1025.15,No,0.1191179867808375,Low Risk,4735
6250-CGGUN,54,84.4,4484.05,No,0.1190761011238381,Low Risk,4736
4670-TABXH,72,109.75,7758.9,No,0.11903051234057829,Low Risk,4737
6050-FFXES,69,105.35,7240.65,No,0.11880584715507005,Low Risk,4738
5998-DZLYR,61,94.35,5703.0,No,0.11869669743645576,Low Risk,4739
6614-FHDBO,72,109.2,7878.3,No,0.1186953233660004,Low Risk,4740
7707-PYBBH,40,61.9,2647.1,No,0.1186894786811965,Low Risk,4741
0913-XWSCN,55,85.5,4713.4,No,0.11865079208441617,Low Risk,4742
3214-IYUUQ,61,93.7,5860.7,No,0.11850054365656516,Low Risk,4743
1159-WFSGR,16,20.4,321.4,No,0.11849924645067784,Low Risk,4744
6696-YDAYZ,16,20.5,290.55,No,0.11845035674147883,Low Risk,4745
9541-PWTWO,52,80.95,4233.95,No,0.11841041303144491,Low Risk,4746
1346-PJWTK,61,94.15,5731.85,No,0.11840022518218613,Low Risk,4747
6837-HAEVO,69,105.0,7297.75,No,0.11836627131285786,Low Risk,4748
5804-HYIEZ,70,106.05,7554.05,No,0.1181053292977683,Low Risk,4749
4488-PSYCG,16,20.25,327.45,Yes,0.11809055120989224,Low Risk,4750
2615-YVMYX,71,107.5,7713.55,No,0.11796792615372297,Low Risk,4751
0862-PRCBS,68,103.75,7039.45,No,0.11796217792249396,Low Risk,4752
5168-MQQCA,72,108.5,8003.8,No,0.11795326691986345,Low Risk,4753
6648-INWPS,16,20.15,341.35,No,0.11793661726936007,Low Risk,4754
1090-PYKCI,69,105.1,7234.8,No,0.11793331818142017,Low Risk,4755
9142-KZXOP,44,68.85,2958.95,No,0.11792023333534829,Low Risk,4756
0254-FNMCI,72,109.9,7624.2,No,0.11789646890530449,Low Risk,4757
5172-RKOCB,72,108.95,7875.0,No,0.11785394692050373,Low Risk,4758
1013-QCWAM,66,100.8,6690.75,No,0.11772207607153323,Low Risk,4759
0549-CYCQN,51,79.6,3974.7,No,0.11767512552860407,Low Risk,4760
6050-IJRHS,70,106.5,7397.0,No,0.117668571178212,Low Risk,4761
2834-JRTUA,71,108.05,7532.15,Yes,0.1175604998017053,Low Risk,4762
0384-LPITE,40,62.05,2511.55,No,0.11754812234714097,Low Risk,4763
4616-EWBNJ,16,20.1,318.6,No,0.11750547748918885,Low Risk,4764
2632-UCGVD,66,100.05,6871.9,Yes,0.11748771432628793,Low Risk,4765
6994-FGRHH,70,106.15,7475.1,No,0.11748251505672791,Low Risk,4766
2266-SJNAT,72,109.15,7789.6,No,0.11747411130526206,Low Risk,4767
6784-XYJAE,36,55.8,1941.5,No,0.11746979448099922,Low Risk,4768
2205-LPVGL,58,89.85,5125.75,No,0.11744744034614069,Low Risk,4769
0880-FVFWF,56,86.4,4922.4,No,0.11734471738916474,Low Risk,4770
3243-ZHOHY,16,20.1,296.15,No,0.11723832453208614,Low Risk,4771
9862-KJTYK,19,25.35,566.1,No,0.11721398109754912,Low Risk,4772
2533-QVMSK,61,94.1,5638.3,Yes,0.11712402442056345,Low Risk,4773
9229-RQABD,18,23.75,424.5,No,0.11708600636827225,Low Risk,4774
3129-AAQOU,19,25.6,485.9,No,0.11705642696666811,Low Risk,4775
5502-RLUYV,69,103.95,7446.9,Yes,0.11679327305791817,Low Risk,4776
9625-QNLUX,68,103.25,7074.4,No,0.11678498826767075,Low Risk,4777
5343-SGUBI,52,80.2,4297.6,No,0.11677557229046559,Low Risk,4778
3128-YOVTD,51,79.15,4018.55,No,0.1167641894458568,Low Risk,4779
2404-JIBFC,55,85.1,4657.95,No,0.11671209092378783,Low Risk,4780
8901-UPRHR,72,109.2,7711.45,No,0.11670505188987221,Low Risk,4781
9373-WSLOY,33,50.0,1750.85,No,0.11668713639983605,Low Risk,4782
4079-ULGFR,16,20.0,275.7,No,0.11667807340800813,Low Risk,4783
8065-BVEPF,65,99.1,6496.15,No,0.11664608059730727,Low Risk,4784
2332-EFBJY,16,19.7,342.4,Yes,0.1165168746342649,Low Risk,4785
8634-CILSZ,69,104.7,7220.35,Yes,0.11648863182430527,Low Risk,4786
3181-MIZBN,16,19.75,313.4,No,0.1163323874039822,Low Risk,4787
1768-HNVGJ,45,70.05,3062.45,No,0.11632354015250279,Low Risk,4788
1309-XGFSN,52,80.85,4079.55,No,0.11625512609213876,Low Risk,4789
8573-CGOCC,16,19.75,294.9,No,0.11611410983068479,Low Risk,4790
6048-UWKAL,69,105.4,6998.95,No,0.11608755293985107,Low Risk,4791
3541-ZNUHK,55,85.1,4600.95,No,0.1160387967941144,Low Risk,4792
1699-TLDLZ,16,19.7,301.55,No,0.116034705418045,Low Risk,4793
9227-UAQFT,16,19.75,284.35,No,0.11598979196990607,Low Risk,4794
6036-TTFYU,16,19.6,314.45,No,0.11587133092280245,Low Risk,4795
4654-DLAMQ,64,97.0,6430.9,No,0.11584015779001947,Low Risk,4796
6171-ZTVYB,43,66.25,2907.35,No,0.1156863591356861,Low Risk,4797
6196-HBOBZ,65,99.35,6347.55,No,0.1156829819999078,Low Risk,4798
8318-LCNBW,35,53.15,1930.9,No,0.11556714034946998,Low Risk,4799
5716-EZXZN,65,99.05,6416.7,No,0.11555173696001336,Low Risk,4800
6728-VOIFY,63,96.0,6109.75,No,0.11549150656420516,Low Risk,4801
1915-OAKWD,16,19.3,360.35,No,0.11546685009741026,Low Risk,4802
8070-AAWZP,24,34.25,828.2,No,0.11543027906442206,Low Risk,4803
1559-DTODC,19,25.15,468.35,No,0.11542756041399267,Low Risk,4804
1576-PFZIW,70,105.35,7511.9,No,0.11538618294236014,Low Risk,4805
8033-ATFAS,39,59.85,2341.5,No,0.11518741883658064,Low Risk,4806
1587-FKLZB,66,99.5,6822.15,Yes,0.11516152965027679,Low Risk,4807
1053-MXTTK,72,108.65,7726.35,No,0.11514684264623466,Low Risk,4808
9031-ZVQPT,72,108.2,7840.6,No,0.11507387405088143,Low Risk,4809
6047-SUHPR,39,59.8,2343.85,No,0.11505826358903945,Low Risk,4810
6242-SGYTS,62,94.95,5791.85,No,0.1150251786486784,Low Risk,4811
6305-YLBMM,69,104.05,7262.0,Yes,0.11493264702934157,Low Risk,4812
6917-YACBP,59,89.75,5496.9,No,0.11491338548267604,Low Risk,4813
4311-QTTAI,16,19.35,295.55,No,0.11486504376432151,Low Risk,4814
8246-SHFGA,17,21.1,385.55,No,0.11485726633383354,Low Risk,4815
1320-GVNHT,72,108.4,7767.25,No,0.11484246421533541,Low Risk,4816
2452-KDRRH,67,101.4,6841.05,No,0.11479212150259274,Low Risk,4817
0668-OGMHD,21,28.5,629.35,No,0.11471994601747368,Low Risk,4818
4119-ZYPZY,71,106.8,7623.2,No,0.1146881643741096,Low Risk,4819
7445-WMRBW,48,73.85,3581.4,No,0.11466569714188511,Low Risk,4820
2995-YWTCD,19,24.9,467.7,No,0.1146372272322452,Low Risk,4821
2096-XOTMO,16,19.35,275.9,No,0.11463575420021635,Low Risk,4822
5018-GWURO,56,85.6,4902.8,No,0.11459155923434637,Low Risk,4823
8915-NNTRC,72,107.7,7919.8,No,0.1144358834528771,Low Risk,4824
7639-LIAYI,52,79.75,4217.8,No,0.11442353017104019,Low Risk,4825
4626-OZDTJ,51,78.65,3950.85,No,0.11439736434386785,Low Risk,4826
0307-BCOPK,16,19.05,326.65,No,0.11429141307163566,Low Risk,4827
2419-FSORS,72,108.4,7719.5,No,0.11428607235711241,Low Risk,4828
9861-PDSZP,72,108.05,7806.6,No,0.11420921800368966,Low Risk,4829
3327-YBAKM,64,96.9,6314.35,No,0.11416457777556265,Low Risk,4830
9867-JCZSP,17,20.75,418.25,No,0.11414668512452071,Low Risk,4831
9711-FJTBX,56,85.85,4793.8,No,0.11410224140040823,Low Risk,4832
7909-FIOIY,19,24.85,434.8,No,0.1140986829595072,Low Risk,4833
6999-CHVCF,68,102.1,7149.35,No,0.11405299657230301,Low Risk,4834
9546-KDTRB,19,24.7,465.85,No,0.11399292531677957,Low Risk,4835
7134-HBPBS,72,108.1,7774.05,No,0.11398672289249591,Low Risk,4836
7469-LKBCI,16,18.95,326.8,No,0.11398218459291846,Low Risk,4837
5240-CAOYT,57,87.55,4884.85,No,0.11395134318712181,Low Risk,4838
4459-BBGHE,30,44.5,1307.8,No,0.11389881831458407,Low Risk,4839
2003-CKLOR,66,99.5,6710.5,Yes,0.11386109684741091,Low Risk,4840
7622-FWGEW,56,85.65,4824.45,No,0.11383661904346219,Low Risk,4841
6519-ZHPXP,72,108.3,7679.65,No,0.11351367276560896,Low Risk,4842
0617-FHSGK,49,75.2,3678.3,Yes,0.11349473324607666,Low Risk,4843
2361-UPSND,46,70.6,3231.05,No,0.11348067709590137,Low Risk,4844
3259-FDWOY,71,106.0,7723.7,Yes,0.11336874368377574,Low Risk,4845
8034-RYTVV,55,84.25,4589.85,No,0.11325595116199433,Low Risk,4846
9348-ROUAI,59,90.3,5194.05,No,0.11310809659663237,Low Risk,4847
5954-BDFSG,72,107.5,7853.7,No,0.11305042702236161,Low Risk,4848
4933-IKULF,17,20.65,330.6,No,0.11282434318836504,Low Risk,4849
4378-BZYFP,17,20.5,365.8,No,0.11276730240121181,Low Risk,4850
3340-QBBFM,36,54.1,1992.85,No,0.1127455637241081,Low Risk,4851
8570-KLJYJ,36,54.45,1893.5,No,0.11268079042547462,Low Risk,4852
2541-YGPKE,42,63.7,2763.35,No,0.11257941660043011,Low Risk,4853
4685-ERGHK,57,86.9,4939.25,No,0.11257116392456605,Low Risk,4854
4323-OHFOW,70,105.55,7195.35,No,0.11233817398006801,Low Risk,4855
4510-PYUSH,38,57.15,2250.65,Yes,0.11224074888804562,Low Risk,4856
3452-SRFEG,49,74.6,3720.35,No,0.11213124755768857,Low Risk,4857
5206-XZZQI,53,80.6,4348.1,No,0.11210081635815398,Low Risk,4858
7036-TYDEC,69,104.0,7028.5,No,0.11207916734183848,Low Risk,4859
8402-EIVQS,67,100.9,6733.15,No,0.11200009646572774,Low Risk,4860
0679-TDGAK,50,75.5,4025.6,No,0.11198264978846709,Low Risk,4861
4328-VUFWD,39,59.3,2209.15,No,0.11195415638350842,Low Risk,4862
4830-FAXFM,19,24.1,439.2,No,0.11183794769074296,Low Risk,4863
0487-CRLZF,49,74.45,3721.9,No,0.11169043519888287,Low Risk,4864
9391-YZEJW,62,94.0,5757.2,No,0.11168873320938577,Low Risk,4865
3104-OWCGK,60,90.95,5453.4,Yes,0.11166615022766194,Low Risk,4866
0191-EQUUH,25,35.05,844.45,No,0.11162977835037818,Low Risk,4867
9959-WOFKT,71,106.7,7382.25,No,0.11160245141655405,Low Risk,4868
1730-VFMWO,34,50.2,1815.3,No,0.11156381511191743,Low Risk,4869
5505-OVWQW,17,20.15,353.65,No,0.11155638202879334,Low Risk,4870
8024-XNAFQ,72,107.4,7748.75,No,0.11154209544896693,Low Risk,4871
5020-ZSTTY,54,82.45,4350.1,Yes,0.1113951400459833,Low Risk,4872
6718-BDGHG,43,64.85,2908.2,No,0.11136340768780362,Low Risk,4873
2292-XQWSV,40,60.3,2448.5,No,0.1113602373029614,Low Risk,4874
0100-DUVFC,70,104.8,7308.95,No,0.11134309148641237,Low Risk,4875
6500-JVEGC,68,101.35,7110.75,No,0.11130353672195896,Low Risk,4876
4359-INNWN,17,20.05,337.9,No,0.11107316326430937,Low Risk,4877
5120-ZBLAI,50,75.7,3876.2,No,0.11089243329561654,Low Risk,4878
2703-AMTUL,36,53.65,1939.35,No,0.11076174443008813,Low Risk,4879
2172-EJXVF,71,105.9,7521.95,No,0.1107568150428935,Low Risk,4880
3597-YASZG,70,104.45,7349.35,No,0.11073860401111314,Low Risk,4881
6286-ZHAOK,20,25.55,507.4,No,0.1106704820907915,Low Risk,4882
8265-HKSOW,72,107.45,7658.3,No,0.11066786137583093,Low Risk,4883
9558-IHEZX,71,106.75,7283.25,No,0.11063113287507605,Low Risk,4884
2387-KDZQY,17,20.1,279.5,No,0.11056367052035272,Low Risk,4885
8884-MRNSU,17,19.9,329.75,No,0.11052640459855828,Low Risk,4886
9847-HNVGP,17,19.95,310.6,No,0.11046134526464275,Low Risk,4887
7279-NMVJC,17,19.9,323.15,No,0.11045189422864811,Low Risk,4888
1960-UOTYM,52,79.2,4016.3,No,0.11042632020158644,Low Risk,4889
1658-XUHBX,59,88.75,5348.65,No,0.11014195225959722,Low Risk,4890
3824-RHKVR,17,19.7,340.35,No,0.1100423164438017,Low Risk,4891
8573-JGCZW,17,19.65,351.55,No,0.11001771213522729,Low Risk,4892
1898-JSNDC,39,58.6,2224.5,No,0.11000404951708359,Low Risk,4893
4056-QHXHZ,72,107.45,7576.7,No,0.10974869862270735,Low Risk,4894
5151-HQRDG,37,55.05,2030.75,No,0.10971417640654337,Low Risk,4895
5696-EXCYS,17,19.45,369.05,No,0.10961290923753678,Low Risk,4896
5569-IDSEY,71,105.7,7472.15,No,0.10959297324570395,Low Risk,4897
9402-ROUMJ,67,100.25,6689.0,No,0.10953158892424926,Low Risk,4898
4501-VCPFK,26,35.75,1022.5,No,0.10944169452475212,Low Risk,4899
8148-BPLZQ,34,49.8,1734.2,No,0.10943900396183597,Low Risk,4900
3525-DVKFN,17,19.4,358.05,No,0.10933980243735322,Low Risk,4901
9776-CLUJA,51,77.5,3807.35,Yes,0.10924822865537552,Low Risk,4902
4501-UYKBC,46,69.1,3255.35,No,0.10919281282303267,Low Risk,4903
3786-WOVKF,72,106.85,7677.4,No,0.1090776951657105,Low Risk,4904
7609-NRNCA,17,19.55,280.85,No,0.10892616815781588,Low Risk,4905
5360-LJCNJ,71,105.15,7555.0,No,0.10887306152346918,Low Risk,4906
3865-YIOTT,72,106.1,7848.5,No,0.10874648057272246,Low Risk,4907
0308-GIQJT,71,105.75,7382.85,No,0.10874494852830817,Low Risk,4908
6344-SFJVH,20,24.9,505.95,No,0.10870201182002368,Low Risk,4909
2773-MADBQ,36,53.1,1901.25,No,0.10868191521842144,Low Risk,4910
5287-QWLKY,71,105.1,7548.1,Yes,0.10864717419909976,Low Risk,4911
4304-XUMGI,50,75.15,3822.45,No,0.10863624899923952,Low Risk,4912
9766-HGEDE,17,19.35,307.0,No,0.10862105866081037,Low Risk,4913
2894-QOJRX,25,34.0,853.0,Yes,0.10856221723908875,Low Risk,4914
7208-PSIHR,70,104.3,7188.5,No,0.10848515625381909,Low Risk,4915
1215-FIGMP,60,89.9,5450.7,No,0.10847267750050792,Low Risk,4916
3266-FTKHB,17,19.15,343.45,No,0.10843102628900207,Low Risk,4917
3363-DTIVD,71,105.55,7405.5,No,0.10840142129666555,Low Risk,4918
4853-RULSV,70,104.0,7250.15,Yes,0.10827786600784493,Low Risk,4919
7502-BNYGS,46,69.1,3168.0,No,0.10822064933506807,Low Risk,4920
1360-RCYRT,23,30.35,678.75,No,0.10819502485140016,Low Risk,4921
5701-GUXDC,26,35.4,978.6,No,0.1079105357847127,Low Risk,4922
1732-VHUBQ,47,70.55,3309.25,Yes,0.10789139461970745,Low Risk,4923
4291-HYEBC,28,39.1,1096.6,No,0.10780240986694498,Low Risk,4924
7833-PKIHD,51,76.4,3966.3,No,0.10774196790911636,Low Risk,4925
5590-YRFJT,20,24.45,482.8,Yes,0.10711374983262668,Low Risk,4926
8100-HZZLJ,43,63.95,2737.05,No,0.10676404175203341,Low Risk,4927
5668-MEISB,72,106.1,7657.4,No,0.10663713497353998,Low Risk,4928
2898-MRKPI,68,101.05,6770.5,No,0.10661384352552354,Low Risk,4929
3787-TRIAL,21,26.05,565.75,No,0.10658889220485225,Low Risk,4930
1661-CZBAU,48,70.95,3629.2,No,0.10643871543807545,Low Risk,4931
9480-BQJEI,62,92.3,5731.45,No,0.10632429708982097,Low Risk,4932
4043-MKDTV,71,105.25,7291.75,No,0.10626551889141088,Low Risk,4933
7010-ZMVBF,18,20.45,357.0,No,0.10625611755893796,Low Risk,4934
8107-RZLNV,72,106.3,7565.35,No,0.10621655440751811,Low Risk,4935
4054-CUMIA,18,20.25,401.95,No,0.10616234566430925,Low Risk,4936
1763-KUAAW,18,20.35,369.6,No,0.1061015900678659,Low Risk,4937
0516-UXRMT,62,92.05,5755.8,No,0.10586036587621026,Low Risk,4938
9720-JJJOR,41,60.3,2511.3,No,0.10584104044911465,Low Risk,4939
1133-KXCGE,18,20.1,407.05,No,0.1057807703345714,Low Risk,4940
0516-VRYBW,18,20.15,390.85,Yes,0.10575021341470173,Low Risk,4941
8499-BRXTD,18,20.1,401.85,No,0.1057242826561385,Low Risk,4942
5649-TJHOV,27,36.5,1032.0,Yes,0.10559611289508886,Low Risk,4943
1452-UZOSF,72,106.1,7548.6,No,0.10545237129471456,Low Risk,4944
0924-BJCRC,60,89.45,5294.6,No,0.10543820909343528,Low Risk,4945
2333-KWEWW,18,20.05,388.6,No,0.10543533742748963,Low Risk,4946
1328-EUZHC,18,20.1,370.5,No,0.10538429042871829,Low Risk,4947
8144-DGHXP,54,80.6,4299.95,No,0.1053421352331417,Low Risk,4948
8999-XXGNS,72,105.75,7629.85,No,0.10531741582648657,Low Risk,4949
9209-NWPGU,44,65.4,2774.55,No,0.10531051449173107,Low Risk,4950
7542-CYDDM,18,20.05,358.5,No,0.10510967036255998,Low Risk,4951
3428-MMGUB,60,89.55,5231.2,No,0.10504204967033401,Low Risk,4952
0324-BRPCJ,68,100.2,6851.65,Yes,0.10502227208782468,Low Risk,4953
0859-YGKFW,18,20.05,345.9,No,0.10497360840041618,Low Risk,4954
1996-DBMUS,48,70.65,3545.05,No,0.10465513101121277,Low Risk,4955
8969-PRHFK,18,19.65,411.25,No,0.10452388968759335,Low Risk,4956
3324-OIRTO,71,104.65,7288.4,No,0.10448961097717939,Low Risk,4957
1090-ESELR,72,105.5,7611.55,No,0.10439840620839051,Low Risk,4958
9297-FVVDH,57,84.5,4845.4,No,0.10439318157648153,Low Risk,4959
0853-TWRVK,72,105.6,7581.5,No,0.104363234686322,Low Risk,4960
6968-GMKPR,55,81.55,4509.5,No,0.10431473298973085,Low Risk,4961
1057-FOGLZ,18,19.65,391.7,No,0.10431388328639327,Low Risk,4962
8375-KVTHK,68,100.3,6754.35,No,0.10426325696364609,Low Risk,4963
5678-VFNEQ,71,104.1,7412.25,No,0.10423824559434793,Low Risk,4964
4685-TFLLS,18,19.8,342.3,No,0.10421477956230367,Low Risk,4965
6950-TWMYB,54,79.95,4362.05,No,0.10413647209259465,Low Risk,4966
8089-UZWLX,71,104.05,7413.55,No,0.10410867251525911,Low Risk,4967
1237-WIYYZ,18,19.55,389.25,No,0.10400064582719788,Low Risk,4968
2984-TBYKU,72,104.9,7732.65,No,0.10397441215535112,Low Risk,4969
6257-DTAYD,71,104.15,7365.3,No,0.10387881518915305,Low Risk,4970
0401-WDBXM,72,105.55,7542.25,No,0.10379941975053827,Low Risk,4971
4389-UEFCZ,72,105.5,7544.0,No,0.10367513238677722,Low Risk,4972
1728-CXQBE,64,94.25,6081.4,No,0.10366481263023587,Low Risk,4973
5965-GGPRW,72,105.25,7609.75,No,0.10366246407807975,Low Risk,4974
4550-VBOFE,70,102.95,7101.5,Yes,0.10360248383715764,Low Risk,4975
8630-QSGXK,51,75.2,3901.25,No,0.10354930910813631,Low Risk,4976
4422-QVIJA,35,50.15,1655.35,No,0.10349185405346512,Low Risk,4977
3259-QMXUN,58,86.1,4890.5,No,0.10347606945294172,Low Risk,4978
5243-SAOTC,54,79.85,4308.25,No,0.10327616367823263,Low Risk,4979
2434-EEVDB,64,94.6,5948.7,No,0.1032494110394796,Low Risk,4980
8550-XSXUQ,48,70.55,3420.5,No,0.10303750699574908,Low Risk,4981
6987-XQSJT,54,79.5,4370.25,Yes,0.10293930221377547,Low Risk,4982
6114-TCFID,29,39.5,1082.75,No,0.10276125703542668,Low Risk,4983
0392-BZIUW,72,105.0,7589.8,No,0.10273876393909634,Low Risk,4984
9776-OJUZI,65,95.45,6223.3,No,0.10264434679339074,Low Risk,4985
5985-BEHZK,72,105.0,7578.05,No,0.10261440982429339,Low Risk,4986
3978-YNKDD,19,20.85,467.5,No,0.10258663672529462,Low Risk,4987
2892-GESUL,18,19.35,309.25,No,0.10257979296527678,Low Risk,4988
6082-GLJIX,18,19.25,331.35,No,0.10253037045537873,Low Risk,4989
1498-NHTLT,59,86.75,5186.0,No,0.10252422835872115,Low Risk,4990
9555-SAHUZ,38,54.5,2076.05,No,0.10251258905330407,Low Risk,4991
0661-KBKPA,53,78.75,3942.45,No,0.10220562340149017,Low Risk,4992
2664-XJZNO,72,104.9,7559.55,No,0.10213649799555825,Low Risk,4993
7203-OYKCT,72,104.95,7544.3,No,0.10211687875131112,Low Risk,4994
6242-FEGFD,66,96.6,6424.25,No,0.10211269527773674,Low Risk,4995
7188-CBBBA,65,95.5,6153.85,No,0.10205269851049027,Low Risk,4996
2023-VQFDL,18,19.0,348.8,No,0.10200847584908557,Low Risk,4997
4815-YOSUK,72,104.9,7537.5,No,0.10190445731567492,Low Risk,4998
4072-IPYLT,36,51.05,1815.0,No,0.10181370250541517,Low Risk,4999
2911-UREFD,39,55.9,2184.35,Yes,0.10171136238098086,Low Risk,5000
3486-KHMLI,21,24.7,467.15,No,0.10166006905482289,Low Risk,5001
4950-HKQTE,22,26.25,605.9,No,0.10160274848822258,Low Risk,5002
0917-EZOLA,72,104.15,7689.95,Yes,0.10139717618794553,Low Risk,5003
1038-RQOST,19,20.6,414.95,No,0.1013299236252926,Low Risk,5004
4950-BDEUX,35,49.2,1701.65,No,0.10129533773630543,Low Risk,5005
9938-TKDGL,68,99.55,6668.0,No,0.10122260232199877,Low Risk,5006
5915-DGNVC,49,71.8,3472.05,No,0.10121543612952535,Low Risk,5007
7251-XFOIL,61,89.2,5500.6,No,0.10097188020473312,Low Risk,5008
5286-YHCVC,72,104.8,7470.1,No,0.10091867368091637,Low Risk,5009
1635-HDGFT,19,20.5,398.55,No,0.10087919932263696,Low Risk,5010
7247-XOZPB,53,77.4,4155.95,No,0.10065659840031808,Low Risk,5011
0667-NSRGI,48,69.55,3435.6,No,0.10038606767002814,Low Risk,5012
5640-CAXOA,30,40.35,1187.05,No,0.10037835460240688,Low Risk,5013
2863-IMQDR,61,89.65,5308.7,No,0.10022965589209595,Low Risk,5014
6794-HKIAJ,62,90.7,5586.45,No,0.10022614233332654,Low Risk,5015
9667-EQRXU,30,40.3,1172.95,Yes,0.10009358927253853,Low Risk,5016
1178-PZGAB,19,20.25,383.65,No,0.10002974315253656,Low Risk,5017
4804-NCPET,19,20.2,387.4,No,0.09993012796229911,Low Risk,5018
2623-DRYAM,70,101.75,7069.3,No,0.09989170635609097,Low Risk,5019
6131-IUNXN,19,20.2,382.2,No,0.09987641561315637,Low Risk,5020
5696-JVVQY,48,70.1,3238.4,No,0.0998692052749119,Low Risk,5021
8017-UVSZU,40,56.6,2379.1,No,0.09986818734552076,Low Risk,5022
5376-PCKNB,72,104.45,7459.0,No,0.0998315100931307,Low Risk,5023
8999-EXMNO,19,20.15,387.7,No,0.09979499358602822,Low Risk,5024
7663-YJHSN,72,103.95,7556.9,No,0.09946077765678292,Low Risk,5025
6749-UTDVX,72,103.65,7634.8,No,0.09943583845657851,Low Risk,5026
5893-PYOLZ,56,81.8,4534.45,No,0.09940449220504657,Low Risk,5027
3011-WQKSZ,19,20.0,377.55,No,0.09927700503271049,Low Risk,5028
8595-SIZNC,22,25.6,548.8,No,0.09920475395794942,Low Risk,5029
5469-NUJUR,19,19.95,373.5,No,0.09909803748619314,Low Risk,5030
9958-MEKUC,72,103.95,7517.7,No,0.0990581911997129,Low Risk,5031
9967-ATRFS,19,19.9,367.55,No,0.09889990521573457,Low Risk,5032
2724-FJDYW,39,54.85,2191.7,No,0.09887373631060804,Low Risk,5033
8748-HFWBO,19,19.9,357.7,No,0.09879911695215779,Low Risk,5034
3050-RLLXC,56,81.25,4620.4,No,0.09877578063747557,Low Risk,5035
2770-NSVDG,24,29.1,688.0,No,0.09877310633580819,Low Risk,5036
6374-NTQLP,72,104.1,7447.7,No,0.09875272705905579,Low Risk,5037
5641-DMBFJ,58,84.3,4916.4,No,0.09871630171569139,Low Risk,5038
9058-HRZSV,65,94.4,6126.15,No,0.09871048925194684,Low Risk,5039
5312-IRCFR,64,92.85,5980.75,No,0.0986983844246925,Low Risk,5040
0979-PHULV,69,99.45,7007.6,Yes,0.09867655170595499,Low Risk,5041
1830-GGFNM,65,94.55,6078.75,No,0.09863654639991294,Low Risk,5042
9777-IQHWP,64,93.4,5822.3,No,0.09858411088948549,Low Risk,5043
4445-KWOKW,42,60.15,2421.6,No,0.09858028574580167,Low Risk,5044
6746-WAUWT,19,19.7,386.5,No,0.09854627596850077,Low Risk,5045
3537-RYBHH,47,67.45,3252.0,No,0.09846639193379453,Low Risk,5046
6518-KZXCB,22,25.25,566.5,No,0.09842721797756797,Low Risk,5047
1561-BWHIN,19,19.8,344.5,No,0.09839102109844011,Low Risk,5048
5236-XMZJY,42,59.65,2536.55,No,0.09838729047210466,Low Risk,5049
4883-KCPZJ,22,25.25,555.4,No,0.09831412945542235,Low Risk,5050
0123-CRBRT,61,88.1,5526.75,No,0.09820768009471763,Low Risk,5051
4462-CYWMH,62,89.8,5629.55,No,0.09819493051624877,Low Risk,5052
3313-QKNKB,59,85.55,5084.65,Yes,0.09814251005155872,Low Risk,5053
3865-ZFZIB,19,19.65,358.15,No,0.09812119196329072,Low Risk,5054
4184-VODJZ,63,91.35,5764.7,No,0.09810275588895385,Low Risk,5055
2521-NPUZR,70,101.0,7085.5,No,0.09800111675513924,Low Risk,5056
2546-KZAAT,52,75.4,3865.45,No,0.09791633538245202,Low Risk,5057
3654-ARMGP,61,88.65,5321.25,No,0.09761679954056703,Low Risk,5058
1518-OMDIK,33,44.55,1462.6,No,0.09753547106125253,Low Risk,5059
5697-GOMBF,28,35.9,973.65,No,0.09744607123460221,Low Risk,5060
6728-DKUCO,72,104.15,7303.05,No,0.09741887294975281,Low Risk,5061
5453-YBTWV,70,101.1,6994.8,No,0.09735393037394274,Low Risk,5062
4869-EPIUS,56,80.9,4557.5,No,0.0971858648985274,Low Risk,5063
6374-AFWOX,46,65.65,3047.15,No,0.09717318040592793,Low Risk,5064
6227-FBDXH,69,99.5,6841.45,No,0.09712682577525539,Low Risk,5065
2408-PSJVE,44,61.9,2924.05,No,0.09708549173345028,Low Risk,5066
9494-BDNNC,66,95.3,6273.4,No,0.09697666445023308,Low Risk,5067
7746-AWNQW,28,35.75,961.4,No,0.09691784674473845,Low Risk,5068
4419-UJMUS,69,99.35,6856.45,No,0.09687365747603804,Low Risk,5069
4822-LPTYJ,72,103.75,7346.2,No,0.09677488089498222,Low Risk,5070
1371-WEPDS,40,55.8,2283.3,No,0.09671242356811478,Low Risk,5071
9092-GDZKO,22,24.85,493.4,No,0.09660558942459918,Low Risk,5072
4342-HFXWS,48,69.7,3023.65,No,0.09659455393505625,Low Risk,5073
3705-RHRFR,69,99.15,6875.35,No,0.09652599635621484,Low Risk,5074
7820-ZYGNY,63,90.45,5825.5,No,0.09628675359981441,Low Risk,5075
1271-UODNO,39,53.85,2200.7,No,0.09625696459500466,Low Risk,5076
5828-DWPIL,62,89.1,5618.3,No,0.09619248789865598,Low Risk,5077
8809-RIHDD,72,103.4,7372.65,Yes,0.09610163340035216,Low Risk,5078
2878-RMWXY,72,102.65,7550.3,No,0.09587078060030112,Low Risk,5079
0623-EJQEG,65,93.55,6069.25,No,0.09584107563417818,Low Risk,5080
3441-CGZJH,43,60.4,2640.55,No,0.09582515051305351,Low Risk,5081
4092-OFQZS,20,20.65,417.5,No,0.0957867491190626,Low Risk,5082
0595-ITUDF,64,91.8,5960.5,No,0.0956612178837493,Low Risk,5083
7148-XZPHA,55,79.4,4238.45,No,0.0955708027997312,Low Risk,5084
2234-XADUH,72,103.2,7362.9,No,0.09547187057354428,Low Risk,5085
0519-DRGTI,20,20.35,442.6,No,0.09523873177854895,Low Risk,5086
1206-EHBDD,56,80.3,4513.65,No,0.09514420431068232,Low Risk,5087
8405-IGQFX,63,90.05,5817.0,No,0.09513747633093644,Low Risk,5088
7369-TRPFD,19,18.8,279.2,No,0.09504901151558226,Low Risk,5089
2460-FPSYH,40,55.8,2109.35,Yes,0.09498087495283349,Low Risk,5090
7813-TKCVO,20,20.35,393.15,No,0.09475039740881472,Low Risk,5091
0810-DHDBD,52,74.0,3877.65,No,0.09429797714397552,Low Risk,5092
1832-PEUTS,62,89.1,5411.65,No,0.09414843957950561,Low Risk,5093
2164-SOQXL,20,20.05,406.05,No,0.09408817449660724,Low Risk,5094
4712-UYOOI,20,20.0,417.65,No,0.09407067595993437,Low Risk,5095
3556-BVQGL,20,20.0,416.45,No,0.09405892948798505,Low Risk,5096
1223-UNPKS,20,20.05,400.0,No,0.09402895622147037,Low Risk,5097
2348-KCJLT,44,61.5,2722.2,No,0.09401873891019905,Low Risk,5098
3397-AVTKU,43,60.0,2548.55,No,0.09386184388904702,Low Risk,5099
6682-QJDGB,40,55.25,2139.2,Yes,0.09382786625271135,Low Risk,5100
5536-SLHPM,55,77.75,4458.15,Yes,0.09338839169693666,Low Risk,5101
2746-DIJLO,41,56.3,2364.0,No,0.09330870333188833,Low Risk,5102
5495-GPSRW,20,19.7,419.4,No,0.09330430426438348,Low Risk,5103
3923-CSIHK,50,71.05,3444.85,Yes,0.09328061091291333,Low Risk,5104
1982-FEBTD,23,25.6,514.75,No,0.0932789241822548,Low Risk,5105
1964-SVLEA,20,19.7,415.9,No,0.09327029774490606,Low Risk,5106
9885-MFVSU,35,46.35,1662.05,No,0.09320483780426841,Low Risk,5107
5148-HKFIR,20,19.7,406.95,No,0.09318338878367326,Low Risk,5108
2466-FCCPT,20,19.7,395.6,No,0.09307327912899739,Low Risk,5109
4057-FKCZK,58,82.5,4828.05,No,0.0930391337492826,Low Risk,5110
3174-AKMAS,46,64.2,3009.5,No,0.09296510268372966,Low Risk,5111
3021-VLNRJ,50,70.8,3478.15,No,0.09295432435764775,Low Risk,5112
9411-TPQQV,40,54.55,2236.2,No,0.0929484547391646,Low Risk,5113
2808-CHTDM,23,25.1,611.45,No,0.09291839455355302,Low Risk,5114
3318-ISQFQ,20,19.5,413.0,No,0.09272336018942778,Low Risk,5115
2320-TZRRH,20,19.5,403.15,No,0.09262821936526636,Low Risk,5116
6435-VWCCY,65,92.7,5968.4,No,0.0926213008379953,Low Risk,5117
5337-IIWKZ,34,44.85,1442.6,No,0.09260613082623725,Low Risk,5118
4425-OWHWB,20,19.35,433.75,No,0.09253594305256503,Low Risk,5119
2243-FNMMI,20,19.4,415.4,No,0.09248808526466196,Low Risk,5120
5499-ECUTN,47,66.05,3021.45,No,0.09246321875978253,Low Risk,5121
8457-XIGKN,20,19.6,356.15,No,0.09243313903333858,Low Risk,5122
0022-TCJCI,45,62.7,2791.5,Yes,0.09238174343870019,Low Risk,5123
9174-IHETN,50,70.35,3533.6,No,0.09232635827384512,Low Risk,5124
1265-XTECC,68,96.55,6581.9,Yes,0.09229990111927006,Low Risk,5125
0263-FJTQO,50,70.5,3486.65,No,0.09226103715081319,Low Risk,5126
1325-USMEC,70,99.35,6944.5,No,0.09224068252276435,Low Risk,5127
0813-TAXXS,55,77.8,4323.35,No,0.09221425921895057,Low Risk,5128
6510-UPNKS,23,24.8,615.35,No,0.09218112035955747,Low Risk,5129
1430-SFQSA,29,35.6,1072.6,No,0.09211941091556057,Low Risk,5130
5616-PRTNT,20,19.4,374.5,Yes,0.09209450630648972,Low Risk,5131
9670-BPNXF,45,62.55,2796.45,No,0.09204315868391608,Low Risk,5132
6773-LQTVT,29,35.65,1025.15,No,0.09179269759241597,Low Risk,5133
8659-IOOPU,71,100.45,7159.7,No,0.09176566547241548,Low Risk,5134
5537-UXXVS,20,19.25,375.25,No,0.09171666968657691,Low Risk,5135
9028-LIHRP,71,100.2,7209.0,No,0.09159695494640376,Low Risk,5136
0218-QNVAS,71,100.55,7113.75,No,0.0915822522281479,Low Risk,5137
4726-DLWQN,50,70.35,3454.6,No,0.091568692329294,Low Risk,5138
3537-HPKQT,55,77.75,4266.4,No,0.09154013704898892,Low Risk,5139
1187-WILMM,63,89.4,5597.65,No,0.09131795648426766,Low Risk,5140
0727-BNRLG,69,97.65,6743.55,No,0.09131292835767638,Low Risk,5141
0929-PECLO,63,89.6,5538.8,No,0.09126744621444359,Low Risk,5142
1897-OKVMW,64,90.6,5817.45,No,0.09114532189902651,Low Risk,5143
7693-QPEFS,52,72.95,3829.75,No,0.09111911485171469,Low Risk,5144
8908-SLFCJ,21,20.85,435.25,No,0.09104115564290474,Low Risk,5145
8329-GWVPJ,50,69.75,3557.7,No,0.09102028629566611,Low Risk,5146
5372-FBKBN,21,20.75,452.2,No,0.0909478077040594,Low Risk,5147
7346-MEDWM,59,83.25,4949.1,No,0.09076376979143598,Low Risk,5148
6463-HHXJR,71,100.5,7030.65,No,0.09066433517432033,Low Risk,5149
4310-KEDTB,26,29.8,786.5,No,0.09058089167400706,Low Risk,5150
5025-GOOKI,20,18.9,347.65,No,0.09056241130943714,Low Risk,5151
3413-CSSTH,41,55.7,2237.55,No,0.09055580951806451,Low Risk,5152
9848-JQJTX,72,100.9,7459.05,No,0.09043990323560336,Low Risk,5153
3166-PNEOF,61,86.45,5175.3,No,0.09042821842876679,Low Risk,5154
0269-XFESX,23,24.35,538.5,No,0.0903016501216049,Low Risk,5155
1335-HQMKX,72,101.35,7323.15,No,0.0902943627095399,Low Risk,5156
9614-RMGHA,65,91.85,5940.85,Yes,0.09018748960108999,Low Risk,5157
6901-GOGZG,60,84.95,4984.85,No,0.09011835539415962,Low Risk,5158
8746-BFOAJ,21,20.5,429.55,No,0.09010058189683273,Low Risk,5159
9402-CXWPL,70,98.9,6838.6,No,0.09008621329602519,Low Risk,5160
8065-QBYTO,71,99.65,7181.25,No,0.08993789719501852,Low Risk,5161
4989-LIXVT,68,95.9,6503.2,No,0.08989624660587653,Low Risk,5162
3389-KTRXV,23,23.85,625.65,No,0.08986172627971746,Low Risk,5163
1866-ZSLJM,21,20.5,402.85,No,0.08984945791552681,Low Risk,5164
4686-GEFRM,70,98.7,6858.9,No,0.08977363015451144,Low Risk,5165
3351-NQLDI,67,94.35,6341.45,Yes,0.08973159338482262,Low Risk,5166
2391-IPLOP,50,69.65,3442.15,No,0.08967668329703063,Low Risk,5167
1930-BZLHI,21,20.35,422.7,No,0.08965883715607716,Low Risk,5168
3227-WLKLI,65,91.55,5963.95,No,0.08964957886060547,Low Risk,5169
3055-OYMSE,53,73.8,4003.85,No,0.08963149431238214,Low Risk,5170
0019-EFAEP,72,101.3,7261.25,No,0.08958650362463802,Low Risk,5171
1930-QPBVZ,68,95.1,6683.4,No,0.08957724588837661,Low Risk,5172
8406-LNMHF,59,82.95,4903.15,No,0.08957382169634914,Low Risk,5173
4648-YPBTM,53,73.9,3958.25,No,0.08945520123226255,Low Risk,5174
7005-CYUIL,71,99.4,7168.25,No,0.08918916319140832,Low Risk,5175
2277-BKJKN,71,99.2,7213.75,No,0.08911407950901082,Low Risk,5176
7138-GIRSH,50,69.5,3418.2,No,0.08907729963090004,Low Risk,5177
3733-UOCWF,61,85.55,5251.75,No,0.08888578207356493,Low Risk,5178
7619-PLRLP,53,74.1,3833.95,No,0.0887954360170784,Low Risk,5179
6797-LNAQX,70,98.3,6859.5,Yes,0.08877898967142506,Low Risk,5180
3392-EHMNK,67,94.1,6302.8,No,0.08874584593053221,Low Risk,5181
7047-YXDMZ,21,20.0,417.7,No,0.0887376523072645,Low Risk,5182
9127-QRZMH,44,59.85,2603.95,No,0.08868039404659456,Low Risk,5183
5781-BKHOP,72,100.65,7334.05,No,0.08864256269306513,Low Risk,5184
3623-FQBOX,21,19.95,416.4,No,0.08860132085817529,Low Risk,5185
4423-JWZJN,64,90.25,5629.15,No,0.08849715126303363,Low Risk,5186
4381-MHQDC,47,65.0,2879.9,No,0.08846875409086949,Low Risk,5187
8809-XKHMD,72,100.55,7325.1,No,0.0883116076618098,Low Risk,5188
0326-VDYXE,70,97.65,6982.5,No,0.08830587746102378,Low Risk,5189
6907-CQGPN,29,34.3,1004.75,No,0.08820081375300702,Low Risk,5190
7824-PANSQ,58,80.65,4807.35,No,0.08815646639932613,Low Risk,5191
0536-ESJEP,54,74.55,4191.45,No,0.08804329490085544,Low Risk,5192
6173-GOLSU,67,94.65,6079.0,No,0.0880374085459227,Low Risk,5193
9755-JHNMN,49,67.4,3306.85,No,0.08801678907121858,Low Risk,5194
9057-MSWCO,27,30.75,805.1,Yes,0.08790836062331284,Low Risk,5195
2809-ILCYT,25,26.8,733.55,No,0.08780982031368863,Low Risk,5196
2674-MLXMN,71,99.65,6951.15,No,0.08779783930977948,Low Risk,5197
1452-XRSJV,39,51.05,2066.0,No,0.08777476812988576,Low Risk,5198
7995-ZHHNZ,42,56.1,2386.85,No,0.08773157323295291,Low Risk,5199
3259-KNMRR,57,79.75,4438.2,No,0.08768761258907969,Low Risk,5200
8779-YIQQA,21,19.8,350.1,No,0.0876187571105216,Low Risk,5201
7977-HXJKU,21,19.6,397.0,No,0.08755771537703567,Low Risk,5202
4703-MQYKT,21,19.6,390.4,No,0.08749716597193163,Low Risk,5203
7711-YIJWC,61,84.9,5264.5,No,0.08739677882910143,Low Risk,5204
1535-VTJOQ,24,25.15,553.0,No,0.08723089032837285,Low Risk,5205
3230-JCNZS,71,99.0,7061.65,No,0.08721508010113871,Low Risk,5206
6908-VVYHM,65,90.65,5931.0,No,0.08711456803147274,Low Risk,5207
8226-BXGES,64,89.45,5692.65,No,0.08711070453168852,Low Risk,5208
7159-NOKYQ,67,93.15,6368.2,No,0.0870061109863673,Low Risk,5209
8495-PRWFH,42,55.65,2421.75,No,0.08694791837623128,Low Risk,5210
9114-AAFQH,48,65.65,3094.65,No,0.08690261122909002,Low Risk,5211
3016-KSVCP,29,33.75,1009.25,No,0.08689087502970194,Low Risk,5212
0016-QLJIS,65,90.45,5957.9,No,0.0868714321989624,Low Risk,5213
9644-KVCNC,66,92.15,6056.9,No,0.08682539755992952,Low Risk,5214
4135-FRWKJ,55,76.25,4154.55,No,0.08675192336364475,Low Risk,5215
7771-CFQRQ,47,63.8,3007.25,No,0.08668856996069929,Low Risk,5216
1545-JFUML,71,99.0,6994.6,No,0.08660388472385333,Low Risk,5217
5057-LCOUI,39,50.75,2011.4,Yes,0.08654169403824145,Low Risk,5218
4877-TSOFF,55,75.75,4264.25,No,0.08653218038978903,Low Risk,5219
1131-ALZWV,24,24.6,605.25,No,0.08636582054676055,Low Risk,5220
8905-IAZPF,69,95.65,6744.2,No,0.08634158990865688,Low Risk,5221
3896-ZVNET,24,24.7,571.75,No,0.08630488283243311,Low Risk,5222
5789-LDFXO,24,24.6,592.65,No,0.08625168347998483,Low Risk,5223
6234-RAAPL,72,99.9,7251.7,No,0.08604984231001764,Low Risk,5224
6128-AQBMT,41,53.95,2215.4,No,0.08601957135374062,Low Risk,5225
9746-UGFAC,22,20.85,450.65,No,0.0860021015842625,Low Risk,5226
7975-JMZNT,66,91.7,6075.9,No,0.08590554450948229,Low Risk,5227
0743-HNPFG,51,69.75,3562.5,No,0.08588663524297485,Low Risk,5228
8966-OIQHG,22,20.75,452.35,No,0.08577596291202781,Low Risk,5229
0742-LAFQK,72,99.15,7422.1,No,0.08577551357449748,Low Risk,5230
9571-EDEBV,71,98.65,6962.85,No,0.0854706441863247,Low Risk,5231
8963-MQVYN,22,20.55,469.85,No,0.0854517917678946,Low Risk,5232
3460-TJBWI,24,24.2,609.05,No,0.0854341105266139,Low Risk,5233
4450-YOOHP,39,50.65,1905.4,No,0.08534359390300937,Low Risk,5234
4623-ZKHLY,22,20.45,471.55,No,0.08522696518179894,Low Risk,5235
9701-CDXHR,51,69.15,3649.6,No,0.0852256650863553,Low Risk,5236
5740-YHGTW,70,97.55,6669.05,No,0.08520974008752658,Low Risk,5237
0665-XHDJU,72,99.4,7285.7,No,0.08515186899279188,Low Risk,5238
9178-JHUVJ,24,24.1,587.4,No,0.08500048573480136,Low Risk,5239
5847-MXBEO,22,20.3,475.1,No,0.0848996549423232,Low Risk,5240
6072-NUQCB,22,20.25,488.25,No,0.08489753657248755,Low Risk,5241
3125-RAHBV,22,20.3,467.15,No,0.08482873325440801,Low Risk,5242
9073-ZZIAY,62,86.1,5215.25,No,0.08480129101048733,Low Risk,5243
6244-BESBM,69,95.2,6671.7,No,0.08460878189882809,Low Risk,5244
1097-FSPVW,42,54.55,2455.05,No,0.08459511890158586,Low Risk,5245
6265-SXWBU,69,95.75,6511.25,No,0.0844915193018579,Low Risk,5246
6266-QHOJZ,65,89.85,5844.65,No,0.08440791000352699,Low Risk,5247
5906-DVAPM,55,75.0,4213.9,No,0.0842787476507689,Low Risk,5248
9867-NNXLC,22,20.05,470.2,No,0.08426074977813179,Low Risk,5249
8023-QHAIO,56,76.85,4275.75,No,0.08426065383126158,Low Risk,5250
5188-HGMLP,54,74.0,3919.15,No,0.08424973272746802,Low Risk,5251
4018-KJYUY,22,20.15,432.5,No,0.08416396566521692,Low Risk,5252
1708-PBBOA,42,54.75,2348.45,No,0.08412441187101681,Low Risk,5253
2749-CTKAJ,22,20.15,419.9,No,0.08405247076581608,Low Risk,5254
2676-SSLTO,49,66.15,3199.0,No,0.08402094657314019,Low Risk,5255
4835-YSJMR,39,49.8,1971.15,No,0.08390361251517596,Low Risk,5256
4580-TMHJU,43,56.15,2499.3,Yes,0.08382815601903647,Low Risk,5257
2682-KEVRP,22,20.05,417.0,No,0.08379041468286402,Low Risk,5258
0071-NDAFP,25,25.5,630.6,No,0.08374766935665175,Low Risk,5259
4632-PAOYU,22,19.95,433.5,No,0.08369985210161816,Low Risk,5260
0203-HHYIJ,25,25.3,676.35,Yes,0.08367894764719334,Low Risk,5261
8646-JCOMS,66,90.55,6130.95,No,0.08365197464203315,Low Risk,5262
1867-TJHTS,58,79.8,4526.85,No,0.08357634189389229,Low Risk,5263
8079-XRJRS,65,89.75,5769.6,Yes,0.08350835127085181,Low Risk,5264
5825-XJOCM,48,64.4,3035.35,No,0.08337797990420187,Low Risk,5265
5862-BRIXZ,46,60.75,2893.4,No,0.0833711308734727,Low Risk,5266
6968-URWQU,43,56.35,2391.15,No,0.08334772399991557,Low Risk,5267
9822-BIIGN,53,71.85,3827.9,No,0.08330030582389265,Low Risk,5268
0248-PGHBZ,67,92.45,6140.85,No,0.08329514378302674,Low Risk,5269
3530-VWVGU,22,19.9,400.3,No,0.08329034154575261,Low Risk,5270
6752-APNJL,42,54.5,2301.15,No,0.08311887752167697,Low Risk,5271
9115-YQHGA,40,51.1,2092.9,No,0.08311762278996551,Low Risk,5272
3115-JPJDD,59,81.25,4639.45,No,0.08306406051465595,Low Risk,5273
7973-DZRKH,66,90.95,5930.05,No,0.08282973572374833,Low Risk,5274
8022-BECSI,22,19.6,422.5,No,0.08278197451849924,Low Risk,5275
8815-LMFLX,25,25.4,546.85,No,0.08277860103511932,Low Risk,5276
8515-OCTJS,25,24.75,692.1,Yes,0.08252788970073402,Low Risk,5277
8755-IWJHN,69,95.35,6382.0,No,0.08241501397511941,Low Risk,5278
1153-GNOLC,33,39.1,1309.0,No,0.08239998646196679,Low Risk,5279
4006-HKYHO,63,86.7,5309.5,No,0.08212732183625171,Low Risk,5280
0980-PVMRC,40,50.85,2036.55,No,0.08204471651029757,Low Risk,5281
7730-CLDSV,72,98.65,7129.45,No,0.08201063862434282,Low Risk,5282
9617-UDPEU,22,19.25,412.55,No,0.08188233014255997,Low Risk,5283
1088-AUUZZ,56,75.85,4261.2,No,0.08179204484884689,Low Risk,5284
1431-CYWMH,22,19.05,454.05,No,0.0817783362654988,Low Risk,5285
4369-NYSCF,56,75.75,4284.65,No,0.0817633672375104,Low Risk,5286
9619-GSATL,43,55.45,2444.25,No,0.0817136952624656,Low Risk,5287
9715-WZCLW,71,97.2,6910.3,No,0.08159512020080603,Low Risk,5288
6691-CCIHA,62,84.95,5150.55,No,0.08153797921555593,Low Risk,5289
4139-SUGLD,31,35.4,1077.5,Yes,0.0815036433109849,Low Risk,5290
7622-NXQZR,28,30.1,810.85,No,0.08143453714624731,Low Risk,5291
2958-NHPPS,23,20.85,473.9,No,0.08128434669547009,Low Risk,5292
6923-AQONU,23,20.9,454.0,No,0.08122849836885156,Low Risk,5293
6419-ZTTLE,23,20.75,485.2,No,0.0811517019013475,Low Risk,5294
9039-RBEEE,39,48.95,1880.85,Yes,0.08113923246958832,Low Risk,5295
2890-WFBHU,59,79.85,4786.1,No,0.08108928533385942,Low Risk,5296
7758-UJWYS,34,40.55,1325.85,No,0.08107110034648442,Low Risk,5297
6397-JNZZG,43,55.55,2342.2,Yes,0.08106721319496622,Low Risk,5298
2977-CEBSX,66,90.05,5965.95,No,0.08105767284404013,Low Risk,5299
8390-FESFV,62,84.5,5193.2,No,0.08087089480651055,Low Risk,5300
4759-PXTAN,59,80.1,4693.2,No,0.08086733626470664,Low Risk,5301
4785-QRJHC,46,59.9,2816.65,Yes,0.0807381958315601,Low Risk,5302
0670-ANMUU,71,97.65,6687.85,No,0.08072171125597792,Low Risk,5303
0839-JTCUD,66,89.9,5958.85,No,0.08065420421829923,Low Risk,5304
3391-JSQEW,40,50.15,2058.5,No,0.08062450762004883,Low Risk,5305
5777-KJIRB,40,50.25,2023.55,No,0.08055492637359629,Low Risk,5306
0531-ZZJWQ,55,74.0,4052.4,No,0.08055060404839919,Low Risk,5307
6765-MBQNU,26,26.0,684.05,No,0.08052736808280947,Low Risk,5308
8799-OXZMD,28,29.75,790.7,No,0.0804615193985162,Low Risk,5309
8174-TBVCF,70,94.8,6859.05,No,0.0804437896595666,Low Risk,5310
1682-VCOIO,23,20.45,481.1,No,0.08043151265630226,Low Risk,5311
3070-FNFZQ,23,20.4,478.75,No,0.08029791000898938,Low Risk,5312
6176-YJWAS,72,97.95,7114.25,No,0.08027533758810797,Low Risk,5313
3689-MOZGR,29,31.2,926.2,No,0.08016040903577074,Low Risk,5314
2580-ASVVY,37,45.4,1593.1,No,0.08011910122610319,Low Risk,5315
1568-LJSZU,68,92.2,6392.85,No,0.08007159274127729,Low Risk,5316
1937-OTUKY,72,98.2,7015.9,No,0.0800093291018808,Low Risk,5317
8204-TIFGJ,23,20.3,470.6,No,0.08000213916146935,Low Risk,5318
8060-HIWJJ,64,86.55,5632.55,No,0.07976602303348636,Low Risk,5319
0130-SXOUN,66,89.4,5976.9,No,0.07967317330034478,Low Risk,5320
5663-QBGIS,72,98.35,6929.4,No,0.07961840599037694,Low Risk,5321
2453-SAFNS,54,72.1,3886.05,No,0.0795705354850287,Low Risk,5322
7426-WEIJX,60,80.95,4859.1,No,0.07946351322420594,Low Risk,5323
5394-MEITZ,60,80.6,4946.7,No,0.07941217535323254,Low Risk,5324
3648-GZPHF,32,36.25,1151.05,No,0.07931165211710096,Low Risk,5325
2101-RANCD,55,73.1,4144.9,No,0.07929648437998153,Low Risk,5326
1642-HMARX,68,91.7,6424.7,No,0.07921258199866238,Low Risk,5327
7137-NAXML,23,20.15,405.6,No,0.07911753989321475,Low Risk,5328
1401-FTHFQ,23,20.0,445.3,No,0.07911367247449659,Low Risk,5329
5876-QMYLD,23,20.05,415.1,No,0.07897308647212717,Low Risk,5330
3339-EAQNV,72,97.25,7133.1,No,0.07885725491848809,Low Risk,5331
9801-NOSHQ,23,19.8,465.45,No,0.07883461216556303,Low Risk,5332
3133-PZNSR,72,97.75,6991.6,No,0.07879364529404652,Low Risk,5333
2957-JIRMN,62,84.45,4959.15,No,0.07878321454402563,Low Risk,5334
8190-ZTQFB,41,51.35,2075.1,No,0.07875998636886807,Low Risk,5335
4274-DRSQT,66,88.9,6000.1,No,0.07874595861171714,Low Risk,5336
7080-TNUWP,70,95.0,6602.9,No,0.07873898777796898,Low Risk,5337
2483-XSSMZ,39,47.85,1886.4,No,0.07869859892185618,Low Risk,5338
9350-VLHMB,67,89.55,6373.1,No,0.07864445268408268,Low Risk,5339
3178-CIFOT,23,19.65,478.1,No,0.07860541858345406,Low Risk,5340
6103-QCKFX,44,56.25,2419.55,No,0.07858298096967527,Low Risk,5341
2054-PJOCK,60,80.55,4847.05,No,0.07846810372329877,Low Risk,5342
3841-NFECX,71,96.35,6766.95,No,0.07845851653043832,Low Risk,5343
8143-ETQTI,23,19.65,451.55,No,0.07838481809543993,Low Risk,5344
6481-OGDOO,67,90.6,6056.15,Yes,0.07834686728840078,Low Risk,5345
6082-OQFBA,23,19.65,436.9,No,0.07826333579967346,Low Risk,5346
1432-FPAXX,29,30.6,856.35,Yes,0.07822970431867243,Low Risk,5347
9391-TTOYH,23,19.5,470.2,No,0.07820649228968468,Low Risk,5348
3224-DFQNQ,66,89.0,5898.6,No,0.07812550855755575,Low Risk,5349
0354-VXMJC,23,19.6,426.65,No,0.07806769067008545,Low Risk,5350
6719-FGEDO,72,97.0,7104.2,No,0.07806129738660669,Low Risk,5351
0014-BMAQU,63,84.65,5377.8,No,0.07806075988404423,Low Risk,5352
4578-PHJYZ,52,68.75,3482.85,No,0.07805521745273322,Low Risk,5353
9845-PEEKO,59,79.2,4590.35,No,0.07797996873218345,Low Risk,5354
7710-JSYOA,69,93.3,6398.05,No,0.07790318724807024,Low Risk,5355
9347-AERRL,23,19.3,486.2,No,0.07789611328386548,Low Risk,5356
4238-HFHSN,61,82.15,4904.85,No,0.07786365453781248,Low Risk,5357
7508-DQAKK,64,86.4,5442.05,No,0.07784266402679753,Low Risk,5358
0020-INWCK,71,95.75,6849.4,No,0.07781150670254658,Low Risk,5359
0744-GKNGE,64,86.8,5327.25,No,0.0777791878488443,Low Risk,5360
1304-SEGFY,72,97.85,6841.3,No,0.0777698557630678,Low Risk,5361
8152-VETUR,72,97.7,6869.7,No,0.07767300784857438,Low Risk,5362
1696-HXOWK,71,95.65,6856.95,No,0.07765319204323749,Low Risk,5363
2877-VDUER,35,40.9,1383.6,No,0.07764941647900883,Low Risk,5364
5707-ZMDJP,53,69.7,3729.6,No,0.07757618406918892,Low Risk,5365
0835-DUUIQ,24,21.05,531.55,No,0.07752303961651763,Low Risk,5366
8067-NIOYM,24,21.1,490.65,No,0.0772973349814893,Low Risk,5367
1172-VIYBP,53,69.7,3686.05,No,0.07721896772952642,Low Risk,5368
4385-ZKVNW,44,54.9,2549.1,No,0.07667562983166944,Low Risk,5369
9589-ABEPT,69,92.45,6460.55,No,0.07655184031863066,Low Risk,5370
1395-WSWXR,24,20.75,487.05,No,0.07650384554769467,Low Risk,5371
6527-PZFPV,24,20.8,469.65,No,0.07647128704961145,Low Risk,5372
9717-IOAAF,27,25.85,788.55,No,0.07641737814134314,Low Risk,5373
2055-BFOCC,63,84.0,5329.55,No,0.076242853439541,Low Risk,5374
6258-PVZWJ,68,90.8,6302.85,No,0.0762255638001414,Low Risk,5375
7244-KXYZN,24,20.45,527.35,No,0.07617965691954771,Low Risk,5376
2225-ZRGSG,70,93.9,6579.05,Yes,0.0761266929030186,Low Risk,5377
7375-WMVMT,71,95.5,6707.15,No,0.07610465599730327,Low Risk,5378
1063-DHQJF,69,92.15,6480.9,No,0.07606625226850067,Low Risk,5379
7078-NVFAM,32,35.15,1051.05,No,0.07606490667024883,Low Risk,5380
0459-SPZHJ,63,83.5,5435.0,No,0.07601321795605182,Low Risk,5381
6013-BHCAW,61,81.0,4976.15,No,0.07593442767858,Low Risk,5382
8571-ZCMCX,47,60.0,2768.65,No,0.07592588062232887,Low Risk,5383
1450-SKCVI,56,73.85,4092.85,Yes,0.07592173976443549,Low Risk,5384
9742-XOKTS,67,89.55,6038.55,No,0.07590458392371326,Low Risk,5385
5149-QYTTU,71,95.15,6770.85,No,0.07586261409856358,Low Risk,5386
8450-UYIBU,35,39.85,1434.6,No,0.07577713367117839,Low Risk,5387
3594-BDSOA,24,20.4,482.8,No,0.0757126079708723,Low Risk,5388
4906-ZHGPK,54,70.7,3770.0,No,0.07553736737234704,Low Risk,5389
3926-YZVVX,41,50.05,2029.05,No,0.07553718407178024,Low Risk,5390
5474-LAMUQ,24,20.1,533.9,No,0.0754780221525833,Low Risk,5391
6754-LZUKA,61,80.9,4932.5,No,0.07536873696906436,Low Risk,5392
0516-QREYC,24,20.3,459.95,No,0.07531466104131569,Low Risk,5393
3585-YNADK,57,74.6,4368.95,No,0.07526103679994187,Low Risk,5394
9795-NREXC,64,85.0,5484.4,No,0.07514484317875089,Low Risk,5395
8194-PEEBY,24,19.9,533.5,No,0.07504671707003915,Low Risk,5396
1834-WULEG,24,20.25,439.75,No,0.07504641093675368,Low Risk,5397
3778-FOAQW,24,20.15,456.85,No,0.0749693052864771,Low Risk,5398
7025-WCBNE,47,59.6,2754.0,No,0.07495046709749738,Low Risk,5399
2057-BOYKM,72,96.6,6827.5,No,0.07494692848741942,Low Risk,5400
8871-JLMHM,68,90.2,6297.65,No,0.0748948800602417,Low Risk,5401
0233-FTHAV,60,79.2,4765.0,No,0.07486241512375985,Low Risk,5402
6288-CHQJB,54,69.95,3871.85,No,0.07474737979240927,Low Risk,5403
8097-VBQTZ,54,69.9,3883.3,No,0.07473199009031141,Low Risk,5404
8782-NUUOL,60,79.0,4801.1,No,0.07472371248269458,Low Risk,5405
0909-SELIE,61,80.8,4860.85,No,0.07458461896073462,Low Risk,5406
0657-DOGUM,48,60.6,2985.25,No,0.07447222004892277,Low Risk,5407
8639-NHQEI,72,95.9,6954.15,No,0.07446437430505194,Low Risk,5408
4335-UPJSI,24,19.75,498.1,No,0.07444643430111905,Low Risk,5409
4849-PYRLQ,56,73.25,4054.2,No,0.07433112141162589,Low Risk,5410
9548-LERKT,24,19.75,483.15,No,0.07432819245590715,Low Risk,5411
1023-BQXZE,57,74.35,4317.35,No,0.07431885741927126,Low Risk,5412
1089-XZWHH,24,19.7,494.05,No,0.07430853621303449,Low Risk,5413
9548-LIGTA,61,81.05,4747.65,No,0.07421865252270222,Low Risk,5414
7191-ADRGF,44,54.3,2390.45,No,0.07411898011936968,Low Risk,5415
8173-RXAYP,24,19.7,452.55,No,0.07398129066928345,Low Risk,5416
9378-FXTIZ,54,70.15,3715.65,Yes,0.0739359665659209,Low Risk,5417
4565-EVZMJ,47,58.9,2813.05,No,0.07393446580542794,Low Risk,5418
7665-NKLAV,36,40.65,1547.35,No,0.07392953494837183,Low Risk,5419
3982-DQLUS,65,85.75,5688.45,No,0.07392178119139814,Low Risk,5420
6738-ISCBM,44,54.0,2440.25,No,0.07387871936524272,Low Risk,5421
0164-XAIRP,24,19.55,470.2,No,0.07380432806577976,Low Risk,5422
5320-BRKGK,58,75.8,4415.75,No,0.07374724845041948,Low Risk,5423
1036-GUDCL,60,79.05,4663.4,No,0.07374239327615398,Low Risk,5424
6981-TDRFT,44,54.3,2317.1,No,0.07354283949721745,Low Risk,5425
5583-EJXRD,44,54.05,2375.2,No,0.07347370772047014,Low Risk,5426
6121-TNHBO,63,83.0,5243.05,No,0.07342588638866926,Low Risk,5427
3812-LRZIR,27,24.5,761.95,No,0.07333011711577735,Low Risk,5428
8627-EHGIP,44,53.95,2375.4,Yes,0.0732661708347015,Low Risk,5429
8869-TORSS,48,60.35,2896.4,Yes,0.07324813822199196,Low Risk,5430
6352-GIGGQ,67,88.8,5903.15,No,0.07323963124479875,Low Risk,5431
4295-YURET,56,72.6,4084.35,No,0.07320186712435735,Low Risk,5432
6169-PGNCD,57,74.3,4166.35,No,0.07303018939323218,Low Risk,5433
3982-XWFZQ,42,50.25,2203.65,Yes,0.07292398901770904,Low Risk,5434
9107-UKCKY,61,79.8,4914.8,No,0.07290714799195476,Low Risk,5435
9782-LGXMC,49,61.75,3024.15,No,0.07280780193790998,Low Risk,5436
9633-DENPU,47,58.6,2723.4,No,0.07260871433174092,Low Risk,5437
3452-FLHYD,25,20.95,495.15,No,0.07256221435420485,Low Risk,5438
1599-MMYRQ,62,81.45,4983.05,No,0.07252614326670927,Low Risk,5439
8097-OMULG,59,76.75,4541.9,No,0.07235717804981796,Low Risk,5440
6818-WOBHJ,68,89.6,6127.6,Yes,0.07230506487378321,Low Risk,5441
7407-SUJIZ,25,20.6,541.5,No,0.0721969444896203,Low Risk,5442
3458-IDMFK,25,20.75,499.4,No,0.07218203500210015,Low Risk,5443
2725-IWWBA,46,56.9,2560.1,No,0.07215177921221431,Low Risk,5444
2636-SJDOU,64,84.3,5289.05,No,0.0721456132017298,Low Risk,5445
1760-CAZHT,25,20.8,460.2,No,0.0719837110540328,Low Risk,5446
7338-ERIVA,39,45.05,1790.6,No,0.07193875491773015,Low Risk,5447
7765-LWVVH,72,95.1,6843.15,No,0.07193045669583517,Low Risk,5448
8647-SDTWQ,57,74.3,4018.35,No,0.07188762621133199,Low Risk,5449
7691-XVTZH,68,89.95,5974.3,No,0.07184727490893442,Low Risk,5450
1716-LSAMB,45,54.65,2553.7,No,0.07177122475008786,Low Risk,5451
2000-DHJUY,70,92.2,6474.45,No,0.07172583354827104,Low Risk,5452
8413-YNHNV,69,90.65,6322.1,No,0.0716636445681271,Low Risk,5453
6418-PIQSP,62,81.0,4985.9,No,0.07162242775476041,Low Risk,5454
6369-MCAKO,68,89.05,6185.8,No,0.07162183949052921,Low Risk,5455
6848-YLDFR,58,75.2,4300.8,No,0.07161372700476769,Low Risk,5456
7964-ZRKKG,67,88.4,5798.3,No,0.0716041839188206,Low Risk,5457
8295-KMENE,59,76.45,4519.5,No,0.07156914171526213,Low Risk,5458
4254-QPEDE,52,66.25,3330.1,No,0.0715244576155424,Low Risk,5459
2530-ENDWQ,71,93.7,6585.35,Yes,0.07136946512400502,Low Risk,5460
9500-IWPXQ,61,79.4,4820.55,No,0.07135919928663416,Low Risk,5461
5539-HIVAK,28,25.7,734.6,No,0.07128618825619047,Low Risk,5462
2120-SMPEX,25,20.15,536.35,No,0.07123619248117634,Low Risk,5463
2190-PHBHR,72,94.45,6921.7,No,0.0712016781721322,Low Risk,5464
9621-OUPYD,25,20.2,507.9,No,0.0711218029007901,Low Risk,5465
3144-KMTWZ,71,93.25,6669.45,No,0.07109295066772596,Low Risk,5466
7632-YUTXB,25,20.05,520.1,No,0.0709099007949992,Low Risk,5467
8100-PNJMH,68,88.85,6132.7,No,0.07081152707224057,Low Risk,5468
7267-FRMJW,25,20.1,486.05,No,0.07075369041258023,Low Risk,5469
0604-THJFP,59,75.95,4542.35,No,0.07072634900719901,Low Risk,5470
6061-PQHMK,25,19.9,527.5,No,0.07066236538414086,Low Risk,5471
6416-JNVRK,46,55.65,2688.85,No,0.07058408559010658,Low Risk,5472
0357-NVCRI,25,20.05,471.7,No,0.07054449447119977,Low Risk,5473
6479-OAUSD,25,19.9,510.8,No,0.07053649533155255,Low Risk,5474
3570-YUEKJ,42,49.55,2077.95,No,0.07052937063111749,Low Risk,5475
9891-NQDBD,28,25.55,672.2,No,0.07051014987645837,Low Risk,5476
1069-QJOEE,25,19.9,505.45,No,0.07049621553209748,Low Risk,5477
3092-IGHWF,67,87.4,5918.8,Yes,0.07048789796488181,Low Risk,5478
2363-BJLSL,62,80.4,4981.15,No,0.07036936219398433,Low Risk,5479
6916-HIJSE,65,84.85,5459.2,No,0.07030817542885218,Low Risk,5480
6682-VCIXC,43,51.25,2151.6,No,0.07030076997377031,Low Risk,5481
0129-KPTWJ,72,94.65,6747.35,No,0.07028945945811711,Low Risk,5482
4024-CSNBY,72,94.25,6849.75,No,0.07025419455990065,Low Risk,5483
2805-AUFQN,25,19.8,475.2,No,0.07006819898978672,Low Risk,5484
5199-FPUSP,33,34.05,1113.95,No,0.06992133588032673,Low Risk,5485
0428-AXXLJ,25,19.5,516.3,No,0.06977518574886353,Low Risk,5486
3779-OSWCF,71,93.2,6506.15,No,0.0697642496723673,Low Risk,5487
6941-KXRRV,48,58.95,2789.7,No,0.06958072949589715,Low Risk,5488
2088-IEBAU,68,88.15,6148.45,No,0.06952494330782351,Low Risk,5489
5297-MDOIR,63,81.15,5224.5,No,0.06950962098676366,Low Risk,5490
8690-ZVLCL,68,88.0,6161.9,No,0.06932670754765531,Low Risk,5491
8780-RSYYU,25,19.2,532.1,No,0.06929564108366393,Low Risk,5492
5485-ITNPC,66,85.9,5595.3,No,0.0692495084356414,Low Risk,5493
7319-ZNRTR,25,19.6,411.15,No,0.0691930986131212,Low Risk,5494
5906-CVLHP,45,54.15,2319.8,Yes,0.06900722475120903,Low Risk,5495
2988-GBIVW,70,90.85,6470.1,No,0.06897794345258063,Low Risk,5496
1891-FZYSA,69,89.95,6143.15,Yes,0.06891380184675096,Low Risk,5497
0621-HJWXJ,63,81.55,5029.05,No,0.06885607927644259,Low Risk,5498
0487-VVUVK,25,19.15,477.6,No,0.06879439594735055,Low Risk,5499
6967-PEJLL,37,40.2,1525.35,No,0.06859704703157161,Low Risk,5500
2661-GKBTK,60,76.95,4543.95,No,0.06856892001591837,Low Risk,5501
9534-NSXEM,26,20.65,595.5,No,0.06850280906641398,Low Risk,5502
9467-ROOLM,25,19.05,461.3,No,0.0684780977085341,Low Risk,5503
9313-QOLTZ,26,20.9,518.3,No,0.06842762062056769,Low Risk,5504
1303-SRDOK,55,69.05,3842.6,No,0.06841915451030404,Low Risk,5505
1247-QBVSH,43,50.2,2169.4,No,0.06834925672088306,Low Risk,5506
3891-NLXJB,37,40.55,1390.85,No,0.06829829984631038,Low Risk,5507
6120-RJKLU,62,79.95,4819.75,No,0.06828039040035039,Low Risk,5508
7041-TXQJH,37,40.2,1478.85,No,0.06825656258274035,Low Risk,5509
8777-PVYGU,52,64.3,3410.6,No,0.06822810307575343,Low Risk,5510
0083-PIVIK,64,81.25,5567.55,No,0.068115593183026,Low Risk,5511
8624-GIOUT,49,59.75,2934.3,Yes,0.06810494712082227,Low Risk,5512
6322-HRPFA,49,59.6,2970.3,No,0.06807461015098039,Low Risk,5513
0117-LFRMW,37,40.2,1448.8,Yes,0.06803736287289622,Low Risk,5514
2040-LDIWQ,65,84.2,5324.5,No,0.06802509695627584,Low Risk,5515
8752-GHJFU,71,92.0,6585.2,No,0.0679798588597859,Low Risk,5516
2990-OGYTD,67,86.15,5883.85,No,0.06775621103427032,Low Risk,5517
9931-KGHOA,46,55.0,2473.95,No,0.06770885315163225,Low Risk,5518
7997-EASSD,63,81.2,4965.1,No,0.06770396035724319,Low Risk,5519
6199-IPCAO,29,26.1,692.55,No,0.06761832011874667,Low Risk,5520
0455-ENTCR,66,85.25,5538.35,No,0.06755876932135235,Low Risk,5521
5656-MJEFC,42,48.15,2032.3,No,0.06742788155832664,Low Risk,5522
9945-PSVIP,25,18.7,383.65,No,0.06723308745761089,Low Risk,5523
0142-GVYSN,26,20.3,511.25,No,0.06720983694049427,Low Risk,5524
5504-WSIUR,70,90.25,6385.95,No,0.06719383826303488,Low Risk,5525
7284-ZZLOH,45,53.3,2296.25,No,0.06717678887422025,Low Risk,5526
8197-BFWVU,72,93.25,6688.95,No,0.06710601287197066,Low Risk,5527
7322-OCWHC,72,93.05,6735.05,No,0.06705246264923305,Low Risk,5528
5260-UMPWX,26,20.25,493.95,No,0.06698918084999841,Low Risk,5529
6203-HBZPA,52,63.9,3334.95,No,0.06690560410633589,Low Risk,5530
6100-FJZDG,26,20.05,505.9,No,0.06669113522195572,Low Risk,5531
7579-KKLOE,71,91.25,6589.6,No,0.06656425561084788,Low Risk,5532
0533-UCAAU,57,71.1,4140.1,No,0.06645389166545002,Low Risk,5533
1568-BEKZM,70,90.05,6333.4,No,0.06643395669395795,Low Risk,5534
7233-PAHHL,66,84.0,5714.25,No,0.06641881167211475,Low Risk,5535
7253-UVNDW,46,54.35,2460.15,Yes,0.06635949051911667,Low Risk,5536
0244-LGNFY,72,92.65,6733.0,No,0.06627238681403376,Low Risk,5537
6741-QRLUP,63,80.3,4995.35,No,0.06619200362860592,Low Risk,5538
2167-FQSTQ,72,92.4,6786.1,No,0.06617410052125498,Low Risk,5539
4701-LKOZD,70,89.75,6367.2,No,0.06610327499142277,Low Risk,5540
1088-CNNKB,63,80.0,5040.2,No,0.0659405774870321,Low Risk,5541
6122-LJADA,70,90.15,6237.05,No,0.06594000175816168,Low Risk,5542
3417-TSCIC,29,24.85,788.05,No,0.06590658376801696,Low Risk,5543
4795-UXVCJ,26,19.8,457.3,No,0.06586980215411314,Low Risk,5544
1984-GPTEH,29,25.15,702.0,No,0.06586610468894796,Low Risk,5545
7850-THJMU,26,19.65,494.9,No,0.06585169545981458,Low Risk,5546
7016-BPGEU,29,25.1,712.85,Yes,0.06584817378104418,Low Risk,5547
4568-KNYWR,52,63.25,3342.45,No,0.06572119627439521,Low Risk,5548
3985-HOYPM,26,19.4,525.55,No,0.06559574949294115,Low Risk,5549
0042-JVWOJ,26,19.6,471.85,No,0.06559468980937065,Low Risk,5550
9308-ANMVE,47,55.3,2654.05,No,0.06557413423693548,Low Risk,5551
4737-HOBAX,63,79.8,5034.05,No,0.06551945611192905,Low Risk,5552
3967-KXAPS,72,92.3,6719.9,No,0.0655171854387716,Low Risk,5553
0795-LAFGP,71,90.4,6668.05,No,0.06550771883313244,Low Risk,5554
2796-UUZZO,63,80.3,4896.35,No,0.06549255093339114,Low Risk,5555
2027-OAQQC,43,49.05,2076.2,Yes,0.06547302455663022,Low Risk,5556
9778-OGKQZ,72,92.0,6782.15,No,0.06539018751088681,Low Risk,5557
3523-BRGUW,26,19.3,504.2,No,0.06525773284295101,Low Risk,5558
7691-KGKGP,53,65.0,3363.8,No,0.06523398680820483,Low Risk,5559
1265-ZFOSD,64,81.3,5129.3,No,0.06508228913155265,Low Risk,5560
9750-BOOHV,32,30.15,927.65,No,0.06506996034990553,Low Risk,5561
5859-HZYLF,26,19.15,515.75,No,0.06505753689215948,Low Risk,5562
4188-PCPIG,57,70.35,4124.65,No,0.06492927361298421,Low Risk,5563
0436-TWFFZ,67,85.25,5714.2,No,0.06483690742810418,Low Risk,5564
1439-LCGVL,26,19.2,459.6,No,0.06475939633283694,Low Risk,5565
2250-IVBWA,64,81.05,5135.35,No,0.06465802051028731,Low Risk,5566
1177-XZBJL,53,64.15,3491.55,No,0.06453816455232284,Low Risk,5567
5820-PTRYM,56,68.45,4014.0,No,0.0645110682520789,Low Risk,5568
2887-JPYLU,41,45.2,1841.9,No,0.06444961868630861,Low Risk,5569
3638-VBZTA,68,86.5,5882.75,No,0.064448037528224,Low Risk,5570
4671-VJLCL,63,79.85,4861.45,No,0.06440856704874992,Low Risk,5571
2990-IAJSV,72,92.0,6632.75,No,0.06434917083690013,Low Risk,5572
9392-XBGTD,27,20.6,581.85,No,0.0643285090142195,Low Risk,5573
8763-KIAFH,27,20.55,583.3,No,0.06424602342123414,Low Risk,5574
9415-ZNBSX,70,89.0,6293.2,No,0.06418100884062762,Low Risk,5575
4718-WXBGI,72,91.95,6614.9,No,0.06413346874856092,Low Risk,5576
5377-NDTOU,71,91.05,6293.75,No,0.06411348661038628,Low Risk,5577
7162-WPHPM,58,71.6,4230.25,No,0.06410469297532075,Low Risk,5578
0440-QEXBZ,44,50.15,2139.1,No,0.06406888801434434,Low Risk,5579
9227-YBAXE,65,82.5,5215.1,No,0.0640270632096001,Low Risk,5580
5619-PTMIK,46,53.1,2459.8,No,0.06401454239138438,Low Risk,5581
2160-GPFXD,54,65.65,3566.7,No,0.06396870957003992,Low Risk,5582
4667-QONEA,60,74.85,4456.35,No,0.06395208441580692,Low Risk,5583
7398-HPYZQ,71,90.55,6404.0,No,0.06395085341566906,Low Risk,5584
5214-CHIWJ,27,20.3,595.05,No,0.06386596874621488,Low Risk,5585
8580-QVLOC,72,92.45,6440.25,Yes,0.06385291143076129,Low Risk,5586
8292-FRFZQ,39,41.15,1700.9,No,0.0637129655702221,Low Risk,5587
4114-QMKVN,56,68.75,3815.4,No,0.06369598505014662,Low Risk,5588
8331-ZXFOE,58,71.1,4299.2,No,0.06365871755876608,Low Risk,5589
5791-KAJFD,56,68.75,3808.0,No,0.06364530914454695,Low Risk,5590
9199-PWQVC,63,79.7,4786.15,No,0.06361394031366104,Low Risk,5591
9297-EONCV,72,91.35,6697.2,No,0.06359541225498747,Low Risk,5592
1334-PDUKM,68,86.45,5762.95,No,0.06353171191341704,Low Risk,5593
2346-CZYIL,27,20.35,531.6,No,0.0635230161967299,Low Risk,5594
2885-HIJDH,69,86.9,6194.1,No,0.06347987641731832,Low Risk,5595
6963-EZQEE,70,88.55,6306.5,No,0.06344546228763301,Low Risk,5596
7596-IIWYC,27,20.25,538.2,No,0.06338529559275298,Low Risk,5597
2150-OEGBV,27,20.1,562.6,No,0.06327789104875599,Low Risk,5598
8707-RMEZH,69,87.3,6055.55,No,0.0632654367985847,Low Risk,5599
3084-DOWLE,72,92.0,6474.4,No,0.06326265272262013,Low Risk,5600
6736-DHUQI,67,84.8,5598.3,No,0.06320983838265239,Low Risk,5601
6463-MVYRY,57,69.85,4003.0,No,0.06316982530764863,Low Risk,5602
2239-CGBUZ,51,60.5,3145.15,No,0.06312942635610262,Low Risk,5603
4674-HGNUA,71,89.9,6457.15,No,0.0631246372328127,Low Risk,5604
5849-ASHZJ,27,20.05,552.9,No,0.06312087782448898,Low Risk,5605
5248-KWLAR,71,90.35,6325.25,No,0.06304714496091843,Low Risk,5606
4450-MDZFX,60,74.35,4453.3,No,0.06301698848143107,Low Risk,5607
2325-ZUSFD,57,70.1,3913.3,Yes,0.06301526122522902,Low Risk,5608
7994-XIRTR,54,65.25,3529.95,No,0.06298642113893876,Low Risk,5609
3399-BMLVW,51,60.5,3121.45,No,0.06296860444291713,Low Risk,5610
7054-DMVAS,54,65.3,3512.9,No,0.06296159508722293,Low Risk,5611
2959-EEXWB,45,50.9,2333.85,No,0.06295077121050707,Low Risk,5612
6281-FKEWS,44,49.05,2265.0,No,0.06291717948456121,Low Risk,5613
8350-NYMVI,39,41.1,1597.05,No,0.06291431998580183,Low Risk,5614
9068-VPWQQ,61,75.35,4729.3,No,0.06291209995113425,Low Risk,5615
3209-ZPKFI,47,54.25,2538.2,No,0.06283470526259681,Low Risk,5616
4609-KNNWG,27,19.9,550.1,No,0.06282966669242011,Low Risk,5617
1227-UDMZR,72,91.15,6637.9,No,0.06282781240314536,Low Risk,5618
3508-VLHCZ,71,90.55,6239.05,No,0.0628259560192882,Low Risk,5619
5382-TEMLV,45,50.9,2298.55,No,0.06271200628638704,Low Risk,5620
0730-BGQGF,71,90.3,6287.3,No,0.06269968894219158,Low Risk,5621
1094-BKOSX,45,51.0,2264.5,No,0.06266290247542042,Low Risk,5622
5306-BVTKJ,48,55.8,2651.2,No,0.06262388778225352,Low Risk,5623
3569-JFODW,72,90.95,6652.45,No,0.06256455431043058,Low Risk,5624
6754-WKSHP,30,25.35,723.3,No,0.06252431401804558,Low Risk,5625
6609-MXJHJ,30,25.1,789.55,No,0.0625196895133877,Low Risk,5626
2400-XIWIO,71,90.1,6310.9,No,0.062497814105917315,Low Risk,5627
8348-JLBUG,64,80.3,5017.7,No,0.06248060663224375,Low Risk,5628
3721-WKIIL,27,19.6,561.15,No,0.06236274239748846,Low Risk,5629
5117-ZSMHQ,71,89.9,6342.7,No,0.06235159186381718,Low Risk,5630
0602-DDUML,57,69.75,3894.4,No,0.062255793520797006,Low Risk,5631
8035-BUYVG,40,42.35,1716.45,Yes,0.06220603892915922,Low Risk,5632
5171-EPLKN,27,19.85,470.0,No,0.06220030557976997,Low Risk,5633
2595-KIWPV,27,19.7,509.3,No,0.06219452925059,Low Risk,5634
6726-NNFWD,71,89.45,6435.25,No,0.06216424376509283,Low Risk,5635
7876-AEHIG,51,60.15,3077.0,No,0.062038660796002655,Low Risk,5636
7552-KEYGT,27,19.55,520.55,No,0.06200110302529055,Low Risk,5637
3739-YBWAB,36,35.35,1317.95,No,0.06196633195035295,Low Risk,5638
2176-LVPNX,71,89.85,6293.45,No,0.06193226205098979,Low Risk,5639
6177-PEVRA,48,55.5,2627.35,No,0.06192510225269017,Low Risk,5640
3941-XTSKM,42,45.1,2049.05,No,0.06187487878550111,Low Risk,5641
0098-BOWSO,27,19.4,529.8,No,0.06179491803893723,Low Risk,5642
7325-ENZFI,39,40.3,1630.4,No,0.06170064250816892,Low Risk,5643
4632-XJMEX,53,62.85,3419.5,No,0.061685142811595116,Low Risk,5644
2194-IIQOF,71,89.3,6388.65,No,0.0615857416331977,Low Risk,5645
5248-RPYWW,72,90.15,6716.45,No,0.06156026318857622,Low Risk,5646
4833-QTJNO,67,83.85,5588.8,No,0.06143867763164191,Low Risk,5647
9046-JBFWA,27,19.15,537.35,No,0.06140060162435223,Low Risk,5648
3301-VKTGC,68,85.5,5696.6,No,0.06137485063662744,Low Risk,5649
3401-URHDA,51,59.9,3043.6,No,0.061371365131562085,Low Risk,5650
2946-KIQSP,35,33.45,1175.85,No,0.06135756310946621,Low Risk,5651
5214-NLTIT,72,90.8,6511.8,No,0.061357419463053516,Low Risk,5652
1971-DTCZB,72,90.95,6468.6,No,0.06133732511988657,Low Risk,5653
7956-XQWGU,27,19.4,460.25,No,0.06133335658015511,Low Risk,5654
7074-STDCN,39,40.6,1494.5,No,0.061332086478510454,Low Risk,5655
1998-VHJHK,27,19.15,501.35,No,0.061162715166248514,Low Risk,5656
9548-ZMVTX,72,90.45,6565.85,No,0.061095557886567176,Low Risk,5657
1702-CCFNJ,52,61.35,3169.55,No,0.061074009364367576,Low Risk,5658
7605-SNLQG,45,50.25,2221.55,No,0.06103826013625611,Low Risk,5659
2123-VSCOT,59,72.1,4194.85,No,0.061001704665093234,Low Risk,5660
7503-MIOGA,72,89.85,6697.35,No,0.060903774702136815,Low Risk,5661
5684-FJVYR,72,90.35,6563.4,No,0.06090327357827828,Low Risk,5662
2908-ZTPNF,36,34.85,1267.2,No,0.06074500563371856,Low Risk,5663
1264-FUHCX,49,56.3,2780.6,No,0.06065770694307087,Low Risk,5664
5727-MYATE,72,90.8,6397.6,No,0.06060625099718255,Low Risk,5665
4360-QRAVE,37,36.65,1315.0,No,0.060552094713157215,Low Risk,5666
1951-IEYXM,72,90.6,6441.85,No,0.060545462379086715,Low Risk,5667
4178-EGMON,70,88.0,5986.45,No,0.06032958800042672,Low Risk,5668
0536-BGFMZ,28,20.5,563.05,No,0.06027136599134541,Low Risk,5669
0334-ZFJSR,55,66.05,3462.1,No,0.06024468615350392,Low Risk,5670
0556-FJEGU,58,70.1,4048.95,No,0.06020278701523328,Low Risk,5671
5294-CDGWY,51,59.3,3014.65,Yes,0.060128711035331565,Low Risk,5672
2211-RMNHO,68,85.3,5560.0,No,0.06012855338332585,Low Risk,5673
9489-JMTTN,72,89.75,6595.9,No,0.060066784201464635,Low Risk,5674
7570-WELNY,68,84.7,5711.05,No,0.060066274266930175,Low Risk,5675
1775-KWJKQ,72,89.85,6562.9,No,0.06002642395206034,Low Risk,5676
5968-XQIVE,72,89.7,6588.95,No,0.059935024735143755,Low Risk,5677
2378-YIZKA,68,85.0,5607.75,No,0.05991744250044177,Low Risk,5678
4098-NAUKP,68,84.65,5683.6,No,0.05980197770709927,Low Risk,5679
8883-ANODQ,68,84.4,5746.75,No,0.05977752465393149,Low Risk,5680
5322-ZSMZY,31,25.75,755.6,No,0.0597565459729638,Low Risk,5681
4203-QGNZA,28,20.25,535.35,No,0.05965859187275118,Low Risk,5682
7408-OFWXJ,72,89.8,6510.45,No,0.05960113137608632,Low Risk,5683
5248-YGIJN,72,90.25,6369.45,No,0.05946919614505427,Low Risk,5684
9950-MTGYX,28,20.3,487.95,No,0.05943978871339296,Low Risk,5685
7501-IWUNG,61,73.8,4616.05,No,0.05942820841898741,Low Risk,5686
2819-GWENI,28,19.9,543.0,No,0.059106412765334376,Low Risk,5687
8727-XDPUD,37,35.8,1316.9,No,0.059094074927521785,Low Risk,5688
6461-SZMCV,71,87.95,6365.35,No,0.059080431024620135,Low Risk,5689
9018-PCIOK,55,64.75,3617.1,No,0.05900125622521253,Low Risk,5690
0757-WCUUZ,54,63.35,3409.1,No,0.05885078371580841,Low Risk,5691
0383-CLDDA,69,85.35,5897.4,No,0.05878963331532316,Low Risk,5692
3398-GCPMU,72,89.55,6448.85,No,0.05877893881102994,Low Risk,5693
1170-SASML,69,85.4,5869.4,No,0.058696823037253,Low Risk,5694
6447-GORXK,31,25.0,789.2,No,0.05868645339868177,Low Risk,5695
6506-EYCNH,28,19.55,543.8,No,0.05851566224046902,Low Risk,5696
2868-LLSKM,68,83.65,5733.4,No,0.05840976311268867,Low Risk,5697
0238-WHBIQ,72,89.7,6339.3,No,0.058339526707741764,Low Risk,5698
7470-DYNOE,53,61.1,3357.9,No,0.05825300095377218,Low Risk,5699
3551-GAEGL,34,30.4,938.65,No,0.05816584273391192,Low Risk,5700
7753-USQYQ,55,64.2,3627.3,No,0.05813319055594462,Low Risk,5701
5724-BIDBU,49,55.35,2633.95,No,0.05808559149247995,Low Risk,5702
6408-WHTEF,72,89.4,6376.55,No,0.05806830289338319,Low Risk,5703
5792-JALQC,52,59.85,3103.25,No,0.058063545864846494,Low Risk,5704
3915-ODIYG,60,71.75,4374.55,No,0.05796124378893769,Low Risk,5705
2925-VDZHY,72,88.7,6501.35,No,0.05767609574564219,Low Risk,5706
6365-HITVU,71,87.25,6328.7,No,0.05766573435487734,Low Risk,5707
4293-ETKAP,65,79.4,5071.9,No,0.05764530457399329,Low Risk,5708
2606-PKWJB,40,40.25,1564.05,No,0.05758566299455529,Low Risk,5709
9135-MGVPY,69,84.7,5878.9,No,0.057577735119063875,Low Risk,5710
8681-ICONS,29,20.65,654.85,No,0.0575508503133788,Low Risk,5711
6695-AMZUF,70,86.45,5950.2,No,0.05745714444592521,Low Risk,5712
3219-JQRSL,72,89.1,6352.4,No,0.057415371935263255,Low Risk,5713
3889-VWBID,68,82.85,5776.45,No,0.057337865947061445,Low Risk,5714
3865-ZYKAD,69,84.9,5785.65,No,0.057330777729989804,Low Risk,5715
8166-ZZTFS,66,80.55,5265.1,Yes,0.05728374316320091,Low Risk,5716
3658-QQJYD,62,74.3,4698.05,No,0.05726156732339647,Low Risk,5717
9640-ZSLDC,53,60.6,3297.0,No,0.05703766690249742,Low Risk,5718
8878-RYUKI,52,59.45,3043.7,No,0.05702540100805235,Low Risk,5719
1625-JAIIY,68,83.0,5685.8,Yes,0.057025206212507694,Low Risk,5720
0197-PNKNK,69,84.45,5848.6,No,0.05697463746496491,Low Risk,5721
8444-WRIDW,66,80.45,5224.35,Yes,0.0568663106177381,Low Risk,5722
1474-JUWSM,58,68.4,3972.25,No,0.056837579120312065,Low Risk,5723
1872-EBWSC,29,20.35,617.35,No,0.05682114632942852,Low Risk,5724
5997-OPVFA,72,89.05,6254.45,No,0.05672714093599112,Low Risk,5725
5879-HMFFH,72,88.05,6520.8,No,0.05671855209384681,Low Risk,5726
0363-SVHYR,71,86.85,6263.8,No,0.05660145010144998,Low Risk,5727
7873-CVMAW,72,88.55,6362.35,No,0.05656770359089417,Low Risk,5728
6732-VAILE,70,85.95,5931.75,No,0.05651687200876873,Low Risk,5729
1862-SKORY,40,39.3,1637.4,Yes,0.05646759383436264,Low Risk,5730
6701-YVNQG,72,88.7,6301.7,No,0.056442237864707735,Low Risk,5731
6823-SIDFQ,28,18.25,534.7,No,0.0562958907030829,Low Risk,5732
0625-AFOHS,29,20.2,558.8,No,0.05621650913529887,Low Risk,5733
4716-MRVEN,29,20.0,599.3,No,0.056137031891038504,Low Risk,5734
3146-MSEGF,72,88.05,6425.65,No,0.05613661803201001,Low Risk,5735
2794-XIMMO,53,60.45,3184.25,Yes,0.056100271405661324,Low Risk,5736
3902-MIVLE,63,75.7,4676.7,No,0.05599913359351336,Low Risk,5737
0379-DJQHR,67,81.35,5398.6,No,0.05598563691689405,Low Risk,5738
5321-NTRKC,66,79.85,5234.95,No,0.05594893609390717,Low Risk,5739
9388-ZEYVT,43,44.15,1931.3,No,0.05594843868749014,Low Risk,5740
3795-GWTRD,63,75.55,4707.85,No,0.05594443415937739,Low Risk,5741
5680-LQOGP,68,82.45,5646.6,No,0.055884327324253795,Low Risk,5742
5762-TJXGK,52,58.75,3038.55,No,0.055847486655464566,Low Risk,5743
7472-EQOAV,71,86.7,6179.35,No,0.055841946380373056,Low Risk,5744
4709-LKHYG,29,20.0,540.05,No,0.0557775003433635,Low Risk,5745
1498-DQNRX,29,19.85,573.05,No,0.05573418736867854,Low Risk,5746
2634-HCZGT,53,60.05,3229.65,Yes,0.05572615673334641,Low Risk,5747
3649-JPUGY,72,88.6,6201.95,No,0.05567319279580817,Low Risk,5748
4872-VXRIL,56,64.65,3665.55,No,0.05566493528467736,Low Risk,5749
2829-HYVZP,29,19.8,572.2,No,0.055648180690220414,Low Risk,5750
5127-BZENZ,56,65.2,3512.15,No,0.055627878774440614,Low Risk,5751
4077-HWUYD,72,87.55,6463.15,No,0.05555292735991008,Low Risk,5752
4962-CHQPW,29,19.85,535.05,No,0.0555049109514793,Low Risk,5753
3373-DIUUN,30,21.25,711.9,No,0.05545959815664662,Low Risk,5754
0872-CASZJ,59,69.1,4096.9,No,0.05533468895650736,Low Risk,5755
6339-TBELP,71,86.4,6172.0,No,0.05531333419437898,Low Risk,5756
8414-OOEEL,66,79.5,5196.1,No,0.05515007366393057,Low Risk,5757
9142-XMYJH,29,19.35,601.6,No,0.05510088552647908,Low Risk,5758
8807-ARQET,41,40.35,1677.85,No,0.055030705958231646,Low Risk,5759
0559-CKHUS,29,19.55,521.8,No,0.05494410174487481,Low Risk,5760
1627-AFWVJ,29,19.4,554.25,No,0.05489812027146455,Low Risk,5761
2987-BJXIK,70,84.7,5991.05,No,0.05485358423487861,Low Risk,5762
9060-HJJRW,51,56.4,2928.5,No,0.05476701729622917,Low Risk,5763
8631-NBHFZ,66,79.4,5154.6,Yes,0.054742828263879356,Low Risk,5764
4549-ZDQYY,52,57.95,3042.25,No,0.0545861371485125,Low Risk,5765
6885-PKOAM,71,85.75,6223.8,No,0.054584199503253356,Low Risk,5766
2126-GSEGL,70,84.8,5917.55,No,0.054575983715120624,Low Risk,5767
6161-ERDGD,71,85.45,6300.85,No,0.054564793830797965,Low Risk,5768
4560-WQAQW,59,68.7,4070.95,No,0.05454120331536316,Low Risk,5769
7581-EBBOU,60,70.15,4224.7,No,0.05443917320509538,Low Risk,5770
8873-TMKGR,29,19.1,529.5,No,0.05427524353987523,Low Risk,5771
1697-BCSHV,58,66.8,3970.4,No,0.05424551917497871,Low Risk,5772
4636-OLWOE,54,61.0,3283.05,No,0.05422554964404245,Low Risk,5773
0743-HRVFF,51,56.15,2898.95,No,0.05419608342862326,Low Risk,5774
2612-PHGOX,64,76.1,4818.8,No,0.05414605472002033,Low Risk,5775
9435-JMLSX,71,86.1,6045.9,No,0.05408729390434823,Low Risk,5776
7860-UXCRM,63,74.5,4674.55,No,0.054067148913126285,Low Risk,5777
7305-ZWMAJ,30,20.7,587.1,No,0.05384509514333165,Low Risk,5778
2511-MORQY,50,54.9,2614.1,No,0.05384206850667998,Low Risk,5779
9530-GRMJG,70,84.1,5979.7,No,0.0538382390086057,Low Risk,5780
9560-BBZXK,36,31.05,1126.35,No,0.05358289457379662,Low Risk,5781
5980-BDHPY,72,87.1,6230.1,No,0.05346029367547329,Low Risk,5782
7301-ABVAD,72,86.6,6350.5,No,0.05338203011574382,Low Risk,5783
4981-FLTMF,57,65.2,3687.85,No,0.05335832072834292,Low Risk,5784
4213-HKBJO,33,25.7,826.1,No,0.053263255251909926,Low Risk,5785
1414-YADCW,70,84.6,5706.2,No,0.05302705498534575,Low Risk,5786
6997-UVGOX,71,85.45,6029.9,No,0.052981282189107456,Low Risk,5787
2790-XUYMV,71,85.45,6028.95,No,0.05297580717344964,Low Risk,5788
4355-HBJHH,67,79.7,5293.4,Yes,0.052756085401937755,Low Risk,5789
0744-BIKKF,72,86.65,6224.8,No,0.052733844838651074,Low Risk,5790
1298-PHBTI,71,84.8,6152.4,No,0.05268504246486214,Low Risk,5791
3126-WQMGH,49,52.15,2583.75,No,0.05264105162381817,Low Risk,5792
4194-FJARJ,54,60.0,3273.95,No,0.052617555320716554,Low Risk,5793
1577-HKTFG,30,19.65,655.85,Yes,0.05261564503206635,Low Risk,5794
7026-YMSBE,30,19.7,625.05,No,0.052516031407578476,Low Risk,5795
0219-QAERP,30,19.8,576.65,No,0.05239256630451544,Low Risk,5796
1270-XKUCC,30,19.7,599.25,No,0.05236876302740781,Low Risk,5797
8374-UULRV,72,86.05,6309.65,No,0.052300600308861675,Low Risk,5798
6952-OMNWB,68,80.35,5589.3,No,0.052245887399965454,Low Risk,5799
8659-HDIYE,64,74.65,4869.35,No,0.05219350152130233,Low Risk,5800
7061-OVMIM,30,19.55,608.5,No,0.05219282806689399,Low Risk,5801
6551-ZCOTS,33,24.9,847.8,No,0.052159180584240156,Low Risk,5802
8510-TMWYB,54,59.8,3246.45,No,0.05215538725930839,Low Risk,5803
0310-SUCIN,71,84.8,6046.1,No,0.05207894020925089,Low Risk,5804
9110-HSGTV,69,82.45,5555.3,No,0.05207010307709019,Low Risk,5805
4723-BEGSG,72,86.65,6094.25,No,0.0519897488400637,Low Risk,5806
8898-KASCD,39,35.55,1309.15,No,0.05191844460131805,Low Risk,5807
7614-QVWQL,49,51.8,2541.25,Yes,0.05186620264926146,Low Risk,5808
0839-QNXME,30,19.4,578.5,No,0.05179557386243299,Low Risk,5809
4641-FROLU,30,19.3,602.9,No,0.05178217831777421,Low Risk,5810
5480-XTFFL,31,21.0,697.7,No,0.05173001301665482,Low Risk,5811
2649-HWLYB,65,76.15,4929.55,No,0.051642776813302045,Low Risk,5812
4774-HHGGS,30,19.05,637.55,No,0.05160037812290995,Low Risk,5813
8645-KOMJQ,69,81.95,5601.4,No,0.05157468656626101,Low Risk,5814
6447-EGDIV,31,20.95,683.25,No,0.05157338036334098,Low Risk,5815
3521-HTQTV,34,26.1,980.35,No,0.051563983257287886,Low Risk,5816
8174-LNWMW,31,20.9,689.35,No,0.051532450603702304,Low Risk,5817
8184-WMOFI,62,71.4,4487.3,No,0.05143850267823504,Low Risk,5818
8218-FFJDS,72,86.4,6058.95,No,0.05141396929826849,Low Risk,5819
9339-FIIJL,72,85.95,6151.9,No,0.0512599234421286,Low Risk,5820
2200-DSAAL,68,80.65,5330.2,No,0.051238333810702634,Low Risk,5821
1488-SYSFC,31,20.65,702.05,No,0.051228791285559225,Low Risk,5822
5130-YPIRV,62,72.0,4284.2,No,0.051201092507147966,Low Risk,5823
8644-XYTSV,42,40.15,1626.05,No,0.05119313397455646,Low Risk,5824
5442-BXVND,33,24.25,838.5,No,0.051127790908909364,Low Risk,5825
5148-ORICT,64,74.35,4759.55,No,0.051123629721030614,Low Risk,5826
4973-MGTON,71,84.4,5969.3,No,0.05104591819923571,Low Risk,5827
9541-ZPSEA,68,80.35,5375.15,No,0.05104115997610776,Low Risk,5828
0078-XZMHT,72,85.15,6316.2,No,0.0509818925144875,Low Risk,5829
2226-ICFDO,72,85.9,6110.75,No,0.05095611437067597,Low Risk,5830
7951-QKZPL,33,24.5,740.3,Yes,0.05095385098643358,Low Risk,5831
6631-HMANX,72,85.45,6227.5,No,0.05093536291777567,Low Risk,5832
0916-KNFAJ,61,69.9,4226.7,No,0.050864284020779825,Low Risk,5833
3969-JQABI,58,65.25,3791.6,No,0.050850678978381705,Low Risk,5834
8277-RVRSV,33,24.15,800.3,No,0.05076691598132453,Low Risk,5835
9140-CZQZZ,68,79.6,5515.8,No,0.050707476408639894,Low Risk,5836
5003-XZWWO,71,84.2,5956.85,No,0.050679926728510405,Low Risk,5837
5930-GBIWP,69,81.5,5553.25,No,0.05063534575524014,Low Risk,5838
5124-EOGYE,31,20.45,638.55,No,0.05057921832317749,Low Risk,5839
4707-YNOQA,34,25.6,917.15,No,0.05046805971785619,Low Risk,5840
6869-FGJJC,68,79.6,5461.45,No,0.05040779787620133,Low Risk,5841
1265-HVPZB,59,66.4,3958.2,No,0.0503830588801404,Low Risk,5842
5614-DNZCE,58,64.9,3795.45,No,0.05035477828999171,Low Risk,5843
6265-FRMTQ,31,20.4,609.1,No,0.05034344462677697,Low Risk,5844
6479-VDGRK,72,85.3,6129.2,No,0.05017196999488547,Low Risk,5845
8200-LGKSR,71,83.2,6126.1,No,0.05013833916699106,Low Risk,5846
9839-ETQOE,43,40.45,1912.85,No,0.050131876025445776,Low Risk,5847
9453-PATOS,72,85.1,6155.4,No,0.05002246916039182,Low Risk,5848
5921-NGYRH,64,73.55,4764.0,No,0.0499674149557554,Low Risk,5849
2361-FJWNO,40,36.0,1382.9,No,0.04989308569441518,Low Risk,5850
9225-BZLNZ,72,85.25,6083.1,No,0.04984733280120297,Low Risk,5851
7328-OWMOM,31,20.1,589.25,No,0.04979614976697353,Low Risk,5852
3605-JISKB,55,60.0,3316.1,No,0.04973421031262305,Low Risk,5853
8398-TBIYD,72,84.7,6185.15,No,0.04960193696560552,Low Risk,5854
8565-WUXZU,72,84.8,6141.65,No,0.049511446445891796,Low Risk,5855
3957-SQXML,34,24.95,894.3,No,0.04939522888347887,Low Risk,5856
2484-DGXPZ,31,19.55,658.95,Yes,0.04937627762223721,Low Risk,5857
5457-COLHT,69,80.65,5542.55,No,0.04933562478362124,Low Risk,5858
6345-HOVES,34,25.05,852.7,No,0.049315327214126244,Low Risk,5859
0654-PQKDW,62,70.75,4263.45,No,0.04925362786488392,Low Risk,5860
8671-KKKOS,46,45.55,2062.15,No,0.04924850860735535,Low Risk,5861
8125-QPFJD,72,84.9,6065.3,No,0.04924414241294045,Low Risk,5862
0674-GCDXG,63,71.9,4479.2,No,0.049062677233708246,Low Risk,5863
5458-CQJTA,65,74.8,4820.15,Yes,0.049057155382433756,Low Risk,5864
5197-LQXXH,71,83.3,5894.5,No,0.04902961546697525,Low Risk,5865
7971-HLVXI,72,84.5,6130.85,No,0.0490211696894832,Low Risk,5866
2294-DMMUS,62,70.45,4300.45,No,0.04902110711873538,Low Risk,5867
4890-VMUAV,63,71.5,4576.3,No,0.04900911782445196,Low Risk,5868
0842-IWYCP,46,44.95,2168.9,No,0.04895942281211069,Low Risk,5869
7690-KPNCU,64,73.05,4688.65,No,0.04883880066037258,Low Risk,5870
5181-OABFK,56,61.3,3346.8,No,0.048763667486941796,Low Risk,5871
3450-WXOAT,46,45.2,2065.15,No,0.04876290048120917,Low Risk,5872
8661-BOYNW,72,84.4,6096.45,No,0.04869461743006461,Low Risk,5873
3506-OVLKD,35,26.2,954.9,No,0.04851845301656772,Low Risk,5874
6437-UDQJM,72,84.1,6129.65,No,0.04844447555188798,Low Risk,5875
5766-FTRTS,72,84.45,6033.1,No,0.04842944797425894,Low Risk,5876
1744-JHKYS,34,24.7,780.2,No,0.048427869627416534,Low Risk,5877
2581-VKIRT,59,65.5,3801.3,No,0.04824080390317392,Low Risk,5878
4039-PIMHX,49,49.8,2398.4,No,0.04816546752917906,Low Risk,5879
2753-JMMCV,65,74.2,4805.65,No,0.048127058635442956,Low Risk,5880
4547-FZJWE,55,59.45,3157.0,No,0.048097152195570786,Low Risk,5881
1032-MAELW,68,78.45,5333.35,No,0.04806371287582993,Low Risk,5882
3262-EIDHV,72,84.7,5893.9,No,0.04804834538081271,Low Risk,5883
3938-YFPXD,72,84.3,5997.1,No,0.048027864047805596,Low Risk,5884
1936-CZAKF,49,49.65,2409.9,No,0.04801475080452132,Low Risk,5885
2904-GGUAZ,72,84.05,6052.25,No,0.047965998071755424,Low Risk,5886
7321-KKSDU,32,20.5,696.8,No,0.04795634476327676,Low Risk,5887
0412-UCCNP,55,59.2,3175.85,No,0.047844887473677794,Low Risk,5888
4782-OSFXZ,71,82.7,5831.2,No,0.04784400359427989,Low Risk,5889
2725-TTRIQ,72,84.2,5986.55,No,0.047832216303418794,Low Risk,5890
6897-RWMUB,61,68.05,4158.25,No,0.04782720817513793,Low Risk,5891
5918-VUKWP,32,20.55,654.55,No,0.04780520110509785,Low Risk,5892
8512-WIWYV,32,20.35,707.5,No,0.047802066586368396,Low Risk,5893
5494-WOZRZ,71,82.0,5999.85,No,0.047745862087041575,Low Risk,5894
3108-PCCGG,72,84.45,5899.85,No,0.04772892921038145,Low Risk,5895
7101-HRBLJ,72,83.7,6096.9,No,0.04770929945898515,Low Risk,5896
9919-FZDED,72,84.1,5981.65,No,0.04766677854266913,Low Risk,5897
5702-KVQRD,71,82.55,5832.65,No,0.04764183606259077,Low Risk,5898
3569-VLDHH,66,75.1,5013.0,No,0.04754681797373419,Low Risk,5899
7107-UBYKY,35,25.75,882.55,No,0.04750603730020254,Low Risk,5900
6656-GULJQ,72,83.55,6093.3,No,0.04748143026698185,Low Risk,5901
5736-YEJAX,69,79.45,5502.55,No,0.04742513319603487,Low Risk,5902
4163-KIUHY,35,25.6,901.25,No,0.047394607567258724,Low Risk,5903
5622-UEJFI,35,25.4,949.8,No,0.04736868627446215,Low Risk,5904
6685-GBWJZ,63,70.8,4448.8,No,0.04735035191151715,Low Risk,5905
7018-FPXHH,56,59.8,3457.45,No,0.04723646802854358,Low Risk,5906
0885-HMGPY,62,69.4,4237.5,No,0.04721104753731403,Low Risk,5907
8146-QQKZH,71,81.85,5924.4,No,0.047145674582518095,Low Risk,5908
5944-UGLLK,53,54.9,3045.75,No,0.04699927926992962,Low Risk,5909
8668-KNZTI,52,53.75,2790.65,No,0.04697980630790907,Low Risk,5910
5816-JMLGY,70,80.4,5717.85,No,0.04696251635743262,Low Risk,5911
3489-VSFRD,56,60.25,3282.75,No,0.046956989208219876,Low Risk,5912
0301-KOBTQ,32,20.05,614.45,No,0.04690370213724346,Low Risk,5913
4827-DPADN,72,83.3,6042.7,No,0.04687452430314769,Low Risk,5914
6439-PKTRR,70,80.7,5617.95,No,0.04686197618173207,Low Risk,5915
3544-FBCAS,72,83.6,5959.3,No,0.04685874191874345,Low Risk,5916
3863-QSTYI,59,64.65,3735.45,No,0.046716568038415944,Low Risk,5917
9281-PKKZE,46,43.95,2007.85,No,0.04671625996038391,Low Risk,5918
4896-CPRPF,35,25.45,809.25,No,0.04671388727578945,Low Risk,5919
3308-JSGML,59,64.05,3886.85,No,0.04666927953403179,Low Risk,5920
6670-MFRPK,69,79.2,5420.65,No,0.04665872142431715,Low Risk,5921
3043-SUDUA,32,19.9,601.55,No,0.046631976061193556,Low Risk,5922
2277-AXSDC,32,19.75,624.15,No,0.04654237234602273,Low Risk,5923
5871-DGTXZ,32,19.8,607.7,No,0.04652676328602145,Low Risk,5924
3161-ONRWK,60,65.85,3928.3,No,0.0464865132045763,Low Risk,5925
6681-ZSEXG,56,59.5,3389.25,No,0.04647454779010262,Low Risk,5926
7795-CFOCW,45,42.3,1840.75,No,0.046462881299760186,Low Risk,5927
6504-VBLFL,55,58.6,3068.6,No,0.04646233900532177,Low Risk,5928
5917-RYRMG,32,19.8,587.7,No,0.046424953187011606,Low Risk,5929
2171-UDMFD,32,19.45,674.55,No,0.04639007299858046,Low Risk,5930
8311-UEUAB,67,75.5,5229.45,No,0.04633575384917948,Low Risk,5931
4032-RMHCI,41,35.4,1412.4,No,0.04626525608141833,Low Risk,5932
2073-QBVBI,41,35.45,1391.65,No,0.0462279524870672,Low Risk,5933
6878-GGDWG,32,19.4,641.15,No,0.046152898561379656,Low Risk,5934
3285-UCQVC,37,28.6,973.55,Yes,0.04615065610320073,Low Risk,5935
3486-HOOGQ,70,79.7,5743.3,No,0.04613676617139421,Low Risk,5936
9477-LGWQI,70,80.15,5600.15,No,0.04602233300319742,Low Risk,5937
6248-TKCQV,70,80.6,5460.2,No,0.04592427292033631,Low Risk,5938
5914-GXMDA,32,19.3,593.2,No,0.045776495721883026,Low Risk,5939
0771-CHWSK,66,74.6,4798.4,No,0.04576655192205448,Low Risk,5940
9943-VSZUV,67,75.7,5060.85,No,0.04575525697772168,Low Risk,5941
1096-ADRUX,66,74.25,4859.25,No,0.04560198255167899,Low Risk,5942
7945-HLKEA,60,64.75,4039.5,No,0.04556197043500567,Low Risk,5943
0565-IYCGT,69,78.6,5356.45,Yes,0.04552320442950552,Low Risk,5944
7639-OPLNG,70,79.25,5731.85,No,0.04547437529742999,Low Risk,5945
6313-GIDIT,53,54.45,2854.55,Yes,0.04542140912463385,Low Risk,5946
4635-EJYPD,32,18.95,613.95,No,0.04541179529523714,Low Risk,5947
9385-NXKDA,72,82.65,5919.35,No,0.04537173997562785,Low Risk,5948
7560-QJAVJ,70,79.6,5589.45,No,0.04523222892570254,Low Risk,5949
8932-CZHRQ,68,76.75,5233.25,No,0.04522810059333534,Low Risk,5950
2511-ALLCS,35,24.3,821.6,No,0.04522506609021609,Low Risk,5951
4291-TPNFG,72,82.3,5980.55,No,0.04521025845596236,Low Risk,5952
6563-VRERX,33,20.6,690.25,No,0.04520737424732642,Low Risk,5953
2346-DJQTB,35,24.15,812.5,No,0.04498135355661823,Low Risk,5954
9251-WNSOD,67,75.1,5064.45,No,0.04497402436074288,Low Risk,5955
0687-ZVTHB,65,72.45,4653.85,Yes,0.044965722813075655,Low Risk,5956
3400-ESFUW,55,57.55,3046.4,Yes,0.04494280511400039,Low Risk,5957
8859-DZTGQ,33,20.35,689.75,No,0.04487418719662591,Low Risk,5958
8469-SNFFH,70,79.4,5528.9,No,0.044669571189189086,Low Risk,5959
5519-TEEUH,33,20.15,682.15,No,0.04457408859028485,Low Risk,5960
1114-CENIM,54,55.0,3092.65,Yes,0.04456330135068277,Low Risk,5961
6008-NAIXK,54,55.45,2966.95,No,0.044537809315135415,Low Risk,5962
9479-HYNYL,71,80.7,5705.05,No,0.04449830598854203,Low Risk,5963
3769-MHZNV,33,20.1,670.35,No,0.044451035622985115,Low Risk,5964
4598-ZADCK,53,53.6,2879.2,No,0.04442132954375621,Low Risk,5965
3950-VPYJB,57,59.6,3509.4,No,0.044420299283571885,Low Risk,5966
3071-MVJCD,72,82.3,5815.15,No,0.04439717949355143,Low Risk,5967
3442-ZHHCC,68,76.9,5023.0,No,0.04439186661044862,Low Risk,5968
7998-WNZEM,71,80.6,5708.2,No,0.044383064937900986,Low Risk,5969
6147-CBCRA,33,20.05,669.45,No,0.04438137867503395,Low Risk,5970
5915-ANOEI,70,79.15,5536.5,No,0.0443796069370242,Low Risk,5971
4513-CXYIX,71,80.7,5676.0,No,0.0443566408554389,Low Risk,5972
7633-MVPUY,57,59.75,3450.15,No,0.04432732254652463,Low Risk,5973
5095-ETBRJ,55,56.8,3112.05,No,0.044281083481555135,Low Risk,5974
4322-RCYMT,68,75.8,5293.95,Yes,0.0442771438932751,Low Risk,5975
7898-PDWQE,71,80.4,5727.15,No,0.0442148027801762,Low Risk,5976
1934-MKPXS,33,20.1,620.55,No,0.04420869030636743,Low Risk,5977
8966-KZXXA,36,25.1,930.95,No,0.044070398016136055,Low Risk,5978
2302-OUZXB,72,82.15,5784.3,No,0.044052390202087253,Low Risk,5979
1403-LKLIK,33,20.1,579.4,No,0.04400939043648382,Low Risk,5980
1265-BCFEO,71,80.45,5662.25,No,0.04396541644760483,Low Risk,5981
2729-VNVAP,33,19.8,641.35,No,0.04392067642705333,Low Risk,5982
7359-SSBJK,64,70.2,4481.0,Yes,0.04391188637395114,Low Risk,5983
9289-LBQVU,64,70.15,4480.7,No,0.043845924860870376,Low Risk,5984
1970-KKFWL,35,23.3,797.1,No,0.04379744652393722,Low Risk,5985
9013-AQORL,48,45.55,2108.35,No,0.04379128341723385,Low Risk,5986
0447-BEMNG,48,45.3,2145.0,Yes,0.04364583554201495,Low Risk,5987
0234-TEVTT,48,45.0,2196.3,No,0.04350688393157173,Low Risk,5988
7670-ZBPOQ,58,61.05,3478.75,No,0.043447441277446444,Low Risk,5989
5202-IVJNU,39,30.1,1131.3,Yes,0.04340460317997965,Low Risk,5990
2650-GYRYL,33,19.45,600.25,No,0.04327498201473227,Low Risk,5991
7649-SIJJF,71,80.1,5585.4,No,0.0431492266655268,Low Risk,5992
2625-TRCZQ,51,49.65,2553.35,No,0.04314695087791293,Low Risk,5993
5446-DKWYW,61,65.2,3965.05,No,0.04306608427420114,Low Risk,5994
6509-TSGWN,37,26.45,911.6,No,0.043031598201716495,Low Risk,5995
9968-FFVVH,63,68.8,4111.35,No,0.043027012531462544,Low Risk,5996
0699-NDKJM,57,58.75,3437.45,No,0.042982489879330996,Low Risk,5997
8400-WZICQ,55,55.7,3131.8,No,0.04296438814201728,Low Risk,5998
1492-KGETH,70,78.35,5445.95,No,0.04291845347891654,Low Risk,5999
7153-CHRBV,57,59.3,3274.35,No,0.04290771126424692,Low Risk,6000
0378-XSZPU,58,60.3,3563.8,Yes,0.04289815250146161,Low Risk,6001
6137-MFAJN,48,44.8,2104.55,No,0.04281759792191402,Low Risk,6002
6016-LVTJQ,34,20.65,716.4,No,0.04269951746705929,Low Risk,6003
3470-OBUET,67,74.0,4868.4,No,0.042614772950934486,Low Risk,6004
0988-AADSA,72,80.85,5824.75,No,0.042588068070236886,Low Risk,6005
5397-TUPSH,65,70.95,4555.2,No,0.04256146436154496,Low Risk,6006
9091-WTUUY,64,69.25,4447.75,No,0.04254556774737687,Low Risk,6007
4803-LBYPN,34,20.8,635.9,No,0.042510515544003584,Low Risk,6008
6762-QVYJO,58,59.75,3624.35,No,0.04249105639935861,Low Risk,6009
9114-DPSIA,72,81.0,5750.0,No,0.04242636302720626,Low Risk,6010
1834-ABKHQ,52,50.95,2610.65,No,0.04242318562638093,Low Risk,6011
1027-LKKQQ,72,80.45,5886.85,No,0.04237780414179097,Low Risk,6012
1335-MXCSE,55,55.25,3119.9,No,0.042343425360014494,Low Risk,6013
9823-EALYC,72,80.85,5727.45,No,0.04213466712834477,Low Risk,6014
9860-LISIZ,34,20.35,673.2,No,0.042123269769649925,Low Risk,6015
3638-WEABW,58,59.9,3505.1,No,0.04212297156399938,Low Risk,6016
9675-ICXCT,72,80.8,5728.55,No,0.0420777393392731,Low Risk,6017
2882-WDTBA,69,75.75,5388.15,No,0.04200902482350056,Low Risk,6018
8788-DOXSU,59,61.35,3645.5,No,0.041981420116272705,Low Risk,6019
1776-SPBWV,34,20.1,682.1,No,0.04185509848463117,Low Risk,6020
8205-VSLRB,70,77.3,5498.2,No,0.04185136804638393,Low Risk,6021
2296-DKZFP,65,71.0,4386.2,No,0.041838983941246154,Low Risk,6022
8766-PAFNE,71,79.1,5564.85,No,0.0418024378223695,Low Risk,6023
6551-VLJMV,34,20.05,679.0,No,0.04177921345053849,Low Risk,6024
1813-JYWTO,72,80.45,5737.6,No,0.04168749380826466,Low Risk,6025
8231-BSWXX,71,79.05,5552.5,No,0.041684178721846724,Low Risk,6026
3796-ENZGF,63,67.25,4234.15,No,0.041665929400810084,Low Risk,6027
0523-VNGTF,52,50.5,2566.3,No,0.04166062843403813,Low Risk,6028
1623-NLDOT,42,33.55,1445.3,Yes,0.041354077777141875,Low Risk,6029
5756-OZRIO,61,64.05,3902.6,No,0.04134652468317536,Low Risk,6030
3374-PZLXD,34,19.7,675.6,No,0.04133490949044663,Low Risk,6031
9674-EHPPG,46,40.4,1842.7,No,0.04132937581623376,Low Risk,6032
4900-MSOMT,72,80.2,5714.2,No,0.041274906907002605,Low Risk,6033
0298-XACET,52,50.2,2554.0,No,0.041237906383943194,Low Risk,6034
3280-NMUVX,34,19.6,678.8,No,0.04122773449642074,Low Risk,6035
9359-UGBTK,67,72.35,4991.5,No,0.04114601897525831,Low Risk,6036
7945-PRBVF,35,21.45,705.45,No,0.04105897097905112,Low Risk,6037
2845-KDHVX,64,68.3,4378.8,No,0.041058166163953407,Low Risk,6038
2251-PYLPB,72,79.55,5810.9,No,0.04092480546760615,Low Risk,6039
2144-ESWKO,43,35.2,1463.7,No,0.040905407438423524,Low Risk,6040
4701-AHWMW,55,54.55,2978.3,Yes,0.04083707600204958,Low Risk,6041
1293-HHSHJ,35,21.1,741.0,No,0.04079672605991609,Low Risk,6042
4837-PZTIC,47,41.9,1875.25,No,0.0407639648325591,Low Risk,6043
8016-ZMGMO,66,70.85,4738.85,No,0.040717424204425326,Low Risk,6044
3474-BAFSJ,57,57.5,3265.95,No,0.04065325667087585,Low Risk,6045
6075-QMNRR,52,49.75,2535.55,No,0.040611511822990894,Low Risk,6046
6586-MYGKD,70,76.95,5289.8,No,0.04048169047095757,Low Risk,6047
2234-EOFPT,72,79.35,5753.25,No,0.040426381532243975,Low Risk,6048
9565-FLVCG,65,69.55,4459.15,No,0.04041097987169148,Low Risk,6049
9046-DQMTP,35,20.75,739.9,No,0.04037266483291433,Low Risk,6050
8884-FEEWR,35,20.6,754.0,No,0.04025683934585078,Low Risk,6051
9488-FVZCC,72,79.5,5661.7,No,0.040198017344879225,Low Risk,6052
9509-MPYOD,35,20.75,700.45,No,0.04019746463675623,Low Risk,6053
4227-OJHAL,68,73.0,5163.0,No,0.040188434816691196,Low Risk,6054
6169-PPETC,35,20.5,759.35,No,0.04016186179782689,Low Risk,6055
8672-OAUPW,51,47.85,2356.75,No,0.0400411885445224,Low Risk,6056
4012-YCFAI,60,61.35,3766.2,No,0.0400015780601075,Low Risk,6057
8722-PRFDV,71,77.55,5574.35,No,0.03997597800343184,Low Risk,6058
7564-GHCVB,72,79.05,5730.7,No,0.03997045539245939,Low Risk,6059
0823-HSCDJ,52,49.15,2550.9,Yes,0.03996618541224855,Low Risk,6060
8450-LUGUK,37,24.1,861.85,No,0.039931982131784,Low Risk,6061
9065-ZCPQX,72,78.85,5763.15,No,0.03987755588848758,Low Risk,6062
1221-GHZEP,62,65.1,3846.75,No,0.03985254989248613,Low Risk,6063
2091-GPPIQ,72,78.95,5730.15,No,0.039850186105821674,Low Risk,6064
7233-IOQNP,43,34.0,1505.35,No,0.03966358523246921,Low Risk,6065
3429-IFLEM,71,77.35,5550.1,No,0.03963441154912685,Low Risk,6066
1757-TCATG,35,20.05,746.75,No,0.03957667223394665,Low Risk,6067
0222-CNVPT,52,48.8,2555.05,No,0.039573315607293026,Low Risk,6068
1699-UOTXU,60,61.4,3638.25,No,0.039499275659020325,Low Risk,6069
5671-RQRLP,70,75.65,5411.4,No,0.03948320283575447,Low Risk,6070
7815-PDTHL,35,20.2,684.4,No,0.03947990904175188,Low Risk,6071
6870-ZWMNX,70,76.1,5264.25,No,0.039367211281830176,Low Risk,6072
9385-EHGDO,35,19.85,739.35,No,0.03931141056723794,Low Risk,6073
9481-WHGWY,70,75.35,5437.75,No,0.03924874425303811,Low Risk,6074
5845-BZZIB,35,20.1,655.3,No,0.03923723863802162,Low Risk,6075
2256-YLYLP,68,72.95,4953.25,No,0.03921131171184924,Low Risk,6076
5627-TVBPP,35,20.1,644.5,No,0.03919049827968276,Low Risk,6077
3451-VAWLI,35,19.7,730.4,No,0.03909890836310498,Low Risk,6078
1125-SNVCK,49,43.8,2106.05,No,0.039095574879034735,Low Risk,6079
8336-TAVKX,72,78.45,5682.25,No,0.03905889921028212,Low Risk,6080
2878-DHMIN,35,19.9,666.0,No,0.03905210835345227,Low Risk,6081
9650-VBUOG,38,25.05,963.95,No,0.039048562402632034,Low Risk,6082
5730-RIITO,43,33.45,1500.25,No,0.03900228989500627,Low Risk,6083
6283-GITPX,71,76.9,5522.7,No,0.038992839435497584,Low Risk,6084
8008-OTEZX,35,19.65,708.8,No,0.03894819482571647,Low Risk,6085
7601-GNDYK,35,19.6,686.95,No,0.038796967854135944,Low Risk,6086
4282-ACRXS,38,24.85,955.75,No,0.03878327151953838,Low Risk,6087
7173-TETGO,72,78.5,5602.25,No,0.03877271604385452,Low Risk,6088
2235-EZAIK,72,79.2,5401.9,No,0.03871741320647704,Low Risk,6089
7139-JZFVG,60,60.5,3694.45,No,0.03870185726412261,Low Risk,6090
6549-BTYPG,60,60.8,3603.45,No,0.03865625932588591,Low Risk,6091
4942-VZZOM,64,66.15,4392.5,No,0.03859058644263095,Low Risk,6092
1194-BHJYC,61,62.15,3778.85,No,0.038560902114141184,Low Risk,6093
1929-ZCBHE,47,40.3,1794.8,No,0.03853878119686994,Low Risk,6094
7524-VRLPL,69,74.1,5031.0,No,0.03846706644637927,Low Risk,6095
0707-HOVVN,70,75.5,5212.65,No,0.03845547952501556,Low Risk,6096
6119-SPUDB,46,38.25,1755.35,No,0.038415078803446905,Low Risk,6097
9702-AIUJO,50,44.8,2230.85,No,0.03838263080241487,Low Risk,6098
9631-RXVJM,35,19.25,677.9,No,0.03835916077352244,Low Risk,6099
7672-VFMXZ,57,55.7,3171.6,No,0.03814856122716683,Low Risk,6100
5186-PEIZU,35,19.25,617.65,No,0.03810468062893078,Low Risk,6101
4654-ULTTN,70,74.8,5315.8,No,0.03809912715409477,Low Risk,6102
6016-NXBNJ,35,19.15,638.0,No,0.03807764005567945,Low Risk,6103
3200-MNQTF,67,70.9,4677.1,No,0.03807706178261139,Low Risk,6104
4980-URKXC,36,20.85,720.05,No,0.03798517162447756,Low Risk,6105
8461-EFQYM,38,24.25,914.4,No,0.037927469204182045,Low Risk,6106
8847-GEOOQ,60,60.2,3582.4,No,0.03788805930570753,Low Risk,6107
6810-VCAEX,47,39.65,1798.65,No,0.037820918931635944,Low Risk,6108
7244-QWYHG,50,44.45,2188.45,No,0.037809700063382856,Low Risk,6109
9200-NLNPD,56,54.05,2959.8,No,0.037752830399746244,Low Risk,6110
6556-DBKZF,71,76.05,5436.45,No,0.03766418927125344,Low Risk,6111
4891-NLUBA,61,61.45,3751.15,No,0.03765514397206317,Low Risk,6112
7131-ZQZNK,60,59.85,3590.2,No,0.037529961079535684,Low Risk,6113
7103-ZGVNT,69,73.7,4885.85,No,0.03740955473367997,Low Risk,6114
1752-OZXFY,60,59.8,3561.15,No,0.03735427518257833,Low Risk,6115
3982-JGSFD,36,20.35,695.85,No,0.037327184390488495,Low Risk,6116
2642-MAWLJ,36,20.25,717.95,No,0.03730789334074184,Low Risk,6117
7452-FOLON,39,25.45,958.45,No,0.03712315458496111,Low Risk,6118
9372-TXXPS,60,59.85,3483.45,No,0.037089534183763734,Low Risk,6119
3948-KXDUF,66,68.75,4447.55,No,0.03705553325803179,Low Risk,6120
7733-UDMTP,57,55.0,3094.05,No,0.03704728963776111,Low Risk,6121
8874-EJNSR,39,25.2,987.95,No,0.036969744931092514,Low Risk,6122
3487-EARAT,70,74.1,5222.3,No,0.03693400281595069,Low Risk,6123
9253-VIFJQ,65,67.05,4309.55,No,0.03691664372710369,Low Risk,6124
2055-SIFSS,55,51.65,2838.55,No,0.036908187719534954,Low Risk,6125
1696-MZVAU,39,25.25,947.75,No,0.036860246365277745,Low Risk,6126
5307-UVGNB,53,48.7,2495.2,No,0.03684798045228654,Low Risk,6127
9055-MOJJJ,64,65.8,4068.0,No,0.03684723606565188,Low Risk,6128
6195-MELTI,57,54.65,3134.7,No,0.03683046000880279,Low Risk,6129
9824-QCJPK,36,20.0,666.75,No,0.036823553134910786,Low Risk,6130
8219-VYBVI,39,25.0,1004.35,No,0.036818115599309496,Low Risk,6131
2077-DDHJK,68,70.9,4911.35,No,0.03673312193304385,Low Risk,6132
5996-EBTKM,67,69.9,4615.9,No,0.03671697527780907,Low Risk,6133
5329-KRDTM,72,77.35,5396.25,No,0.03663154355940466,Low Risk,6134
6479-SZPLM,36,19.45,754.5,No,0.0365818641767144,Low Risk,6135
9150-HEPMB,56,52.7,3019.7,No,0.03651440792138259,Low Risk,6136
9786-YWNHU,63,63.55,4014.2,No,0.03645380522765812,Low Risk,6137
3500-NSDOA,68,70.8,4859.95,No,0.03641669968792353,Low Risk,6138
6598-KELSS,50,43.05,2208.05,No,0.036352826084898794,Low Risk,6139
9926-PJHDQ,72,76.8,5468.45,No,0.03632848250837508,Low Risk,6140
6332-FBZRI,67,69.35,4653.25,No,0.03627303383519972,Low Risk,6141
7197-VOJMM,67,69.2,4671.65,No,0.036185749245269405,Low Risk,6142
2129-ALKBS,40,26.2,1077.5,No,0.036152743151726806,Low Risk,6143
3486-NPGST,36,19.55,620.75,No,0.03615124399868713,Low Risk,6144
3164-YAXFY,57,53.75,3196.0,No,0.03610527834036239,Low Risk,6145
7168-HDQHG,36,19.2,702.9,No,0.0361049968755058,Low Risk,6146
3533-UVMOM,68,70.95,4741.45,No,0.036102248854469964,Low Risk,6147
9531-NSBMR,36,19.25,679.8,No,0.036066189797892244,Low Risk,6148
1116-FRYVH,48,39.4,1978.65,No,0.03599945118411678,Low Risk,6149
7520-HQWJU,66,67.45,4508.65,No,0.035897078625474754,Low Risk,6150
6953-PBDIN,70,72.95,5265.55,No,0.035867731530872485,Low Risk,6151
2338-BQEZT,55,50.55,2832.75,No,0.03570133548830656,Low Risk,6152
4859-ZSRDZ,58,55.5,3166.9,No,0.03562954238903559,Low Risk,6153
0723-VSOBE,45,34.2,1596.6,No,0.03561609107081317,Low Risk,6154
1897-RCFUM,39,24.2,914.6,No,0.03559979790979713,Low Risk,6155
4139-JPIAM,51,44.45,2181.55,No,0.03551371947056254,Low Risk,6156
1530-ZTDOZ,49,40.65,2070.75,No,0.03547521134547154,Low Risk,6157
7839-NUIAA,61,59.8,3641.5,No,0.035425821962532036,Low Risk,6158
0827-ITJPH,36,18.55,689.0,No,0.03536118305628575,Low Risk,6159
5177-RVZNU,37,20.3,755.4,No,0.03526622570974862,Low Risk,6160
1139-WUOAH,57,53.35,3090.05,No,0.03526319013087016,Low Risk,6161
6229-UOLQL,56,52.0,2884.9,No,0.03523434217009012,Low Risk,6162
8327-WKMIE,37,20.15,785.75,No,0.035227898815077235,Low Risk,6163
2550-AEVRU,57,53.45,3053.0,No,0.035223058502855606,Low Risk,6164
8996-ZROXE,57,53.5,3035.8,No,0.03520817888109446,Low Risk,6165
8859-AXJZP,39,23.8,903.8,No,0.0351377496667424,Low Risk,6166
2085-JVGAD,37,20.35,697.65,No,0.03509326103435176,Low Risk,6167
9624-EGDEQ,37,19.8,813.3,No,0.03497051215647881,Low Risk,6168
8917-FAEMR,37,19.85,784.25,No,0.03490984609538625,Low Risk,6169
4751-ERMAN,72,75.4,5480.25,No,0.03489642284619392,Low Risk,6170
3472-QPRCH,40,25.25,1006.9,No,0.03487431405226246,Low Risk,6171
1925-LFCZZ,55,50.05,2743.45,No,0.03482921039419213,Low Risk,6172
5176-OLSKT,66,66.9,4370.25,No,0.03477858584216509,Low Risk,6173
7446-SFAOA,37,19.85,717.5,No,0.03465243876180482,Low Risk,6174
7696-CFTAT,37,19.8,726.1,No,0.034634047755218327,Low Risk,6175
2061-VVFST,37,19.5,805.2,No,0.03462934629022416,Low Risk,6176
5781-RFZRP,71,73.5,5357.75,No,0.03461896545418215,Low Risk,6177
9993-LHIEB,67,67.85,4627.65,No,0.034596026884837934,Low Risk,6178
5995-WWKKG,37,19.8,695.05,No,0.03451499538568272,Low Risk,6179
3160-TYXLT,53,46.3,2546.85,No,0.03451317120244271,Low Risk,6180
5249-QYHEX,40,24.8,1024.7,No,0.034479472369967394,Low Risk,6181
0969-RGKCU,37,19.8,677.05,No,0.03444616030373102,Low Risk,6182
4750-UKWJK,37,19.6,727.8,No,0.03443546647942308,Low Risk,6183
8741-LQOBK,46,35.05,1620.25,No,0.03442069669991796,Low Risk,6184
0420-TXVSG,66,66.1,4428.45,No,0.03418204152627358,Low Risk,6185
4526-EXKKN,40,24.6,973.95,No,0.034082842331073976,Low Risk,6186
0440-EKDCF,62,60.15,3753.2,No,0.03406297121274412,Low Risk,6187
1676-MQAOA,72,75.1,5336.35,No,0.03403929832744559,Low Risk,6188
5917-HBSDW,37,19.35,683.75,No,0.03401407591561185,Low Risk,6189
0562-FGDCR,72,74.55,5430.65,No,0.03383983261745441,Low Risk,6190
5676-CFLYY,71,73.35,5154.5,No,0.03369657600094853,Low Risk,6191
0531-XBKMM,66,65.7,4378.9,No,0.03359294553009412,Low Risk,6192
9746-YKGXB,52,44.25,2276.1,No,0.03353017786974589,Low Risk,6193
1395-OFUWC,43,29.3,1224.05,No,0.033448906891335735,Low Risk,6194
0336-PIKEI,72,74.4,5360.75,No,0.03342891065548251,Low Risk,6195
9184-GALIL,38,20.45,781.25,No,0.03338863032057953,Low Risk,6196
6188-UXBBR,38,20.25,814.75,No,0.03331438158032145,Low Risk,6197
1087-GRUYI,38,20.4,743.5,No,0.033199569800579476,Low Risk,6198
7471-MQPOS,71,72.9,5139.65,No,0.033194036625948074,Low Risk,6199
8590-OHDIW,38,20.3,749.35,No,0.033122507110910034,Low Risk,6200
7989-AWGEH,49,39.2,1838.15,No,0.03311427809946735,Low Risk,6201
0582-AVCLN,38,20.3,743.05,No,0.03309933901231813,Low Risk,6202
8577-QSOCG,38,20.2,746.05,No,0.03301204885515115,Low Risk,6203
2384-OVPSA,38,20.2,735.9,No,0.0329748503868639,Low Risk,6204
8468-FZTOE,72,74.35,5237.4,No,0.03292510243691824,Low Risk,6205
8919-FYFQZ,44,30.35,1359.7,Yes,0.032923947330625876,Low Risk,6206
0902-RFHOF,38,20.1,730.1,No,0.03285574133757777,Low Risk,6207
2300-RQGOI,38,20.05,741.5,No,0.03284848800856966,Low Risk,6208
9418-RUKPH,38,19.95,756.4,No,0.032805180880701994,Low Risk,6209
0756-MPZRL,46,33.7,1537.85,No,0.03276578823597188,Low Risk,6210
0484-JPBRU,41,25.25,996.45,No,0.03273760125360693,Low Risk,6211
7113-HIPFI,66,65.85,4097.05,No,0.03270323231859447,Low Risk,6212
5380-XPJNZ,38,20.05,678.2,No,0.03261826913154413,Low Risk,6213
4487-ZYJZK,38,19.6,763.1,No,0.032489528800694695,Low Risk,6214
5327-XOKKY,72,73.45,5329.0,No,0.03238312253081381,Low Risk,6215
9313-CDOGY,38,19.6,717.3,No,0.0323245612149451,Low Risk,6216
1022-RKXDR,41,24.85,962.25,No,0.032227517665067734,Low Risk,6217
7190-XHTWJ,38,19.3,755.5,No,0.03217354841403943,Low Risk,6218
9074-KGVOX,50,39.45,2021.35,No,0.031996158312598305,Low Risk,6219
9102-OXKFY,59,54.15,3116.15,No,0.03198787517263754,Low Risk,6220
4676-WLUHT,54,46.2,2431.95,No,0.03192862732094351,Low Risk,6221
3933-DQPWX,50,39.7,1932.75,No,0.031919175725360904,Low Risk,6222
6253-GNHWH,71,71.1,5224.95,No,0.03176254055284506,Low Risk,6223
6384-VMJHP,72,73.0,5265.2,No,0.03172633740891729,Low Risk,6224
5126-RCXYW,54,46.0,2424.05,No,0.03171117026360458,Low Risk,6225
5006-MXVRN,39,20.7,762.45,No,0.03154493546923282,Low Risk,6226
4884-LEVMQ,39,20.45,790.0,No,0.0314070107245964,Low Risk,6227
8548-AWOFC,66,63.85,4264.6,No,0.03139230743198239,Low Risk,6228
6625-IUTTT,67,65.55,4361.55,No,0.031367506426025,Low Risk,6229
4102-HLENU,67,65.65,4322.85,No,0.031325912505432575,Low Risk,6230
9710-NJERN,39,20.15,826.0,No,0.03125249409405391,Low Risk,6231
8098-TDCBU,42,25.25,1108.2,No,0.031148468883121245,Low Risk,6232
0017-DINOC,54,45.2,2460.55,No,0.031090365499995994,Low Risk,6233
5387-ASZNZ,66,63.85,4174.35,No,0.031078609459765556,Low Risk,6234
1839-FBNFR,39,19.85,854.8,No,0.031073802432973096,Low Risk,6235
6743-HHQPF,42,25.1,1097.15,No,0.030971428983941778,Low Risk,6236
9470-YFUYI,71,71.0,5012.1,No,0.030926856686291446,Low Risk,6237
1755-FZQEC,39,19.9,791.15,No,0.03090043928482538,Low Risk,6238
9995-HOTOH,63,59.0,3707.6,No,0.030776843538109767,Low Risk,6239
3621-CHYVB,57,49.9,2782.4,No,0.030755066047098118,Low Risk,6240
9489-DEDVP,70,69.2,4872.35,No,0.030712511222885614,Low Risk,6241
5846-NEQVZ,71,70.85,4973.4,No,0.030656511760942726,Low Risk,6242
5804-JMYIO,39,19.75,757.95,No,0.030649082371248814,Low Risk,6243
1525-LNLOJ,66,63.3,4189.7,No,0.030625555186403454,Low Risk,6244
4915-BFSXL,70,68.95,4858.7,No,0.030438133748784863,Low Risk,6245
1839-UMACK,42,25.05,949.85,No,0.030422235180427335,Low Risk,6246
5986-WWXDV,39,19.35,779.2,No,0.030357456142344967,Low Risk,6247
8234-GSZYK,43,26.45,1110.05,No,0.030340422235752444,Low Risk,6248
9888-ZCUMM,64,60.05,3845.45,No,0.030299930253448345,Low Risk,6249
2451-YMUXS,67,64.55,4250.1,No,0.030070735611920328,Low Risk,6250
4737-AQCPU,72,72.1,5016.65,No,0.030043687732053244,Low Risk,6251
3034-ZBEQN,48,34.7,1604.5,Yes,0.030028532249674268,Low Risk,6252
5110-CHOPY,60,53.6,3237.05,No,0.02996933146826573,Low Risk,6253
7799-LGRDP,43,25.7,1188.2,No,0.029928631782303313,Low Risk,6254
6174-NRBTZ,46,30.75,1489.3,No,0.029847207954007422,Low Risk,6255
7029-IJEJK,54,44.1,2369.7,No,0.0297841963649066,Low Risk,6256
7205-BAIAD,40,20.6,827.3,No,0.029766512244957136,Low Risk,6257
5170-PTRKA,49,35.8,1782.0,No,0.02973814526421352,Low Risk,6258
8404-VIOMB,66,62.5,4136.4,No,0.029726377851148872,Low Risk,6259
2580-ATZSQ,65,61.35,3874.1,No,0.02969000285103833,Low Risk,6260
3055-VTCGS,63,58.55,3503.5,No,0.029683898445577152,Low Risk,6261
6772-WFQRD,40,20.4,854.9,No,0.029680546324744345,Low Risk,6262
0104-PPXDV,58,50.3,2878.55,No,0.029559267189558813,Low Risk,6263
8990-YOZLV,69,66.9,4577.9,No,0.029534543372734263,Low Risk,6264
2824-DXNKN,72,71.45,5025.85,No,0.029496799356237592,Low Risk,6265
9830-ECLEN,58,50.0,2919.85,No,0.02943095043310226,Low Risk,6266
9501-UKKNL,59,51.7,3005.8,No,0.029371607870735453,Low Risk,6267
6388-TABGU,62,56.15,3487.95,No,0.029358361502134372,Low Risk,6268
1222-KJNZD,40,20.4,745.3,No,0.029320109244114895,Low Risk,6269
4735-BJKOU,40,20.15,804.85,No,0.029295969644268515,Low Risk,6270
8760-ZRHKE,71,69.2,4982.5,No,0.02921349757964583,Low Risk,6271
9068-FHQHD,40,20.15,777.35,No,0.029206271452690478,Low Risk,6272
1322-AGOQM,46,30.3,1380.1,Yes,0.02909263359312721,Low Risk,6273
7269-JISCY,55,45.05,2462.6,No,0.02908860695061951,Low Risk,6274
3913-FCUUW,72,70.45,5165.7,No,0.02907912652116657,Low Risk,6275
0057-QBUQH,43,25.1,1070.15,No,0.029013036363010655,Low Risk,6276
0361-HJRDX,68,64.35,4539.6,No,0.02900636263401322,Low Risk,6277
9591-YVTEB,55,44.85,2479.05,No,0.02896849090203657,Low Risk,6278
0362-RAOQO,40,19.65,830.25,No,0.02894369948455739,Low Risk,6279
5208-FVQKB,70,67.95,4664.15,No,0.028909438520400777,Low Risk,6280
5317-FLPJF,66,61.35,4193.4,No,0.0289062552690346,Low Risk,6281
1106-HRLKZ,40,19.6,808.95,No,0.028831921358319725,Low Risk,6282
8148-NLEGT,42,22.95,1014.25,No,0.028779880487757096,Low Risk,6283
0973-KYVNF,72,70.65,5011.15,No,0.02875335020016976,Low Risk,6284
4132-POCZS,52,39.9,2020.9,No,0.028628493024869625,Low Risk,6285
8316-BBQAY,65,59.95,3921.1,No,0.028624099117143566,Low Risk,6286
6872-HXFNF,64,58.35,3756.45,No,0.028516272946932736,Low Risk,6287
0270-THENM,72,69.85,5102.35,No,0.028361402020509328,Low Risk,6288
4933-BSAIP,40,19.1,780.1,No,0.028313121141772448,Low Risk,6289
2208-NKVVH,43,24.25,1077.95,No,0.028310205577543417,Low Risk,6290
0804-YGEQV,43,24.45,993.15,No,0.028211624287584905,Low Risk,6291
5993-JSUWV,66,61.15,4017.45,No,0.028175366229107573,Low Risk,6292
0936-NQLJU,41,20.65,875.55,No,0.02815941856907233,Low Risk,6293
1972-XMUWV,65,59.8,3808.2,No,0.02813926497369073,Low Risk,6294
9281-CEDRU,68,64.1,4326.25,No,0.02811317836468472,Low Risk,6295
9693-XMUOB,59,50.25,2997.45,No,0.028100356537594934,Low Risk,6296
8402-OOOHJ,41,20.65,835.15,No,0.028032696779545698,Low Risk,6297
9769-TSBZE,70,66.0,4891.5,No,0.027973918966552914,Low Risk,6298
8050-XGRVL,62,54.75,3425.35,No,0.027959814398727127,Low Risk,6299
3935-TBRZZ,44,25.7,1110.5,No,0.027876015185624135,Low Risk,6300
7963-SHNDT,52,39.1,1982.1,No,0.02783129961259916,Low Risk,6301
5924-SNGKP,41,20.25,865.0,No,0.027791931789553272,Low Risk,6302
7596-ZYWBB,65,59.6,3739.8,No,0.0277586985827027,Low Risk,6303
5546-BYZSM,41,20.45,775.6,No,0.027680878635565027,Low Risk,6304
9585-KKMFD,41,20.0,879.8,No,0.0276305713706128,Low Risk,6305
0019-GFNTW,56,45.05,2560.1,No,0.02762752740257343,Low Risk,6306
0229-LFJAF,72,69.65,4908.25,No,0.027587911821249415,Low Risk,6307
9359-JANWS,65,58.9,3857.1,No,0.02754213487427959,Low Risk,6308
6000-UKLWI,41,20.15,802.35,No,0.027515726304631158,Low Risk,6309
0121-SNYRK,50,35.4,1748.9,No,0.027505531402422557,Low Risk,6310
6048-NJXHX,41,19.75,899.45,No,0.027485008832863377,Low Risk,6311
6128-DAFVY,56,44.85,2564.95,No,0.027477643921240955,Low Risk,6312
3097-FQTVJ,41,20.0,810.3,No,0.027416887915414648,Low Risk,6313
5231-FIQPA,41,19.85,810.45,No,0.027294596695703686,Low Risk,6314
8582-KRHPJ,50,35.0,1782.4,No,0.027280290662902936,Low Risk,6315
8510-BBWMU,41,19.75,806.95,No,0.027202418832955717,Low Risk,6316
9938-PRCVK,41,19.7,804.25,No,0.027153560613424308,Low Risk,6317
3563-SVYLG,68,62.65,4375.8,No,0.027069497891303206,Low Risk,6318
3512-IZIKN,70,65.3,4759.75,Yes,0.026994067601478763,Low Risk,6319
7216-KAOID,41,19.5,798.2,No,0.026973296102297244,Low Risk,6320
8232-CTLKO,66,59.75,3996.8,No,0.02695772858307926,Low Risk,6321
5073-WXOYN,60,50.8,3027.4,Yes,0.026926422793975068,Low Risk,6322
3378-AJRAO,44,24.85,1013.6,No,0.026883530390135274,Low Risk,6323
8039-ACLPL,72,68.75,4888.2,No,0.02679484661911659,Low Risk,6324
5465-BUBFA,41,19.3,772.4,No,0.026735100691278994,Low Risk,6325
6223-DHJGV,42,20.65,958.1,No,0.026699063147379083,Low Risk,6326
3887-PBQAO,45,25.9,1216.6,No,0.02665880143973308,Low Risk,6327
3740-RLMVT,67,60.95,4119.4,No,0.026612402995323307,Low Risk,6328
9803-FTJCG,71,66.85,4748.7,No,0.02652955151834116,Low Risk,6329
5542-NKVRU,42,20.75,844.45,No,0.02644096127048792,Low Risk,6330
7169-YWAMK,72,68.4,4855.35,No,0.02641833836562033,Low Risk,6331
4878-BUNFV,42,20.7,828.85,No,0.026355382581155166,Low Risk,6332
6701-DHKWQ,61,51.35,3244.4,No,0.026345814387987897,Low Risk,6333
1866-DIOQZ,71,66.8,4689.15,No,0.026314033883608413,Low Risk,6334
3957-HHLMR,70,65.2,4543.15,No,0.026269417914001128,Low Risk,6335
2954-PIBKO,69,64.15,4254.1,No,0.026237231292313652,Low Risk,6336
3999-WRNGR,60,49.75,3069.45,No,0.026216117232860787,Low Risk,6337
1552-TKMXS,42,20.35,869.9,No,0.026200600047976356,Low Risk,6338
8597-CTXVJ,70,64.95,4551.5,No,0.02609782181814521,Low Risk,6339
6087-YPWHO,72,68.15,4808.7,No,0.026084814827722298,Low Risk,6340
4518-FZBSX,42,20.25,854.9,No,0.026078445582088255,Low Risk,6341
3284-SVCRO,45,25.5,1121.05,No,0.026061389930811665,Low Risk,6342
4825-FUREZ,42,20.25,835.5,No,0.026021906243203035,Low Risk,6343
8590-YFFQO,70,64.95,4523.25,No,0.02601547018248882,Low Risk,6344
4611-ANLQC,60,50.05,2911.5,No,0.02598944149549275,Low Risk,6345
3850-OKINF,71,66.2,4692.55,No,0.025855171044022303,Low Risk,6346
3132-TVFDZ,57,44.85,2572.95,Yes,0.025835296468125275,Low Risk,6347
8215-NGSPE,42,20.0,833.55,No,0.025822104830108474,Low Risk,6348
5803-NQJZO,72,67.8,4804.65,No,0.025801042895041114,Low Risk,6349
1686-STUHN,42,19.8,849.9,No,0.025714832163733582,Low Risk,6350
6695-FRVEC,67,60.4,3953.7,No,0.025696841466755844,Low Risk,6351
2535-PBCGC,70,64.55,4504.9,No,0.025652819006247444,Low Risk,6352
4584-LBNMK,45,24.7,1174.35,No,0.025596359090531987,Low Risk,6353
6813-GZQCG,45,24.65,1171.3,No,0.02554930878653593,Low Risk,6354
5196-WPYOW,67,60.05,3994.05,No,0.02554382346364524,Low Risk,6355
2969-VAPYH,67,60.5,3870.0,No,0.025533636126297457,Low Risk,6356
9000-PLFUZ,60,49.45,2907.55,No,0.025515089654087376,Low Risk,6357
8717-VCTXJ,42,19.55,839.4,No,0.025492916351864743,Low Risk,6358
4111-BNXIF,67,59.55,4103.9,No,0.02547522380850293,Low Risk,6359
8292-ITGYJ,45,24.65,1138.8,No,0.025456528599977168,Low Risk,6360
8922-NPKBJ,42,19.35,867.3,No,0.025419822961291135,Low Risk,6361
9758-MFWGD,48,29.9,1388.75,No,0.0253937737322782,Low Risk,6362
2405-LBMUW,61,50.7,3088.75,No,0.02539159893079646,Low Risk,6363
9795-SHUHB,66,58.2,3810.8,No,0.025204759381738003,Low Risk,6364
6661-EIPZC,48,29.5,1423.05,No,0.02518763438823828,Low Risk,6365
4652-ODEVH,45,24.45,1088.25,No,0.025161551476181883,Low Risk,6366
2176-OSJUV,71,65.15,4681.75,No,0.02502385203003975,Low Risk,6367
7340-KEFQE,51,34.2,1782.0,No,0.025018097420199146,Low Risk,6368
5115-GZDEL,72,67.2,4671.7,No,0.024966767163154952,Low Risk,6369
1266-NZYUI,72,66.85,4758.8,No,0.024948285801302556,Low Risk,6370
4530-NDRKU,42,19.05,761.85,No,0.024896481628710707,Low Risk,6371
5245-VDBUR,52,35.45,1958.95,No,0.024885101500244783,Low Risk,6372
7399-QHBJS,72,66.75,4760.3,No,0.024877758351182132,Low Risk,6373
8338-QIUNR,72,66.5,4811.6,No,0.02483422207960571,Low Risk,6374
3445-HXXGF,58,45.3,2651.2,Yes,0.024813339213124678,Low Risk,6375
6968-MHOMU,58,45.0,2689.35,No,0.024696383181305435,Low Risk,6376
5256-SKJGO,64,54.6,3423.5,No,0.024556168913985377,Low Risk,6377
8224-UAXBZ,58,45.35,2540.1,No,0.0245431855495106,Low Risk,6378
8181-YHCMF,68,60.3,4109.0,No,0.024486829718957454,Low Risk,6379
6115-ZTBFQ,72,65.5,4919.7,No,0.024393958390845346,Low Risk,6380
0993-OSGPT,68,60.65,3975.9,No,0.024378984279840817,Low Risk,6381
3547-LQRIK,47,26.9,1250.85,No,0.024330338712995624,Low Risk,6382
1534-OULXE,61,49.7,2961.4,No,0.024292344845185002,Low Risk,6383
5533-RJFTJ,49,30.2,1453.1,No,0.02424151792609547,Low Risk,6384
4955-VCWBI,43,20.0,817.95,No,0.02421210926962798,Low Risk,6385
4538-WNTMJ,46,24.95,1165.9,No,0.024200246711064133,Low Risk,6386
5512-IDZEI,46,24.9,1174.8,No,0.024188077343349615,Low Risk,6387
4079-WWQQQ,72,65.55,4807.45,No,0.024125147516640716,Low Risk,6388
8498-XXGWA,65,55.15,3673.15,No,0.024113506629451855,Low Risk,6389
1047-RNXZV,43,19.55,876.15,No,0.024043646040789853,Low Risk,6390
0230-WEQUW,66,56.6,3789.2,No,0.023965443128271143,Low Risk,6391
8259-DZLIZ,64,53.85,3399.85,No,0.023946084905773407,Low Risk,6392
6023-GSSXW,69,61.45,4131.2,No,0.02386596924805648,Low Risk,6393
8165-CBKXO,66,56.75,3708.4,No,0.023856495226229298,Low Risk,6394
1985-MBRYP,43,19.65,779.25,No,0.023855349263270566,Low Risk,6395
5360-XGYAZ,72,65.65,4664.5,No,0.02381295392475246,Low Risk,6396
7781-HVGMK,72,65.2,4784.45,No,0.023811521787193927,Low Risk,6397
9955-QOPOY,69,60.8,4263.4,No,0.023754271213904457,Low Risk,6398
8619-IJNDK,71,64.05,4492.9,No,0.02370432608816625,Low Risk,6399
9242-TKFSV,72,65.1,4754.3,No,0.023660001034571478,Low Risk,6400
9220-CXRSC,69,61.4,4059.85,No,0.023640257624225954,Low Risk,6401
0769-MURVM,72,65.7,4575.35,No,0.023611486669087963,Low Risk,6402
4163-NCJAK,46,24.45,1066.15,No,0.023574550683746216,Low Risk,6403
9499-XPZXM,72,64.75,4804.75,No,0.02354547804017056,Low Risk,6404
3653-NCRDJ,43,19.2,776.25,No,0.023527261338735807,Low Risk,6405
8908-NMQTX,72,65.6,4566.5,No,0.02351732953054723,Low Risk,6406
9067-SQTNS,44,20.6,926.0,No,0.023436053421653544,Low Risk,6407
8204-YJCLA,72,64.8,4732.35,No,0.02339013051240107,Low Risk,6408
5275-PMFUT,72,64.8,4719.75,No,0.023357091530195166,Low Risk,6409
6166-YIPFO,72,64.7,4746.05,No,0.023355847573317327,Low Risk,6410
7636-PEPNS,58,44.1,2413.05,No,0.023304908954003434,Low Risk,6411
4625-LAMOB,44,20.4,905.55,No,0.02324229639021157,Low Risk,6412
0129-QMPDR,44,20.5,865.05,No,0.023206531094383812,Low Risk,6413
7860-KSUGX,72,64.45,4720.0,No,0.02311344014239154,Low Risk,6414
9443-JUBUO,72,65.25,4478.85,No,0.023043639205850182,Low Risk,6415
4334-HOWRP,72,64.95,4546.0,No,0.0230095952442859,Low Risk,6416
8626-PTQGE,69,60.05,4176.7,No,0.023000325420163153,Low Risk,6417
1171-TYKUR,47,25.4,1139.2,No,0.02296931621724994,Low Risk,6418
5456-ITGIC,72,64.45,4641.1,No,0.022909683549661594,Low Risk,6419
1269-FOYWN,44,20.0,860.85,No,0.02284971448277151,Low Risk,6420
6725-TPKJO,44,20.05,845.25,No,0.02284404034696428,Low Risk,6421
8039-EQPIM,69,60.25,4055.5,No,0.022826348201871828,Low Risk,6422
8896-RAZCR,44,19.9,868.1,No,0.02279969205888898,Low Risk,6423
5135-RDDQL,63,50.65,3221.25,No,0.022700420428016278,Low Risk,6424
6152-ONASV,68,58.25,3975.7,No,0.02268312498410598,Low Risk,6425
2478-EEWWM,59,44.3,2666.75,No,0.022655102784914637,Low Risk,6426
4139-DETXS,72,64.45,4528.0,No,0.02262066300263863,Low Risk,6427
0301-FIDRB,72,63.8,4684.3,No,0.022575664314261636,Low Risk,6428
9906-NHHVC,65,53.5,3517.9,No,0.022551266214737485,Low Risk,6429
7306-YDSOI,69,59.75,4069.9,No,0.022522231012910437,Low Risk,6430
2122-SZZZD,44,19.5,835.5,No,0.02244489054139733,Low Risk,6431
5968-HYJRZ,47,24.55,1160.45,No,0.022443384994060935,Low Risk,6432
7242-EDTYC,44,19.55,819.95,No,0.022439440611831993,Low Risk,6433
5939-SXWHM,48,26.3,1245.05,No,0.022428102740713156,Low Risk,6434
2428-HYUNX,44,19.35,847.25,No,0.022373393591505964,Low Risk,6435
1051-EQPZR,44,19.6,780.25,No,0.022373234956988838,Low Risk,6436
8745-PVESG,57,41.1,2258.25,No,0.022284611069015924,Low Risk,6437
7599-NTMDP,62,48.7,3008.55,No,0.02225724885224106,Low Risk,6438
5795-BKOYE,69,59.1,4134.7,No,0.022247640526195118,Low Risk,6439
3745-HRPHI,66,54.65,3632.0,No,0.02220643886274241,Low Risk,6440
2274-XUATA,72,63.1,4685.55,No,0.02210855903855597,Low Risk,6441
6619-RPLQZ,45,20.85,892.15,No,0.022091971342944113,Low Risk,6442
4967-WPNCF,72,63.7,4464.8,No,0.0219597921329381,Low Risk,6443
2430-RRYUW,66,54.8,3465.7,No,0.021893996591650432,Low Risk,6444
3705-PSNGL,45,20.4,930.45,Yes,0.02188893402664292,Low Risk,6445
5242-UOWHD,45,20.35,929.2,No,0.021852964995573505,Low Risk,6446
7781-EWARA,70,60.35,4138.7,No,0.021703195719644394,Low Risk,6447
5872-OEQNH,60,44.45,2773.9,No,0.021630770005344614,Low Risk,6448
2208-MPXIO,45,20.0,886.4,No,0.021520280105840714,Low Risk,6449
7740-KKCXF,51,30.05,1529.45,No,0.021468500898276392,Low Risk,6450
3911-RSNHI,71,61.4,4310.35,No,0.02144511233660651,Low Risk,6451
2332-TODQS,48,25.05,1171.5,No,0.02142266279458786,Low Risk,6452
1209-VFFOC,68,56.4,3948.45,No,0.021389823370570566,Low Risk,6453
7872-RDDLZ,67,54.9,3725.5,No,0.021233261435934892,Low Risk,6454
2324-AALNO,48,24.55,1203.95,No,0.021179783523088754,Low Risk,6455
1459-QNFQT,70,59.5,4144.8,No,0.021169535098415078,Low Risk,6456
5067-WJEUN,67,54.2,3838.2,No,0.021055609614517093,Low Risk,6457
4475-NVTLU,45,19.2,903.7,No,0.021049140203916048,Low Risk,6458
9798-OPFEM,46,21.1,937.1,No,0.021008693576576327,Low Risk,6459
3256-EZDBI,51,29.45,1459.35,No,0.020918683749059013,Low Risk,6460
1371-OJCEK,48,24.35,1133.7,No,0.02088697022662708,Low Risk,6461
3067-SVMTC,68,55.9,3848.8,No,0.020835473523498554,Low Risk,6462
3566-CAAYU,64,49.85,3210.35,No,0.020785321146536306,Low Risk,6463
7601-DHFWZ,48,24.0,1183.05,No,0.02078301232395987,Low Risk,6464
4628-CTTLA,57,39.3,2111.45,Yes,0.020764132054209513,Low Risk,6465
3572-UUHRS,45,18.85,867.3,No,0.020743361345775414,Low Risk,6466
1837-YQUCE,70,58.35,4214.25,No,0.020609326816104948,Low Risk,6467
5010-IPEAQ,67,54.2,3623.95,No,0.020554263355752805,Low Risk,6468
4779-ZGICK,48,23.55,1173.35,No,0.0204808463534551,Low Risk,6469
7722-VJRQD,72,60.95,4549.05,No,0.020407415158772056,Low Risk,6470
8821-KVZKQ,70,58.4,4113.15,No,0.020406937524811743,Low Risk,6471
0946-FKYTX,52,30.1,1623.4,No,0.020404708301932292,Low Risk,6472
0506-YLVKJ,46,20.2,917.45,No,0.020401710448132226,Low Risk,6473
5296-BFCYD,46,20.1,936.85,No,0.020384787069502523,Low Risk,6474
3190-ITQXP,46,20.25,890.35,No,0.020370254038639877,Low Risk,6475
6770-UAYGJ,49,25.25,1211.65,No,0.02032987018985158,Low Risk,6476
2068-WWXQZ,46,20.05,902.0,No,0.020274431684053355,Low Risk,6477
2796-NNUFI,46,19.95,927.1,No,0.020270610802416406,Low Risk,6478
9805-FILKB,46,20.2,845.6,No,0.02023741513752118,Low Risk,6479
5310-NOOVA,46,19.95,907.05,No,0.020224922029001932,Low Risk,6480
0336-KXKFK,72,61.2,4390.25,No,0.02019753066310286,Low Risk,6481
8169-SAEJD,69,56.55,3952.65,No,0.020186273083478205,Low Risk,6482
5970-GHJAW,46,19.95,862.4,No,0.02012353828751532,Low Risk,6483
2888-ADFAO,47,21.3,1041.8,No,0.02008198288037316,Low Risk,6484
7721-JXEAW,59,41.05,2452.7,Yes,0.020055381213776837,Low Risk,6485
0386-CWRGM,46,19.4,967.85,No,0.020029052057861204,Low Risk,6486
6762-NSODU,46,19.4,958.15,No,0.020007193827094528,Low Risk,6487
9975-GPKZU,46,19.75,856.5,No,0.019989322634572166,Low Risk,6488
3896-RCYYE,67,53.4,3579.15,No,0.01996379311649831,Low Risk,6489
0774-RMNUW,71,59.7,4122.65,No,0.01994899449972695,Low Risk,6490
5468-BPMMO,46,19.6,851.2,No,0.019887277526326304,Low Risk,6491
0214-JHPFW,70,57.8,4039.3,No,0.01987536196821322,Low Risk,6492
3764-MNMOI,46,19.2,908.15,No,0.019775304169160148,Low Risk,6493
6481-LXPWL,56,36.1,1971.5,No,0.019766492834329713,Low Risk,6494
0206-OYVOC,46,19.25,864.2,No,0.019707366693481877,Low Risk,6495
4825-XJGDM,61,43.7,2696.55,No,0.01968610776136617,Low Risk,6496
1099-BTKWT,68,54.4,3723.65,No,0.01963613617451769,Low Risk,6497
8819-WFGGJ,68,54.1,3794.5,No,0.019615196865879345,Low Risk,6498
9577-WJVCQ,68,54.45,3687.75,No,0.019586416069140026,Low Risk,6499
9620-QJREV,47,20.55,1013.05,No,0.019569582829732736,Low Risk,6500
6094-ZIVKX,68,54.45,3674.95,No,0.019558201758425618,Low Risk,6501
0617-AQNWT,64,47.85,3147.5,Yes,0.019431538723963467,Low Risk,6502
0932-YIXYU,47,20.25,1029.8,No,0.019429959352884284,Low Risk,6503
5176-LMJXE,47,20.55,945.7,No,0.01942169769951596,Low Risk,6504
5529-GIBVH,47,20.15,1046.2,No,0.019407266915616374,Low Risk,6505
6614-YOLAC,71,58.65,4145.25,No,0.019376578919896123,Low Risk,6506
6961-MJKBO,47,20.45,943.0,No,0.019357323038361022,Low Risk,6507
7634-HLQJR,47,20.05,1016.7,No,0.01928463037733419,Low Risk,6508
0023-UYUPN,50,25.2,1306.3,No,0.019264713088885846,Low Risk,6509
9880-TDQAC,72,60.0,4264.0,No,0.01920486831074014,Low Risk,6510
0114-IGABW,71,58.25,4145.9,No,0.019145599882764385,Low Risk,6511
8902-ZEOVF,47,20.05,951.55,No,0.019143601179399415,Low Risk,6512
9081-WWXKP,47,20.25,873.4,No,0.019090612256533634,Low Risk,6513
7921-BEPCI,72,59.75,4265.0,No,0.019062720848377297,Low Risk,6514
0277-ORXQS,66,50.55,3364.55,No,0.019044723735669192,Low Risk,6515
3079-BCHLN,47,19.9,942.95,No,0.01903870872382363,Low Risk,6516
5549-ZGHFB,50,24.95,1261.45,No,0.01902359575951855,Low Risk,6517
1709-EJDOX,47,19.75,948.9,No,0.01896545148069688,Low Risk,6518
9646-NMHXE,47,19.65,973.1,No,0.018959949465388495,Low Risk,6519
6292-TOSSS,50,24.9,1195.25,No,0.018853736675535596,Low Risk,6520
5093-FEGLU,47,19.65,921.55,No,0.01885012024045375,Low Risk,6521
6522-OIQSX,69,54.95,3772.5,No,0.018849072900988605,Low Risk,6522
2197-OMWGI,68,53.0,3656.25,No,0.0186816981408048,Low Risk,6523
4742-TXUEX,47,19.3,890.5,No,0.018586887084028295,Low Risk,6524
3249-VHRIP,62,43.6,2748.7,No,0.01853688026660735,Low Risk,6525
1862-QRWPE,48,20.65,1057.0,No,0.018521488647175195,Low Risk,6526
3813-DHBBB,67,50.95,3521.7,No,0.01842192207137986,Low Risk,6527
7274-CGTOD,62,43.7,2618.3,No,0.0183215568684406,Low Risk,6528
7033-CLAMM,48,20.2,1027.25,No,0.018210367697570395,Low Risk,6529
5044-XDPYX,51,25.5,1281.25,No,0.01820090145432346,Low Risk,6530
1122-YJBCS,69,53.65,3804.4,No,0.018189017745707855,Low Risk,6531
5498-IBWPI,66,49.4,3251.85,No,0.018162769543449434,Low Risk,6532
2586-CWXVV,54,30.4,1621.35,No,0.01814840825778073,Low Risk,6533
0442-TDYUO,48,20.05,1036.0,No,0.018145968348481128,Low Risk,6534
4361-FEBGN,48,20.15,982.95,No,0.018092272036334046,Low Risk,6535
8859-YSTWS,48,19.95,1004.5,No,0.018027088239865093,Low Risk,6536
0254-WWRKD,67,50.55,3431.75,No,0.01801705805030894,Low Risk,6537
0343-QLUZP,60,39.6,2424.5,No,0.017967300350390913,Low Risk,6538
9251-AWQGT,48,20.0,935.9,No,0.01791516031258813,Low Risk,6539
6407-GSJNL,51,24.95,1288.0,No,0.017914711406069393,Low Risk,6540
5397-NSKQG,67,50.9,3281.65,No,0.01790281646459899,Low Risk,6541
7560-QRBXH,48,19.95,936.7,No,0.017889738646456117,Low Risk,6542
6814-ZPWFQ,51,25.0,1260.7,No,0.01788661598510975,Low Risk,6543
2639-UGMAZ,71,56.45,3985.35,No,0.017807742107691413,Low Risk,6544
9916-AYHTC,48,19.85,916.0,No,0.01779417616640172,Low Risk,6545
2263-SFSQZ,51,24.95,1222.25,No,0.017782314985853025,Low Risk,6546
6080-LNESI,51,24.75,1234.6,No,0.017699844412794874,Low Risk,6547
5313-FPXWG,51,24.6,1266.4,No,0.01768315155707006,Low Risk,6548
8587-XYZSF,67,50.55,3260.1,No,0.01767150730063042,Low Risk,6549
2230-XTUWL,48,19.55,883.35,No,0.017568780040450597,Low Risk,6550
8430-TWCBX,49,20.7,1032.05,No,0.01736648441380141,Low Risk,6551
6425-JWTDV,48,19.25,855.1,No,0.01735480573105069,Low Risk,6552
8532-UEFWH,52,25.75,1345.85,No,0.017343471931563405,Low Risk,6553
0463-TXOAK,52,25.6,1334.5,No,0.01724291563114953,Low Risk,6554
6546-OPBBH,51,23.95,1216.35,No,0.017241535032655055,Low Risk,6555
1306-RPWXZ,49,20.45,1024.65,No,0.01722136655534999,Low Risk,6556
4702-HDRKD,67,49.35,3321.35,No,0.017160367618661253,Low Risk,6557
0048-PIHNL,49,20.45,900.9,No,0.016982424317949763,Low Risk,6558
0318-ZOPWS,49,20.15,973.35,No,0.01696733111246217,Low Risk,6559
8780-YRMTT,66,47.4,3177.25,No,0.016954326779561615,Low Risk,6560
9588-YRFHY,49,19.9,1022.6,No,0.01693347726402883,Low Risk,6561
0732-OCQOC,52,25.05,1270.25,No,0.01683599789990777,Low Risk,6562
2812-REYAT,49,20.05,923.1,No,0.016820384783361113,Low Risk,6563
4940-KHCWD,60,37.7,2288.7,No,0.016706556017768024,Low Risk,6564
2207-RYYRL,52,24.55,1331.05,No,0.016697619700630113,Low Risk,6565
1248-DYXUB,52,24.8,1229.1,No,0.016631712833893444,Low Risk,6566
6348-SNFUS,72,55.45,4179.2,No,0.016579339845797663,Low Risk,6567
2821-WARNZ,49,19.45,921.3,No,0.01651455788547194,Low Risk,6568
6211-WHMYA,64,43.85,2751.0,No,0.016466823037162757,Low Risk,6569
6723-CEGQI,65,45.25,2933.95,No,0.016464167432914782,Low Risk,6570
7688-AWMDX,71,54.5,3778.2,No,0.016400247008989805,Low Risk,6571
6164-HAQTX,71,53.95,3888.65,No,0.016332176084577057,Low Risk,6572
6340-DACFT,50,20.55,1070.25,No,0.016299984791321994,Low Risk,6573
1215-EXRMO,50,20.55,1067.65,No,0.016295196700208573,Low Risk,6574
9732-OUYRN,49,19.0,918.7,No,0.016286481233963677,Low Risk,6575
3088-FVYWK,53,25.55,1336.1,No,0.01616591960116326,Low Risk,6576
4992-LTJNE,72,55.3,3983.6,No,0.016143519520763486,Low Risk,6577
2314-TNDJQ,72,55.65,3880.05,No,0.016125579678487427,Low Risk,6578
5774-QPLTF,50,20.35,938.95,No,0.015962995437651332,Low Risk,6579
9602-WCXPI,50,20.15,989.05,No,0.01595677244537424,Low Risk,6580
8957-THMOA,50,20.15,970.85,No,0.01592397854173277,Low Risk,6581
3170-NMYVV,50,20.15,930.9,No,0.015852226462467603,Low Risk,6582
6925-BAYGL,53,25.1,1275.6,No,0.01583857295422756,Low Risk,6583
0608-JDVEC,50,19.8,1013.2,No,0.01583178915434937,Low Risk,6584
1207-BLKSA,52,23.05,1255.1,No,0.015820394422545146,Low Risk,6585
2589-AYCRP,50,19.75,989.05,No,0.015764745338179963,Low Risk,6586
5386-THSLQ,66,45.55,3027.25,No,0.015762072459770862,Low Risk,6587
9581-GVBXT,59,34.8,1980.3,No,0.01574307463992447,Low Risk,6588
9447-YPTBX,50,19.85,943.1,No,0.01573060515831356,Low Risk,6589
2817-LVCPP,50,19.4,1023.95,No,0.015660265907071706,Low Risk,6590
4893-GYUJU,50,19.35,1033.0,No,0.015652587555795267,Low Risk,6591
5125-CNDSP,63,40.6,2588.95,No,0.01560958767124367,Low Risk,6592
3785-KTYSH,53,24.6,1279.0,No,0.015606641686851509,Low Risk,6593
6034-ZRYCV,72,54.2,3937.45,Yes,0.015533606510184136,Low Risk,6594
3181-VTHOE,70,51.05,3635.15,No,0.015485800103436394,Low Risk,6595
0979-MOZQI,62,39.0,2337.45,No,0.015398017817784914,Low Risk,6596
3251-YMVWZ,53,24.05,1301.9,No,0.01538868889381776,Low Risk,6597
0739-UUAJR,72,53.8,3952.45,No,0.01537265105973765,Low Risk,6598
3528-HFRIQ,71,52.3,3765.05,No,0.015320928802693165,Low Risk,6599
4807-IZYOZ,51,20.65,1020.75,No,0.015262074204592588,Low Risk,6600
8046-DNVTL,62,38.6,2345.55,No,0.015226556267876312,Low Risk,6601
8701-DGLVH,51,20.45,1042.65,No,0.015207531370812374,Low Risk,6602
3704-IEAXF,72,53.65,3784.0,No,0.015014119730336208,Low Risk,6603
1574-DYCWE,51,19.95,1028.75,No,0.01495539646038788,Low Risk,6604
8904-OPDCK,54,24.95,1364.75,No,0.014950431044322754,Low Risk,6605
6582-PLFUU,51,19.55,1086.75,No,0.014872537283818795,Low Risk,6606
7297-DVYGA,51,19.85,996.95,No,0.014856598160799012,Low Risk,6607
1333-PBMXB,54,24.75,1342.15,No,0.014822156872639445,Low Risk,6608
2162-FRZAA,63,39.35,2395.05,No,0.014703528529600765,Low Risk,6609
4698-KVLLG,51,19.6,967.9,No,0.0146960847754505,Low Risk,6610
8249-THVEC,51,19.4,997.75,No,0.014656717160504379,Low Risk,6611
3212-KXOCR,52,21.0,1107.2,No,0.014621294812193866,Low Risk,6612
4163-HFTUK,51,19.1,1007.8,No,0.0145405932146919,Low Risk,6613
5266-PFRQK,52,20.85,1071.6,No,0.014496438743795389,Low Risk,6614
4312-GVYNH,70,49.85,3370.2,No,0.01449191680904316,Low Risk,6615
1073-XXCZD,55,25.7,1443.65,No,0.014484879038307932,Low Risk,6616
8807-OPMBM,55,25.65,1388.0,No,0.01437210915328003,Low Risk,6617
0731-EBJQB,52,20.4,1090.65,No,0.014330915006776159,Low Risk,6618
8191-XWSZG,52,20.65,1022.95,No,0.014329676804224544,Low Risk,6619
3120-FAZKD,54,24.05,1230.9,No,0.014329422619124855,Low Risk,6620
9610-WCESF,67,43.9,3097.2,No,0.014186023132033918,Low Risk,6621
9257-AZMTZ,52,20.1,1078.75,No,0.014182040867614676,Low Risk,6622
9371-BITHB,52,19.85,1070.5,No,0.014061798301905995,Low Risk,6623
0848-SOMKO,70,48.4,3442.8,No,0.013983117633022527,Low Risk,6624
1241-FPMOF,52,19.65,1025.05,No,0.013905005022125841,Low Risk,6625
9170-ARBTB,52,19.6,1012.4,No,0.013864054663262853,Low Risk,6626
3620-EHIMZ,52,19.35,1031.7,No,0.01378944118492883,Low Risk,6627
9565-AXSMR,52,19.2,1054.75,No,0.013762735300161038,Low Risk,6628
9503-XJUME,52,19.65,928.4,No,0.013753595981747923,Low Risk,6629
9173-IVZVP,53,20.9,1146.05,No,0.013742865087460261,Low Risk,6630
8756-RDDLT,68,44.95,3085.35,No,0.013727718441378933,Low Risk,6631
4521-WFJAI,56,25.95,1444.05,No,0.013700041651256207,Low Risk,6632
6559-ILWKJ,71,49.35,3515.25,Yes,0.013619765158256492,Low Risk,6633
2683-JXWQQ,61,33.6,2117.2,No,0.013584575705640414,Low Risk,6634
6532-YLWSI,53,20.8,1021.8,Yes,0.013509702696612188,Low Risk,6635
2137-DQMEV,68,44.8,2983.65,No,0.013508828301912138,Low Risk,6636
2253-KPMNB,69,46.25,3121.4,No,0.013458039276119665,Low Risk,6637
1722-LDZJS,53,20.2,1068.15,No,0.01333583872466401,Low Risk,6638
2908-WGAXL,56,24.95,1468.9,No,0.013328099921347756,Low Risk,6639
9504-YAZWB,53,20.25,1048.45,No,0.013326300917697083,Low Risk,6640
1657-DYMBM,53,19.9,1110.05,No,0.013277887281718609,Low Risk,6641
8626-XHBIE,56,24.8,1424.2,No,0.01320051542571785,Low Risk,6642
1043-YCUTE,56,25.15,1327.15,Yes,0.013195521084852092,Low Risk,6643
0230-UBYPQ,63,36.1,2298.9,No,0.013179102703141373,Low Risk,6644
6349-JDHQP,53,19.85,1049.6,No,0.013167222294247117,Low Risk,6645
5642-MHDQT,53,19.85,1039.45,No,0.013152081132238482,Low Risk,6646
0607-DAAHE,53,19.75,1052.35,Yes,0.013131411407813124,Low Risk,6647
4597-ELFTS,56,24.9,1334.0,Yes,0.01310594736573329,Low Risk,6648
6518-PPLMZ,53,19.4,1110.35,No,0.013078357800241228,Low Risk,6649
5451-MHQOF,56,24.45,1431.65,No,0.013072061935699862,Low Risk,6650
9814-AOUDH,53,19.5,1050.5,No,0.013029409479114675,Low Risk,6651
9593-CVZKR,56,24.45,1385.85,No,0.013004362535990228,Low Risk,6652
7872-BAAZR,53,19.55,1007.9,No,0.012986327863312972,Low Risk,6653
2675-IJRGJ,53,19.65,978.0,No,0.012981727193966416,Low Risk,6654
4979-HPRFL,56,24.15,1402.25,No,0.01291045086684653,Low Risk,6655
2192-CKRLV,72,49.2,3580.95,No,0.012820281293739522,Low Risk,6656
9451-WLYRI,53,19.05,990.45,No,0.012765401979063246,Low Risk,6657
8958-JPTRR,56,24.3,1261.7,No,0.012764319362874388,Low Risk,6658
4872-JCVCA,71,47.6,3377.8,No,0.012715566267678578,Low Risk,6659
0621-CXBKL,53,18.7,1005.7,No,0.01265231617531023,Low Risk,6660
1814-WFGVS,72,48.9,3527.0,No,0.012626537119856004,Low Risk,6661
0040-HALCW,54,20.4,1090.6,No,0.012624861211428591,Low Risk,6662
7647-GYYKX,54,20.35,1092.35,No,0.012608208585370718,Low Risk,6663
3662-FXJFO,54,20.5,1035.7,No,0.012584652187964326,Low Risk,6664
9507-HSMMZ,54,20.0,1149.65,No,0.012556244941553704,Low Risk,6665
8540-ZQGEA,54,20.05,1102.4,No,0.012508108773555732,Low Risk,6666
2228-BZDEE,54,20.1,1079.45,No,0.012494548395055205,Low Risk,6667
7136-RVDTZ,70,45.25,3264.45,Yes,0.012453886849422438,Low Risk,6668
3908-MKIMJ,68,41.95,2965.75,No,0.012364048860897236,Low Risk,6669
7110-BDTWG,71,47.05,3263.6,No,0.012343992543110383,Low Risk,6670
0567-XRHCU,69,43.95,2960.1,No,0.012322907041072152,Low Risk,6671
5793-YOLJN,55,21.0,1210.3,No,0.012231712851099261,Low Risk,6672
7427-AUFPY,54,19.65,1008.7,No,0.012226391486780725,Low Risk,6673
5227-JSCFE,71,46.35,3353.4,No,0.012208022455306769,Low Risk,6674
2400-FEQME,55,20.5,1177.95,No,0.012003153935410432,Low Risk,6675
3719-TDVQB,54,18.95,1031.1,No,0.011999565584721563,Low Risk,6676
0562-KBDVM,70,44.6,3058.15,No,0.011927856988041267,Low Risk,6677
5995-LFTLE,58,25.3,1474.35,No,0.011872966893534318,Low Risk,6678
4534-WGCIR,58,25.15,1509.9,No,0.011866753026272409,Low Risk,6679
8380-MQINP,55,20.3,1079.05,No,0.011797246389107851,Low Risk,6680
9661-JALZV,58,24.7,1519.0,No,0.01171765515570209,Low Risk,6681
1552-CZCLL,55,20.0,1087.25,No,0.01170105098306414,Low Risk,6682
1282-IHQAC,70,44.05,3011.65,No,0.011668373627495537,Low Risk,6683
6974-DAFLI,55,19.7,1140.05,No,0.011664545336873904,Low Risk,6684
5356-KZCKT,58,24.45,1513.6,No,0.011621820549372995,Low Risk,6685
4121-AGSIN,58,24.5,1497.9,No,0.011618769504447814,Low Risk,6686
6922-NCEDI,56,21.2,1238.65,No,0.011586668155369843,Low Risk,6687
2075-PUEPR,55,19.35,1153.25,No,0.011558406933611483,Low Risk,6688
1098-KFQEC,55,19.4,1083.0,No,0.011484020636503717,Low Risk,6689
8361-LBRDI,58,24.35,1423.85,No,0.01146907054877365,Low Risk,6690
4644-OBGFZ,55,19.5,1026.35,No,0.011445128364903136,Low Risk,6691
3893-JRNFS,68,39.9,2796.35,No,0.011396023170510118,Low Risk,6692
6051-PTVNS,55,19.15,998.1,No,0.01128770214445177,Low Risk,6693
7009-PCARS,55,19.1,1001.5,No,0.011274905822384619,Low Risk,6694
0603-TPMIB,59,25.45,1534.05,No,0.011269593250016856,Low Risk,6695
4458-KVRBJ,59,25.0,1510.5,No,0.0110867189517373,Low Risk,6696
0621-TSSMU,56,19.95,1126.75,No,0.011013657743708707,Low Risk,6697
8129-GMVGI,56,20.05,1090.1,No,0.011001308759260187,Low Risk,6698
5472-CVMDX,68,38.9,2719.2,No,0.010958213512418429,Low Risk,6699
2418-TPEUN,56,19.8,1119.9,No,0.010954991640350084,Low Risk,6700
5075-JSDKI,59,24.45,1493.1,No,0.01088125120760649,Low Risk,6701
3646-ITDGM,56,19.7,1051.9,No,0.010837660767347712,Low Risk,6702
4299-OPXEJ,56,19.55,1080.55,No,0.01082349372013693,Low Risk,6703
9286-BHDQG,72,45.25,3139.8,No,0.01081461242739664,Low Risk,6704
7493-GVFIO,57,20.55,1252.85,No,0.010677904702509507,Low Risk,6705
8727-JQFHV,57,20.75,1123.15,No,0.010585893478981562,Low Risk,6706
4990-ALDGW,57,20.75,1118.8,No,0.01058066120364104,Low Risk,6707
0780-XNZFN,57,20.65,1125.6,No,0.01055666797201375,Low Risk,6708
1399-OUPJN,57,19.75,1272.05,No,0.010443857410324603,Low Risk,6709
8882-TLVRW,69,39.1,2779.5,No,0.01041738786809995,Low Risk,6710
3884-UEBXB,67,36.15,2434.45,No,0.010397918087719475,Low Risk,6711
9087-EYCPR,60,25.0,1505.05,No,0.010397662698572202,Low Risk,6712
8069-RHUXK,67,35.7,2545.7,No,0.010387006604970722,Low Risk,6713
0508-SQWPL,57,20.1,1087.7,No,0.01033680323741935,Low Risk,6714
5821-MMEIL,57,19.9,1115.6,No,0.010306705912937194,Low Risk,6715
6217-KDYWC,57,19.6,1170.55,No,0.01027701690855104,Low Risk,6716
8755-OGKNA,57,19.5,1167.6,No,0.010242345238132064,Low Risk,6717
7416-CKTEP,57,19.6,1134.25,No,0.010234691348829652,Low Risk,6718
7471-WNSUF,60,24.15,1505.9,No,0.010133062371775005,Low Risk,6719
5016-LIPDW,57,19.4,1061.6,No,0.01008888164683838,Low Risk,6720
2996-XAUVF,70,40.05,2799.75,No,0.010085696184992618,Low Risk,6721
1599-EAHXY,60,23.95,1506.4,No,0.010072122037402629,Low Risk,6722
9084-OAYKL,58,20.8,1212.25,No,0.010050262549631907,Low Risk,6723
6625-FLENO,58,20.75,1185.95,No,0.010005006660026626,Low Risk,6724
8464-EETCQ,57,18.8,1094.35,No,0.009943206965885349,Low Risk,6725
2346-LOCWC,58,20.5,1191.4,No,0.009935290667023667,Low Risk,6726
1241-EZFMJ,61,25.45,1538.6,No,0.009929504770117772,Low Risk,6727
6370-ZVHDV,61,25.3,1554.9,No,0.009902594296932752,Low Risk,6728
3457-PQBYH,58,20.3,1160.75,No,0.009840601883777358,Low Risk,6729
5567-GZKQY,58,20.3,1131.5,No,0.009807917559624985,Low Risk,6730
6614-YWYSC,61,25.0,1501.75,No,0.009753395042608156,Low Risk,6731
2481-SBOYW,61,25.0,1498.35,No,0.009749623692413986,Low Risk,6732
3359-DSRKA,58,19.85,1158.85,No,0.009704560140928574,Low Risk,6733
8242-PDSGJ,70,39.15,2692.75,No,0.009694340620097375,Low Risk,6734
0526-SXDJP,72,42.1,2962.0,No,0.00962911648531494,Low Risk,6735
6485-QXWWE,62,26.0,1638.7,No,0.009583441584338954,Low Risk,6736
0788-DXBFY,58,19.55,1108.8,No,0.009561687506365582,Low Risk,6737
4018-PPNDW,61,24.1,1551.6,No,0.009543623376222561,Low Risk,6738
3777-XROBG,58,19.55,1079.65,No,0.009530029071647983,Low Risk,6739
4785-FCIFB,61,24.4,1417.9,No,0.009485841808196397,Low Risk,6740
3580-GICBM,61,24.2,1445.2,No,0.009457552836619856,Low Risk,6741
8164-OCKUJ,59,20.6,1286.0,No,0.009452557991450818,Low Risk,6742
4335-BSMJS,62,25.8,1563.95,No,0.009444564422572178,Low Risk,6743
1231-YNDEK,58,19.15,1035.5,No,0.00936742403509517,Low Risk,6744
1074-WVEVG,59,20.35,1267.0,No,0.009360575626959912,Low Risk,6745
1955-IBMMB,59,20.2,1192.3,No,0.00923901630148341,Low Risk,6746
8711-LOBKY,59,19.85,1188.25,No,0.009136787455600807,Low Risk,6747
4115-UMJFQ,69,35.75,2492.25,No,0.009104547982520143,Low Risk,6748
7328-ZJAJO,59,19.5,1222.65,No,0.009075312647617639,Low Risk,6749
5201-CBWYG,62,24.8,1476.25,No,0.009070138202534571,Low Risk,6750
8514-VZHEB,59,19.5,1147.85,No,0.00899836859651193,Low Risk,6751
2146-EGVDT,59,19.3,1192.7,No,0.008989461815861272,Low Risk,6752
6685-XSHHU,60,20.95,1270.55,No,0.008949037963307436,Low Risk,6753
6323-AYBRX,59,19.35,1099.6,Yes,0.008908255500593877,Low Risk,6754
7608-RGIRO,62,24.4,1413.0,No,0.008895944499802544,Low Risk,6755
8028-PNXHQ,62,24.25,1424.6,No,0.008867064043973784,Low Risk,6756
7717-BICXI,60,20.55,1205.05,No,0.008774901113869343,Low Risk,6757
3154-HMWUU,60,20.5,1198.8,No,0.00875530280174827,Low Risk,6758
0784-GTUUK,62,23.75,1446.8,No,0.008755034851230392,Low Risk,6759
8946-BFWSG,63,25.25,1573.05,No,0.00872383523053311,Low Risk,6760
9953-ZMKSM,63,25.25,1559.3,No,0.00871018720624301,Low Risk,6761
2632-TACXW,62,23.65,1416.75,No,0.008698568933553166,Low Risk,6762
2525-GVKQU,60,20.6,1093.0,No,0.00867687237739484,Low Risk,6763
1460-UZPRJ,60,19.95,1258.15,No,0.008668097094930752,Low Risk,6764
6134-KWTBV,62,23.4,1429.65,No,0.008645208200237325,Low Risk,6765
9764-REAFF,59,18.4,1057.85,No,0.008612912992939318,Low Risk,6766
3507-GASNP,60,19.95,1189.9,No,0.008600988901822666,Low Risk,6767
4999-IEZLT,66,29.45,1983.15,No,0.00858289392351829,Low Risk,6768
8780-IHCRN,63,24.65,1574.5,No,0.008567107200169063,Low Risk,6769
7114-AEOZE,60,19.85,1128.1,No,0.00851466341713272,Low Risk,6770
8917-SZTTJ,60,19.65,1161.75,No,0.008495387732669732,Low Risk,6771
1705-GUHPV,63,24.2,1618.2,No,0.008492513484527961,Low Risk,6772
1080-BWSYE,64,25.65,1740.8,No,0.0084458362054268,Low Risk,6773
3511-BFTJW,72,38.5,2763.0,No,0.008435225316802545,Low Risk,6774
3913-RDSJZ,64,25.55,1714.95,No,0.008395362970160015,Low Risk,6775
7293-LSCDV,60,19.25,1103.25,No,0.008336648973373205,Low Risk,6776
8434-VGEQQ,61,20.55,1305.95,No,0.008328626172862152,Low Risk,6777
3712-PKXZA,61,20.55,1252.0,No,0.008277597783922088,Low Risk,6778
0704-VCUMB,61,20.25,1278.8,No,0.008227278498564566,Low Risk,6779
6248-BSHKG,61,20.4,1226.45,No,0.008215862876642397,Low Risk,6780
3027-YNWZU,64,25.0,1584.8,No,0.008134196793994122,Low Risk,6781
1830-IPXVJ,61,19.75,1311.6,No,0.008133082793583756,Low Risk,6782
6096-EGVTU,64,24.9,1595.5,No,0.008119312809308698,Low Risk,6783
8592-PLTMQ,64,24.7,1642.75,No,0.008113487333462063,Low Risk,6784
5982-XMDEX,65,26.5,1698.55,No,0.008093656074957175,Low Risk,6785
8241-JUIQO,61,19.45,1336.35,No,0.008081746914267236,Low Risk,6786
1852-QSWCD,64,24.8,1514.85,No,0.008020536813512944,Low Risk,6787
9361-YNQWJ,64,24.4,1601.2,No,0.008001596131725028,Low Risk,6788
7157-SMCFK,61,19.75,1124.2,No,0.007961256620531527,Low Risk,6789
1468-DEFNC,64,24.4,1548.65,No,0.007953824174463442,Low Risk,6790
2050-ONYDQ,65,26.0,1654.85,No,0.007931532847057745,Low Risk,6791
9063-ZGTUY,61,19.4,1182.55,Yes,0.007929239930135744,Low Risk,6792
7503-EPSZW,64,24.05,1559.15,No,0.007878756557358488,Low Risk,6793
2097-YVPKN,65,25.75,1654.75,No,0.007871169997416319,Low Risk,6794
2799-TSLAG,65,25.3,1748.55,No,0.007847267490035002,Low Risk,6795
1697-LYYYX,61,19.1,1143.8,No,0.00782236546048341,Low Risk,6796
7268-WNTCP,62,20.45,1297.35,No,0.007783045478539381,Low Risk,6797
5666-MBJPT,65,25.1,1725.0,No,0.007778614611186637,Low Risk,6798
2236-HILPA,62,20.65,1218.45,No,0.007760589990701725,Low Risk,6799
0962-CQPWQ,62,20.3,1296.15,No,0.00774644004061813,Low Risk,6800
0485-ZBSLN,65,24.75,1715.1,No,0.007687291800820079,Low Risk,6801
7064-JHXCE,62,20.05,1263.9,No,0.0076593542498327545,Low Risk,6802
0847-HGRML,62,20.0,1250.1,No,0.007635653914414311,Low Risk,6803
4636-TVXVG,62,19.95,1244.8,No,0.007619405588840406,Low Risk,6804
3635-QQRQD,62,20.05,1201.65,No,0.00760519581452001,Low Risk,6805
5656-JAMLX,62,19.85,1253.65,No,0.007603852593889598,Low Risk,6806
2662-NNTDK,65,24.8,1600.95,No,0.007599500637935984,Low Risk,6807
3727-OVPRY,66,25.7,1714.55,No,0.007424245635931363,Low Risk,6808
8042-RNLKO,66,25.45,1699.15,No,0.007354872643175667,Low Risk,6809
3970-XGJDU,62,19.2,1123.65,No,0.007344794487006058,Low Risk,6810
9639-BUJXT,63,20.5,1328.15,No,0.007339225333188572,Low Risk,6811
8838-GPHZP,63,20.6,1298.7,No,0.0073369868569750805,Low Risk,6812
9337-SRRNI,66,25.3,1673.8,No,0.007300135314413817,Low Risk,6813
7008-LZVOZ,66,25.3,1672.35,No,0.007298928381436121,Low Risk,6814
9309-BZGNT,69,29.8,2134.3,No,0.0072898964347243595,Low Risk,6815
1767-CJKBA,66,25.1,1697.7,No,0.007275495386130253,Low Risk,6816
7996-MHXLW,66,25.15,1683.6,No,0.007274904180746832,Low Risk,6817
0281-CNTZX,63,19.95,1234.8,No,0.007140584876046813,Low Risk,6818
6621-NRZAK,63,20.0,1209.25,No,0.007130686775506019,Low Risk,6819
9625-RZFUK,63,19.7,1275.85,No,0.0071195341767361885,Low Risk,6820
1240-HCBOH,67,26.1,1759.55,No,0.007087441417416016,Low Risk,6821
6651-RLGGM,67,26.3,1688.9,No,0.007073631501109899,Low Risk,6822
8043-PNYSD,63,19.55,1245.6,No,0.007062587597911466,Low Risk,6823
7643-RCHXS,63,19.35,1263.85,No,0.007034209173266936,Low Risk,6824
5799-JRCZO,63,19.5,1215.1,No,0.007027322231387957,Low Risk,6825
8441-SHIPE,67,25.6,1790.35,No,0.007004605607283777,Low Risk,6826
3873-WOSBC,67,25.6,1784.9,No,0.007000252540687023,Low Risk,6827
8857-CUPFQ,63,19.25,1237.65,No,0.006991833346203669,Low Risk,6828
3498-LZGQZ,63,19.15,1177.05,No,0.006922493248682887,Low Risk,6829
2143-LJULT,67,25.25,1733.15,No,0.006885055781038044,Low Risk,6830
4176-RELJR,67,25.1,1672.15,No,0.006806053347770371,Low Risk,6831
3774-VBNXY,64,20.2,1277.75,No,0.006783811860195064,Low Risk,6832
3967-VQOGC,67,24.9,1680.25,No,0.006770853356295201,Low Risk,6833
1813-JLKWR,64,19.8,1336.65,No,0.006746609378371245,Low Risk,6834
3118-UHVVQ,68,25.8,1911.5,No,0.006703975641733381,Low Risk,6835
6139-ZZRBQ,64,20.05,1198.05,No,0.006691670335955551,Low Risk,6836
3768-VHXQO,67,24.85,1583.5,No,0.0066863016933138494,Low Risk,6837
9135-HSWOC,64,19.7,1274.05,No,0.006678160730037911,Low Risk,6838
6857-TKDJV,67,24.65,1620.45,No,0.006673649652319747,Low Risk,6839
2616-FLVQC,64,19.55,1240.15,No,0.006621962400307795,Low Risk,6840
8347-GDTMP,64,19.45,1225.65,No,0.006590847239169497,Low Risk,6841
6848-HJTXY,64,19.45,1208.6,No,0.0065780364439570116,Low Risk,6842
3696-DFHHB,68,25.5,1821.8,No,0.006575166674108958,Low Risk,6843
7225-IILWY,68,25.75,1686.15,No,0.006523810446257645,Low Risk,6844
0374-FIUCA,65,20.4,1414.45,No,0.0065041281617163205,Low Risk,6845
2072-ZVJJX,68,25.25,1728.2,No,0.006455802923218871,Low Risk,6846
9574-BOSMD,68,25.4,1620.2,No,0.006406012890429348,Low Risk,6847
2696-RZVZW,68,25.05,1629.2,No,0.006344373653261269,Low Risk,6848
7969-FFOWG,65,19.9,1292.6,No,0.006317039763401839,Low Risk,6849
1619-YWUBB,68,24.95,1614.9,No,0.006314698684706208,Low Risk,6850
6734-JDTTV,65,19.85,1267.05,No,0.006289026004581473,Low Risk,6851
9066-QRSDU,69,26.3,1763.55,No,0.006279395982131303,Low Risk,6852
6484-LATFU,68,24.55,1657.4,No,0.006268307120039959,Low Risk,6853
7480-SPLEF,69,26.0,1796.55,No,0.006245565937669083,Low Risk,6854
8747-UDCOI,65,19.35,1319.95,No,0.006231163584259391,Low Risk,6855
7941-RCJOW,65,19.55,1218.65,No,0.006197290187418902,Low Risk,6856
5220-AGAAX,68,24.0,1664.3,No,0.006168671360740585,Low Risk,6857
2804-ETQDK,66,20.55,1357.1,No,0.006089963879240637,Low Risk,6858
5115-SQAAU,69,25.6,1673.4,No,0.0060835376767155655,Low Risk,6859
2560-WBWXF,68,24.15,1498.85,No,0.006081065688879275,Low Risk,6860
7073-QETQY,66,20.35,1359.5,No,0.006054503343798645,Low Risk,6861
8207-VVMYB,70,26.0,2006.95,No,0.006001732153180416,Low Risk,6862
9800-OUIGR,66,20.0,1374.2,No,0.006000129713344604,Low Risk,6863
3148-AOIQT,69,24.95,1718.35,No,0.005994533654223963,Low Risk,6864
7729-XBTWX,66,19.75,1344.5,No,0.0059342863139163005,Low Risk,6865
1764-VUUMT,66,19.95,1269.1,No,0.005919498340995895,Low Risk,6866
9067-YGSCA,70,26.05,1856.4,No,0.005908466038581215,Low Risk,6867
9397-TZSHA,69,24.6,1678.05,No,0.005903502540438692,Low Risk,6868
4195-PNGZS,69,24.45,1718.2,No,0.005903494372033906,Low Risk,6869
5730-DBDSI,66,19.7,1253.8,No,0.005864169774003823,Low Risk,6870
0971-QIFJK,69,24.25,1641.8,No,0.00581653531323878,Low Risk,6871
4656-CAURT,69,23.95,1713.1,No,0.005810544018039934,Low Risk,6872
6010-DDPPW,70,25.15,1940.85,No,0.005803794710052068,Low Risk,6873
7558-IMLMT,67,20.8,1411.9,No,0.005793213071471289,Low Risk,6874
1302-TPUBN,66,19.35,1240.8,No,0.005793140425431352,Low Risk,6875
0397-ZXWQF,67,20.5,1430.95,No,0.005752814483217678,Low Risk,6876
6980-CDGFC,67,20.85,1327.4,No,0.005746354099868897,Low Risk,6877
5854-KSRBJ,70,25.4,1782.05,No,0.005743223753715141,Low Risk,6878
0394-YONDK,70,25.15,1790.15,No,0.005704759638326234,Low Risk,6879
0052-YNYOT,67,20.55,1343.4,No,0.005704292962553994,Low Risk,6880
3810-PJUHR,70,25.35,1715.15,No,0.005690800345382747,Low Risk,6881
5146-YYFRZ,67,19.95,1311.75,No,0.0055803672284082135,Low Risk,6882
1167-OYZJF,67,20.05,1263.05,No,0.0055664087407670095,Low Risk,6883
1299-AURJA,70,24.7,1685.9,No,0.005560183219729023,Low Risk,6884
7167-PCEYD,67,19.8,1311.3,No,0.005554539352864501,Low Risk,6885
1945-XISKS,67,19.65,1335.2,No,0.005544230580469443,Low Risk,6886
4589-IUAJB,70,24.25,1724.15,No,0.00550819482352227,Low Risk,6887
9972-EWRJS,67,19.25,1372.9,No,0.0055004510626574035,Low Risk,6888
6963-KQYQB,70,24.05,1764.75,No,0.005500052550593667,Low Risk,6889
2961-VNFKL,71,25.95,1801.9,No,0.005491668565965642,Low Risk,6890
2169-RRLFW,71,25.6,1888.25,No,0.005487052142222818,Low Risk,6891
5743-KHMNA,71,25.55,1898.1,No,0.005484835248052469,Low Risk,6892
2626-VEEWG,67,19.4,1284.2,No,0.0054700359950062075,Low Risk,6893
6729-FZWSY,67,19.45,1195.95,No,0.005423452787339781,Low Risk,6894
0174-QRVVY,71,25.35,1847.55,No,0.005419992737970188,Low Risk,6895
3261-CQXOL,71,25.45,1813.35,No,0.005415396859389923,Low Risk,6896
1635-NZATJ,71,25.45,1789.65,No,0.005400753603436877,Low Risk,6897
7695-PKLCZ,68,20.5,1424.9,No,0.005393090674234477,Low Risk,6898
1987-AUELQ,71,25.05,1873.7,No,0.005386550360833513,Low Risk,6899
3836-FZSDJ,71,24.85,1901.0,No,0.0053704201410090585,Low Risk,6900
4443-EMBNA,71,24.75,1836.9,No,0.005314948090458389,Low Risk,6901
4625-XMOYM,72,26.25,1988.05,No,0.005311030878011355,Low Risk,6902
9153-BTBVV,71,25.0,1753.0,No,0.005304656697028652,Low Risk,6903
7096-ZNBZI,72,26.45,1914.5,No,0.005298907723613359,Low Risk,6904
5848-FHRFC,68,20.05,1386.9,No,0.005296312363151464,Low Risk,6905
3454-JFUBC,68,20.0,1396.0,No,0.005293718454752866,Low Risk,6906
7711-GQBZC,71,24.7,1810.55,No,0.00529087092342571,Low Risk,6907
3678-MNGZX,68,19.95,1377.7,No,0.0052745863809876056,Low Risk,6908
9668-PUGNU,71,24.5,1816.2,No,0.005261992435423177,Low Risk,6909
3274-NSDWE,68,19.6,1441.65,No,0.005256679679917916,Low Risk,6910
5699-BNCAS,71,24.65,1766.75,No,0.005256410968331895,Low Risk,6911
2181-TIDSV,68,19.95,1303.25,No,0.005229905468382813,Low Risk,6912
4565-NLZBV,71,24.65,1710.15,No,0.005222524791580077,Low Risk,6913
5406-KGRMX,71,24.55,1719.15,No,0.005211928031983201,Low Risk,6914
9838-BFCQT,72,26.1,1851.45,No,0.005204836381447442,Low Risk,6915
5846-ABOBJ,71,24.45,1730.65,No,0.005202838785573478,Low Risk,6916
2452-MRMZF,72,25.7,1937.4,No,0.0051922728962899845,Low Risk,6917
9964-WBQDJ,71,24.4,1725.4,No,0.005191769960049683,Low Risk,6918
4707-MAXGU,72,25.85,1872.2,No,0.005177438213028819,Low Risk,6919
3612-YVGSJ,71,24.45,1681.6,No,0.005173758033700149,Low Risk,6920
7014-ZZXAW,71,24.25,1732.95,No,0.00517245779572138,Low Risk,6921
2509-TFPJU,72,25.75,1864.2,No,0.005156904462998734,Low Risk,6922
4231-LZUYM,72,25.65,1887.0,No,0.00515456262571365,Low Risk,6923
6917-FIJHC,72,26.0,1776.0,No,0.00514438896449947,Low Risk,6924
9365-CSLBQ,71,24.35,1654.6,No,0.005142061861140387,Low Risk,6925
1131-QQZEB,71,23.95,1756.2,No,0.005138831533400859,Low Risk,6926
2007-QVGAW,68,19.35,1292.65,No,0.0051285552016778,Low Risk,6927
6285-FTQBF,72,25.55,1867.7,No,0.005127493430126874,Low Risk,6928
5598-IKHQQ,72,25.45,1866.45,No,0.005111097938776282,Low Risk,6929
8395-ETZKQ,68,19.5,1193.55,No,0.005094127804097744,Low Risk,6930
1555-HAPSU,71,23.9,1663.5,No,0.0050769051086363565,Low Risk,6931
7161-DFHUF,71,23.85,1672.1,No,0.005074128149505339,Low Risk,6932
0795-XCCTE,72,25.4,1809.35,No,0.005070090474203013,Low Risk,6933
1926-QUZNN,72,25.25,1841.2,No,0.0050652763582075015,Low Risk,6934
8774-GSBUN,72,25.4,1797.1,No,0.005062997248518173,Low Risk,6935
0562-HKHML,71,23.9,1626.4,No,0.005055424395770964,Low Risk,6936
4302-ZYFEL,69,20.55,1403.1,No,0.005054381066080604,Low Risk,6937
5884-FBCTL,72,25.1,1857.85,No,0.005051683493968857,Low Risk,6938
1085-LDWAM,69,20.35,1442.65,No,0.005046300611024167,Low Risk,6939
6024-RUGGH,72,25.2,1798.9,No,0.00503314107655543,Low Risk,6940
4836-WNFNO,72,25.0,1849.2,No,0.005031272183162443,Low Risk,6941
6976-BWGLQ,72,25.2,1787.35,No,0.005026501407171254,Low Risk,6942
7980-MHFLQ,72,24.9,1859.2,No,0.005021635425563599,Low Risk,6943
8237-ULIXL,72,24.85,1871.85,No,0.005021212241428461,Low Risk,6944
8749-TZYEC,72,24.8,1874.3,No,0.005014939357266774,Low Risk,6945
4312-KFRXN,72,25.4,1710.9,No,0.00501336250593162,Low Risk,6946
9430-NKQLY,72,25.1,1790.8,No,0.00501311942919427,Low Risk,6947
5334-AFQJB,72,25.1,1789.9,No,0.0050126037879955915,Low Risk,6948
6980-IMXXE,69,20.2,1412.65,No,0.005005996506546115,Low Risk,6949
5605-XNWEN,72,25.0,1802.55,No,0.005004518141687873,Low Risk,6950
6181-AXXYF,72,24.75,1859.1,No,0.004998580511018378,Low Risk,6951
7515-LODFU,69,20.3,1356.3,No,0.00498910333081383,Low Risk,6952
0902-XKXPN,69,20.2,1376.5,No,0.004985355596479073,Low Risk,6953
8224-KDLKN,72,25.0,1738.9,No,0.004968242687912244,Low Risk,6954
7115-IRDHS,72,24.65,1830.05,No,0.004966788264636511,Low Risk,6955
8232-UTFOZ,69,19.95,1399.35,No,0.004960297478997147,Low Risk,6956
7876-DNYAP,69,19.8,1436.95,No,0.004958845080647557,Low Risk,6957
7673-BQGKU,69,20.15,1337.5,No,0.004955593667767823,Low Risk,6958
8092-NLTGF,72,24.75,1777.6,No,0.0049522338081327485,Low Risk,6959
4193-IBKSW,72,24.75,1769.6,No,0.004947707548956062,Low Risk,6960
6345-FZOQH,69,19.9,1363.45,No,0.004932431836451698,Low Risk,6961
9537-JALFH,69,19.9,1356.7,No,0.004928627730030314,Low Risk,6962
0042-RLHYP,69,19.7,1396.9,No,0.00492111293461056,Low Risk,6963
2984-RGEYA,69,19.75,1375.4,No,0.004916551683789316,Low Risk,6964
5296-PSYVW,72,24.55,1750.7,No,0.004906903891216113,Low Risk,6965
3308-DGHKL,69,19.3,1447.9,No,0.004889657702363687,Low Risk,6966
8735-SDUFN,72,24.3,1778.7,No,0.00488511311093518,Low Risk,6967
0480-KYJVA,72,24.25,1784.5,No,0.004880878107468517,Low Risk,6968
0402-OAMEN,72,24.45,1709.1,No,0.00486870232326165,Low Risk,6969
0626-QXNGV,72,24.15,1776.45,No,0.0048614869828804,Low Risk,6970
5346-BZCHP,69,19.4,1346.2,No,0.004847958236414049,Low Risk,6971
7010-BRBUU,72,24.1,1734.65,No,0.004830914423094483,Low Risk,6972
7684-XSZIY,72,24.3,1643.25,No,0.004810056781341049,Low Risk,6973
1820-DJFPH,72,24.05,1709.15,No,0.004809486678312395,Low Risk,6974
9500-WBGRP,69,19.1,1268.85,No,0.004761357467563888,Low Risk,6975
8165-ZJRNM,72,23.75,1679.25,No,0.0047492634861314225,Low Risk,6976
6734-PSBAW,72,23.55,1723.95,No,0.004744461064546132,Low Risk,6977
4957-SREEC,70,20.35,1458.1,No,0.00474218684814492,Low Risk,6978
5902-WBLSE,70,20.15,1411.2,No,0.004688038602439445,Low Risk,6979
6060-QBMGV,70,19.85,1433.8,No,0.0046572006942748045,Low Risk,6980
2560-QTSBS,72,23.3,1623.15,No,0.004654342549005558,Low Risk,6981
1403-GYAFU,70,20.05,1360.25,No,0.004646563024876886,Low Risk,6982
0505-SPOOW,70,19.8,1397.65,No,0.004630897472458524,Low Risk,6983
2900-PHPLN,70,19.55,1462.05,No,0.004629554443574523,Low Risk,6984
8750-QWZAJ,70,19.8,1378.75,No,0.0046209010164333895,Low Risk,6985
8285-ABVLB,70,19.85,1328.35,No,0.004601386731654263,Low Risk,6986
7706-YLMQA,70,19.7,1341.5,No,0.0045871968458988405,Low Risk,6987
5324-KTGCG,71,20.85,1539.75,No,0.0045594479827300236,Low Risk,6988
0613-WUXUM,70,19.2,1401.4,No,0.004548559881098504,Low Risk,6989
6892-BOGQE,71,20.9,1493.2,No,0.004542191231091008,Low Risk,6990
8966-SNIZF,70,19.45,1303.5,No,0.004532483962403883,Low Risk,6991
8229-BUJHX,71,20.5,1500.95,No,0.00449088144138021,Low Risk,6992
0264-CNITK,71,20.1,1389.6,No,0.004380081474646173,Low Risk,6993
1052-QJIBV,71,19.9,1397.3,No,0.004357173903819542,Low Risk,6994
3642-BYHDO,71,19.9,1389.35,No,0.004353214033608423,Low Risk,6995
0831-JNISG,71,19.8,1396.25,No,0.004343330153813958,Low Risk,6996
1591-XWLGB,71,19.85,1379.6,No,0.004341709757641041,Low Risk,6997
3173-WSSUE,71,19.7,1415.85,No,0.00433976758366342,Low Risk,6998
3996-ZNWYK,71,19.8,1388.45,No,0.004339457255303166,Low Risk,6999
3973-SKMLN,71,19.9,1355.1,No,0.004336195144766566,Low Risk,7000
7602-DBTOU,71,19.6,1416.5,No,0.004326820087950075,Low Risk,7001
4817-KEQSP,71,19.85,1326.35,No,0.004315347866036644,Low Risk,7002
2718-YSKCS,71,19.6,1387.45,No,0.004312467984504466,Low Risk,7003
3279-DYZQM,71,19.45,1378.45,No,0.004288287427561775,Low Risk,7004
4086-WITJG,71,19.7,1301.1,No,0.004283183040877172,Low Risk,7005
0640-YJTPY,72,21.0,1493.75,No,0.004274128364157396,Low Risk,7006
8544-JNBOX,72,20.8,1521.2,No,0.004261388171643382,Low Risk,7007
2569-WGERO,72,21.15,1419.4,No,0.004257447587394069,Low Risk,7008
0825-CPPQH,71,19.1,1372.45,No,0.004239657730038257,Low Risk,7009
2545-LXYVJ,72,20.7,1492.1,No,0.004234240487219783,Low Risk,7010
1293-BSEUN,72,20.7,1482.3,No,0.004229496774839066,Low Risk,7011
1927-QEWMY,72,20.5,1502.25,No,0.004213273003737515,Low Risk,7012
7083-MIOPC,72,20.25,1566.9,No,0.004212171030097226,Low Risk,7013
6855-VLGOS,72,20.55,1432.55,No,0.004186220867254862,Low Risk,7014
0784-ZQJZX,72,19.9,1529.65,No,0.004149540873173646,Low Risk,7015
5893-KCLGT,72,19.75,1567.0,No,0.004148206246106399,Low Risk,7016
0464-WJTKO,72,20.1,1460.85,No,0.004142308125960951,Low Risk,7017
0794-YVSGE,72,20.3,1401.15,No,0.004139394722471384,Low Risk,7018
6585-WCEWR,72,20.35,1354.4,No,0.004123626870847998,Low Risk,7019
7463-IFMQU,72,20.05,1423.65,No,0.004118406197922389,Low Risk,7020
7606-BPHHN,72,19.8,1468.75,No,0.004108131029809706,Low Risk,7021
2429-AYKKO,72,19.85,1434.1,No,0.004098150595902073,Low Risk,7022
2607-DHDAK,72,19.8,1414.65,No,0.0040827845314790195,Low Risk,7023
4821-WQOYN,72,20.1,1326.25,No,0.004079014321307447,Low Risk,7024
1166-PQLGG,72,19.55,1463.45,No,0.004074322100592018,Low Risk,7025
0404-AHASP,72,19.7,1421.9,No,0.00407367525189365,Low Risk,7026
3910-MRQOY,72,19.4,1496.45,No,0.004070985160248615,Low Risk,7027
4277-BWBML,72,19.95,1322.85,No,0.004058736853688046,Low Risk,7028
6928-ONTRW,72,19.7,1379.8,No,0.004054102293610712,Low Risk,7029
3976-HXHCE,72,19.3,1414.8,No,0.004020799639358413,Low Risk,7030
2848-YXSMW,72,19.4,1363.25,No,0.004009418915471721,Low Risk,7031
5787-KXGIY,72,19.3,1304.8,No,0.003970514652369895,Low Risk,7032
