Feature,Coefficient,Absolute_Coefficient
S-P4,0.8915112326615775,0.8915112326615775
S-P2,0.8759232624939852,0.8759232624939852
S-P3,0.8513712475201307,0.8513712475201307
S-P1,0.7234378242406116,0.7234378242406116
Total_Quantity,0.6484882724622463,0.6484882724622463
Q-P1,0.22821382468158097,0.22821382468158097
Q-P3,0.1570795659631231,0.1570795659631231
Q-P2,0.13815824329558102,0.13815824329558102
Q-P4,0.12503663852196048,0.12503663852196048
Date_2017-08-03,2.4284350353713146e-07,2.4284350353713146e-07
Date_2014-02-14,-2.4220145013769643e-07,2.4220145013769643e-07
Date_2015-03-23,-2.4019658480464826e-07,2.4019658480464826e-07
Date_2018-05-09,-2.3853341347590784e-07,2.3853341347590784e-07
Date_2011-05-25,-2.3569860996687165e-07,2.3569860996687165e-07
Date_2022-09-08,-2.322222406252501e-07,2.322222406252501e-07
Date_2011-05-20,-2.2949116028363832e-07,2.2949116028363832e-07
Date_2020-02-20,-2.283816002615375e-07,2.283816002615375e-07
Date_2020-03-11,-2.2554200906156696e-07,2.2554200906156696e-07
Date_2015-10-27,-2.2530637891024057e-07,2.2530637891024057e-07
Date_2011-08-16,-2.2440810121480777e-07,2.2440810121480777e-07
Date_2021-05-31,-2.2431315376148876e-07,2.2431315376148876e-07
Date_2022-09-20,2.2266960017172627e-07,2.2266960017172627e-07
Date_2021-05-09,-2.210194761945805e-07,2.210194761945805e-07
Date_2016-11-14,-2.208080551981934e-07,2.208080551981934e-07
Date_2011-04-14,-2.206319350168588e-07,2.206319350168588e-07
Date_2013-05-22,2.1992135434573504e-07,2.1992135434573504e-07
Date_2023-01-21,2.1991804357824742e-07,2.1991804357824742e-07
Date_2011-02-26,2.1690833977905759e-07,2.1690833977905759e-07
Date_2011-06-13,2.1591838447321288e-07,2.1591838447321288e-07
Date_2020-01-17,2.1495788380321713e-07,2.1495788380321713e-07
Date_2019-06-01,-2.1332439803278068e-07,2.1332439803278068e-07
Date_2020-08-19,-2.1303794034978133e-07,2.1303794034978133e-07
Date_2016-09-27,-2.12199540312584e-07,2.12199540312584e-07
Date_2020-01-25,2.1192562686817768e-07,2.1192562686817768e-07
Date_2021-08-27,-2.1051290827775127e-07,2.1051290827775127e-07
Date_2020-02-08,2.102948538309885e-07,2.102948538309885e-07
Date_2020-10-15,-2.08794357368814e-07,2.08794357368814e-07
Date_2016-07-14,-2.0867583505789512e-07,2.0867583505789512e-07
Date_2017-03-26,2.0720201677880533e-07,2.0720201677880533e-07
Date_2021-04-18,2.0599135328713717e-07,2.0599135328713717e-07
Date_2014-10-09,2.0381268776645013e-07,2.0381268776645013e-07
Date_2020-07-15,2.03593308649185e-07,2.03593308649185e-07
Date_2010-12-30,2.0297863689202994e-07,2.0297863689202994e-07
Date_2020-08-22,-2.0297505912197476e-07,2.0297505912197476e-07
Date_2019-07-18,-2.0293405753301007e-07,2.0293405753301007e-07
Date_2013-06-07,-2.0282271702453399e-07,2.0282271702453399e-07
Date_2017-05-30,2.0275618721841693e-07,2.0275618721841693e-07
Date_2010-11-22,-2.0237126080315605e-07,2.0237126080315605e-07
Date_2015-09-26,2.0192023641413776e-07,2.0192023641413776e-07
Date_2010-07-14,-2.015491033285118e-07,2.015491033285118e-07
Date_2014-04-27,-2.0108949386875052e-07,2.0108949386875052e-07
Date_2022-10-05,-2.0050403202076056e-07,2.0050403202076056e-07
Date_2016-10-27,2.002534875743368e-07,2.002534875743368e-07
Date_2016-06-06,1.996391860085653e-07,1.996391860085653e-07
Date_2014-02-12,1.9794279750837003e-07,1.9794279750837003e-07
Date_2012-11-28,1.9744829050918758e-07,1.9744829050918758e-07
Date_2011-09-20,-1.968477093739627e-07,1.968477093739627e-07
Date_2015-07-29,1.9640310269831828e-07,1.9640310269831828e-07
Date_2011-08-12,1.945223846186104e-07,1.945223846186104e-07
Date_2021-07-14,-1.9421892518751633e-07,1.9421892518751633e-07
Date_2022-09-13,1.9415568691326143e-07,1.9415568691326143e-07
Date_2020-07-16,1.9358874010300316e-07,1.9358874010300316e-07
Date_2012-03-18,1.921004500657479e-07,1.921004500657479e-07
Date_2019-02-16,1.919252477329787e-07,1.919252477329787e-07
Date_2014-10-17,1.917660900570779e-07,1.917660900570779e-07
Date_2014-12-17,-1.9098997364118737e-07,1.9098997364118737e-07
Date_2021-04-30,-1.90921624912193e-07,1.90921624912193e-07
Date_2023-01-24,1.9020618581126943e-07,1.9020618581126943e-07
Date_2020-10-10,1.901070341561161e-07,1.901070341561161e-07
Date_2015-12-04,1.900458606287157e-07,1.900458606287157e-07
Date_2017-08-21,1.8989153105563575e-07,1.8989153105563575e-07
Date_2011-07-19,-1.8984848096828652e-07,1.8984848096828652e-07
Date_2011-01-26,-1.8969243536211844e-07,1.8969243536211844e-07
Date_2012-06-26,1.8903875595687953e-07,1.8903875595687953e-07
Date_2015-06-15,-1.8901713080383593e-07,1.8901713080383593e-07
Date_2011-10-20,1.883809120758632e-07,1.883809120758632e-07
Date_2013-09-07,1.8832296203186745e-07,1.8832296203186745e-07
Date_2017-08-07,1.8823589226956545e-07,1.8823589226956545e-07
Date_2022-09-22,-1.8802605144437968e-07,1.8802605144437968e-07
Date_2022-06-01,1.872062439766684e-07,1.872062439766684e-07
Date_2021-02-21,-1.871979159161633e-07,1.871979159161633e-07
Date_2019-10-03,1.8693277084110044e-07,1.8693277084110044e-07
Date_2018-01-17,-1.868729289271563e-07,1.868729289271563e-07
Date_2021-04-21,1.8679395476315966e-07,1.8679395476315966e-07
Date_2019-04-06,1.8615760615719136e-07,1.8615760615719136e-07
Date_2015-03-04,-1.8610117248023205e-07,1.8610117248023205e-07
Date_2016-08-14,1.860024040882958e-07,1.860024040882958e-07
Date_2021-11-03,-1.8593919157948953e-07,1.8593919157948953e-07
Date_2011-03-09,1.856586551948489e-07,1.856586551948489e-07
Date_2012-12-23,-1.8564149374131239e-07,1.8564149374131239e-07
Date_2019-09-28,1.8528426417163154e-07,1.8528426417163154e-07
Date_2019-11-18,1.8498665662344636e-07,1.8498665662344636e-07
Date_2014-12-05,-1.8440490443601724e-07,1.8440490443601724e-07
Date_2013-08-29,-1.8412142499712013e-07,1.8412142499712013e-07
Date_2017-03-07,-1.8356474835625645e-07,1.8356474835625645e-07
Date_2014-01-06,-1.8352694795353172e-07,1.8352694795353172e-07
Date_2021-05-08,-1.8223179452349064e-07,1.8223179452349064e-07
Date_2011-06-21,1.8174947322957472e-07,1.8174947322957472e-07
Date_2010-08-10,-1.8165691071988336e-07,1.8165691071988336e-07
Date_2021-09-11,1.8145256716142078e-07,1.8145256716142078e-07
Date_2016-04-02,-1.8139584352262926e-07,1.8139584352262926e-07
Date_2019-09-03,-1.8066621782640042e-07,1.8066621782640042e-07
Date_2016-12-06,-1.8043532035764903e-07,1.8043532035764903e-07
Date_2022-04-01,-1.8042590252942433e-07,1.8042590252942433e-07
Date_2013-08-02,1.8041744341040357e-07,1.8041744341040357e-07
Date_2019-11-07,1.8025747110098214e-07,1.8025747110098214e-07
Date_2022-07-03,1.8021546344762958e-07,1.8021546344762958e-07
Date_2012-09-09,-1.7998600702820162e-07,1.7998600702820162e-07
Date_2014-11-10,1.7983694546461653e-07,1.7983694546461653e-07
Date_2019-09-23,1.797612915539868e-07,1.797612915539868e-07
Date_2022-06-11,-1.7974775732303253e-07,1.7974775732303253e-07
Date_2018-04-10,-1.7952750044639915e-07,1.7952750044639915e-07
Date_2018-12-07,-1.7942967808940945e-07,1.7942967808940945e-07
Date_2013-03-07,-1.7934646086246125e-07,1.7934646086246125e-07
Date_2022-04-26,1.7913720488041396e-07,1.7913720488041396e-07
Date_2017-07-02,1.79048412752537e-07,1.79048412752537e-07
Date_2021-09-05,1.786477477212506e-07,1.786477477212506e-07
Date_2022-05-01,-1.7859446590121885e-07,1.7859446590121885e-07
Date_2011-06-01,-1.7848578779297549e-07,1.7848578779297549e-07
Date_2014-04-22,1.7845623143250724e-07,1.7845623143250724e-07
Date_2014-07-14,1.784357094840639e-07,1.784357094840639e-07
Date_2015-08-19,1.7822055926504562e-07,1.7822055926504562e-07
Date_2021-05-23,1.7820019912703885e-07,1.7820019912703885e-07
Date_2021-03-08,1.780668724090431e-07,1.780668724090431e-07
Date_2017-11-03,1.7791264813344107e-07,1.7791264813344107e-07
Date_2011-10-16,-1.7782688716412413e-07,1.7782688716412413e-07
Date_2020-11-06,1.7742625152140992e-07,1.7742625152140992e-07
Date_2019-05-24,-1.7741903313780543e-07,1.7741903313780543e-07
Date_2017-12-26,1.77418239072854e-07,1.77418239072854e-07
Date_2010-12-27,1.7712573805251392e-07,1.7712573805251392e-07
Date_2017-08-17,1.768658036453346e-07,1.768658036453346e-07
Date_2016-10-17,-1.768631427349047e-07,1.768631427349047e-07
Date_2013-12-07,-1.7675973957103987e-07,1.7675973957103987e-07
Date_2022-08-07,-1.7638446567950933e-07,1.7638446567950933e-07
Date_2020-03-19,1.7608712856725494e-07,1.7608712856725494e-07
Date_2018-03-06,-1.7586835596555908e-07,1.7586835596555908e-07
Date_2019-10-12,1.7583601450321445e-07,1.7583601450321445e-07
Date_2022-05-13,1.7501120757755634e-07,1.7501120757755634e-07
Date_2010-07-15,-1.747458522144595e-07,1.747458522144595e-07
Date_2012-05-12,1.7465948152226702e-07,1.7465948152226702e-07
Date_2021-03-04,1.746337162078639e-07,1.746337162078639e-07
Date_2014-05-30,1.7420287744956723e-07,1.7420287744956723e-07
Date_2020-02-12,-1.7385303083757582e-07,1.7385303083757582e-07
Date_2016-09-26,-1.737820609746116e-07,1.737820609746116e-07
Date_2017-09-12,1.7335765569195408e-07,1.7335765569195408e-07
Date_2019-09-21,-1.7257044917666347e-07,1.7257044917666347e-07
Date_2014-12-03,-1.721850629564565e-07,1.721850629564565e-07
Date_2014-10-28,-1.7209941207868811e-07,1.7209941207868811e-07
Date_2013-02-16,1.7196072306238518e-07,1.7196072306238518e-07
Date_2017-11-16,1.7141018163621179e-07,1.7141018163621179e-07
Date_2021-05-03,1.712497711071183e-07,1.712497711071183e-07
Date_2017-10-28,1.7097679316255298e-07,1.7097679316255298e-07
Date_2013-03-21,1.7054730387071206e-07,1.7054730387071206e-07
Date_2019-03-18,1.7003523573916122e-07,1.7003523573916122e-07
Date_2017-04-25,-1.6998480571144288e-07,1.6998480571144288e-07
Date_2018-12-03,1.6942203754981234e-07,1.6942203754981234e-07
Date_2017-08-28,1.6940790829535903e-07,1.6940790829535903e-07
Date_2019-04-12,-1.6871954157266084e-07,1.6871954157266084e-07
Date_2017-09-30,1.6863488849405573e-07,1.6863488849405573e-07
Date_2011-03-23,-1.6848096478216318e-07,1.6848096478216318e-07
Date_2013-02-26,1.6842366708911534e-07,1.6842366708911534e-07
Date_2017-08-27,1.684152719133799e-07,1.684152719133799e-07
Date_2017-05-18,1.6832326491480026e-07,1.6832326491480026e-07
Date_2013-10-10,1.682483740510045e-07,1.682483740510045e-07
Date_2010-11-26,-1.6803403513322198e-07,1.6803403513322198e-07
Date_2020-04-03,1.6739055047964323e-07,1.6739055047964323e-07
Date_2015-04-30,1.6734774898116176e-07,1.6734774898116176e-07
Date_2015-01-03,-1.6718862532110182e-07,1.6718862532110182e-07
Date_2013-08-08,1.670256796972047e-07,1.670256796972047e-07
Date_2015-04-22,-1.670141514720966e-07,1.670141514720966e-07
Date_2022-03-16,-1.6698712958339307e-07,1.6698712958339307e-07
Date_2017-04-17,1.6676727360620715e-07,1.6676727360620715e-07
Date_2021-04-01,-1.667549035285427e-07,1.667549035285427e-07
Date_2018-02-17,-1.667007613590655e-07,1.667007613590655e-07
Date_2014-05-20,-1.6663159795307896e-07,1.6663159795307896e-07
Date_2013-04-02,1.6654719520166238e-07,1.6654719520166238e-07
Date_2018-11-22,-1.6637305414401872e-07,1.6637305414401872e-07
Date_2021-07-30,1.656690643420213e-07,1.656690643420213e-07
Date_2018-09-04,1.656551846517073e-07,1.656551846517073e-07
Date_2021-01-22,1.6548658116842778e-07,1.6548658116842778e-07
Date_2011-07-22,-1.65362000022452e-07,1.65362000022452e-07
Date_2016-12-12,-1.652857242858255e-07,1.652857242858255e-07
Date_2016-06-30,1.6524943301821453e-07,1.6524943301821453e-07
Date_2018-06-23,-1.6508460035563203e-07,1.6508460035563203e-07
Date_2020-04-27,-1.648433659625933e-07,1.648433659625933e-07
Date_2012-12-19,-1.6468935666777954e-07,1.6468935666777954e-07
Date_2016-02-22,1.6441749204644678e-07,1.6441749204644678e-07
Date_2019-06-22,1.6428128980663747e-07,1.6428128980663747e-07
Date_2012-05-20,-1.6416737041784213e-07,1.6416737041784213e-07
Date_2011-02-10,-1.6399996537415287e-07,1.6399996537415287e-07
Date_2012-07-09,-1.6394233058973603e-07,1.6394233058973603e-07
Date_2014-12-01,1.6351787678205996e-07,1.6351787678205996e-07
Date_2021-02-22,-1.6350132291120637e-07,1.6350132291120637e-07
Date_2012-07-03,1.6327874951861967e-07,1.6327874951861967e-07
Date_2012-06-21,-1.632465699542495e-07,1.632465699542495e-07
Date_2013-08-24,1.6299412469131614e-07,1.6299412469131614e-07
Date_2014-01-24,1.6275433494151375e-07,1.6275433494151375e-07
Date_2013-02-21,-1.62437285330361e-07,1.62437285330361e-07
Date_2021-03-10,-1.6206828617399496e-07,1.6206828617399496e-07
Date_2021-02-02,1.619317972343501e-07,1.619317972343501e-07
Date_2010-08-24,-1.6182655363894448e-07,1.6182655363894448e-07
Date_2019-12-25,-1.6180714227168569e-07,1.6180714227168569e-07
Date_2020-07-07,-1.6175298205257935e-07,1.6175298205257935e-07
Date_2013-09-26,1.6155992503301953e-07,1.6155992503301953e-07
Date_2020-06-09,1.6153238713519037e-07,1.6153238713519037e-07
Date_2022-07-13,-1.613899715585897e-07,1.613899715585897e-07
Date_2018-08-20,1.61354353254635e-07,1.61354353254635e-07
Date_2016-08-08,1.6112776180139766e-07,1.6112776180139766e-07
Date_2018-07-20,1.6086423650485253e-07,1.6086423650485253e-07
Date_2012-12-12,-1.60648453420324e-07,1.60648453420324e-07
Date_2014-04-10,-1.6064762915564201e-07,1.6064762915564201e-07
Date_2020-07-01,1.6038206505840254e-07,1.6038206505840254e-07
Date_2022-09-15,-1.603460302396186e-07,1.603460302396186e-07
Date_2022-07-16,-1.6029740915076104e-07,1.6029740915076104e-07
Date_2022-02-03,1.6026247571300225e-07,1.6026247571300225e-07
Date_2014-10-18,1.6022313965451114e-07,1.6022313965451114e-07
Date_2014-11-08,1.6001881770652884e-07,1.6001881770652884e-07
Date_2012-10-05,1.5988781751364198e-07,1.5988781751364198e-07
Date_2018-10-10,1.5971823217433055e-07,1.5971823217433055e-07
Date_2011-01-16,-1.5964288276456536e-07,1.5964288276456536e-07
Date_2015-08-18,-1.5959370921239057e-07,1.5959370921239057e-07
Date_2018-10-02,-1.5943055746689862e-07,1.5943055746689862e-07
Date_2018-03-29,1.5931420600489778e-07,1.5931420600489778e-07
Date_2012-03-15,-1.592466664091291e-07,1.592466664091291e-07
Date_2015-11-12,-1.590996195969612e-07,1.590996195969612e-07
Date_2016-07-04,1.590047486256756e-07,1.590047486256756e-07
Date_2015-06-11,1.5899769323995856e-07,1.5899769323995856e-07
Date_2022-06-26,-1.5867984795672055e-07,1.5867984795672055e-07
Date_2020-09-26,1.586295186153916e-07,1.586295186153916e-07
Date_2022-11-16,-1.5860607520364365e-07,1.5860607520364365e-07
Date_2014-03-26,-1.584793760093948e-07,1.584793760093948e-07
Date_2016-01-20,1.5847465691102082e-07,1.5847465691102082e-07
Date_2020-01-08,1.5838018268766088e-07,1.5838018268766088e-07
Date_2014-01-14,-1.5836474690342452e-07,1.5836474690342452e-07
Date_2012-11-07,1.58182247574416e-07,1.58182247574416e-07
Date_2021-02-16,-1.5786691489565383e-07,1.5786691489565383e-07
Date_2020-08-31,-1.5754550403035576e-07,1.5754550403035576e-07
Date_2011-10-29,-1.5749106346809935e-07,1.5749106346809935e-07
Date_2015-04-05,-1.5746169156300073e-07,1.5746169156300073e-07
Date_2018-03-10,-1.5745630519381858e-07,1.5745630519381858e-07
Date_2018-04-18,1.5744963930628678e-07,1.5744963930628678e-07
Date_2013-11-07,1.5742567508535809e-07,1.5742567508535809e-07
Date_2022-08-10,-1.573205219809512e-07,1.573205219809512e-07
Date_2016-12-20,1.571720416118276e-07,1.571720416118276e-07
Date_2014-08-14,1.571171182236641e-07,1.571171182236641e-07
Date_2019-01-20,-1.5696268262901123e-07,1.5696268262901123e-07
Date_2018-02-02,-1.5665417115301325e-07,1.5665417115301325e-07
Date_2018-06-28,-1.5653534229075064e-07,1.5653534229075064e-07
Date_2014-10-04,-1.5647077314292116e-07,1.5647077314292116e-07
Date_2017-07-23,-1.5643450516045188e-07,1.5643450516045188e-07
Date_2019-12-18,-1.5622934724647897e-07,1.5622934724647897e-07
Date_2010-07-25,-1.5609277352035316e-07,1.5609277352035316e-07
Date_2017-03-08,1.5591691965428523e-07,1.5591691965428523e-07
Date_2014-02-26,-1.556728884483911e-07,1.556728884483911e-07
Date_2023-01-22,-1.5564148589250067e-07,1.5564148589250067e-07
Date_2012-09-21,-1.5562677500590887e-07,1.5562677500590887e-07
Date_2013-07-29,1.5544879015047692e-07,1.5544879015047692e-07
Date_2021-12-22,-1.554177074650658e-07,1.554177074650658e-07
Date_2022-06-03,-1.5515181947022723e-07,1.5515181947022723e-07
Date_2014-03-28,-1.546354281594677e-07,1.546354281594677e-07
Date_2010-12-15,-1.544818853150283e-07,1.544818853150283e-07
Date_2019-09-29,1.5433604327649322e-07,1.5433604327649322e-07
Date_2015-06-04,1.54147230289745e-07,1.54147230289745e-07
Date_2016-06-18,-1.5379018808876783e-07,1.5379018808876783e-07
Date_2016-04-07,-1.536900290704164e-07,1.536900290704164e-07
Date_2011-08-24,-1.5353724374913665e-07,1.5353724374913665e-07
Date_2021-07-01,-1.535350005723901e-07,1.535350005723901e-07
Date_2021-09-16,-1.5349472383122388e-07,1.5349472383122388e-07
Date_2012-10-09,1.5327678558736752e-07,1.5327678558736752e-07
Date_2017-12-15,1.5318706186134022e-07,1.5318706186134022e-07
Date_2017-09-16,-1.531778362684163e-07,1.531778362684163e-07
Date_2018-03-25,-1.5296243522245786e-07,1.5296243522245786e-07
Date_2022-11-30,-1.5260178959360806e-07,1.5260178959360806e-07
Date_2013-08-01,-1.5259678232571146e-07,1.5259678232571146e-07
Date_2017-01-16,1.523030823984388e-07,1.523030823984388e-07
Date_2015-05-31,-1.522858133165367e-07,1.522858133165367e-07
Date_2012-11-10,1.5208710083524616e-07,1.5208710083524616e-07
Date_2022-06-06,1.5195815331644348e-07,1.5195815331644348e-07
Date_2010-10-20,1.5181608948311037e-07,1.5181608948311037e-07
Date_2010-08-07,1.5160391979804354e-07,1.5160391979804354e-07
Date_2019-03-10,1.5156949558967392e-07,1.5156949558967392e-07
Date_2018-08-27,-1.513939964669736e-07,1.513939964669736e-07
Date_2021-02-08,1.5137564090504884e-07,1.5137564090504884e-07
Date_2020-02-15,1.5120668578107434e-07,1.5120668578107434e-07
Date_2020-09-11,-1.5118129472522923e-07,1.5118129472522923e-07
Date_2019-01-09,-1.5106734156232342e-07,1.5106734156232342e-07
Date_2015-05-27,-1.510469034551555e-07,1.510469034551555e-07
Date_2020-04-10,1.5096446757340631e-07,1.5096446757340631e-07
Date_2019-06-15,-1.508948484162373e-07,1.508948484162373e-07
Date_2016-01-26,-1.5047071490813798e-07,1.5047071490813798e-07
Date_2012-06-16,1.5044811767979788e-07,1.5044811767979788e-07
Date_2021-10-12,1.5044431668602136e-07,1.5044431668602136e-07
Date_2018-06-24,-1.504386099974118e-07,1.504386099974118e-07
Date_2017-09-28,-1.5007390516973936e-07,1.5007390516973936e-07
Date_2022-07-30,-1.5003864200395174e-07,1.5003864200395174e-07
Date_2012-09-16,-1.4981694264364692e-07,1.4981694264364692e-07
Date_2013-01-07,1.495587676405824e-07,1.495587676405824e-07
Date_2013-11-30,1.4951635501895357e-07,1.4951635501895357e-07
Date_2011-12-12,1.495002856685865e-07,1.495002856685865e-07
Date_2020-10-20,1.4944221769399595e-07,1.4944221769399595e-07
Date_2014-06-23,-1.4938374247143032e-07,1.4938374247143032e-07
Date_2013-02-14,-1.492700347902919e-07,1.492700347902919e-07
Date_2022-06-16,1.4926106504262466e-07,1.4926106504262466e-07
Date_2018-09-05,1.4921452183411883e-07,1.4921452183411883e-07
Date_2020-11-19,1.4914173012995505e-07,1.4914173012995505e-07
Date_2022-02-22,-1.4911849737931096e-07,1.4911849737931096e-07
Date_2018-01-23,-1.4894198491971648e-07,1.4894198491971648e-07
Date_2014-10-15,-1.4888387111216707e-07,1.4888387111216707e-07
Date_2020-09-27,1.4887268216831598e-07,1.4887268216831598e-07
Date_2012-02-06,-1.4883328110717982e-07,1.4883328110717982e-07
Date_2019-01-10,1.4846493993650566e-07,1.4846493993650566e-07
Date_2010-10-22,-1.4830433282396172e-07,1.4830433282396172e-07
Date_2018-12-29,1.4825436509489546e-07,1.4825436509489546e-07
Date_2013-06-02,-1.4813140888070935e-07,1.4813140888070935e-07
Date_2017-09-03,1.4802014074996898e-07,1.4802014074996898e-07
Date_2017-02-05,1.4785788224121232e-07,1.4785788224121232e-07
Date_2021-12-28,-1.4763357899929926e-07,1.4763357899929926e-07
Date_2016-07-18,-1.4722224263125236e-07,1.4722224263125236e-07
Date_2015-07-12,1.4721619650701974e-07,1.4721619650701974e-07
Date_2014-03-13,1.4721357160044087e-07,1.4721357160044087e-07
Date_2012-12-22,1.4719245613183647e-07,1.4719245613183647e-07
Date_2018-08-16,1.4718115828540605e-07,1.4718115828540605e-07
Date_2020-03-05,1.471702716995734e-07,1.471702716995734e-07
Date_2015-07-16,-1.4686007815161273e-07,1.4686007815161273e-07
Date_2021-04-13,1.468178090144834e-07,1.468178090144834e-07
Date_2014-06-27,1.467004087837673e-07,1.467004087837673e-07
Date_2020-11-08,1.4669990160443323e-07,1.4669990160443323e-07
Date_2018-12-28,-1.4667652424253068e-07,1.4667652424253068e-07
Date_2013-01-16,1.465628768253993e-07,1.465628768253993e-07
Date_2015-06-13,1.4650602854282006e-07,1.4650602854282006e-07
Date_2013-11-24,-1.4641758932052979e-07,1.4641758932052979e-07
Date_2011-04-05,-1.4640663588810565e-07,1.4640663588810565e-07
Date_2018-04-28,1.461893849608609e-07,1.461893849608609e-07
Date_2013-01-26,-1.4605087721706762e-07,1.4605087721706762e-07
Date_2022-03-10,1.4581870902651956e-07,1.4581870902651956e-07
Date_2022-12-24,-1.4571466116364644e-07,1.4571466116364644e-07
Date_2017-01-01,-1.455944529635885e-07,1.455944529635885e-07
Date_2017-08-14,-1.454381764415624e-07,1.454381764415624e-07
Date_2023-01-16,1.4531686276698577e-07,1.4531686276698577e-07
Date_2022-10-08,-1.451363393413108e-07,1.451363393413108e-07
Date_2020-10-22,-1.4513093238174144e-07,1.4513093238174144e-07
Date_2015-10-18,-1.4460812293056933e-07,1.4460812293056933e-07
Date_2012-08-13,-1.4448078302724507e-07,1.4448078302724507e-07
Date_2021-04-27,1.4406619072017337e-07,1.4406619072017337e-07
Date_2021-03-23,-1.439645485004691e-07,1.439645485004691e-07
Date_2022-02-12,1.4385243434076627e-07,1.4385243434076627e-07
Date_2015-08-09,1.4378019963977898e-07,1.4378019963977898e-07
Date_2013-11-18,-1.434813678151905e-07,1.434813678151905e-07
Date_2017-12-08,-1.4345540616377972e-07,1.4345540616377972e-07
Date_2010-12-25,-1.4335585344383677e-07,1.4335585344383677e-07
Date_2012-12-24,1.4327787150319038e-07,1.4327787150319038e-07
Date_2018-03-17,1.4318913334312453e-07,1.4318913334312453e-07
Date_2012-03-09,1.431107634767136e-07,1.431107634767136e-07
Date_2018-04-19,1.4309827072681187e-07,1.4309827072681187e-07
Date_2022-10-02,-1.4304506651588359e-07,1.4304506651588359e-07
Date_2013-06-01,-1.4300111843543836e-07,1.4300111843543836e-07
Date_2015-07-31,-1.4271021074920253e-07,1.4271021074920253e-07
Date_2022-06-05,-1.4269501707668227e-07,1.4269501707668227e-07
Date_2020-04-06,1.4267280188787414e-07,1.4267280188787414e-07
Date_2017-08-11,1.4264207541294854e-07,1.4264207541294854e-07
Date_2015-04-04,-1.4256079879940617e-07,1.4256079879940617e-07
Date_2019-12-14,1.4252911036324295e-07,1.4252911036324295e-07
Date_2021-03-09,1.4241248294266558e-07,1.4241248294266558e-07
Date_2019-05-19,-1.423626331933766e-07,1.423626331933766e-07
Date_2013-08-18,-1.4207453768833425e-07,1.4207453768833425e-07
Date_2016-10-15,-1.4199711787641623e-07,1.4199711787641623e-07
Date_2013-02-15,-1.4191736533152074e-07,1.4191736533152074e-07
Date_2021-12-20,-1.4185976620456873e-07,1.4185976620456873e-07
Date_2019-06-19,1.4185352826579624e-07,1.4185352826579624e-07
Date_2019-10-30,-1.4179406413153268e-07,1.4179406413153268e-07
Date_2019-07-13,1.4160400232655847e-07,1.4160400232655847e-07
Date_2021-05-30,1.415336906862996e-07,1.415336906862996e-07
Date_2012-06-10,-1.4151534900781047e-07,1.4151534900781047e-07
Date_2013-03-06,1.4150546444466846e-07,1.4150546444466846e-07
Date_2015-11-26,-1.4136815165625346e-07,1.4136815165625346e-07
Date_2013-11-04,-1.4135649264663392e-07,1.4135649264663392e-07
Date_2011-12-09,-1.4128271175212764e-07,1.4128271175212764e-07
Date_2022-11-07,1.4098414706822672e-07,1.4098414706822672e-07
Date_2021-04-24,1.4085264898489663e-07,1.4085264898489663e-07
Date_2014-03-22,1.4084812790718936e-07,1.4084812790718936e-07
Date_2021-03-22,1.4078068721295777e-07,1.4078068721295777e-07
Date_2022-10-22,1.4072258706153498e-07,1.4072258706153498e-07
Date_2020-03-13,1.4068984562243284e-07,1.4068984562243284e-07
Date_2019-10-07,-1.4056529330679718e-07,1.4056529330679718e-07
Date_2013-10-06,-1.4052274961726463e-07,1.4052274961726463e-07
Date_2018-02-03,1.4048553209015964e-07,1.4048553209015964e-07
Date_2019-04-13,1.4043675434414995e-07,1.4043675434414995e-07
Date_2019-03-17,1.4028264832606934e-07,1.4028264832606934e-07
Date_2013-12-29,-1.4009466119431513e-07,1.4009466119431513e-07
Date_2019-11-24,1.398558456439063e-07,1.398558456439063e-07
Date_2018-07-27,1.3984187198508875e-07,1.3984187198508875e-07
Date_2013-10-21,1.3942985290434576e-07,1.3942985290434576e-07
Date_2011-03-25,-1.3938198020904858e-07,1.3938198020904858e-07
Date_2017-02-21,1.3937304681768264e-07,1.3937304681768264e-07
Date_2015-05-01,1.393333179710142e-07,1.393333179710142e-07
Date_2020-01-23,-1.392784136817327e-07,1.392784136817327e-07
Date_2012-10-22,1.3923190820609018e-07,1.3923190820609018e-07
Date_2018-08-25,-1.388845412645255e-07,1.388845412645255e-07
Date_2014-10-30,1.3877881394746764e-07,1.3877881394746764e-07
Date_2022-07-25,1.3872387120244958e-07,1.3872387120244958e-07
Date_2016-03-20,-1.3870857517826147e-07,1.3870857517826147e-07
Date_2012-09-03,-1.3870478014526588e-07,1.3870478014526588e-07
Date_2012-12-25,-1.3868394476365627e-07,1.3868394476365627e-07
Date_2021-12-12,1.3864118689304498e-07,1.3864118689304498e-07
Date_2017-03-28,1.3853167636292535e-07,1.3853167636292535e-07
Date_2019-02-02,-1.3850154782374836e-07,1.3850154782374836e-07
Date_2019-08-25,1.3834502405406724e-07,1.3834502405406724e-07
Date_2021-06-26,1.379855877513903e-07,1.379855877513903e-07
Date_2013-02-13,-1.379581482346102e-07,1.379581482346102e-07
Date_2015-02-21,-1.3793533417026746e-07,1.3793533417026746e-07
Date_2013-09-19,-1.3793336503736116e-07,1.3793336503736116e-07
Date_2020-06-03,1.3790765448545905e-07,1.3790765448545905e-07
Date_2014-08-24,1.378509110741376e-07,1.378509110741376e-07
Date_2022-02-02,1.377761516009961e-07,1.377761516009961e-07
Date_2016-02-07,1.3773533996009135e-07,1.3773533996009135e-07
Date_2020-09-21,1.3737435367255613e-07,1.3737435367255613e-07
Date_2022-05-16,-1.3727562117469114e-07,1.3727562117469114e-07
Date_2010-07-24,1.3727522205665915e-07,1.3727522205665915e-07
Date_2021-09-07,1.3724709324216657e-07,1.3724709324216657e-07
Date_2016-06-29,1.3722499934132067e-07,1.3722499934132067e-07
Date_2018-07-14,-1.3710720986037578e-07,1.3710720986037578e-07
Date_2019-06-24,-1.368207748967799e-07,1.368207748967799e-07
Date_2022-06-13,-1.366842836733465e-07,1.366842836733465e-07
Date_2014-12-04,1.3668028452701122e-07,1.3668028452701122e-07
Date_2019-02-25,-1.36580850979153e-07,1.36580850979153e-07
Date_2012-03-23,1.365638009586686e-07,1.365638009586686e-07
Date_2015-05-21,-1.3649795417771545e-07,1.3649795417771545e-07
Date_2012-08-02,1.3646962755329055e-07,1.3646962755329055e-07
Date_2017-04-15,1.3623993379841374e-07,1.3623993379841374e-07
Date_2022-05-02,-1.3617175650515258e-07,1.3617175650515258e-07
Date_2022-04-16,-1.361652570506008e-07,1.361652570506008e-07
Date_2014-09-19,1.361437509841308e-07,1.361437509841308e-07
Date_2018-05-24,1.360198009332014e-07,1.360198009332014e-07
Date_2019-08-21,-1.3599394647909574e-07,1.3599394647909574e-07
Date_2019-04-26,1.3582372020162825e-07,1.3582372020162825e-07
Date_2022-02-15,-1.3582068218724142e-07,1.3582068218724142e-07
Date_2013-02-17,-1.3580945851693544e-07,1.3580945851693544e-07
Date_2012-11-17,-1.3578313635314927e-07,1.3578313635314927e-07
Date_2013-03-14,-1.3574231783662213e-07,1.3574231783662213e-07
Date_2014-10-08,1.3554421420498139e-07,1.3554421420498139e-07
Date_2012-04-22,-1.3535544923889018e-07,1.3535544923889018e-07
Date_2020-01-14,1.3535252273253225e-07,1.3535252273253225e-07
Date_2011-05-05,1.3535114178639718e-07,1.3535114178639718e-07
Date_2012-07-27,1.3530618180594452e-07,1.3530618180594452e-07
Date_2019-12-02,-1.3523410446558033e-07,1.3523410446558033e-07
Date_2013-01-27,1.3519926414348534e-07,1.3519926414348534e-07
Date_2023-01-29,1.3475661568949347e-07,1.3475661568949347e-07
Date_2012-01-31,-1.3460987165911474e-07,1.3460987165911474e-07
Date_2012-08-07,1.3448817057990362e-07,1.3448817057990362e-07
Date_2011-01-25,-1.3445164731063685e-07,1.3445164731063685e-07
Date_2013-11-17,1.343870254490761e-07,1.343870254490761e-07
Date_2011-01-02,1.343720288125658e-07,1.343720288125658e-07
Date_2021-02-12,-1.3434101244015063e-07,1.3434101244015063e-07
Date_2015-07-02,1.3430004390994944e-07,1.3430004390994944e-07
Date_2018-03-05,-1.3422241861044161e-07,1.3422241861044161e-07
Date_2015-04-12,1.3393519806986023e-07,1.3393519806986023e-07
Date_2012-10-04,1.3390644894489119e-07,1.3390644894489119e-07
Date_2014-06-25,1.3385020121903566e-07,1.3385020121903566e-07
Date_2012-01-09,-1.3383948127142883e-07,1.3383948127142883e-07
Date_2011-07-14,-1.3367681748681327e-07,1.3367681748681327e-07
Date_2015-08-17,1.3357783571435926e-07,1.3357783571435926e-07
Date_2016-08-18,-1.3352443141608117e-07,1.3352443141608117e-07
Date_2017-04-16,-1.334748849521582e-07,1.334748849521582e-07
Date_2016-04-03,1.3345321156075984e-07,1.3345321156075984e-07
Date_2022-01-27,-1.334089727317008e-07,1.334089727317008e-07
Date_2019-07-21,-1.3338242485356677e-07,1.3338242485356677e-07
Date_2013-09-10,-1.3337954659719787e-07,1.3337954659719787e-07
Date_2020-12-24,-1.332847020508547e-07,1.332847020508547e-07
Date_2017-05-17,-1.3322760485562536e-07,1.3322760485562536e-07
Date_2022-02-28,1.3309354382109857e-07,1.3309354382109857e-07
Date_2018-02-18,1.3301546748929557e-07,1.3301546748929557e-07
Date_2016-09-22,-1.3298083334954243e-07,1.3298083334954243e-07
Date_2022-11-10,1.3295466449731932e-07,1.3295466449731932e-07
Date_2015-06-17,1.3292475561300234e-07,1.3292475561300234e-07
Date_2018-06-02,-1.3291707026885092e-07,1.3291707026885092e-07
Date_2013-03-17,-1.3276808149268385e-07,1.3276808149268385e-07
Date_2014-04-05,-1.3274545771257523e-07,1.3274545771257523e-07
Date_2010-08-15,-1.3273602203433422e-07,1.3273602203433422e-07
Date_2013-08-03,-1.3271824206041414e-07,1.3271824206041414e-07
Date_2019-08-28,-1.3270186261168317e-07,1.3270186261168317e-07
Date_2017-12-14,1.3257383426064624e-07,1.3257383426064624e-07
Date_2014-10-06,1.324908673832142e-07,1.324908673832142e-07
Date_2012-10-19,1.319076153316128e-07,1.319076153316128e-07
Date_2019-01-26,-1.3189450654000167e-07,1.3189450654000167e-07
Date_2022-01-30,1.3187457666965216e-07,1.3187457666965216e-07
Date_2013-02-25,-1.3184926804014547e-07,1.3184926804014547e-07
Date_2010-12-17,-1.3182471825207855e-07,1.3182471825207855e-07
Date_2021-07-24,1.316848987226063e-07,1.316848987226063e-07
Date_2019-07-02,-1.3167712792515501e-07,1.3167712792515501e-07
Date_2018-02-04,-1.315115033939839e-07,1.315115033939839e-07
Date_2014-10-20,-1.3147883601223676e-07,1.3147883601223676e-07
Date_2019-03-08,-1.3145269251010503e-07,1.3145269251010503e-07
Date_2011-07-23,-1.3143951848344846e-07,1.3143951848344846e-07
Date_2013-11-09,-1.3126529440066446e-07,1.3126529440066446e-07
Date_2021-01-25,1.312291655019396e-07,1.312291655019396e-07
Date_2013-02-22,1.3116316341640106e-07,1.3116316341640106e-07
Date_2012-03-16,-1.311192690685767e-07,1.311192690685767e-07
Date_2014-06-03,-1.310995999587694e-07,1.310995999587694e-07
Date_2019-07-22,-1.3108377426349648e-07,1.3108377426349648e-07
Date_2016-03-19,-1.3106253455615465e-07,1.3106253455615465e-07
Date_2022-01-24,-1.3106155547928543e-07,1.3106155547928543e-07
Date_2017-03-05,-1.310115187686397e-07,1.310115187686397e-07
Date_2010-06-26,-1.309661895058088e-07,1.309661895058088e-07
Date_2018-06-30,-1.3090125747118346e-07,1.3090125747118346e-07
Date_2022-08-21,1.3081770039445459e-07,1.3081770039445459e-07
Date_2022-03-08,-1.306558228310192e-07,1.306558228310192e-07
Date_2017-04-27,-1.306160017535352e-07,1.306160017535352e-07
Date_2014-05-13,1.306052559406672e-07,1.306052559406672e-07
Date_2016-10-12,1.3035717743436182e-07,1.3035717743436182e-07
Date_2022-02-21,1.302473032939172e-07,1.302473032939172e-07
Date_2012-02-18,1.3020478770144033e-07,1.3020478770144033e-07
Date_2021-11-07,-1.3019053101980058e-07,1.3019053101980058e-07
Date_2010-08-31,1.300527974991127e-07,1.300527974991127e-07
Date_2020-02-03,-1.300218993144136e-07,1.300218993144136e-07
Date_2020-12-27,1.298596876682914e-07,1.298596876682914e-07
Date_2017-06-08,-1.297011191491633e-07,1.297011191491633e-07
Date_2011-10-27,1.296793165935328e-07,1.296793165935328e-07
Date_2021-07-22,-1.296121600716725e-07,1.296121600716725e-07
Date_2017-06-15,1.2960071691883537e-07,1.2960071691883537e-07
Date_2022-09-25,-1.29589836538857e-07,1.29589836538857e-07
Date_2016-01-07,1.2943488520321803e-07,1.2943488520321803e-07
Date_2020-03-15,1.292204743349408e-07,1.292204743349408e-07
Date_2016-01-05,-1.292185856110684e-07,1.292185856110684e-07
Date_2019-10-01,-1.2892665535358688e-07,1.2892665535358688e-07
Date_2016-08-20,1.2890415974710476e-07,1.2890415974710476e-07
Date_2021-09-06,1.2884249970551346e-07,1.2884249970551346e-07
Date_2011-05-06,1.2871045216639977e-07,1.2871045216639977e-07
Date_2023-01-12,1.2866893421981995e-07,1.2866893421981995e-07
Date_2020-07-06,-1.2819033430235016e-07,1.2819033430235016e-07
Date_2017-04-01,-1.277835928784166e-07,1.277835928784166e-07
Date_2020-05-04,-1.2762197688190757e-07,1.2762197688190757e-07
Date_2018-03-14,1.2741324573635546e-07,1.2741324573635546e-07
Date_2014-01-03,-1.273548078823767e-07,1.273548078823767e-07
Date_2018-12-10,-1.2718945675481846e-07,1.2718945675481846e-07
Date_2018-07-28,1.2704865438028969e-07,1.2704865438028969e-07
Date_2018-01-05,-1.2700510002804869e-07,1.2700510002804869e-07
Date_2010-08-26,-1.2686690655572712e-07,1.2686690655572712e-07
Date_2012-07-31,-1.2682456403990397e-07,1.2682456403990397e-07
Date_2019-11-08,-1.2679012460047525e-07,1.2679012460047525e-07
Date_2018-02-21,1.2667619822486106e-07,1.2667619822486106e-07
Date_2014-06-07,-1.2654582279157152e-07,1.2654582279157152e-07
Date_2019-08-10,1.264185757851533e-07,1.264185757851533e-07
Date_2017-12-16,-1.2633568857685422e-07,1.2633568857685422e-07
Date_2020-07-25,1.262833935109693e-07,1.262833935109693e-07
Date_2019-08-03,1.2628089256092382e-07,1.2628089256092382e-07
Date_2019-07-24,-1.261596014303108e-07,1.261596014303108e-07
Date_2014-11-29,1.260990345542807e-07,1.260990345542807e-07
Date_2016-07-20,-1.2596056530516867e-07,1.2596056530516867e-07
Date_2013-12-25,-1.2582796796140192e-07,1.2582796796140192e-07
Date_2019-07-15,-1.2577202662708209e-07,1.2577202662708209e-07
Date_2011-03-17,-1.257644914207421e-07,1.257644914207421e-07
Date_2018-03-13,1.256734227984262e-07,1.256734227984262e-07
Date_2012-04-01,-1.256588774980844e-07,1.256588774980844e-07
Date_2013-07-22,-1.256014448950066e-07,1.256014448950066e-07
Date_2015-05-18,-1.2548918188711046e-07,1.2548918188711046e-07
Date_2021-12-05,1.2542772945217988e-07,1.2542772945217988e-07
Date_2015-03-17,-1.2541629926524327e-07,1.2541629926524327e-07
Date_2013-05-30,1.2541222173918045e-07,1.2541222173918045e-07
Date_2013-09-21,-1.2531858980450046e-07,1.2531858980450046e-07
Date_2010-09-29,1.2530619911033094e-07,1.2530619911033094e-07
Date_2012-01-29,1.2519337653192302e-07,1.2519337653192302e-07
Date_2022-05-08,-1.2519210759062246e-07,1.2519210759062246e-07
Date_2012-10-12,-1.2498849031313623e-07,1.2498849031313623e-07
Date_2021-09-20,1.2463452877978596e-07,1.2463452877978596e-07
Date_2020-04-04,-1.2453722783408714e-07,1.2453722783408714e-07
Date_2014-02-04,1.2437020358449476e-07,1.2437020358449476e-07
Date_2016-10-10,-1.2434972530748101e-07,1.2434972530748101e-07
Date_2011-06-29,1.2427745134405747e-07,1.2427745134405747e-07
Date_2014-01-25,1.2425219080397757e-07,1.2425219080397757e-07
Date_2012-04-09,-1.2423942205116833e-07,1.2423942205116833e-07
Date_2016-11-27,1.2417462982250924e-07,1.2417462982250924e-07
Date_2012-12-05,1.2408598667098164e-07,1.2408598667098164e-07
Date_2015-10-26,-1.2407258955071578e-07,1.2407258955071578e-07
Date_2015-03-02,1.2401881921973882e-07,1.2401881921973882e-07
Date_2021-02-14,1.2389220156236455e-07,1.2389220156236455e-07
Date_2016-07-16,-1.238507533967044e-07,1.238507533967044e-07
Date_2014-01-08,1.2383643034327519e-07,1.2383643034327519e-07
Date_2019-07-19,-1.2380570377832706e-07,1.2380570377832706e-07
Date_2016-12-01,-1.2378453051632435e-07,1.2378453051632435e-07
Date_2020-08-20,1.2374467414460725e-07,1.2374467414460725e-07
Date_2012-05-26,1.2363049392433137e-07,1.2363049392433137e-07
Date_2012-07-17,1.2355096384165028e-07,1.2355096384165028e-07
Date_2014-08-20,1.2354879824330074e-07,1.2354879824330074e-07
Date_2010-07-29,1.2353400766240922e-07,1.2353400766240922e-07
Date_2021-04-20,1.2352597175898635e-07,1.2352597175898635e-07
Date_2023-01-26,1.234762197294196e-07,1.234762197294196e-07
Date_2015-02-02,1.2345163652502248e-07,1.2345163652502248e-07
Date_2019-03-09,1.2336226480912745e-07,1.2336226480912745e-07
Date_2011-12-30,1.2334197120428568e-07,1.2334197120428568e-07
Date_2013-04-19,1.2328538077532548e-07,1.2328538077532548e-07
Date_2018-04-22,-1.2315964119196688e-07,1.2315964119196688e-07
Date_2021-10-23,-1.2311082817035572e-07,1.2311082817035572e-07
Date_2016-03-30,1.2308672328030596e-07,1.2308672328030596e-07
Date_2020-07-04,1.230858646108256e-07,1.230858646108256e-07
Date_2019-03-01,1.2302825416586803e-07,1.2302825416586803e-07
Date_2022-08-29,-1.2300944473965139e-07,1.2300944473965139e-07
Date_2022-12-18,1.2298048074705725e-07,1.2298048074705725e-07
Date_2020-03-12,1.2295577891704974e-07,1.2295577891704974e-07
Date_2012-11-22,1.2293454867874538e-07,1.2293454867874538e-07
Date_2019-12-03,-1.2290541615933857e-07,1.2290541615933857e-07
Date_2017-09-06,1.228544572966651e-07,1.228544572966651e-07
Date_2015-09-11,1.2276542877692294e-07,1.2276542877692294e-07
Date_2019-06-14,1.2262063442647926e-07,1.2262063442647926e-07
Date_2016-05-20,1.2259572036790035e-07,1.2259572036790035e-07
Date_2021-05-10,-1.2254631422467646e-07,1.2254631422467646e-07
Date_2020-06-18,-1.2246542117097826e-07,1.2246542117097826e-07
Date_2011-12-19,-1.2229457175168073e-07,1.2229457175168073e-07
Date_2016-12-15,1.222914205393334e-07,1.222914205393334e-07
Date_2017-03-14,-1.222021000801443e-07,1.222021000801443e-07
Date_2022-12-12,-1.2215731867612194e-07,1.2215731867612194e-07
Date_2013-09-24,-1.2214126458085267e-07,1.2214126458085267e-07
Date_2016-12-07,1.2200134112803517e-07,1.2200134112803517e-07
Date_2018-10-25,1.2188032201587634e-07,1.2188032201587634e-07
Date_2012-07-24,-1.2177113765534688e-07,1.2177113765534688e-07
Date_2010-11-19,1.217704829507644e-07,1.217704829507644e-07
Date_2016-08-27,1.2161877896194982e-07,1.2161877896194982e-07
Date_2021-04-09,1.2159079217085423e-07,1.2159079217085423e-07
Date_2013-12-23,-1.215635630988559e-07,1.215635630988559e-07
Date_2014-10-27,-1.2149745227165569e-07,1.2149745227165569e-07
Date_2015-07-20,-1.2145092972526415e-07,1.2145092972526415e-07
Date_2016-02-23,-1.2142454140894512e-07,1.2142454140894512e-07
Date_2010-09-09,1.21379443274552e-07,1.21379443274552e-07
Date_2016-08-06,-1.2127698426649123e-07,1.2127698426649123e-07
Date_2016-06-19,-1.212723020997144e-07,1.212723020997144e-07
Date_2011-12-16,1.2125861985833672e-07,1.2125861985833672e-07
Date_2017-11-06,1.2085430645480214e-07,1.2085430645480214e-07
Date_2020-01-30,-1.2082412229632997e-07,1.2082412229632997e-07
Date_2019-07-16,-1.2076150394017952e-07,1.2076150394017952e-07
Date_2020-11-30,1.2066248129953785e-07,1.2066248129953785e-07
Date_2014-04-02,-1.2066006136335837e-07,1.2066006136335837e-07
Date_2020-11-29,1.2060710692507475e-07,1.2060710692507475e-07
Date_2018-12-26,1.2057928769829382e-07,1.2057928769829382e-07
Date_2016-01-29,1.2055634616337166e-07,1.2055634616337166e-07
Date_2016-10-08,1.2042248062731055e-07,1.2042248062731055e-07
Date_2020-12-04,-1.2036344173783e-07,1.2036344173783e-07
Date_2019-11-13,1.2025399343338792e-07,1.2025399343338792e-07
Date_2021-09-04,-1.2025203915563663e-07,1.2025203915563663e-07
Date_2020-11-24,1.20153892252062e-07,1.20153892252062e-07
Date_2020-09-24,-1.201448774284966e-07,1.201448774284966e-07
Date_2021-06-21,1.2010238213517577e-07,1.2010238213517577e-07
Date_2014-04-19,-1.1997516757531133e-07,1.1997516757531133e-07
Date_2019-10-11,1.1997502493773244e-07,1.1997502493773244e-07
Date_2022-05-03,-1.1992410759798803e-07,1.1992410759798803e-07
Date_2011-06-27,1.1979707098950155e-07,1.1979707098950155e-07
Date_2012-10-24,-1.1975938472114474e-07,1.1975938472114474e-07
Date_2020-04-15,1.1969675863677514e-07,1.1969675863677514e-07
Date_2017-01-24,-1.196363768104914e-07,1.196363768104914e-07
Date_2013-07-10,1.1957543953667466e-07,1.1957543953667466e-07
Date_2016-09-02,1.195502206412818e-07,1.195502206412818e-07
Date_2014-07-03,1.195043576119998e-07,1.195043576119998e-07
Date_2018-11-23,-1.1947451764124362e-07,1.1947451764124362e-07
Date_2011-11-07,-1.1946838225927232e-07,1.1946838225927232e-07
Date_2013-06-09,1.1941617808285295e-07,1.1941617808285295e-07
Date_2022-02-24,-1.1930988978848637e-07,1.1930988978848637e-07
Date_2011-09-02,-1.1927881388879154e-07,1.1927881388879154e-07
Date_2017-02-20,-1.1895868971988958e-07,1.1895868971988958e-07
Date_2021-05-16,-1.1890409175126811e-07,1.1890409175126811e-07
Date_2018-09-13,1.1890257500717536e-07,1.1890257500717536e-07
Date_2014-06-29,1.1885246758291424e-07,1.1885246758291424e-07
Date_2012-04-03,1.187817611429883e-07,1.187817611429883e-07
Date_2019-01-27,-1.1875889618926537e-07,1.1875889618926537e-07
Date_2011-08-15,-1.1874276881692279e-07,1.1874276881692279e-07
Date_2020-04-24,1.1872192986940157e-07,1.1872192986940157e-07
Date_2019-05-31,1.1870703036397164e-07,1.1870703036397164e-07
Date_2021-06-29,-1.1868777276810809e-07,1.1868777276810809e-07
Date_2015-11-23,1.1867857372712528e-07,1.1867857372712528e-07
Date_2016-06-25,1.1855388176707028e-07,1.1855388176707028e-07
Date_2013-12-13,-1.1849950578214346e-07,1.1849950578214346e-07
Date_2014-11-26,-1.1838267611517178e-07,1.1838267611517178e-07
Date_2016-01-13,1.1835938113682285e-07,1.1835938113682285e-07
Date_2017-03-22,-1.183557716812065e-07,1.183557716812065e-07
Date_2015-11-10,-1.183288612789231e-07,1.183288612789231e-07
Date_2012-01-26,1.1830289621435246e-07,1.1830289621435246e-07
Date_2014-09-24,1.1823411277497122e-07,1.1823411277497122e-07
Date_2015-01-26,1.1808409343259775e-07,1.1808409343259775e-07
Date_2020-12-22,-1.1804333351444578e-07,1.1804333351444578e-07
Date_2017-11-01,-1.1793055383353911e-07,1.1793055383353911e-07
Date_2012-05-11,1.1784562307956788e-07,1.1784562307956788e-07
Date_2010-07-11,-1.1783474832680495e-07,1.1783474832680495e-07
Date_2019-02-23,1.1769147705705127e-07,1.1769147705705127e-07
Date_2010-08-20,1.1757972150088653e-07,1.1757972150088653e-07
Date_2015-06-02,-1.1722553302467364e-07,1.1722553302467364e-07
Date_2012-12-07,-1.1700993151476616e-07,1.1700993151476616e-07
Date_2019-03-02,-1.1676184259354118e-07,1.1676184259354118e-07
Date_2018-07-09,1.16753709707953e-07,1.16753709707953e-07
Date_2011-05-16,-1.1669540893735273e-07,1.1669540893735273e-07
Date_2021-12-29,-1.1665329269037776e-07,1.1665329269037776e-07
Date_2012-04-07,1.1656147882404606e-07,1.1656147882404606e-07
Date_2022-09-10,-1.1653712016445594e-07,1.1653712016445594e-07
Date_2021-10-21,-1.1650278225136827e-07,1.1650278225136827e-07
Date_2016-12-08,1.1648399566683355e-07,1.1648399566683355e-07
Date_2018-03-09,-1.1635630637794769e-07,1.1635630637794769e-07
Date_2011-12-22,1.1632811859985554e-07,1.1632811859985554e-07
Date_2011-11-12,1.1628732057092608e-07,1.1628732057092608e-07
Date_2011-11-01,1.162854525036307e-07,1.162854525036307e-07
Date_2021-02-26,-1.1626296122016774e-07,1.1626296122016774e-07
Date_2014-05-26,1.162233427222823e-07,1.162233427222823e-07
Date_2015-07-18,-1.1622215043563406e-07,1.1622215043563406e-07
Date_2021-01-30,1.1621935085246757e-07,1.1621935085246757e-07
Date_2016-03-28,1.1616500515232882e-07,1.1616500515232882e-07
Date_2018-01-06,1.1616428187998962e-07,1.1616428187998962e-07
Date_2018-10-04,-1.1590412997322038e-07,1.1590412997322038e-07
Date_2010-07-07,-1.1589426798148886e-07,1.1589426798148886e-07
Date_2015-08-27,-1.1581622336858758e-07,1.1581622336858758e-07
Date_2021-02-13,-1.1575574840210682e-07,1.1575574840210682e-07
Date_2011-02-24,1.1572242364586611e-07,1.1572242364586611e-07
Date_2021-11-14,1.1565489025317169e-07,1.1565489025317169e-07
Date_2012-06-13,-1.155765025823735e-07,1.155765025823735e-07
Date_2018-08-11,-1.1550572583262176e-07,1.1550572583262176e-07
Date_2015-11-16,-1.1549109748063539e-07,1.1549109748063539e-07
Date_2022-10-21,1.153477671166934e-07,1.153477671166934e-07
Date_2020-09-08,1.1523854769915428e-07,1.1523854769915428e-07
Date_2012-08-19,-1.1521441106419349e-07,1.1521441106419349e-07
Date_2011-07-20,-1.150092133823198e-07,1.150092133823198e-07
Date_2010-10-08,1.1499270572118318e-07,1.1499270572118318e-07
Date_2020-02-10,-1.149750258009858e-07,1.149750258009858e-07
Date_2021-08-20,-1.149714447193386e-07,1.149714447193386e-07
Date_2020-07-18,1.1491941017043583e-07,1.1491941017043583e-07
Date_2021-03-17,-1.1489750915864242e-07,1.1489750915864242e-07
Date_2013-01-25,-1.1487453262628594e-07,1.1487453262628594e-07
Date_2021-11-27,-1.1484170150540236e-07,1.1484170150540236e-07
Date_2015-12-09,1.1480161549363078e-07,1.1480161549363078e-07
Date_2011-03-03,-1.1471259192503514e-07,1.1471259192503514e-07
Date_2013-05-25,1.1460792316800826e-07,1.1460792316800826e-07
Date_2021-07-28,-1.1446270161978478e-07,1.1446270161978478e-07
Date_2011-10-11,1.1437017394845902e-07,1.1437017394845902e-07
Date_2013-03-26,-1.1431828391677851e-07,1.1431828391677851e-07
Date_2014-12-30,-1.1412713289686545e-07,1.1412713289686545e-07
Date_2018-07-03,1.1405596137647302e-07,1.1405596137647302e-07
Date_2015-03-05,-1.1404783568796152e-07,1.1404783568796152e-07
Date_2021-01-08,-1.1398477055871565e-07,1.1398477055871565e-07
Date_2017-12-25,1.1397634904351436e-07,1.1397634904351436e-07
Date_2011-06-14,1.139747300575344e-07,1.139747300575344e-07
Date_2011-05-03,-1.1388216514824332e-07,1.1388216514824332e-07
Date_2020-09-14,-1.1384108388640172e-07,1.1384108388640172e-07
Date_2017-03-02,1.1375724100675755e-07,1.1375724100675755e-07
Date_2014-11-11,1.1345257960300682e-07,1.1345257960300682e-07
Date_2015-06-05,1.1337268200054021e-07,1.1337268200054021e-07
Date_2019-12-04,1.1333231829386137e-07,1.1333231829386137e-07
Date_2016-12-24,-1.1326913968381492e-07,1.1326913968381492e-07
Date_2015-08-02,-1.1325604035296258e-07,1.1325604035296258e-07
Date_2010-10-14,1.1324731535642716e-07,1.1324731535642716e-07
Date_2012-01-05,1.1323852794730091e-07,1.1323852794730091e-07
Date_2011-01-15,-1.1322874194674017e-07,1.1322874194674017e-07
Date_2020-03-26,-1.1311506832423045e-07,1.1311506832423045e-07
Date_2011-07-26,-1.1306805856056856e-07,1.1306805856056856e-07
Date_2022-11-01,-1.1301623593350296e-07,1.1301623593350296e-07
Date_2022-07-15,-1.1299508609593282e-07,1.1299508609593282e-07
Date_2021-09-24,-1.1284402150011841e-07,1.1284402150011841e-07
Date_2011-01-13,-1.1281963973963198e-07,1.1281963973963198e-07
Date_2020-12-23,-1.128083041807646e-07,1.128083041807646e-07
Date_2022-04-20,-1.1280772199840969e-07,1.1280772199840969e-07
Date_2018-01-15,1.1279618419844144e-07,1.1279618419844144e-07
Date_2016-10-19,-1.125003452865535e-07,1.125003452865535e-07
Date_2018-02-23,1.1241187520972324e-07,1.1241187520972324e-07
Date_2011-04-13,-1.123969520930507e-07,1.123969520930507e-07
Date_2016-11-15,1.1236985058495617e-07,1.1236985058495617e-07
Date_2019-08-26,1.1234474438360161e-07,1.1234474438360161e-07
Date_2020-12-25,-1.1229314948862137e-07,1.1229314948862137e-07
Date_2013-05-01,1.1225345628978747e-07,1.1225345628978747e-07
Date_2020-08-12,1.1223663549715395e-07,1.1223663549715395e-07
Date_2016-09-29,-1.1215301955445052e-07,1.1215301955445052e-07
Date_2020-07-22,1.1211891129708406e-07,1.1211891129708406e-07
Date_2012-06-22,1.121036631588167e-07,1.121036631588167e-07
Date_2020-06-16,1.119976964589467e-07,1.119976964589467e-07
Date_2010-08-28,1.1186070691578666e-07,1.1186070691578666e-07
Date_2013-08-15,1.1185849964738677e-07,1.1185849964738677e-07
Date_2014-02-23,-1.1171851013513708e-07,1.1171851013513708e-07
Date_2020-01-16,1.1162610849941938e-07,1.1162610849941938e-07
Date_2016-02-11,1.1161674647082773e-07,1.1161674647082773e-07
Date_2018-10-27,-1.1148484308221348e-07,1.1148484308221348e-07
Date_2019-07-29,1.1148153062450157e-07,1.1148153062450157e-07
Date_2015-09-08,1.1143795799425553e-07,1.1143795799425553e-07
Date_2022-01-21,1.114233332954198e-07,1.114233332954198e-07
Date_2019-05-10,1.1142098927984558e-07,1.1142098927984558e-07
Date_2011-03-08,-1.1140418642363018e-07,1.1140418642363018e-07
Date_2014-03-15,1.1135860545952138e-07,1.1135860545952138e-07
Date_2018-04-14,1.1127301401574087e-07,1.1127301401574087e-07
Date_2021-07-04,-1.1116534464889089e-07,1.1116534464889089e-07
Date_2016-11-13,-1.1116270479446703e-07,1.1116270479446703e-07
Date_2019-03-21,-1.1115344136389482e-07,1.1115344136389482e-07
Date_2011-02-28,1.1108421623972126e-07,1.1108421623972126e-07
Date_2022-08-11,1.1108279532514528e-07,1.1108279532514528e-07
Date_2018-10-21,1.1105780842176486e-07,1.1105780842176486e-07
Date_2015-12-01,1.1097893851048581e-07,1.1097893851048581e-07
Date_2013-01-20,1.1093116097199843e-07,1.1093116097199843e-07
Date_2021-12-09,1.1088004218192542e-07,1.1088004218192542e-07
Date_2021-05-18,1.1075928911848025e-07,1.1075928911848025e-07
Date_2019-01-16,1.1063056574134575e-07,1.1063056574134575e-07
Date_2019-10-04,1.1053637344022131e-07,1.1053637344022131e-07
Date_2012-11-12,1.1038671927421585e-07,1.1038671927421585e-07
Date_2020-10-13,1.1027093091312576e-07,1.1027093091312576e-07
Date_2017-11-23,-1.1020309210503459e-07,1.1020309210503459e-07
Date_2022-03-21,-1.1019801069494449e-07,1.1019801069494449e-07
Date_2017-11-20,-1.101597734441471e-07,1.101597734441471e-07
Date_2011-05-19,1.1012283987502752e-07,1.1012283987502752e-07
Date_2011-12-24,1.101013886189019e-07,1.101013886189019e-07
Date_2017-10-26,-1.1006757020229371e-07,1.1006757020229371e-07
Date_2014-02-19,-1.1002506854039835e-07,1.1002506854039835e-07
Date_2018-01-01,-1.10023886496499e-07,1.10023886496499e-07
Date_2014-11-07,1.1002270149730533e-07,1.1002270149730533e-07
Date_2011-11-24,1.1000827743277932e-07,1.1000827743277932e-07
Date_2016-06-15,-1.0986131381131729e-07,1.0986131381131729e-07
Date_2016-06-22,-1.098285961557809e-07,1.098285961557809e-07
Date_2017-06-27,1.0978250274734867e-07,1.0978250274734867e-07
Date_2022-12-25,-1.0974561571399859e-07,1.0974561571399859e-07
Date_2013-04-17,-1.097163649579197e-07,1.097163649579197e-07
Date_2016-02-20,1.0969892863445475e-07,1.0969892863445475e-07
Date_2016-02-16,1.0967151986842121e-07,1.0967151986842121e-07
Date_2019-10-22,1.0955268938182943e-07,1.0955268938182943e-07
Date_2012-11-14,1.0954662170334423e-07,1.0954662170334423e-07
Date_2019-04-22,1.0935254111040776e-07,1.0935254111040776e-07
Date_2017-02-18,-1.093476875532428e-07,1.093476875532428e-07
Date_2013-06-26,-1.0934732744160611e-07,1.0934732744160611e-07
Date_2014-05-01,-1.0928792339026053e-07,1.0928792339026053e-07
Date_2021-02-17,-1.0915245250814274e-07,1.0915245250814274e-07
Date_2021-11-24,-1.0909914800129187e-07,1.0909914800129187e-07
Date_2019-09-01,-1.0907677308654584e-07,1.0907677308654584e-07
Date_2012-06-19,-1.0906957895857987e-07,1.0906957895857987e-07
Date_2013-07-23,1.090675180951344e-07,1.090675180951344e-07
Date_2013-08-31,1.0904812981198896e-07,1.0904812981198896e-07
Date_2012-01-17,-1.0904348779678276e-07,1.0904348779678276e-07
Date_2013-08-06,1.0904281016207718e-07,1.0904281016207718e-07
Date_2013-06-21,-1.0903900725165677e-07,1.0903900725165677e-07
Date_2011-11-18,-1.0897212200471847e-07,1.0897212200471847e-07
Date_2018-07-24,-1.0894209397101377e-07,1.0894209397101377e-07
Date_2019-11-02,1.0886985740634049e-07,1.0886985740634049e-07
Date_2013-10-18,-1.0884688496906428e-07,1.0884688496906428e-07
Date_2019-07-14,1.0868949333395353e-07,1.0868949333395353e-07
Date_2023-01-07,-1.0867296405719583e-07,1.0867296405719583e-07
Date_2022-04-06,1.0866068423022054e-07,1.0866068423022054e-07
Date_2018-07-23,1.0865576280926585e-07,1.0865576280926585e-07
Date_2013-09-04,1.0864473982767239e-07,1.0864473982767239e-07
Date_2015-11-30,-1.0864408354606458e-07,1.0864408354606458e-07
Date_2014-06-06,-1.086330619441115e-07,1.086330619441115e-07
Date_2015-02-20,1.0853262634635271e-07,1.0853262634635271e-07
Date_2022-11-04,1.0847694367267225e-07,1.0847694367267225e-07
Date_2014-05-15,-1.0839846226200387e-07,1.0839846226200387e-07
Date_2018-11-13,1.0835500393753423e-07,1.0835500393753423e-07
Date_2016-10-13,-1.0827727976921069e-07,1.0827727976921069e-07
Date_2018-05-21,1.082010967059494e-07,1.082010967059494e-07
Date_2019-04-11,-1.081943513932692e-07,1.081943513932692e-07
Date_2017-05-06,-1.0818322157397773e-07,1.0818322157397773e-07
Date_2020-05-23,-1.081642338915802e-07,1.081642338915802e-07
Date_2022-10-10,-1.0811047776461605e-07,1.0811047776461605e-07
Date_2013-04-05,-1.0810901374658606e-07,1.0810901374658606e-07
Date_2018-03-02,1.0809575817035643e-07,1.0809575817035643e-07
Date_2011-03-14,-1.0769341152513594e-07,1.0769341152513594e-07
Date_2016-11-01,-1.0767455014324177e-07,1.0767455014324177e-07
Date_2017-07-24,-1.076300440906045e-07,1.076300440906045e-07
Date_2014-05-14,1.0754726360131787e-07,1.0754726360131787e-07
Date_2017-02-17,-1.0752378901543318e-07,1.0752378901543318e-07
Date_2020-09-09,-1.0740411584361504e-07,1.0740411584361504e-07
Date_2022-10-07,1.0732217230980144e-07,1.0732217230980144e-07
Date_2014-05-03,1.0727045440946917e-07,1.0727045440946917e-07
Date_2013-10-20,1.0724756039932377e-07,1.0724756039932377e-07
Date_2018-07-18,-1.071520325268709e-07,1.071520325268709e-07
Date_2016-05-09,-1.0711124015391152e-07,1.0711124015391152e-07
Date_2016-01-31,1.0707708956060082e-07,1.0707708956060082e-07
Date_2016-11-19,-1.069761918174943e-07,1.069761918174943e-07
Date_2022-12-15,1.069600069235768e-07,1.069600069235768e-07
Date_2012-09-01,1.0695309419549849e-07,1.0695309419549849e-07
Date_2013-05-15,1.0686229632601215e-07,1.0686229632601215e-07
Date_2011-02-27,1.068210550728148e-07,1.068210550728148e-07
Date_2019-02-01,-1.0679813292313621e-07,1.0679813292313621e-07
Date_2013-11-20,1.0676962154300692e-07,1.0676962154300692e-07
Date_2018-11-15,-1.0669900380751809e-07,1.0669900380751809e-07
Date_2011-12-08,1.066259917432404e-07,1.066259917432404e-07
Date_2014-12-19,1.0661477492235806e-07,1.0661477492235806e-07
Date_2012-02-13,1.0661407772654655e-07,1.0661407772654655e-07
Date_2015-02-09,-1.0656835988428445e-07,1.0656835988428445e-07
Date_2011-03-16,1.0639695668024846e-07,1.0639695668024846e-07
Date_2011-01-29,1.0634206261043667e-07,1.0634206261043667e-07
Date_2010-09-25,1.0631803089141668e-07,1.0631803089141668e-07
Date_2018-10-11,-1.062210322088226e-07,1.062210322088226e-07
Date_2022-08-19,-1.0611728912952112e-07,1.0611728912952112e-07
Date_2016-08-10,1.0607824634729307e-07,1.0607824634729307e-07
Date_2016-05-25,1.059841870248388e-07,1.059841870248388e-07
Date_2022-09-17,-1.0571641101950788e-07,1.0571641101950788e-07
Date_2016-04-20,1.05668252917868e-07,1.05668252917868e-07
Date_2022-07-21,-1.0565740919801635e-07,1.0565740919801635e-07
Date_2016-11-30,1.056458967862768e-07,1.056458967862768e-07
Date_2022-09-04,1.0547304635883502e-07,1.0547304635883502e-07
Date_2014-01-26,-1.0545778166101173e-07,1.0545778166101173e-07
Date_2017-05-23,-1.0536593632227582e-07,1.0536593632227582e-07
Date_2012-09-08,1.0534389464413144e-07,1.0534389464413144e-07
Date_2019-07-07,-1.0531745463046377e-07,1.0531745463046377e-07
Date_2014-06-19,1.052325242362341e-07,1.052325242362341e-07
Date_2020-10-11,-1.0522912071665248e-07,1.0522912071665248e-07
Date_2017-11-19,1.0522516720691461e-07,1.0522516720691461e-07
Date_2010-06-16,1.0521725299831582e-07,1.0521725299831582e-07
Date_2010-06-23,1.0520481164735634e-07,1.0520481164735634e-07
Date_2015-09-27,-1.0511219355673048e-07,1.0511219355673048e-07
Date_2021-10-30,1.0510810683722432e-07,1.0510810683722432e-07
Date_2021-08-14,-1.0507628887762107e-07,1.0507628887762107e-07
Date_2011-01-22,-1.050753756590313e-07,1.050753756590313e-07
Date_2012-12-01,-1.0506367710428749e-07,1.0506367710428749e-07
Date_2019-01-28,1.0499349440172558e-07,1.0499349440172558e-07
Date_2021-01-19,-1.0495053571976142e-07,1.0495053571976142e-07
Date_2016-11-03,-1.0491528403186862e-07,1.0491528403186862e-07
Date_2014-05-05,1.0487258863862532e-07,1.0487258863862532e-07
Date_2017-12-03,-1.0476438399851168e-07,1.0476438399851168e-07
Date_2013-12-04,1.0474006968687807e-07,1.0474006968687807e-07
Date_2013-04-28,1.0452116290917574e-07,1.0452116290917574e-07
Date_2011-03-04,-1.0450669887917981e-07,1.0450669887917981e-07
Date_2018-07-12,-1.0447377117504459e-07,1.0447377117504459e-07
Date_2013-08-11,-1.043912168820993e-07,1.043912168820993e-07
Date_2018-03-07,-1.043835680809511e-07,1.043835680809511e-07
Date_2017-09-05,1.0435915574524035e-07,1.0435915574524035e-07
Date_2018-09-16,-1.0432166708836744e-07,1.0432166708836744e-07
Date_2014-07-05,1.0428302527591344e-07,1.0428302527591344e-07
Date_2013-11-16,1.0427986654471997e-07,1.0427986654471997e-07
Date_2018-09-06,1.0421966729627101e-07,1.0421966729627101e-07
Date_2012-07-28,1.0421443833380168e-07,1.0421443833380168e-07
Date_2015-08-03,1.041543423267964e-07,1.041543423267964e-07
Date_2017-02-15,-1.0414635491595619e-07,1.0414635491595619e-07
Date_2016-08-29,1.0411252912721042e-07,1.0411252912721042e-07
Date_2012-07-23,1.0404266749536932e-07,1.0404266749536932e-07
Date_2019-08-17,-1.0402705599425005e-07,1.0402705599425005e-07
Date_2011-08-29,-1.0396258825061375e-07,1.0396258825061375e-07
Date_2013-08-26,1.0396210720357601e-07,1.0396210720357601e-07
Date_2020-01-24,-1.0392937529071444e-07,1.0392937529071444e-07
Date_2020-03-09,1.0383191435099852e-07,1.0383191435099852e-07
Date_2021-08-13,-1.0380766002304081e-07,1.0380766002304081e-07
Date_2016-12-03,1.0372898712209905e-07,1.0372898712209905e-07
Date_2015-07-04,-1.0372288726941549e-07,1.0372288726941549e-07
Date_2012-06-30,1.0358347777932987e-07,1.0358347777932987e-07
Date_2022-08-28,1.0354835835021931e-07,1.0354835835021931e-07
Date_2017-04-06,1.0352497803046981e-07,1.0352497803046981e-07
Date_2010-09-08,-1.0350906086384251e-07,1.0350906086384251e-07
Date_2013-02-03,1.0339667096104144e-07,1.0339667096104144e-07
Date_2016-02-21,1.0335596268061062e-07,1.0335596268061062e-07
Date_2012-07-08,1.0329581125395372e-07,1.0329581125395372e-07
Date_2013-10-03,-1.0329508599702222e-07,1.0329508599702222e-07
Date_2017-03-01,1.0323232700257359e-07,1.0323232700257359e-07
Date_2013-08-04,-1.03196215488646e-07,1.03196215488646e-07
Date_2015-08-11,1.0314506774236365e-07,1.0314506774236365e-07
Date_2013-04-18,-1.03070064163537e-07,1.03070064163537e-07
Date_2013-04-16,1.0304097781329304e-07,1.0304097781329304e-07
Date_2011-04-03,1.0292685972435794e-07,1.0292685972435794e-07
Date_2016-11-29,-1.0283694924803525e-07,1.0283694924803525e-07
Date_2022-03-15,-1.0276805117103637e-07,1.0276805117103637e-07
Date_2013-07-16,1.0268687565041766e-07,1.0268687565041766e-07
Date_2014-06-20,-1.0265053940231023e-07,1.0265053940231023e-07
Date_2022-07-28,-1.0264638020822716e-07,1.0264638020822716e-07
Date_2014-05-06,-1.0262252728744996e-07,1.0262252728744996e-07
Date_2017-11-05,-1.0249379611750803e-07,1.0249379611750803e-07
Date_2015-04-14,1.0241883322337072e-07,1.0241883322337072e-07
Date_2017-06-13,1.0239372265818164e-07,1.0239372265818164e-07
Date_2010-10-03,1.023722844861295e-07,1.023722844861295e-07
Date_2014-02-09,1.023602124724081e-07,1.023602124724081e-07
Date_2013-04-29,1.0233800328485595e-07,1.0233800328485595e-07
Date_2013-06-23,1.0222010432513939e-07,1.0222010432513939e-07
Date_2015-06-18,1.0220517483165443e-07,1.0220517483165443e-07
Date_2011-06-22,1.0215283321039427e-07,1.0215283321039427e-07
Date_2014-04-15,-1.0214010661621756e-07,1.0214010661621756e-07
Date_2014-04-18,-1.020911039422197e-07,1.020911039422197e-07
Date_2016-11-05,1.0182037626186961e-07,1.0182037626186961e-07
Date_2022-10-29,1.0178705487939808e-07,1.0178705487939808e-07
Date_2020-02-05,1.0170150949326907e-07,1.0170150949326907e-07
Date_2016-10-20,-1.0164190973159434e-07,1.0164190973159434e-07
Date_2021-03-21,1.0160870006842409e-07,1.0160870006842409e-07
Date_2010-07-08,1.0150131183794221e-07,1.0150131183794221e-07
Date_2011-05-22,1.0149739207209948e-07,1.0149739207209948e-07
Date_2010-11-20,-1.0147741534159358e-07,1.0147741534159358e-07
Date_2021-04-28,1.0146083865920518e-07,1.0146083865920518e-07
Date_2016-09-03,-1.0140314926632137e-07,1.0140314926632137e-07
Date_2012-03-06,-1.0139663042330305e-07,1.0139663042330305e-07
Date_2015-09-12,1.0131055808617569e-07,1.0131055808617569e-07
Date_2021-08-29,-1.0130767250165158e-07,1.0130767250165158e-07
Date_2011-07-02,1.012774127954819e-07,1.012774127954819e-07
Date_2017-09-02,1.0119474992101219e-07,1.0119474992101219e-07
Date_2013-12-05,-1.0116391834772575e-07,1.0116391834772575e-07
Date_2017-07-13,-1.0101367626474839e-07,1.0101367626474839e-07
Date_2013-10-19,1.0100662786488624e-07,1.0100662786488624e-07
Date_2022-09-14,-1.0099024522285839e-07,1.0099024522285839e-07
Date_2021-10-15,-1.0096452742062304e-07,1.0096452742062304e-07
Date_2021-01-10,1.0084735409213425e-07,1.0084735409213425e-07
Date_2021-05-15,-1.0082900024484163e-07,1.0082900024484163e-07
Date_2014-05-04,1.0079302929736851e-07,1.0079302929736851e-07
Date_2014-08-23,-1.0069265579612588e-07,1.0069265579612588e-07
Date_2014-10-22,1.0060380457005383e-07,1.0060380457005383e-07
Date_2013-10-02,-1.0058893494310037e-07,1.0058893494310037e-07
Date_2012-08-11,1.0045547733669575e-07,1.0045547733669575e-07
Date_2019-04-02,-1.003696686698468e-07,1.003696686698468e-07
Date_2021-12-03,1.0032910673284377e-07,1.0032910673284377e-07
Date_2013-06-08,-1.0027242489443679e-07,1.0027242489443679e-07
Date_2022-09-23,-1.00256388977999e-07,1.00256388977999e-07
Date_2013-09-08,1.0018239570496091e-07,1.0018239570496091e-07
Date_2014-09-18,-1.001710215294236e-07,1.001710215294236e-07
Date_2011-04-26,1.0006701574989786e-07,1.0006701574989786e-07
Date_2011-09-14,-9.999972990417389e-08,9.999972990417389e-08
Date_2021-04-15,9.995093092117061e-08,9.995093092117061e-08
Date_2017-08-31,-9.993243042613498e-08,9.993243042613498e-08
Date_2019-06-05,9.986753878427077e-08,9.986753878427077e-08
Date_2020-07-23,-9.98586811268618e-08,9.98586811268618e-08
Date_2019-11-25,-9.97359416691316e-08,9.97359416691316e-08
Date_2012-09-19,-9.963698342809232e-08,9.963698342809232e-08
Date_2020-08-06,9.951817018485986e-08,9.951817018485986e-08
Date_2020-08-28,9.951741322785364e-08,9.951741322785364e-08
Date_2013-12-19,-9.940016011893195e-08,9.940016011893195e-08
Date_2016-06-11,-9.927741833059563e-08,9.927741833059563e-08
Date_2012-03-05,-9.926903490266855e-08,9.926903490266855e-08
Date_2017-06-11,-9.926525686976244e-08,9.926525686976244e-08
Date_2016-01-01,-9.914291335762585e-08,9.914291335762585e-08
Date_2015-10-06,9.912540514354617e-08,9.912540514354617e-08
Date_2013-08-16,-9.909127256212711e-08,9.909127256212711e-08
Date_2015-09-16,9.906249275607592e-08,9.906249275607592e-08
Date_2018-12-19,9.905854275355981e-08,9.905854275355981e-08
Date_2016-05-18,9.904068360735662e-08,9.904068360735662e-08
Date_2016-01-04,9.896298769258172e-08,9.896298769258172e-08
Date_2019-09-22,9.896060237514782e-08,9.896060237514782e-08
Date_2020-09-05,-9.873040465200379e-08,9.873040465200379e-08
Date_2011-05-15,9.866596664619641e-08,9.866596664619641e-08
Date_2011-04-29,9.85871588605225e-08,9.85871588605225e-08
Date_2014-01-09,-9.854925202740049e-08,9.854925202740049e-08
Date_2016-09-12,9.85418158674529e-08,9.85418158674529e-08
Date_2020-01-12,9.844498465874156e-08,9.844498465874156e-08
Date_2022-03-14,-9.84238330731458e-08,9.84238330731458e-08
Date_2012-10-13,9.842188956612149e-08,9.842188956612149e-08
Date_2015-11-06,-9.838964198710904e-08,9.838964198710904e-08
Date_2015-09-02,-9.838938016989634e-08,9.838938016989634e-08
Date_2018-05-12,9.832284249710667e-08,9.832284249710667e-08
Date_2016-12-17,-9.827182461002317e-08,9.827182461002317e-08
Date_2012-02-17,-9.82304394816278e-08,9.82304394816278e-08
Date_2012-02-08,-9.819018780768834e-08,9.819018780768834e-08
Date_2022-12-10,9.792085101924454e-08,9.792085101924454e-08
Date_2015-06-06,-9.790852242021668e-08,9.790852242021668e-08
Date_2014-07-28,9.775967277581128e-08,9.775967277581128e-08
Date_2022-06-19,9.767548817681686e-08,9.767548817681686e-08
Date_2013-09-02,-9.764541321405076e-08,9.764541321405076e-08
Date_2014-08-22,-9.757922597956913e-08,9.757922597956913e-08
Date_2014-07-06,-9.757893118867201e-08,9.757893118867201e-08
Date_2020-01-02,9.750297364075203e-08,9.750297364075203e-08
Date_2013-12-30,9.744703109291854e-08,9.744703109291854e-08
Date_2011-08-27,9.742891961680102e-08,9.742891961680102e-08
Date_2018-03-04,9.740334061505423e-08,9.740334061505423e-08
Date_2017-11-21,9.732722921347464e-08,9.732722921347464e-08
Date_2012-03-27,9.731932769555865e-08,9.731932769555865e-08
Date_2020-12-12,-9.728272409174358e-08,9.728272409174358e-08
Date_2022-12-08,-9.71920731997202e-08,9.71920731997202e-08
Date_2019-03-24,9.7183613795083e-08,9.7183613795083e-08
Date_2012-01-23,9.710209694633437e-08,9.710209694633437e-08
Date_2022-05-21,-9.708204904761985e-08,9.708204904761985e-08
Date_2021-05-17,-9.7016176851142e-08,9.7016176851142e-08
Date_2022-05-06,9.681853071229285e-08,9.681853071229285e-08
Date_2017-06-09,9.673154966340387e-08,9.673154966340387e-08
Date_2014-02-02,-9.663336777824335e-08,9.663336777824335e-08
Date_2020-05-27,9.661377836897957e-08,9.661377836897957e-08
Date_2012-02-15,9.660307677684599e-08,9.660307677684599e-08
Date_2016-02-14,-9.658808258742592e-08,9.658808258742592e-08
Date_2014-11-01,9.636472474418216e-08,9.636472474418216e-08
Date_2021-04-14,9.633621025520112e-08,9.633621025520112e-08
Date_2022-07-11,9.627980270030313e-08,9.627980270030313e-08
Date_2022-09-19,9.608864083821952e-08,9.608864083821952e-08
Date_2016-04-01,9.605733672493761e-08,9.605733672493761e-08
Date_2012-09-13,9.590429188765892e-08,9.590429188765892e-08
Date_2017-12-18,-9.585958312621595e-08,9.585958312621595e-08
Date_2013-01-13,-9.584044725122122e-08,9.584044725122122e-08
Date_2014-11-23,-9.569004434803461e-08,9.569004434803461e-08
Date_2023-01-02,-9.565332575376025e-08,9.565332575376025e-08
Date_2017-03-31,-9.564901045176455e-08,9.564901045176455e-08
Date_2019-11-11,9.563540022510866e-08,9.563540022510866e-08
Date_2015-04-23,-9.560608355069652e-08,9.560608355069652e-08
Date_2018-11-01,-9.560272518786223e-08,9.560272518786223e-08
Date_2019-09-18,9.536873860568282e-08,9.536873860568282e-08
Date_2021-09-13,-9.536498799299176e-08,9.536498799299176e-08
Date_2019-09-11,9.53080943844553e-08,9.53080943844553e-08
Date_2015-07-15,-9.526379080446506e-08,9.526379080446506e-08
Date_2021-09-21,9.524731031693422e-08,9.524731031693422e-08
Date_2010-12-19,-9.521539588230548e-08,9.521539588230548e-08
Date_2016-12-10,9.514151895072703e-08,9.514151895072703e-08
Date_2011-04-02,9.496651978222866e-08,9.496651978222866e-08
Date_2012-06-27,9.48284319496155e-08,9.48284319496155e-08
Date_2015-12-08,-9.479670431569575e-08,9.479670431569575e-08
Date_2016-03-23,-9.465106138621616e-08,9.465106138621616e-08
Date_2017-11-14,-9.462481950558541e-08,9.462481950558541e-08
Date_2016-08-13,9.453442712297102e-08,9.453442712297102e-08
Date_2019-01-22,-9.450571838948885e-08,9.450571838948885e-08
Date_2022-02-05,-9.443662595559618e-08,9.443662595559618e-08
Date_2019-05-05,9.442975722297127e-08,9.442975722297127e-08
Date_2012-08-16,9.442554325520655e-08,9.442554325520655e-08
Date_2012-01-11,9.440833701226428e-08,9.440833701226428e-08
Date_2016-05-19,-9.437899104715845e-08,9.437899104715845e-08
Date_2018-10-09,-9.427713142895439e-08,9.427713142895439e-08
Date_2014-03-21,-9.426131245776811e-08,9.426131245776811e-08
Date_2012-04-05,-9.42612917663636e-08,9.42612917663636e-08
Date_2021-01-04,-9.409492028416154e-08,9.409492028416154e-08
Date_2021-08-01,9.40528841448809e-08,9.40528841448809e-08
Date_2019-03-29,-9.398545810448464e-08,9.398545810448464e-08
Date_2016-04-15,9.389955658698333e-08,9.389955658698333e-08
Date_2015-04-16,9.389837934278616e-08,9.389837934278616e-08
Date_2022-11-02,-9.385385955627952e-08,9.385385955627952e-08
Date_2019-08-05,-9.384650364152109e-08,9.384650364152109e-08
Date_2012-05-23,-9.384333925954608e-08,9.384333925954608e-08
Date_2015-07-27,-9.369096908870882e-08,9.369096908870882e-08
Date_2013-07-31,-9.36738188378567e-08,9.36738188378567e-08
Date_2020-12-15,9.364485728552452e-08,9.364485728552452e-08
Date_2021-01-15,9.362217615710835e-08,9.362217615710835e-08
Date_2014-04-16,-9.359121058048411e-08,9.359121058048411e-08
Date_2020-03-23,-9.35602924751797e-08,9.35602924751797e-08
Date_2015-12-11,-9.353211719026785e-08,9.353211719026785e-08
Date_2021-11-20,9.350371598681579e-08,9.350371598681579e-08
Date_2012-10-30,-9.348965609901645e-08,9.348965609901645e-08
Date_2019-08-22,9.348610476909886e-08,9.348610476909886e-08
Date_2020-01-03,9.345464386944511e-08,9.345464386944511e-08
Date_2020-02-02,9.332930833183428e-08,9.332930833183428e-08
Date_2022-05-23,9.32678381463913e-08,9.32678381463913e-08
Date_2019-12-28,-9.325314424895684e-08,9.325314424895684e-08
Date_2017-10-05,-9.316920017536924e-08,9.316920017536924e-08
Date_2015-02-26,9.312785451837402e-08,9.312785451837402e-08
Date_2010-07-17,9.303106189799224e-08,9.303106189799224e-08
Date_2020-05-18,-9.300828105605668e-08,9.300828105605668e-08
Date_2014-01-16,-9.296553144533537e-08,9.296553144533537e-08
Date_2018-01-27,9.291270373382255e-08,9.291270373382255e-08
Date_2021-10-17,-9.288260126908967e-08,9.288260126908967e-08
Date_2012-11-20,9.287409936812664e-08,9.287409936812664e-08
Date_2015-05-12,-9.286747302686028e-08,9.286747302686028e-08
Date_2021-01-17,-9.268067052456506e-08,9.268067052456506e-08
Date_2011-08-22,-9.248684088159555e-08,9.248684088159555e-08
Date_2019-06-06,9.246103912542432e-08,9.246103912542432e-08
Date_2020-09-28,-9.233444195971383e-08,9.233444195971383e-08
Date_2010-07-30,-9.22023726759971e-08,9.22023726759971e-08
Date_2016-01-27,-9.209536056254785e-08,9.209536056254785e-08
Date_2017-02-04,-9.206878291203582e-08,9.206878291203582e-08
Date_2014-07-27,-9.206265792809537e-08,9.206265792809537e-08
Date_2018-07-16,-9.204662572957411e-08,9.204662572957411e-08
Date_2014-06-30,9.201724696592523e-08,9.201724696592523e-08
Date_2020-10-27,-9.199870281807132e-08,9.199870281807132e-08
Date_2010-06-28,-9.195336119629928e-08,9.195336119629928e-08
Date_2013-10-23,-9.186417184887076e-08,9.186417184887076e-08
Date_2020-09-15,-9.178232383874263e-08,9.178232383874263e-08
Date_2013-07-17,-9.174909974634795e-08,9.174909974634795e-08
Date_2019-12-24,9.174688661875146e-08,9.174688661875146e-08
Date_2011-05-23,-9.165414501108972e-08,9.165414501108972e-08
Date_2014-11-13,9.164233391188702e-08,9.164233391188702e-08
Date_2012-05-15,9.162877850658625e-08,9.162877850658625e-08
Date_2016-03-14,9.160714976871991e-08,9.160714976871991e-08
Date_2022-02-01,9.153261249888544e-08,9.153261249888544e-08
Date_2013-07-01,-9.152584104101221e-08,9.152584104101221e-08
Date_2014-03-29,9.149953458165082e-08,9.149953458165082e-08
Date_2015-06-03,9.147709539494004e-08,9.147709539494004e-08
Date_2012-01-02,9.142555108171267e-08,9.142555108171267e-08
Date_2010-10-28,-9.139431037658368e-08,9.139431037658368e-08
Date_2018-05-05,9.128906241377459e-08,9.128906241377459e-08
Date_2011-10-30,9.126059335209425e-08,9.126059335209425e-08
Date_2018-10-29,-9.118892343860471e-08,9.118892343860471e-08
Date_2018-03-31,9.110433273043602e-08,9.110433273043602e-08
Date_2020-12-06,9.105334212644202e-08,9.105334212644202e-08
Date_2014-01-17,9.102216283248222e-08,9.102216283248222e-08
Date_2017-05-02,9.099762411884721e-08,9.099762411884721e-08
Date_2016-05-24,9.099336080263377e-08,9.099336080263377e-08
Date_2019-07-05,-9.09862537757035e-08,9.09862537757035e-08
Date_2014-12-08,-9.09350736143704e-08,9.09350736143704e-08
Date_2014-01-21,-9.081711797554025e-08,9.081711797554025e-08
Date_2017-07-12,9.080911897813694e-08,9.080911897813694e-08
Date_2016-12-21,-9.078426889210969e-08,9.078426889210969e-08
Date_2012-11-26,-9.069123057827035e-08,9.069123057827035e-08
Date_2011-08-09,9.059001042537225e-08,9.059001042537225e-08
Date_2019-07-27,9.052213853862421e-08,9.052213853862421e-08
Date_2022-07-23,-9.050084736075281e-08,9.050084736075281e-08
Date_2014-04-24,-9.050079892743336e-08,9.050079892743336e-08
Date_2016-06-03,9.04821557241389e-08,9.04821557241389e-08
Date_2021-08-07,-9.039686228251877e-08,9.039686228251877e-08
Date_2018-12-18,-9.03179356224302e-08,9.03179356224302e-08
Date_2023-01-23,9.031622919564097e-08,9.031622919564097e-08
Date_2012-04-10,9.031593931829414e-08,9.031593931829414e-08
Date_2014-03-14,9.031229979735783e-08,9.031229979735783e-08
Date_2016-03-09,-9.02643597270746e-08,9.02643597270746e-08
Date_2019-02-10,-9.025551075144064e-08,9.025551075144064e-08
Date_2012-11-25,-9.017518942015906e-08,9.017518942015906e-08
Date_2014-12-06,9.01557161491767e-08,9.01557161491767e-08
Date_2015-10-28,-9.013021540501169e-08,9.013021540501169e-08
Date_2012-02-09,-9.001740242268798e-08,9.001740242268798e-08
Date_2015-02-11,-9.000286112046057e-08,9.000286112046057e-08
Date_2020-01-06,-8.995006372817744e-08,8.995006372817744e-08
Date_2013-01-14,8.988926099629754e-08,8.988926099629754e-08
Date_2016-07-27,8.964946206233523e-08,8.964946206233523e-08
Date_2018-01-31,8.949231821317039e-08,8.949231821317039e-08
Date_2019-10-17,8.948739513204246e-08,8.948739513204246e-08
Date_2018-09-08,-8.946879746585021e-08,8.946879746585021e-08
Date_2018-04-03,8.945056107928483e-08,8.945056107928483e-08
Date_2010-10-06,-8.936303333980894e-08,8.936303333980894e-08
Date_2018-11-11,-8.926993543371832e-08,8.926993543371832e-08
Date_2015-05-06,8.917080407975346e-08,8.917080407975346e-08
Date_2018-04-11,8.913982542051451e-08,8.913982542051451e-08
Date_2010-07-05,8.913398228384018e-08,8.913398228384018e-08
Date_2020-06-21,8.906087383397514e-08,8.906087383397514e-08
Date_2022-12-06,8.904877982656879e-08,8.904877982656879e-08
Date_2016-09-20,-8.902261920452351e-08,8.902261920452351e-08
Date_2015-11-24,8.901739037342151e-08,8.901739037342151e-08
Date_2017-06-25,-8.897458775522316e-08,8.897458775522316e-08
Date_2018-04-24,-8.896988297811059e-08,8.896988297811059e-08
Date_2014-04-28,-8.890364537841207e-08,8.890364537841207e-08
Date_2011-02-19,8.883980787436099e-08,8.883980787436099e-08
Date_2019-06-08,-8.883487599411552e-08,8.883487599411552e-08
Date_2011-07-16,8.881701584558728e-08,8.881701584558728e-08
Date_2013-06-14,8.880823547493664e-08,8.880823547493664e-08
Date_2016-06-12,-8.87649531163844e-08,8.87649531163844e-08
Date_2014-02-11,-8.867615882314065e-08,8.867615882314065e-08
Date_2020-01-15,8.858336393560596e-08,8.858336393560596e-08
Date_2017-01-21,8.854525088338233e-08,8.854525088338233e-08
Date_2019-11-23,-8.852003265412863e-08,8.852003265412863e-08
Date_2022-11-21,8.845766031723837e-08,8.845766031723837e-08
Date_2013-06-11,-8.84097006251212e-08,8.84097006251212e-08
Date_2022-01-31,-8.837826467427121e-08,8.837826467427121e-08
Date_2012-11-16,-8.831482194560362e-08,8.831482194560362e-08
Date_2013-02-09,-8.830590113821207e-08,8.830590113821207e-08
Date_2016-05-13,-8.830150040031098e-08,8.830150040031098e-08
Date_2022-10-25,-8.829677080618077e-08,8.829677080618077e-08
Date_2017-10-12,8.822284394881734e-08,8.822284394881734e-08
Date_2018-04-30,8.816540318804338e-08,8.816540318804338e-08
Date_2020-02-25,8.816327743132144e-08,8.816327743132144e-08
Date_2012-07-29,8.807288688815824e-08,8.807288688815824e-08
Date_2022-12-19,8.801237149627899e-08,8.801237149627899e-08
Date_2021-02-07,8.788597755822808e-08,8.788597755822808e-08
Date_2020-08-21,-8.787674471899654e-08,8.787674471899654e-08
Date_2016-09-05,8.771294714250403e-08,8.771294714250403e-08
Date_2012-01-10,8.755240009879092e-08,8.755240009879092e-08
Date_2018-05-08,-8.754615542887226e-08,8.754615542887226e-08
Date_2014-03-03,-8.752824497957653e-08,8.752824497957653e-08
Date_2021-08-11,8.75264042246413e-08,8.75264042246413e-08
Date_2014-02-28,-8.751986808510572e-08,8.751986808510572e-08
Date_2013-04-20,8.739901860897246e-08,8.739901860897246e-08
Date_2020-07-28,-8.739782605782033e-08,8.739782605782033e-08
Date_2010-09-07,8.731603442305855e-08,8.731603442305855e-08
Date_2012-08-05,8.725196288795304e-08,8.725196288795304e-08
Date_2016-01-09,-8.724360028746222e-08,8.724360028746222e-08
Date_2018-11-02,-8.711716135942626e-08,8.711716135942626e-08
Date_2021-03-18,-8.70190784846277e-08,8.70190784846277e-08
Date_2021-10-09,8.699757552531879e-08,8.699757552531879e-08
Date_2012-10-27,8.69579659154575e-08,8.69579659154575e-08
Date_2010-10-01,8.688540767370904e-08,8.688540767370904e-08
Date_2012-08-06,8.684253828884466e-08,8.684253828884466e-08
Date_2014-05-16,8.674262190116932e-08,8.674262190116932e-08
Date_2012-09-22,8.662253041237795e-08,8.662253041237795e-08
Date_2011-11-25,-8.652573401771079e-08,8.652573401771079e-08
Date_2019-12-08,8.647730403522857e-08,8.647730403522857e-08
Date_2018-12-08,-8.645346602456407e-08,8.645346602456407e-08
Date_2010-09-28,-8.643469767953073e-08,8.643469767953073e-08
Date_2023-01-04,8.642467909142955e-08,8.642467909142955e-08
Date_2020-10-03,-8.641920128714515e-08,8.641920128714515e-08
Date_2021-03-25,8.626477567234494e-08,8.626477567234494e-08
Date_2017-04-22,-8.619731285095564e-08,8.619731285095564e-08
Date_2013-01-15,8.614502353833565e-08,8.614502353833565e-08
Date_2016-05-11,8.612022482530716e-08,8.612022482530716e-08
Date_2011-04-27,8.603860951348682e-08,8.603860951348682e-08
Date_2012-04-23,-8.600907232498019e-08,8.600907232498019e-08
Date_2016-04-10,-8.598437154569045e-08,8.598437154569045e-08
Date_2018-04-13,-8.597444631736805e-08,8.597444631736805e-08
Date_2022-07-05,-8.596638717075275e-08,8.596638717075275e-08
Date_2020-03-25,-8.595420315809923e-08,8.595420315809923e-08
Date_2011-06-17,-8.591512684007748e-08,8.591512684007748e-08
Date_2013-12-22,8.587683621473667e-08,8.587683621473667e-08
Date_2021-07-13,8.578886494031218e-08,8.578886494031218e-08
Date_2019-03-27,8.571901545921827e-08,8.571901545921827e-08
Date_2010-11-15,8.567410670244215e-08,8.567410670244215e-08
Date_2013-05-11,8.564755226033882e-08,8.564755226033882e-08
Date_2015-09-29,-8.561230142111331e-08,8.561230142111331e-08
Date_2013-11-22,-8.560005697447468e-08,8.560005697447468e-08
Date_2014-03-09,-8.555618843387724e-08,8.555618843387724e-08
Date_2017-04-21,8.552008402920556e-08,8.552008402920556e-08
Date_2019-06-25,8.55132834249608e-08,8.55132834249608e-08
Date_2022-08-04,8.542702905283073e-08,8.542702905283073e-08
Date_2018-06-17,-8.538025333785796e-08,8.538025333785796e-08
Date_2019-09-07,8.536118833491257e-08,8.536118833491257e-08
Date_2012-10-11,-8.530078949176138e-08,8.530078949176138e-08
Date_2013-11-02,-8.529755065877706e-08,8.529755065877706e-08
Date_2021-09-14,-8.529505307058186e-08,8.529505307058186e-08
Date_2020-03-24,-8.529214507363987e-08,8.529214507363987e-08
Date_2019-03-06,8.526033683544739e-08,8.526033683544739e-08
Date_2017-05-14,8.523448050565953e-08,8.523448050565953e-08
Date_2016-08-03,8.521177628185268e-08,8.521177628185268e-08
Date_2011-07-28,-8.513120781841612e-08,8.513120781841612e-08
Date_2019-12-27,8.512662161977638e-08,8.512662161977638e-08
Date_2021-04-08,-8.507949039040261e-08,8.507949039040261e-08
Date_2017-06-16,8.486710512615113e-08,8.486710512615113e-08
Date_2011-12-03,-8.47839476010462e-08,8.47839476010462e-08
Date_2016-07-05,-8.47604498753946e-08,8.47604498753946e-08
Date_2012-08-26,-8.472204010061782e-08,8.472204010061782e-08
Date_2021-09-08,8.469403438226378e-08,8.469403438226378e-08
Date_2016-04-04,8.463725722738474e-08,8.463725722738474e-08
Date_2017-02-27,8.462362932865532e-08,8.462362932865532e-08
Date_2017-01-07,-8.445092820727736e-08,8.445092820727736e-08
Date_2014-03-25,8.44504079791705e-08,8.44504079791705e-08
Date_2019-05-04,-8.44408785143328e-08,8.44408785143328e-08
Date_2018-09-24,8.439555234354373e-08,8.439555234354373e-08
Date_2010-11-08,-8.438212883159571e-08,8.438212883159571e-08
Date_2011-11-20,8.434889529791816e-08,8.434889529791816e-08
Date_2012-02-24,8.428486257604962e-08,8.428486257604962e-08
Date_2017-01-15,8.427584667226708e-08,8.427584667226708e-08
Date_2014-09-21,8.427042161849437e-08,8.427042161849437e-08
Date_2018-04-20,8.423127750165465e-08,8.423127750165465e-08
Date_2020-01-07,-8.416877396723056e-08,8.416877396723056e-08
Date_2011-03-19,8.410615735983554e-08,8.410615735983554e-08
Date_2022-11-13,8.409591928361551e-08,8.409591928361551e-08
Date_2015-06-09,8.404874110032192e-08,8.404874110032192e-08
Date_2018-10-03,8.39341022675756e-08,8.39341022675756e-08
Date_2021-12-30,8.389885200623237e-08,8.389885200623237e-08
Date_2019-03-03,8.378724418834462e-08,8.378724418834462e-08
Date_2012-07-22,8.360864396646784e-08,8.360864396646784e-08
Date_2011-01-09,-8.353211468071824e-08,8.353211468071824e-08
Date_2022-03-13,-8.349139249963662e-08,8.349139249963662e-08
Date_2014-08-06,8.342841796923151e-08,8.342841796923151e-08
Date_2010-10-07,-8.34002729854648e-08,8.34002729854648e-08
Date_2014-08-31,-8.338190975193517e-08,8.338190975193517e-08
Date_2014-04-09,-8.337830621617983e-08,8.337830621617983e-08
Date_2016-10-25,-8.33555922587898e-08,8.33555922587898e-08
Date_2022-01-13,-8.331495112569544e-08,8.331495112569544e-08
Date_2016-10-18,8.330256026877722e-08,8.330256026877722e-08
Date_2018-08-05,8.327934778885335e-08,8.327934778885335e-08
Date_2015-02-25,8.324431439924408e-08,8.324431439924408e-08
Date_2019-05-23,-8.319732913014192e-08,8.319732913014192e-08
Date_2019-05-21,8.309547887129641e-08,8.309547887129641e-08
Date_2016-11-17,8.308821781254136e-08,8.308821781254136e-08
Date_2014-03-16,-8.304256457248746e-08,8.304256457248746e-08
Date_2021-12-04,8.285188191927542e-08,8.285188191927542e-08
Date_2022-07-06,8.274827841949805e-08,8.274827841949805e-08
Date_2013-02-23,8.273769401672452e-08,8.273769401672452e-08
Date_2016-11-07,8.266761269514802e-08,8.266761269514802e-08
Date_2020-01-05,-8.261201415362067e-08,8.261201415362067e-08
Date_2012-12-02,8.254998493803199e-08,8.254998493803199e-08
Date_2016-11-06,8.251986395400121e-08,8.251986395400121e-08
Date_2020-11-20,-8.250611538969189e-08,8.250611538969189e-08
Date_2018-04-27,-8.245841734360387e-08,8.245841734360387e-08
Date_2012-04-19,8.239219120256379e-08,8.239219120256379e-08
Date_2022-01-04,-8.230705203532769e-08,8.230705203532769e-08
Date_2012-07-01,8.22802809366339e-08,8.22802809366339e-08
Date_2018-10-14,8.22722057927385e-08,8.22722057927385e-08
Date_2022-01-03,8.214603360403587e-08,8.214603360403587e-08
Date_2018-05-04,8.201807597519183e-08,8.201807597519183e-08
Date_2016-09-15,-8.195579294857611e-08,8.195579294857611e-08
Date_2016-11-21,8.19511787942397e-08,8.19511787942397e-08
Date_2019-04-17,8.192261343786803e-08,8.192261343786803e-08
Date_2017-02-22,-8.192187252792867e-08,8.192187252792867e-08
Date_2019-03-19,-8.187483934845519e-08,8.187483934845519e-08
Date_2023-02-02,-8.185022894777399e-08,8.185022894777399e-08
Date_2019-10-10,-8.180041030625856e-08,8.180041030625856e-08
Date_2015-01-07,-8.179991177927088e-08,8.179991177927088e-08
Date_2021-05-05,8.1746242178031e-08,8.1746242178031e-08
Date_2011-10-28,-8.167642177022466e-08,8.167642177022466e-08
Date_2013-01-19,-8.147607327809855e-08,8.147607327809855e-08
Date_2014-08-27,-8.146104849756084e-08,8.146104849756084e-08
Date_2014-07-17,-8.141470440367349e-08,8.141470440367349e-08
Date_2021-01-14,8.138488899838473e-08,8.138488899838473e-08
Date_2010-06-22,-8.136133835284583e-08,8.136133835284583e-08
Date_2015-10-19,-8.133764200571498e-08,8.133764200571498e-08
Date_2012-12-29,-8.133525486069977e-08,8.133525486069977e-08
Date_2012-10-21,-8.132006436918308e-08,8.132006436918308e-08
Date_2021-02-25,8.130741031737507e-08,8.130741031737507e-08
Date_2018-03-30,-8.119661609072091e-08,8.119661609072091e-08
Date_2013-11-27,8.118830367546622e-08,8.118830367546622e-08
Date_2017-12-23,8.11840329302254e-08,8.11840329302254e-08
Date_2022-07-12,8.116784168194353e-08,8.116784168194353e-08
Date_2016-04-28,8.113918942632222e-08,8.113918942632222e-08
Date_2016-12-04,-8.111746863233736e-08,8.111746863233736e-08
Date_2017-01-28,8.105813284538273e-08,8.105813284538273e-08
Date_2019-08-13,-8.103771012861823e-08,8.103771012861823e-08
Date_2010-08-06,-8.101071636988298e-08,8.101071636988298e-08
Date_2020-04-28,8.099642824580029e-08,8.099642824580029e-08
Date_2013-05-12,-8.095639581911865e-08,8.095639581911865e-08
Date_2013-01-23,-8.090228834552568e-08,8.090228834552568e-08
Date_2018-05-06,-8.089027666754667e-08,8.089027666754667e-08
Date_2017-03-06,8.072130041783135e-08,8.072130041783135e-08
Date_2020-06-20,-8.061845817131261e-08,8.061845817131261e-08
Date_2014-07-29,8.06104041303878e-08,8.06104041303878e-08
Date_2013-10-11,8.053148880098345e-08,8.053148880098345e-08
Date_2011-08-31,8.042354619666263e-08,8.042354619666263e-08
Date_2012-02-05,8.042192461789282e-08,8.042192461789282e-08
Date_2022-06-23,-8.041989410926246e-08,8.041989410926246e-08
Date_2021-03-12,-8.041584787380619e-08,8.041584787380619e-08
Date_2018-11-24,-8.035696153658337e-08,8.035696153658337e-08
Date_2017-08-05,-8.034290485559943e-08,8.034290485559943e-08
Date_2019-12-07,8.03137126855143e-08,8.03137126855143e-08
Date_2022-11-08,8.027991737560132e-08,8.027991737560132e-08
Date_2016-05-15,8.024871650289706e-08,8.024871650289706e-08
Date_2015-10-05,-8.012598666746787e-08,8.012598666746787e-08
Date_2014-09-22,8.011748565887996e-08,8.011748565887996e-08
Date_2020-05-10,8.011305512315688e-08,8.011305512315688e-08
Date_2012-07-21,8.009166519858165e-08,8.009166519858165e-08
Date_2013-12-06,8.007832605332654e-08,8.007832605332654e-08
Date_2020-03-16,8.007796169049513e-08,8.007796169049513e-08
Date_2022-12-01,8.006114458787153e-08,8.006114458787153e-08
Date_2015-05-30,8.005043475057919e-08,8.005043475057919e-08
Date_2019-09-30,8.003060736020973e-08,8.003060736020973e-08
Date_2020-08-02,-8.002691391507935e-08,8.002691391507935e-08
Date_2021-11-17,-8.00186282704404e-08,8.00186282704404e-08
Date_2017-10-01,7.99944113114508e-08,7.99944113114508e-08
Date_2011-09-17,7.995789262725291e-08,7.995789262725291e-08
Date_2020-11-21,-7.989300669759583e-08,7.989300669759583e-08
Date_2020-11-11,-7.989268862629797e-08,7.989268862629797e-08
Date_2021-01-01,7.977908544649449e-08,7.977908544649449e-08
Date_2015-03-06,-7.976755948659449e-08,7.976755948659449e-08
Date_2011-09-11,-7.973119021110064e-08,7.973119021110064e-08
Date_2010-07-23,-7.967929104849911e-08,7.967929104849911e-08
Date_2015-12-14,-7.962666531935105e-08,7.962666531935105e-08
Date_2021-08-28,-7.960661251907609e-08,7.960661251907609e-08
Date_2018-02-25,-7.950267013831999e-08,7.950267013831999e-08
Date_2020-08-03,-7.949482978196053e-08,7.949482978196053e-08
Date_2017-07-22,7.949026456292282e-08,7.949026456292282e-08
Date_2017-07-16,7.948765815046912e-08,7.948765815046912e-08
Date_2013-03-22,7.94184000018702e-08,7.94184000018702e-08
Date_2013-10-07,7.940959857159523e-08,7.940959857159523e-08
Date_2011-04-12,-7.938805885341638e-08,7.938805885341638e-08
Date_2018-10-26,7.935511134856134e-08,7.935511134856134e-08
Date_2015-09-04,7.929400522836957e-08,7.929400522836957e-08
Date_2018-11-04,-7.927960680844968e-08,7.927960680844968e-08
Date_2011-10-01,-7.90825669912011e-08,7.90825669912011e-08
Date_2015-12-02,-7.906666622234982e-08,7.906666622234982e-08
Date_2017-09-21,7.906115872923085e-08,7.906115872923085e-08
Date_2016-08-23,7.903693751241535e-08,7.903693751241535e-08
Date_2012-12-03,7.903104904174509e-08,7.903104904174509e-08
Date_2018-03-26,7.900241458306158e-08,7.900241458306158e-08
Date_2017-05-24,-7.893013463778217e-08,7.893013463778217e-08
Date_2015-11-05,7.888679634900006e-08,7.888679634900006e-08
Date_2015-08-31,7.883521263262991e-08,7.883521263262991e-08
Date_2021-08-19,-7.88140887729484e-08,7.88140887729484e-08
Date_2012-05-17,-7.873523989874e-08,7.873523989874e-08
Date_2016-03-04,7.870846237996188e-08,7.870846237996188e-08
Date_2015-02-28,7.867278156383441e-08,7.867278156383441e-08
Date_2018-01-19,-7.86706096447492e-08,7.86706096447492e-08
Date_2014-12-23,7.864481215191105e-08,7.864481215191105e-08
Date_2018-06-01,-7.863398741489465e-08,7.863398741489465e-08
Date_2013-06-27,-7.853677627075e-08,7.853677627075e-08
Date_2016-08-07,-7.853488505983568e-08,7.853488505983568e-08
Date_2014-01-29,-7.852375115445797e-08,7.852375115445797e-08
Date_2018-06-15,-7.849449948473329e-08,7.849449948473329e-08
Date_2020-05-03,-7.837958781354092e-08,7.837958781354092e-08
Date_2011-09-05,7.83468343283583e-08,7.83468343283583e-08
Date_2022-04-24,7.833038145219762e-08,7.833038145219762e-08
Date_2018-02-08,-7.831959555881603e-08,7.831959555881603e-08
Date_2010-08-04,7.825589834969113e-08,7.825589834969113e-08
Date_2022-09-03,7.817005287549938e-08,7.817005287549938e-08
Date_2018-06-14,-7.813731516595012e-08,7.813731516595012e-08
Date_2020-01-18,-7.808212661225093e-08,7.808212661225093e-08
Date_2019-10-28,7.804172244472883e-08,7.804172244472883e-08
Date_2014-12-10,-7.803934245983346e-08,7.803934245983346e-08
Date_2018-03-23,-7.801101767548e-08,7.801101767548e-08
Date_2011-07-31,-7.800986610658926e-08,7.800986610658926e-08
Date_2018-12-20,7.800065103259983e-08,7.800065103259983e-08
Date_2020-10-26,7.796581831162093e-08,7.796581831162093e-08
Date_2017-01-12,7.796405128351361e-08,7.796405128351361e-08
Date_2017-03-20,-7.795485165572693e-08,7.795485165572693e-08
Date_2020-10-18,7.787212558537429e-08,7.787212558537429e-08
Date_2013-10-01,-7.785735762153986e-08,7.785735762153986e-08
Date_2018-11-20,7.785021641338701e-08,7.785021641338701e-08
Date_2016-09-13,7.781679174589541e-08,7.781679174589541e-08
Date_2012-04-06,7.778801781220752e-08,7.778801781220752e-08
Date_2012-05-28,-7.771259541232942e-08,7.771259541232942e-08
Date_2016-01-21,7.770428912019512e-08,7.770428912019512e-08
Date_2015-08-26,-7.770301483439224e-08,7.770301483439224e-08
Date_2021-04-11,7.768161523102412e-08,7.768161523102412e-08
Date_2018-08-01,-7.750754535977888e-08,7.750754535977888e-08
Date_2022-07-20,7.748303154769197e-08,7.748303154769197e-08
Date_2011-01-01,7.745245641718904e-08,7.745245641718904e-08
Date_2016-01-12,7.742341994638792e-08,7.742341994638792e-08
Date_2011-04-04,-7.740632905306673e-08,7.740632905306673e-08
Date_2011-08-07,7.726844095980392e-08,7.726844095980392e-08
Date_2022-05-31,7.725962134257462e-08,7.725962134257462e-08
Date_2016-11-10,7.721008139927392e-08,7.721008139927392e-08
Date_2021-07-29,7.715106543811324e-08,7.715106543811324e-08
Date_2020-03-14,7.713754387631441e-08,7.713754387631441e-08
Date_2014-11-30,7.709909712130567e-08,7.709909712130567e-08
Date_2021-05-11,-7.696613791679703e-08,7.696613791679703e-08
Date_2022-12-13,-7.69547466107166e-08,7.69547466107166e-08
Date_2011-07-07,-7.69543891675553e-08,7.69543891675553e-08
Date_2017-01-11,-7.694062961505959e-08,7.694062961505959e-08
Date_2021-10-24,7.67134132457067e-08,7.67134132457067e-08
Date_2013-02-08,7.670419767684813e-08,7.670419767684813e-08
Date_2015-02-15,-7.660614613919032e-08,7.660614613919032e-08
Date_2020-10-01,7.658392706125944e-08,7.658392706125944e-08
Date_2019-02-05,7.657792190026018e-08,7.657792190026018e-08
Date_2014-04-14,-7.657125321129598e-08,7.657125321129598e-08
Date_2016-03-11,7.654384133114047e-08,7.654384133114047e-08
Date_2013-02-24,7.650287533599614e-08,7.650287533599614e-08
Date_2014-02-24,-7.638535480696867e-08,7.638535480696867e-08
Date_2020-10-28,-7.637873630491253e-08,7.637873630491253e-08
Date_2017-01-18,-7.636541515677221e-08,7.636541515677221e-08
Date_2017-01-09,7.636147827816287e-08,7.636147827816287e-08
Date_2018-04-23,7.623904367644982e-08,7.623904367644982e-08
Date_2010-07-10,-7.613715557446155e-08,7.613715557446155e-08
Date_2018-09-07,-7.605053117811422e-08,7.605053117811422e-08
Date_2021-08-18,7.603454427584155e-08,7.603454427584155e-08
Date_2011-11-17,-7.5948627407376e-08,7.5948627407376e-08
Date_2015-03-29,7.589087970535881e-08,7.589087970535881e-08
Date_2011-02-22,-7.587137376076127e-08,7.587137376076127e-08
Date_2013-11-26,-7.583256932599699e-08,7.583256932599699e-08
Date_2020-09-13,7.57947889954132e-08,7.57947889954132e-08
Date_2017-09-09,7.578115921373899e-08,7.578115921373899e-08
Date_2013-08-14,-7.573768153928301e-08,7.573768153928301e-08
Date_2021-03-20,7.56136674628142e-08,7.56136674628142e-08
Date_2017-04-29,7.551356535051452e-08,7.551356535051452e-08
Date_2018-10-05,-7.542139027491629e-08,7.542139027491629e-08
Date_2019-10-08,7.539190774041966e-08,7.539190774041966e-08
Date_2011-01-07,7.538799958988784e-08,7.538799958988784e-08
Date_2011-05-10,-7.535309584290595e-08,7.535309584290595e-08
Date_2010-08-02,-7.533869450907306e-08,7.533869450907306e-08
Date_2015-12-29,7.515368272427271e-08,7.515368272427271e-08
Date_2020-05-22,7.513882684614905e-08,7.513882684614905e-08
Date_2014-05-11,-7.506446225294962e-08,7.506446225294962e-08
Date_2012-04-26,-7.504247967695716e-08,7.504247967695716e-08
Date_2016-03-13,7.486744786955903e-08,7.486744786955903e-08
Date_2011-11-14,-7.48559842661681e-08,7.48559842661681e-08
Date_2018-04-15,-7.481406642595336e-08,7.481406642595336e-08
Date_2010-07-21,7.478152395543334e-08,7.478152395543334e-08
Date_2017-01-26,-7.472622842999791e-08,7.472622842999791e-08
Date_2011-03-26,-7.471852828124237e-08,7.471852828124237e-08
Date_2012-09-29,7.471676202461423e-08,7.471676202461423e-08
Date_2019-06-10,-7.468423901499924e-08,7.468423901499924e-08
Date_2014-06-28,7.468417782430162e-08,7.468417782430162e-08
Date_2013-06-03,-7.46576614059889e-08,7.46576614059889e-08
Date_2017-05-25,7.464849102729379e-08,7.464849102729379e-08
Date_2011-08-25,7.461764169349902e-08,7.461764169349902e-08
Date_2019-04-24,-7.46073879302803e-08,7.46073879302803e-08
Date_2010-10-16,-7.451322068403446e-08,7.451322068403446e-08
Date_2012-06-25,-7.439480908244755e-08,7.439480908244755e-08
Date_2014-08-29,-7.438651652270804e-08,7.438651652270804e-08
Date_2021-02-10,7.43685376709529e-08,7.43685376709529e-08
Date_2010-08-14,-7.430908537378956e-08,7.430908537378956e-08
Date_2019-07-23,7.429201606151674e-08,7.429201606151674e-08
Date_2021-08-05,7.428018878206778e-08,7.428018878206778e-08
Date_2021-10-01,-7.409429675366656e-08,7.409429675366656e-08
Date_2017-09-01,7.401487923654872e-08,7.401487923654872e-08
Date_2012-08-03,-7.395252479026066e-08,7.395252479026066e-08
Date_2017-04-20,-7.39418326907609e-08,7.39418326907609e-08
Date_2017-06-03,-7.393272102042415e-08,7.393272102042415e-08
Date_2013-08-13,7.390600894792412e-08,7.390600894792412e-08
Date_2016-11-08,7.39007168865316e-08,7.39007168865316e-08
Date_2010-11-28,7.388369871577589e-08,7.388369871577589e-08
Date_2018-04-08,7.37402507645544e-08,7.37402507645544e-08
Date_2012-09-12,7.366463204751641e-08,7.366463204751641e-08
Date_2019-07-12,-7.365600113337334e-08,7.365600113337334e-08
Date_2022-07-31,-7.365237155998089e-08,7.365237155998089e-08
Date_2022-06-17,7.35508530336034e-08,7.35508530336034e-08
Date_2012-08-22,-7.354516262861008e-08,7.354516262861008e-08
Date_2017-12-19,7.354161310148968e-08,7.354161310148968e-08
Date_2011-12-13,-7.353403465942648e-08,7.353403465942648e-08
Date_2020-03-20,7.348930825862398e-08,7.348930825862398e-08
Date_2018-10-15,-7.348809398726676e-08,7.348809398726676e-08
Date_2015-01-31,7.34831812543216e-08,7.34831812543216e-08
Date_2011-05-01,7.33701668602386e-08,7.33701668602386e-08
Date_2019-02-14,-7.32940188568326e-08,7.32940188568326e-08
Date_2019-08-11,7.329348179056844e-08,7.329348179056844e-08
Date_2018-01-03,-7.326793057290676e-08,7.326793057290676e-08
Date_2015-06-26,7.32622256635773e-08,7.32622256635773e-08
Date_2016-05-01,-7.320667086072618e-08,7.320667086072618e-08
Date_2012-05-31,-7.313312296900396e-08,7.313312296900396e-08
Date_2013-03-12,-7.313065320502542e-08,7.313065320502542e-08
Date_2015-08-21,7.312234750561416e-08,7.312234750561416e-08
Date_2011-06-08,7.310897917556018e-08,7.310897917556018e-08
Date_2011-05-17,7.307751659302793e-08,7.307751659302793e-08
Date_2018-12-23,-7.305270031971332e-08,7.305270031971332e-08
Date_2013-07-28,-7.30078596358856e-08,7.30078596358856e-08
Date_2020-07-05,7.2942161504485e-08,7.2942161504485e-08
Date_2015-11-28,7.293550468775367e-08,7.293550468775367e-08
Date_2018-05-19,-7.290946956702527e-08,7.290946956702527e-08
Date_2017-11-12,-7.286935467995767e-08,7.286935467995767e-08
Date_2011-04-09,-7.286374199788104e-08,7.286374199788104e-08
Date_2013-10-30,7.279439111924898e-08,7.279439111924898e-08
Date_2019-02-03,-7.278884349244961e-08,7.278884349244961e-08
Date_2014-12-24,-7.275810768272937e-08,7.275810768272937e-08
Date_2010-06-15,-7.263817645147546e-08,7.263817645147546e-08
Date_2015-01-25,-7.23790177647666e-08,7.23790177647666e-08
Date_2019-07-30,7.23598578243745e-08,7.23598578243745e-08
Date_2014-01-13,-7.233439731622387e-08,7.233439731622387e-08
Date_2020-04-19,-7.228006500597032e-08,7.228006500597032e-08
Date_2017-12-10,-7.227408643970518e-08,7.227408643970518e-08
Date_2020-07-21,-7.225569520689187e-08,7.225569520689187e-08
Date_2019-08-23,-7.222509266838288e-08,7.222509266838288e-08
Date_2019-07-06,7.215514736730862e-08,7.215514736730862e-08
Date_2019-01-17,7.214561897253857e-08,7.214561897253857e-08
Date_2022-12-02,-7.211148022096614e-08,7.211148022096614e-08
Date_2018-09-18,7.204773892867627e-08,7.204773892867627e-08
Date_2019-03-13,-7.20204431597119e-08,7.20204431597119e-08
Date_2017-06-17,-7.201872004576068e-08,7.201872004576068e-08
Date_2016-02-03,7.190134377093206e-08,7.190134377093206e-08
Date_2013-07-24,-7.190099953086421e-08,7.190099953086421e-08
Date_2012-11-04,-7.187516950881733e-08,7.187516950881733e-08
Date_2014-05-07,-7.178028044876071e-08,7.178028044876071e-08
Date_2021-05-13,-7.174404570419363e-08,7.174404570419363e-08
Date_2016-07-01,-7.173691945065231e-08,7.173691945065231e-08
Date_2021-03-01,7.17278828451506e-08,7.17278828451506e-08
Date_2013-03-23,7.170563273209195e-08,7.170563273209195e-08
Date_2018-12-30,7.162846567766445e-08,7.162846567766445e-08
Date_2013-10-15,7.162739378172336e-08,7.162739378172336e-08
Date_2016-09-01,7.161972650600637e-08,7.161972650600637e-08
Date_2019-01-07,7.152611556860089e-08,7.152611556860089e-08
Date_2011-10-12,-7.149057316539337e-08,7.149057316539337e-08
Date_2014-03-02,7.145228367369406e-08,7.145228367369406e-08
Date_2019-12-16,7.139505967590409e-08,7.139505967590409e-08
Date_2013-01-31,-7.137161930730161e-08,7.137161930730161e-08
Date_2011-01-06,-7.122439066953007e-08,7.122439066953007e-08
Date_2011-12-02,7.121181682952431e-08,7.121181682952431e-08
Date_2014-06-10,-7.12060545887578e-08,7.12060545887578e-08
Date_2021-07-02,-7.118593178110356e-08,7.118593178110356e-08
Date_2021-05-25,-7.112014909830699e-08,7.112014909830699e-08
Date_2010-07-01,-7.110446982415633e-08,7.110446982415633e-08
Date_2012-11-24,7.109674726529457e-08,7.109674726529457e-08
Date_2021-06-12,-7.105151821531245e-08,7.105151821531245e-08
Date_2016-07-15,7.10366651961639e-08,7.10366651961639e-08
Date_2013-11-21,-7.099678252051585e-08,7.099678252051585e-08
Date_2018-11-26,-7.096250070748746e-08,7.096250070748746e-08
Date_2019-05-09,-7.093238879637799e-08,7.093238879637799e-08
Date_2022-04-05,-7.076694510246923e-08,7.076694510246923e-08
Date_2018-01-13,7.072972008326498e-08,7.072972008326498e-08
Date_2011-03-24,7.065688170787148e-08,7.065688170787148e-08
Date_2012-12-30,-7.064159524317874e-08,7.064159524317874e-08
Date_2011-08-08,7.063947039560491e-08,7.063947039560491e-08
Date_2020-05-16,-7.063522016860997e-08,7.063522016860997e-08
Date_2022-06-12,-7.05662515546935e-08,7.05662515546935e-08
Date_2012-11-09,-7.055932556673281e-08,7.055932556673281e-08
Date_2010-08-17,7.053514043469886e-08,7.053514043469886e-08
Date_2014-03-27,7.053425135362015e-08,7.053425135362015e-08
Date_2012-04-08,7.04747849620351e-08,7.04747849620351e-08
Date_2011-12-25,-7.040122580243362e-08,7.040122580243362e-08
Date_2015-10-14,7.035560264535043e-08,7.035560264535043e-08
Date_2015-12-12,-7.02173453690722e-08,7.02173453690722e-08
Date_2016-07-23,7.01841586723089e-08,7.01841586723089e-08
Date_2017-08-04,-7.017549178557913e-08,7.017549178557913e-08
Date_2020-05-12,-7.017276883323966e-08,7.017276883323966e-08
Date_2010-12-12,7.010917426946681e-08,7.010917426946681e-08
Date_2017-03-04,7.01039061045308e-08,7.01039061045308e-08
Date_2022-07-08,7.009765333237496e-08,7.009765333237496e-08
Date_2011-03-13,7.00706797301769e-08,7.00706797301769e-08
Date_2015-01-12,-7.001822427575977e-08,7.001822427575977e-08
Date_2019-07-11,6.999182796560189e-08,6.999182796560189e-08
Date_2020-06-11,6.989730782583508e-08,6.989730782583508e-08
Date_2013-11-03,-6.983690912508838e-08,6.983690912508838e-08
Date_2018-12-02,6.978360102079363e-08,6.978360102079363e-08
Date_2016-04-22,-6.978031577811277e-08,6.978031577811277e-08
Date_2019-12-15,6.973483937105401e-08,6.973483937105401e-08
Date_2021-06-30,6.95209527039437e-08,6.95209527039437e-08
Date_2011-05-13,-6.945409154543805e-08,6.945409154543805e-08
Date_2020-11-04,-6.94047020253909e-08,6.94047020253909e-08
Date_2021-10-08,6.938492883064106e-08,6.938492883064106e-08
Date_2020-10-30,-6.924346166337619e-08,6.924346166337619e-08
Date_2017-02-14,6.922679130454671e-08,6.922679130454671e-08
Date_2016-03-29,6.918987876755436e-08,6.918987876755436e-08
Date_2015-07-25,-6.915604980166702e-08,6.915604980166702e-08
Date_2013-02-01,-6.911843159015735e-08,6.911843159015735e-08
Date_2013-02-28,-6.909540780509879e-08,6.909540780509879e-08
Date_2017-12-09,6.905610158919972e-08,6.905610158919972e-08
Date_2010-07-27,-6.895717783092269e-08,6.895717783092269e-08
Date_2011-07-05,-6.891998426385663e-08,6.891998426385663e-08
Date_2019-12-21,6.889747391724087e-08,6.889747391724087e-08
Date_2016-09-28,6.879102272253461e-08,6.879102272253461e-08
Date_2021-10-04,6.878150391415223e-08,6.878150391415223e-08
Date_2018-01-14,6.876242090803646e-08,6.876242090803646e-08
Date_2017-12-07,-6.873695171578965e-08,6.873695171578965e-08
Date_2020-02-26,-6.873647290283077e-08,6.873647290283077e-08
Date_2019-09-20,-6.872886417275869e-08,6.872886417275869e-08
Date_2016-06-10,-6.86720696280282e-08,6.86720696280282e-08
Date_2022-03-22,-6.865508923622781e-08,6.865508923622781e-08
Date_2013-07-26,6.857446783924374e-08,6.857446783924374e-08
Date_2020-02-17,6.855707552673045e-08,6.855707552673045e-08
Date_2012-09-10,-6.85067614628473e-08,6.85067614628473e-08
Date_2016-08-11,6.838755348176661e-08,6.838755348176661e-08
Date_2016-10-02,6.836971930132359e-08,6.836971930132359e-08
Date_2018-11-07,6.8287329349381e-08,6.8287329349381e-08
Date_2021-02-01,-6.828212021006041e-08,6.828212021006041e-08
Date_2012-11-29,-6.81575672530422e-08,6.81575672530422e-08
Date_2020-02-18,6.813639994326077e-08,6.813639994326077e-08
Date_2020-01-11,-6.811369183039145e-08,6.811369183039145e-08
Date_2014-02-01,6.795953916353047e-08,6.795953916353047e-08
Date_2010-06-14,6.795502802184335e-08,6.795502802184335e-08
Date_2018-07-31,6.787730526110417e-08,6.787730526110417e-08
Date_2022-02-20,-6.786403753253748e-08,6.786403753253748e-08
Date_2010-12-24,-6.780607946500171e-08,6.780607946500171e-08
Date_2018-12-14,-6.77766211640339e-08,6.77766211640339e-08
Date_2019-06-20,-6.774557596062104e-08,6.774557596062104e-08
Date_2010-11-06,-6.765861933830365e-08,6.765861933830365e-08
Date_2018-06-25,-6.761798028831809e-08,6.761798028831809e-08
Date_2019-07-08,-6.75353425792182e-08,6.75353425792182e-08
Date_2014-05-31,-6.749885267019536e-08,6.749885267019536e-08
Date_2017-07-29,6.74300412784494e-08,6.74300412784494e-08
Date_2021-08-03,6.742349586727406e-08,6.742349586727406e-08
Date_2011-10-10,6.738848615515581e-08,6.738848615515581e-08
Date_2019-04-25,-6.733760312923284e-08,6.733760312923284e-08
Date_2015-05-19,-6.731868412973887e-08,6.731868412973887e-08
Date_2014-09-26,-6.724827300821184e-08,6.724827300821184e-08
Date_2016-06-23,-6.724253357585857e-08,6.724253357585857e-08
Date_2014-05-19,-6.724084018764575e-08,6.724084018764575e-08
Date_2020-10-19,-6.721483033281795e-08,6.721483033281795e-08
Date_2011-09-22,6.717587480905445e-08,6.717587480905445e-08
Date_2011-10-08,6.71202133130664e-08,6.71202133130664e-08
Date_2012-06-29,6.711862466169854e-08,6.711862466169854e-08
Date_2015-06-21,-6.710841614635842e-08,6.710841614635842e-08
Date_2022-10-11,6.710299755233661e-08,6.710299755233661e-08
Date_2014-07-21,6.707428590386025e-08,6.707428590386025e-08
Date_2021-05-02,6.703074569003465e-08,6.703074569003465e-08
Date_2017-02-02,-6.702801751343282e-08,6.702801751343282e-08
Date_2014-07-26,6.702195055120752e-08,6.702195055120752e-08
Date_2011-07-24,-6.696826119719036e-08,6.696826119719036e-08
Date_2019-09-02,6.695414398245539e-08,6.695414398245539e-08
Date_2015-09-17,-6.685162813712321e-08,6.685162813712321e-08
Date_2013-08-28,6.684134495891691e-08,6.684134495891691e-08
Date_2015-12-25,6.682772156645981e-08,6.682772156645981e-08
Date_2011-10-19,6.682728537061248e-08,6.682728537061248e-08
Date_2015-05-10,-6.666145515459591e-08,6.666145515459591e-08
Date_2022-06-21,-6.66562333436483e-08,6.66562333436483e-08
Date_2014-04-23,6.661028357254804e-08,6.661028357254804e-08
Date_2018-05-14,6.66061990532383e-08,6.66061990532383e-08
Date_2018-04-16,-6.656757531968819e-08,6.656757531968819e-08
Date_2017-08-06,-6.656747660109796e-08,6.656747660109796e-08
Date_2012-09-17,6.652903995728335e-08,6.652903995728335e-08
Date_2012-01-27,-6.648847190545133e-08,6.648847190545133e-08
Date_2019-01-08,-6.645734927560622e-08,6.645734927560622e-08
Date_2021-11-18,-6.63944154094326e-08,6.63944154094326e-08
Date_2021-05-19,6.624800742534032e-08,6.624800742534032e-08
Date_2015-02-10,6.623349977671091e-08,6.623349977671091e-08
Date_2012-05-21,-6.620962702362207e-08,6.620962702362207e-08
Date_2012-12-15,-6.620938084134753e-08,6.620938084134753e-08
Date_2016-11-28,-6.611681328203434e-08,6.611681328203434e-08
Date_2022-02-10,-6.609680197885395e-08,6.609680197885395e-08
Date_2012-10-18,-6.608848982402551e-08,6.608848982402551e-08
Date_2022-07-07,-6.608670036285601e-08,6.608670036285601e-08
Date_2015-12-03,-6.608657432226286e-08,6.608657432226286e-08
Date_2017-11-17,6.608413424613865e-08,6.608413424613865e-08
Date_2018-07-10,6.60424234212111e-08,6.60424234212111e-08
Date_2016-04-17,6.5887201296363e-08,6.5887201296363e-08
Date_2014-05-17,6.583473150272844e-08,6.583473150272844e-08
Date_2014-03-08,-6.582215838340324e-08,6.582215838340324e-08
Date_2018-08-28,-6.578219317106002e-08,6.578219317106002e-08
Date_2012-10-08,6.577760801149086e-08,6.577760801149086e-08
Date_2012-04-20,6.567082390213059e-08,6.567082390213059e-08
Date_2012-06-02,6.564315618831022e-08,6.564315618831022e-08
Date_2017-08-02,6.559794758019914e-08,6.559794758019914e-08
Date_2015-07-17,6.55897067914328e-08,6.55897067914328e-08
Date_2019-08-19,-6.558056162999953e-08,6.558056162999953e-08
Date_2021-06-22,-6.554753983581636e-08,6.554753983581636e-08
Date_2017-08-20,6.546471797800993e-08,6.546471797800993e-08
Date_2012-07-06,6.544499674062136e-08,6.544499674062136e-08
Date_2018-11-05,6.536306512608625e-08,6.536306512608625e-08
Date_2019-10-27,-6.522102544957406e-08,6.522102544957406e-08
Date_2016-08-22,-6.517732519178361e-08,6.517732519178361e-08
Date_2013-03-02,-6.50868478567682e-08,6.50868478567682e-08
Date_2014-04-08,-6.504844918441007e-08,6.504844918441007e-08
Date_2019-09-27,-6.495175613769057e-08,6.495175613769057e-08
Date_2012-11-06,-6.491575009134061e-08,6.491575009134061e-08
Date_2017-02-09,-6.491484531090826e-08,6.491484531090826e-08
Date_2015-06-10,6.490765124116273e-08,6.490765124116273e-08
Date_2022-11-12,6.488530396129964e-08,6.488530396129964e-08
Date_2016-01-11,6.480501860093952e-08,6.480501860093952e-08
Date_2018-03-15,6.479177412709036e-08,6.479177412709036e-08
Date_2015-10-22,6.459091704888574e-08,6.459091704888574e-08
Date_2015-08-01,6.457512831918105e-08,6.457512831918105e-08
Date_2017-09-29,6.445856106756065e-08,6.445856106756065e-08
Date_2018-05-25,-6.444281318232106e-08,6.444281318232106e-08
Date_2013-07-06,-6.442439024828312e-08,6.442439024828312e-08
Date_2019-04-29,6.437331387863862e-08,6.437331387863862e-08
Date_2013-07-12,6.431279275914425e-08,6.431279275914425e-08
Date_2015-06-16,-6.429481708312096e-08,6.429481708312096e-08
Date_2014-01-05,6.42851747937625e-08,6.42851747937625e-08
Date_2013-08-12,6.428260061630391e-08,6.428260061630391e-08
Date_2021-06-05,-6.428004561246333e-08,6.428004561246333e-08
Date_2021-02-04,6.421106194670872e-08,6.421106194670872e-08
Date_2018-04-26,6.41989196783436e-08,6.41989196783436e-08
Date_2022-01-18,6.417862816820929e-08,6.417862816820929e-08
Date_2022-12-16,-6.416115700066307e-08,6.416115700066307e-08
Date_2012-04-29,6.407442579355089e-08,6.407442579355089e-08
Date_2019-11-14,6.400941291220728e-08,6.400941291220728e-08
Date_2011-11-26,-6.398084352621142e-08,6.398084352621142e-08
Date_2015-07-14,-6.397234228209745e-08,6.397234228209745e-08
Date_2013-02-04,-6.386454014807869e-08,6.386454014807869e-08
Date_2014-05-29,6.3859048138592e-08,6.3859048138592e-08
Date_2014-06-01,-6.385187937443453e-08,6.385187937443453e-08
Date_2013-10-14,-6.37968048549765e-08,6.37968048549765e-08
Date_2013-01-01,6.379326605165395e-08,6.379326605165395e-08
Date_2018-04-02,6.376876186716994e-08,6.376876186716994e-08
Date_2016-07-10,-6.376805878357635e-08,6.376805878357635e-08
Date_2015-09-01,6.37224139369469e-08,6.37224139369469e-08
Date_2021-12-10,6.365256511092972e-08,6.365256511092972e-08
Date_2018-02-26,6.363750610117276e-08,6.363750610117276e-08
Date_2014-10-24,-6.362811659676723e-08,6.362811659676723e-08
Date_2011-06-12,6.359354919311721e-08,6.359354919311721e-08
Date_2011-12-18,6.358142927917622e-08,6.358142927917622e-08
Date_2012-05-24,6.3572946073017e-08,6.3572946073017e-08
Date_2015-05-25,6.355320023638016e-08,6.355320023638016e-08
Date_2022-05-24,-6.354231801003812e-08,6.354231801003812e-08
Date_2019-08-20,-6.35106434861633e-08,6.35106434861633e-08
Date_2014-09-14,6.345568964204377e-08,6.345568964204377e-08
Date_2018-01-30,6.343228975003632e-08,6.343228975003632e-08
Date_2020-10-04,6.339115470527268e-08,6.339115470527268e-08
Date_2010-11-23,6.338578410738982e-08,6.338578410738982e-08
Date_2020-04-21,-6.333538487359756e-08,6.333538487359756e-08
Date_2022-06-28,6.331693733057019e-08,6.331693733057019e-08
Date_2022-10-20,-6.318710417886153e-08,6.318710417886153e-08
Date_2018-11-12,-6.318574845788834e-08,6.318574845788834e-08
Date_2013-06-29,6.31357005397108e-08,6.31357005397108e-08
Date_2017-07-19,-6.313487405450388e-08,6.313487405450388e-08
Date_2018-11-08,-6.312503795351631e-08,6.312503795351631e-08
Date_2012-12-20,-6.306502600414648e-08,6.306502600414648e-08
Date_2014-08-05,6.305796310347163e-08,6.305796310347163e-08
Date_2016-12-30,6.304956998035731e-08,6.304956998035731e-08
Date_2020-06-29,-6.29852024994539e-08,6.29852024994539e-08
Date_2023-01-28,6.291869519215386e-08,6.291869519215386e-08
Date_2018-07-13,-6.291371062689258e-08,6.291371062689258e-08
Date_2016-02-26,6.290765870601702e-08,6.290765870601702e-08
Date_2012-09-15,6.288270904142101e-08,6.288270904142101e-08
Date_2011-02-14,-6.284285608639321e-08,6.284285608639321e-08
Date_2022-02-04,-6.263495622194608e-08,6.263495622194608e-08
Date_2014-03-18,6.259134134239851e-08,6.259134134239851e-08
Date_2018-08-02,-6.25707940743166e-08,6.25707940743166e-08
Date_2011-07-15,6.252655332930375e-08,6.252655332930375e-08
Date_2012-06-23,6.24998096457664e-08,6.24998096457664e-08
Date_2012-07-14,-6.248311925343955e-08,6.248311925343955e-08
Date_2021-12-14,6.243576278318311e-08,6.243576278318311e-08
Date_2016-01-02,-6.239122203466857e-08,6.239122203466857e-08
Date_2011-07-17,6.237987495353756e-08,6.237987495353756e-08
Date_2012-11-01,6.237941741854702e-08,6.237941741854702e-08
Date_2013-08-21,-6.235483819063928e-08,6.235483819063928e-08
Date_2017-04-18,-6.229376225556976e-08,6.229376225556976e-08
Date_2012-07-13,6.224717765579461e-08,6.224717765579461e-08
Date_2022-04-27,-6.216611870856819e-08,6.216611870856819e-08
Date_2020-12-01,-6.209629251974699e-08,6.209629251974699e-08
Date_2014-02-27,6.202732449388262e-08,6.202732449388262e-08
Date_2014-05-28,-6.198457363662121e-08,6.198457363662121e-08
Date_2011-02-17,-6.190179314346746e-08,6.190179314346746e-08
Date_2014-06-02,6.184859917061791e-08,6.184859917061791e-08
Date_2014-01-20,6.183230471388541e-08,6.183230471388541e-08
Date_2021-07-15,6.181717666567436e-08,6.181717666567436e-08
Date_2021-09-12,-6.177364226032515e-08,6.177364226032515e-08
Date_2015-02-07,-6.170004835764478e-08,6.170004835764478e-08
Date_2012-02-22,-6.168405886106156e-08,6.168405886106156e-08
Date_2015-12-19,-6.166085476947104e-08,6.166085476947104e-08
Date_2013-11-13,-6.164136603365015e-08,6.164136603365015e-08
Date_2016-02-15,-6.161539864452472e-08,6.161539864452472e-08
Date_2015-04-06,6.152086301406562e-08,6.152086301406562e-08
Date_2017-11-02,-6.146905632110075e-08,6.146905632110075e-08
Date_2016-01-25,-6.146439979735243e-08,6.146439979735243e-08
Date_2013-01-24,-6.139602683553023e-08,6.139602683553023e-08
Date_2023-01-17,6.137169765578138e-08,6.137169765578138e-08
Date_2012-02-16,-6.137009991265136e-08,6.137009991265136e-08
Date_2019-06-16,6.133781847060107e-08,6.133781847060107e-08
Date_2020-01-20,6.129837920098903e-08,6.129837920098903e-08
Date_2014-01-04,6.129754873898982e-08,6.129754873898982e-08
Date_2022-08-08,6.109464487825803e-08,6.109464487825803e-08
Date_2017-05-31,6.103973400560262e-08,6.103973400560262e-08
Date_2012-01-13,6.102057280790902e-08,6.102057280790902e-08
Date_2020-07-08,-6.100180399790736e-08,6.100180399790736e-08
Date_2020-11-26,6.096666284656219e-08,6.096666284656219e-08
Date_2022-12-21,6.083208895368281e-08,6.083208895368281e-08
Date_2010-07-19,6.080085720709512e-08,6.080085720709512e-08
Date_2013-03-01,-6.070855283548525e-08,6.070855283548525e-08
Date_2010-12-28,6.06133435129246e-08,6.06133435129246e-08
Date_2013-06-05,-6.058968622611482e-08,6.058968622611482e-08
Date_2010-06-19,6.058960442174467e-08,6.058960442174467e-08
Date_2017-06-29,-6.05752156876133e-08,6.05752156876133e-08
Date_2019-11-03,6.057463773421164e-08,6.057463773421164e-08
Date_2017-05-19,-6.057057322563606e-08,6.057057322563606e-08
Date_2011-02-12,-6.052346550969949e-08,6.052346550969949e-08
Date_2011-06-18,-6.047788315275705e-08,6.047788315275705e-08
Date_2022-01-17,6.04657091724451e-08,6.04657091724451e-08
Date_2016-09-18,-6.041055701437037e-08,6.041055701437037e-08
Date_2014-01-15,6.038158829103483e-08,6.038158829103483e-08
Date_2017-05-21,-6.037744186590344e-08,6.037744186590344e-08
Date_2022-07-02,-6.036225586285602e-08,6.036225586285602e-08
Date_2018-09-02,-6.031357551425926e-08,6.031357551425926e-08
Date_2019-08-01,-6.030691225793449e-08,6.030691225793449e-08
Date_2013-04-09,-6.01986670856409e-08,6.01986670856409e-08
Date_2015-01-02,6.017350734452739e-08,6.017350734452739e-08
Date_2015-01-24,6.014555806579041e-08,6.014555806579041e-08
Date_2015-07-07,6.011872585117837e-08,6.011872585117837e-08
Date_2017-06-28,-6.011726043652538e-08,6.011726043652538e-08
Date_2013-04-13,-6.008698394663433e-08,6.008698394663433e-08
Date_2013-09-13,6.002229463251942e-08,6.002229463251942e-08
Date_2013-03-04,-6.00131253268013e-08,6.00131253268013e-08
Date_2011-01-10,5.999552170417001e-08,5.999552170417001e-08
Date_2010-12-13,5.9980598058496e-08,5.9980598058496e-08
Date_2015-11-08,5.993314499914085e-08,5.993314499914085e-08
Date_2016-11-22,5.985208255461456e-08,5.985208255461456e-08
Date_2020-01-09,5.984226932269839e-08,5.984226932269839e-08
Date_2015-02-17,-5.983913379483388e-08,5.983913379483388e-08
Date_2017-09-15,5.976007833323332e-08,5.976007833323332e-08
Date_2010-11-24,5.968380836103756e-08,5.968380836103756e-08
Date_2020-01-21,-5.967807105437492e-08,5.967807105437492e-08
Date_2021-10-06,5.967627091613283e-08,5.967627091613283e-08
Date_2019-11-17,5.965383412553282e-08,5.965383412553282e-08
Date_2013-03-05,-5.963559331016234e-08,5.963559331016234e-08
Date_2014-06-04,5.959056533205191e-08,5.959056533205191e-08
Date_2011-05-28,5.948286748173326e-08,5.948286748173326e-08
Date_2017-01-08,-5.9474677012206983e-08,5.9474677012206983e-08
Date_2017-12-04,-5.9425934112752795e-08,5.9425934112752795e-08
Date_2016-02-06,-5.933810573054858e-08,5.933810573054858e-08
Date_2019-07-31,-5.9314681179422065e-08,5.9314681179422065e-08
Date_2017-09-25,5.927181994881381e-08,5.927181994881381e-08
Date_2018-03-19,-5.9197981893268845e-08,5.9197981893268845e-08
Date_2011-02-15,5.9170145937647853e-08,5.9170145937647853e-08
Date_2014-04-01,5.909707479702803e-08,5.909707479702803e-08
Date_2012-09-27,-5.905109062008907e-08,5.905109062008907e-08
Date_2017-06-23,5.903893362614665e-08,5.903893362614665e-08
Date_2015-04-08,-5.9038365495932447e-08,5.9038365495932447e-08
Date_2013-06-04,5.902907337619881e-08,5.902907337619881e-08
Date_2019-02-27,5.900445716258654e-08,5.900445716258654e-08
Date_2012-03-26,5.896987105527151e-08,5.896987105527151e-08
Date_2017-07-26,5.89303194127813e-08,5.89303194127813e-08
Date_2022-03-17,-5.883463172913998e-08,5.883463172913998e-08
Date_2015-06-22,5.881856681429798e-08,5.881856681429798e-08
Date_2017-11-27,5.877509263877156e-08,5.877509263877156e-08
Date_2013-03-31,-5.876842625029674e-08,5.876842625029674e-08
Date_2023-01-19,-5.873579023817403e-08,5.873579023817403e-08
Date_2020-09-07,5.8726450071631244e-08,5.8726450071631244e-08
Date_2014-01-07,5.869107032098596e-08,5.869107032098596e-08
Date_2018-06-12,5.868045899879944e-08,5.868045899879944e-08
Date_2015-01-21,-5.8667476742078886e-08,5.8667476742078886e-08
Date_2014-11-03,5.86616748424332e-08,5.86616748424332e-08
Date_2012-03-12,5.859601762492199e-08,5.859601762492199e-08
Date_2017-03-13,-5.856361904366629e-08,5.856361904366629e-08
Date_2021-12-13,5.8510742667427635e-08,5.8510742667427635e-08
Date_2016-01-30,-5.8504905255093785e-08,5.8504905255093785e-08
Date_2013-01-12,5.847955846617108e-08,5.847955846617108e-08
Date_2017-04-24,5.846101529947386e-08,5.846101529947386e-08
Date_2012-03-10,5.8378498905163675e-08,5.8378498905163675e-08
Date_2018-04-29,5.8328078576292044e-08,5.8328078576292044e-08
Date_2020-12-05,5.827607501730407e-08,5.827607501730407e-08
Date_2013-04-22,-5.822091827625212e-08,5.822091827625212e-08
Date_2016-09-30,5.81898405003348e-08,5.81898405003348e-08
Date_2019-04-15,-5.8150382365975624e-08,5.8150382365975624e-08
Date_2021-04-16,5.8123067818276684e-08,5.8123067818276684e-08
Date_2012-09-04,-5.79399649276373e-08,5.79399649276373e-08
Date_2018-09-22,-5.791886261047159e-08,5.791886261047159e-08
Date_2012-10-16,-5.790427507232772e-08,5.790427507232772e-08
Date_2022-04-10,5.789666631191381e-08,5.789666631191381e-08
Date_2020-01-27,-5.78707040563765e-08,5.78707040563765e-08
Date_2020-07-11,-5.7844673495987426e-08,5.7844673495987426e-08
Date_2017-10-08,-5.78152409399611e-08,5.78152409399611e-08
Date_2017-02-19,-5.774295491591056e-08,5.774295491591056e-08
Date_2016-07-06,5.773237868705731e-08,5.773237868705731e-08
Date_2019-09-16,-5.768767626209422e-08,5.768767626209422e-08
Date_2017-07-03,5.76767294022244e-08,5.76767294022244e-08
Date_2020-12-18,-5.766938224978147e-08,5.766938224978147e-08
Date_2012-07-25,-5.763607029929021e-08,5.763607029929021e-08
Date_2017-09-17,-5.754383238123274e-08,5.754383238123274e-08
Date_2021-11-05,5.751070580513653e-08,5.751070580513653e-08
Date_2015-01-09,5.748165852224733e-08,5.748165852224733e-08
Date_2021-09-28,-5.739993551172738e-08,5.739993551172738e-08
Date_2019-08-27,5.7363334646839896e-08,5.7363334646839896e-08
Date_2014-08-01,5.7356497622324156e-08,5.7356497622324156e-08
Date_2019-08-07,-5.7278237039650034e-08,5.7278237039650034e-08
Date_2022-02-13,5.716188493083397e-08,5.716188493083397e-08
Date_2020-04-25,-5.713451789803751e-08,5.713451789803751e-08
Date_2013-10-05,5.712107298598585e-08,5.712107298598585e-08
Date_2021-09-23,-5.7064921003903564e-08,5.7064921003903564e-08
Date_2018-11-19,5.6987441556911746e-08,5.6987441556911746e-08
Date_2018-12-12,-5.697408289560369e-08,5.697408289560369e-08
Date_2013-05-19,-5.696938877606645e-08,5.696938877606645e-08
Date_2016-04-14,5.693756387774012e-08,5.693756387774012e-08
Date_2018-05-31,5.68357767875513e-08,5.68357767875513e-08
Date_2014-12-09,-5.681000518521145e-08,5.681000518521145e-08
Date_2013-03-30,5.678194273509841e-08,5.678194273509841e-08
Date_2022-11-27,-5.673956414398129e-08,5.673956414398129e-08
Date_2022-12-07,-5.672188096898925e-08,5.672188096898925e-08
Date_2013-06-18,5.661212554072845e-08,5.661212554072845e-08
Date_2020-01-28,-5.6603395978283314e-08,5.6603395978283314e-08
Date_2014-10-03,5.6583714517979593e-08,5.6583714517979593e-08
Date_2018-11-29,5.6566470789386396e-08,5.6566470789386396e-08
Date_2021-02-28,-5.655744497672387e-08,5.655744497672387e-08
Date_2020-09-19,-5.655631250776242e-08,5.655631250776242e-08
Date_2021-03-27,-5.6545687596326413e-08,5.6545687596326413e-08
Date_2014-09-20,-5.647749841256882e-08,5.647749841256882e-08
Date_2013-01-30,5.6438612712411945e-08,5.6438612712411945e-08
Date_2013-04-23,5.642086068387996e-08,5.642086068387996e-08
Date_2013-01-08,5.640815087639474e-08,5.640815087639474e-08
Date_2022-01-25,-5.638539669085474e-08,5.638539669085474e-08
Date_2015-12-23,5.637376253901086e-08,5.637376253901086e-08
Date_2020-05-26,5.63228774154839e-08,5.63228774154839e-08
Date_2014-07-31,-5.6309079912094236e-08,5.6309079912094236e-08
Date_2017-10-27,-5.62056600878255e-08,5.62056600878255e-08
Date_2010-11-01,5.611419359951356e-08,5.611419359951356e-08
Date_2021-05-29,-5.610236156227011e-08,5.610236156227011e-08
Date_2015-10-03,-5.6073540338733394e-08,5.6073540338733394e-08
Date_2017-03-27,5.6068372312581504e-08,5.6068372312581504e-08
Date_2013-07-04,-5.600406240974312e-08,5.600406240974312e-08
Date_2021-02-03,5.5992292715626985e-08,5.5992292715626985e-08
Date_2018-09-28,-5.58205002432134e-08,5.58205002432134e-08
Date_2018-09-25,-5.576031670406499e-08,5.576031670406499e-08
Date_2022-11-28,-5.5726038162451626e-08,5.5726038162451626e-08
Date_2011-05-21,5.57201089708019e-08,5.57201089708019e-08
Date_2020-02-19,-5.561721861216623e-08,5.561721861216623e-08
Date_2017-08-19,5.560926141675657e-08,5.560926141675657e-08
Date_2021-07-11,5.5594002639361534e-08,5.5594002639361534e-08
Date_2021-08-24,5.5483390376169416e-08,5.5483390376169416e-08
Date_2015-05-14,-5.5390519743156e-08,5.5390519743156e-08
Date_2015-08-20,-5.537324149685352e-08,5.537324149685352e-08
Date_2016-07-13,5.535872791848019e-08,5.535872791848019e-08
Date_2012-01-12,5.531557971562725e-08,5.531557971562725e-08
Date_2020-08-08,5.524768001421799e-08,5.524768001421799e-08
Date_2022-10-16,-5.52150661194503e-08,5.52150661194503e-08
Date_2015-01-23,5.51879277547675e-08,5.51879277547675e-08
Date_2018-06-08,5.5185228707754765e-08,5.5185228707754765e-08
Date_2011-11-21,-5.516491687376826e-08,5.516491687376826e-08
Date_2013-12-02,-5.514783899862867e-08,5.514783899862867e-08
Date_2021-03-03,5.5102015878217075e-08,5.5102015878217075e-08
Date_2019-01-15,-5.507792289573989e-08,5.507792289573989e-08
Date_2022-07-09,5.503105127770847e-08,5.503105127770847e-08
Date_2012-06-03,5.502709306138597e-08,5.502709306138597e-08
Date_2015-12-21,5.500419617520801e-08,5.500419617520801e-08
Date_2011-02-05,5.500096340003802e-08,5.500096340003802e-08
Date_2016-08-05,5.498202192713719e-08,5.498202192713719e-08
Date_2011-04-16,-5.497335391951171e-08,5.497335391951171e-08
Date_2017-11-13,-5.496813407856104e-08,5.496813407856104e-08
Date_2020-11-16,-5.485006056227685e-08,5.485006056227685e-08
Date_2012-05-02,-5.479833661387532e-08,5.479833661387532e-08
Date_2012-06-18,-5.477638963671423e-08,5.477638963671423e-08
Date_2012-01-19,-5.46736853233707e-08,5.46736853233707e-08
Date_2016-09-14,5.452631549564972e-08,5.452631549564972e-08
Date_2022-09-05,5.451706155631075e-08,5.451706155631075e-08
Date_2018-06-21,5.450130264989653e-08,5.450130264989653e-08
Date_2017-03-03,-5.446015846164243e-08,5.446015846164243e-08
Date_2016-09-11,-5.4452917567615057e-08,5.4452917567615057e-08
Date_2011-01-17,-5.445199920530061e-08,5.445199920530061e-08
Date_2016-06-13,-5.4426493507535235e-08,5.4426493507535235e-08
Date_2018-09-26,-5.442327780261878e-08,5.442327780261878e-08
Date_2022-10-01,-5.438776616418787e-08,5.438776616418787e-08
Date_2014-02-21,-5.4371027119017754e-08,5.4371027119017754e-08
Date_2014-03-07,5.430812814228526e-08,5.430812814228526e-08
Date_2017-10-30,5.4287882414220444e-08,5.4287882414220444e-08
Date_2012-01-21,-5.4252381966415744e-08,5.4252381966415744e-08
Date_2018-07-25,5.422815583119269e-08,5.422815583119269e-08
Date_2015-10-21,-5.420825586616148e-08,5.420825586616148e-08
Date_2021-01-03,5.4206341220656386e-08,5.4206341220656386e-08
Date_2016-12-29,5.4134960193761654e-08,5.4134960193761654e-08
Date_2019-06-07,5.4132792406374934e-08,5.4132792406374934e-08
Date_2011-03-22,5.41120296435561e-08,5.41120296435561e-08
Date_2022-08-22,5.408448156435142e-08,5.408448156435142e-08
Date_2018-10-12,-5.4051874064380406e-08,5.4051874064380406e-08
Date_2013-05-02,5.39957156291649e-08,5.39957156291649e-08
Date_2022-04-14,5.397054181381377e-08,5.397054181381377e-08
Date_2015-05-11,-5.3950055934891914e-08,5.3950055934891914e-08
Date_2011-06-30,5.386974454179871e-08,5.386974454179871e-08
Date_2022-05-14,-5.385871181935267e-08,5.385871181935267e-08
Date_2014-10-13,5.379501961981565e-08,5.379501961981565e-08
Date_2022-11-09,-5.3757210851051824e-08,5.3757210851051824e-08
Date_2019-04-30,-5.367964308322249e-08,5.367964308322249e-08
Date_2010-11-16,5.360834701257735e-08,5.360834701257735e-08
Date_2021-08-12,-5.354662106283765e-08,5.354662106283765e-08
Date_2015-08-28,-5.342832371265553e-08,5.342832371265553e-08
Date_2018-12-09,-5.33157546711298e-08,5.33157546711298e-08
Date_2017-07-04,5.3300395900024147e-08,5.3300395900024147e-08
Date_2020-07-24,5.3185278939781055e-08,5.3185278939781055e-08
Date_2021-07-23,5.3176702752075145e-08,5.3176702752075145e-08
Date_2018-02-16,5.317577234812873e-08,5.317577234812873e-08
Date_2015-04-18,-5.31554713541572e-08,5.31554713541572e-08
Date_2015-10-02,5.313698895585133e-08,5.313698895585133e-08
Date_2021-12-06,-5.3125357275839044e-08,5.3125357275839044e-08
Date_2017-10-24,5.3097810092386e-08,5.3097810092386e-08
Date_2019-01-30,5.305459330572967e-08,5.305459330572967e-08
Date_2016-07-26,5.3052693082912273e-08,5.3052693082912273e-08
Date_2013-02-12,-5.3042269503202424e-08,5.3042269503202424e-08
Date_2015-04-21,5.302566768198965e-08,5.302566768198965e-08
Date_2022-05-05,5.3001073717279106e-08,5.3001073717279106e-08
Date_2020-08-01,-5.2992661810237715e-08,5.2992661810237715e-08
Date_2017-09-13,5.294513680005903e-08,5.294513680005903e-08
Date_2012-01-06,-5.292650524171232e-08,5.292650524171232e-08
Date_2017-08-24,-5.292484330905244e-08,5.292484330905244e-08
Date_2019-01-05,5.289558544422624e-08,5.289558544422624e-08
Date_2011-04-23,5.286858282449441e-08,5.286858282449441e-08
Date_2020-08-11,5.2859404497649115e-08,5.2859404497649115e-08
Date_2017-08-22,-5.284010681420127e-08,5.284010681420127e-08
Date_2010-08-18,5.2835669610261756e-08,5.2835669610261756e-08
Date_2019-05-06,5.2792258013475987e-08,5.2792258013475987e-08
Date_2010-09-20,-5.27686533679552e-08,5.27686533679552e-08
Date_2012-05-04,5.2721724048949245e-08,5.2721724048949245e-08
Date_2019-12-06,-5.2656822385833515e-08,5.2656822385833515e-08
Date_2014-07-04,-5.260113352971211e-08,5.260113352971211e-08
Date_2021-12-07,-5.258900273620871e-08,5.258900273620871e-08
Date_2018-02-10,-5.2567012037210026e-08,5.2567012037210026e-08
Date_2018-11-25,5.256507656996938e-08,5.256507656996938e-08
Date_2022-05-26,5.25491123728835e-08,5.25491123728835e-08
Date_2012-05-06,5.252184540486599e-08,5.252184540486599e-08
Date_2014-07-12,5.251118599293385e-08,5.251118599293385e-08
Date_2011-09-16,-5.2485893166534684e-08,5.2485893166534684e-08
Date_2015-08-23,5.248478637137576e-08,5.248478637137576e-08
Date_2015-01-18,-5.2417509760248796e-08,5.2417509760248796e-08
Date_2015-02-04,5.239433309079923e-08,5.239433309079923e-08
Date_2019-12-05,5.239212008612625e-08,5.239212008612625e-08
Date_2019-11-30,-5.236732652646427e-08,5.236732652646427e-08
Date_2019-06-13,-5.236059939695257e-08,5.236059939695257e-08
Date_2017-10-09,-5.232160340747636e-08,5.232160340747636e-08
Date_2019-06-17,-5.2313081478357155e-08,5.2313081478357155e-08
Date_2016-09-06,5.225939796771232e-08,5.225939796771232e-08
Date_2016-02-25,-5.2209607839921026e-08,5.2209607839921026e-08
Date_2022-11-24,5.219593613715232e-08,5.219593613715232e-08
Date_2013-06-19,-5.214251351598916e-08,5.214251351598916e-08
Date_2018-06-03,-5.212748408724071e-08,5.212748408724071e-08
Date_2011-05-24,-5.208305730770059e-08,5.208305730770059e-08
Date_2018-08-26,-5.207909849010798e-08,5.207909849010798e-08
Date_2013-09-09,-5.204955922726838e-08,5.204955922726838e-08
Date_2019-01-12,5.2024392328585715e-08,5.2024392328585715e-08
Date_2022-05-09,-5.2007286539903e-08,5.2007286539903e-08
Date_2012-03-30,-5.2004084168559656e-08,5.2004084168559656e-08
Date_2010-07-31,5.199198788215457e-08,5.199198788215457e-08
Date_2014-10-07,-5.196893894459632e-08,5.196893894459632e-08
Date_2011-01-19,5.193336453147073e-08,5.193336453147073e-08
Date_2013-03-18,5.192818396328055e-08,5.192818396328055e-08
Date_2017-01-14,5.191127693630127e-08,5.191127693630127e-08
Date_2020-08-23,5.185489673717684e-08,5.185489673717684e-08
Date_2015-11-29,-5.185389908086351e-08,5.185389908086351e-08
Date_2020-08-24,-5.184726342826629e-08,5.184726342826629e-08
Date_2012-06-15,-5.177187143345258e-08,5.177187143345258e-08
Date_2016-01-18,5.17144382297495e-08,5.17144382297495e-08
Date_2020-05-15,5.163014776573868e-08,5.163014776573868e-08
Date_2020-04-26,5.1552536613954226e-08,5.1552536613954226e-08
Date_2018-04-05,-5.1547732599075924e-08,5.1547732599075924e-08
Date_2014-09-28,5.1544887695335715e-08,5.1544887695335715e-08
Date_2017-04-09,5.154016960055905e-08,5.154016960055905e-08
Date_2016-07-07,-5.150137402857734e-08,5.150137402857734e-08
Date_2019-02-08,5.148904885570678e-08,5.148904885570678e-08
Date_2021-01-24,-5.1484093187781036e-08,5.1484093187781036e-08
Date_2011-05-29,-5.139832058502508e-08,5.139832058502508e-08
Date_2016-02-05,5.138555493739768e-08,5.138555493739768e-08
Date_2017-04-30,5.134855033911968e-08,5.134855033911968e-08
Date_2021-12-16,-5.122565837550834e-08,5.122565837550834e-08
Date_2022-01-26,-5.1224267437144776e-08,5.1224267437144776e-08
Date_2022-06-15,-5.1182256934905016e-08,5.1182256934905016e-08
Date_2016-08-04,-5.115793292162922e-08,5.115793292162922e-08
Date_2014-09-27,5.104431010055365e-08,5.104431010055365e-08
Date_2010-07-26,-5.103332196172905e-08,5.103332196172905e-08
Date_2020-08-18,5.101974423964685e-08,5.101974423964685e-08
Date_2018-09-09,5.0961032999572006e-08,5.0961032999572006e-08
Date_2012-03-02,5.0835003005472424e-08,5.0835003005472424e-08
Date_2020-04-30,5.082686756758997e-08,5.082686756758997e-08
Date_2022-12-23,5.080517059621112e-08,5.080517059621112e-08
Date_2021-11-29,5.073802015486809e-08,5.073802015486809e-08
Date_2015-02-27,5.063014573507687e-08,5.063014573507687e-08
Date_2021-10-07,5.057637929748253e-08,5.057637929748253e-08
Date_2018-10-23,5.057419524743113e-08,5.057419524743113e-08
Date_2017-06-20,5.0449338865548134e-08,5.0449338865548134e-08
Date_2014-09-15,-5.04329133113716e-08,5.04329133113716e-08
Date_2013-07-13,-5.041819754582227e-08,5.041819754582227e-08
Date_2014-04-20,5.035980705399309e-08,5.035980705399309e-08
Date_2015-09-09,5.029906502607568e-08,5.029906502607568e-08
Date_2018-07-22,5.028488733597635e-08,5.028488733597635e-08
Date_2022-01-22,5.020523051731307e-08,5.020523051731307e-08
Date_2013-12-10,5.018151542795809e-08,5.018151542795809e-08
Date_2015-07-09,5.013097417745152e-08,5.013097417745152e-08
Date_2021-08-22,-5.0105502189098907e-08,5.0105502189098907e-08
Date_2014-07-07,5.0042096588307756e-08,5.0042096588307756e-08
Date_2023-01-27,5.002934893022949e-08,5.002934893022949e-08
Date_2017-11-08,-4.9963676227819126e-08,4.9963676227819126e-08
Date_2013-05-18,4.993377163515088e-08,4.993377163515088e-08
Date_2011-07-09,4.991210187405287e-08,4.991210187405287e-08
Date_2011-11-29,-4.986038046143636e-08,4.986038046143636e-08
Date_2015-02-22,4.983335485100547e-08,4.983335485100547e-08
Date_2020-06-01,4.98144265528168e-08,4.98144265528168e-08
Date_2013-11-29,4.97514364133493e-08,4.97514364133493e-08
Date_2010-10-21,-4.9747830544698396e-08,4.9747830544698396e-08
Date_2013-07-03,-4.969922443322564e-08,4.969922443322564e-08
Date_2011-01-27,-4.967309043218197e-08,4.967309043218197e-08
Date_2021-12-17,4.965150253080355e-08,4.965150253080355e-08
Date_2012-01-28,4.9619435755901604e-08,4.9619435755901604e-08
Date_2017-05-05,-4.959748418960029e-08,4.959748418960029e-08
Date_2015-01-13,4.9529377195961665e-08,4.9529377195961665e-08
Date_2012-11-21,4.94410922623021e-08,4.94410922623021e-08
Date_2015-08-04,-4.939351308591654e-08,4.939351308591654e-08
Date_2013-04-04,4.932519884270147e-08,4.932519884270147e-08
Date_2015-03-28,-4.9268238619446515e-08,4.9268238619446515e-08
Date_2012-08-17,4.925036268986391e-08,4.925036268986391e-08
Date_2018-05-29,-4.921372125255667e-08,4.921372125255667e-08
Date_2014-03-10,4.9210782546179616e-08,4.9210782546179616e-08
Date_2012-02-19,-4.92093979132511e-08,4.92093979132511e-08
Date_2018-03-01,4.919612230122606e-08,4.919612230122606e-08
Date_2018-07-30,-4.9170046170807474e-08,4.9170046170807474e-08
Date_2022-01-16,-4.9135256312234925e-08,4.9135256312234925e-08
Date_2010-09-27,-4.913393645756422e-08,4.913393645756422e-08
Date_2011-04-11,4.913315417320165e-08,4.913315417320165e-08
Date_2012-05-07,-4.9098845527042576e-08,4.9098845527042576e-08
Date_2012-02-12,-4.908764986231112e-08,4.908764986231112e-08
Date_2014-02-05,-4.904055193974399e-08,4.904055193974399e-08
Date_2020-04-16,-4.896924142041905e-08,4.896924142041905e-08
Date_2016-06-28,4.8943115287800207e-08,4.8943115287800207e-08
Date_2013-04-14,4.885720989218228e-08,4.885720989218228e-08
Date_2013-09-16,-4.882094729284733e-08,4.882094729284733e-08
Date_2011-06-02,-4.881783108136399e-08,4.881783108136399e-08
Date_2015-03-30,-4.8793720109683187e-08,4.8793720109683187e-08
Date_2015-09-28,4.870845589895122e-08,4.870845589895122e-08
Date_2016-04-18,4.868156324176878e-08,4.868156324176878e-08
Date_2014-10-02,4.868135868139596e-08,4.868135868139596e-08
Date_2016-10-05,4.864523682770768e-08,4.864523682770768e-08
Date_2021-10-05,4.847226256773193e-08,4.847226256773193e-08
Date_2012-09-30,-4.8470146489944864e-08,4.8470146489944864e-08
Date_2022-06-02,4.8396136713394365e-08,4.8396136713394365e-08
Date_2012-12-26,4.834774842358052e-08,4.834774842358052e-08
Date_2022-11-25,4.831375919532454e-08,4.831375919532454e-08
Date_2010-10-29,-4.8293652559079144e-08,4.8293652559079144e-08
Date_2017-01-10,4.823075405488514e-08,4.823075405488514e-08
Date_2012-05-30,-4.8021977609295575e-08,4.8021977609295575e-08
Date_2016-05-22,4.797986121368022e-08,4.797986121368022e-08
Date_2018-06-22,-4.792321411635141e-08,4.792321411635141e-08
Date_2017-12-22,-4.791415208624011e-08,4.791415208624011e-08
Date_2012-04-16,4.788389587904656e-08,4.788389587904656e-08
Date_2020-01-10,-4.781966866297121e-08,4.781966866297121e-08
Date_2018-06-06,4.781402105174562e-08,4.781402105174562e-08
Date_2011-01-08,-4.78009711343374e-08,4.78009711343374e-08
Date_2019-08-02,4.777726601181681e-08,4.777726601181681e-08
Date_2021-04-29,-4.7767926670882676e-08,4.7767926670882676e-08
Date_2018-02-05,-4.77155930299219e-08,4.77155930299219e-08
Date_2018-12-06,-4.769141124588556e-08,4.769141124588556e-08
Date_2021-06-06,4.7639885061006755e-08,4.7639885061006755e-08
Date_2020-05-08,-4.7622877102638343e-08,4.7622877102638343e-08
Date_2016-05-05,-4.7591427690808645e-08,4.7591427690808645e-08
Date_2012-07-11,-4.7546168312350224e-08,4.7546168312350224e-08
Date_2017-11-28,-4.753182377906038e-08,4.753182377906038e-08
Date_2011-09-06,-4.739302771565032e-08,4.739302771565032e-08
Date_2016-03-05,4.7392154117058876e-08,4.7392154117058876e-08
Date_2012-05-29,-4.7377070528115564e-08,4.7377070528115564e-08
Date_2012-02-27,-4.732902367809863e-08,4.732902367809863e-08
Date_2016-04-05,4.731530522086584e-08,4.731530522086584e-08
Date_2016-04-29,4.72681222861798e-08,4.72681222861798e-08
Date_2014-11-19,-4.724607600275585e-08,4.724607600275585e-08
Date_2013-05-13,4.72449520126362e-08,4.72449520126362e-08
Date_2014-05-22,4.722927590615173e-08,4.722927590615173e-08
Date_2014-09-13,4.722579828739161e-08,4.722579828739161e-08
Date_2021-01-28,-4.719879244930491e-08,4.719879244930491e-08
Date_2017-11-30,-4.7057404919267353e-08,4.7057404919267353e-08
Date_2011-07-27,-4.7050046878072604e-08,4.7050046878072604e-08
Date_2022-10-17,-4.700636695011901e-08,4.700636695011901e-08
Date_2019-12-29,-4.699280883945561e-08,4.699280883945561e-08
Date_2022-01-06,4.6953967984440324e-08,4.6953967984440324e-08
Date_2021-03-31,4.690479380727656e-08,4.690479380727656e-08
Date_2011-01-23,4.6898629908927835e-08,4.6898629908927835e-08
Date_2011-10-14,4.6888255460805e-08,4.6888255460805e-08
Date_2016-12-14,-4.686205097350673e-08,4.686205097350673e-08
Date_2012-12-04,4.683218574826973e-08,4.683218574826973e-08
Date_2016-12-22,4.6820075717773475e-08,4.6820075717773475e-08
Date_2021-08-23,-4.68011196361022e-08,4.68011196361022e-08
Date_2015-06-29,-4.6798701681701276e-08,4.6798701681701276e-08
Date_2018-03-21,-4.6786842264768924e-08,4.6786842264768924e-08
Date_2022-02-16,4.674631621155978e-08,4.674631621155978e-08
Date_2023-01-14,-4.6736996532078386e-08,4.6736996532078386e-08
Date_2022-05-28,4.673259081369576e-08,4.673259081369576e-08
Date_2010-12-08,-4.6640689768490246e-08,4.6640689768490246e-08
Date_2018-09-20,-4.652532254564437e-08,4.652532254564437e-08
Date_2011-03-27,4.648890730762124e-08,4.648890730762124e-08
Date_2010-09-26,4.646176343121286e-08,4.646176343121286e-08
Date_2011-02-06,4.6407428041340175e-08,4.6407428041340175e-08
Date_2013-03-25,4.6379181741263926e-08,4.6379181741263926e-08
Date_2021-11-15,-4.636416026044791e-08,4.636416026044791e-08
Date_2011-03-02,-4.636304485391059e-08,4.636304485391059e-08
Date_2023-01-18,-4.631456596551894e-08,4.631456596551894e-08
Date_2018-09-14,4.62902744999044e-08,4.62902744999044e-08
Date_2017-10-04,4.628103622177142e-08,4.628103622177142e-08
Date_2019-06-30,4.6237090123734945e-08,4.6237090123734945e-08
Date_2019-01-04,-4.622078820891834e-08,4.622078820891834e-08
Date_2017-04-13,-4.612571295459294e-08,4.612571295459294e-08
Date_2010-06-17,-4.607366861645118e-08,4.607366861645118e-08
Date_2021-04-23,4.600693701153659e-08,4.600693701153659e-08
Date_2017-06-21,-4.5970716597702795e-08,4.5970716597702795e-08
Date_2017-09-18,4.596132823754366e-08,4.596132823754366e-08
Date_2016-04-11,4.592468492621532e-08,4.592468492621532e-08
Date_2020-12-11,4.592006434567504e-08,4.592006434567504e-08
Date_2014-04-04,4.589728031746863e-08,4.589728031746863e-08
Date_2021-11-13,-4.589550812219013e-08,4.589550812219013e-08
Date_2012-06-08,4.5881214468158354e-08,4.5881214468158354e-08
Date_2012-07-18,4.587764249630536e-08,4.587764249630536e-08
Date_2018-05-22,4.5868475114623066e-08,4.5868475114623066e-08
Date_2017-07-06,-4.583701692106016e-08,4.583701692106016e-08
Date_2018-07-11,-4.5782579012526593e-08,4.5782579012526593e-08
Date_2019-05-12,-4.5767441522757395e-08,4.5767441522757395e-08
Date_2012-03-29,4.5646901424257174e-08,4.5646901424257174e-08
Date_2013-05-14,4.5583548925428184e-08,4.5583548925428184e-08
Date_2021-03-29,-4.548632756385519e-08,4.548632756385519e-08
Date_2011-01-12,-4.5448252104595955e-08,4.5448252104595955e-08
Date_2013-03-19,-4.542607696303092e-08,4.542607696303092e-08
Date_2018-07-04,-4.5422348798931164e-08,4.5422348798931164e-08
Date_2013-09-25,-4.5366088306187904e-08,4.5366088306187904e-08
Date_2013-11-15,-4.51980909561311e-08,4.51980909561311e-08
Date_2017-04-14,4.5178541594128186e-08,4.5178541594128186e-08
Date_2019-11-28,4.513091577353698e-08,4.513091577353698e-08
Date_2018-04-17,4.512151889223493e-08,4.512151889223493e-08
Date_2013-10-24,4.511583645372818e-08,4.511583645372818e-08
Date_2014-10-01,-4.5079237515039266e-08,4.5079237515039266e-08
Date_2022-03-20,4.5041039478028664e-08,4.5041039478028664e-08
Date_2015-11-02,-4.5031663564403845e-08,4.5031663564403845e-08
Date_2010-07-13,4.501650794925194e-08,4.501650794925194e-08
Date_2018-11-17,4.501173649930623e-08,4.501173649930623e-08
Date_2020-11-07,-4.499788873492723e-08,4.499788873492723e-08
Date_2011-08-11,-4.4997339783025494e-08,4.4997339783025494e-08
Date_2012-10-28,-4.4989830013802984e-08,4.4989830013802984e-08
Date_2014-03-20,4.4982535567490496e-08,4.4982535567490496e-08
Date_2015-07-05,4.497949187860559e-08,4.497949187860559e-08
Date_2021-12-19,4.497883138605929e-08,4.497883138605929e-08
Date_2013-10-27,-4.4958417865759934e-08,4.4958417865759934e-08
Date_2015-05-22,4.492370066999053e-08,4.492370066999053e-08
Date_2017-11-26,-4.4880226698849656e-08,4.4880226698849656e-08
Date_2018-02-22,-4.486618495026848e-08,4.486618495026848e-08
Date_2013-11-06,-4.4858809602970456e-08,4.4858809602970456e-08
Date_2021-10-29,-4.4830175503723835e-08,4.4830175503723835e-08
Date_2018-07-26,4.469722755384036e-08,4.469722755384036e-08
Date_2020-10-05,4.4644421982440684e-08,4.4644421982440684e-08
Date_2022-11-03,-4.4601946557239796e-08,4.4601946557239796e-08
Date_2017-08-12,-4.459500580704206e-08,4.459500580704206e-08
Date_2019-11-04,4.45698396853957e-08,4.45698396853957e-08
Date_2022-07-10,-4.4553789224791584e-08,4.4553789224791584e-08
Date_2017-04-07,4.4406538553199355e-08,4.4406538553199355e-08
Date_2016-08-12,4.43789905530384e-08,4.43789905530384e-08
Date_2012-01-14,4.4361304843724576e-08,4.4361304843724576e-08
Date_2019-08-15,-4.4297147273425035e-08,4.4297147273425035e-08
Date_2010-10-12,-4.4292623789407344e-08,4.4292623789407344e-08
Date_2013-12-24,-4.42662084750484e-08,4.42662084750484e-08
Date_2015-03-01,4.418976236782189e-08,4.418976236782189e-08
Date_2016-05-31,-4.415721785123188e-08,4.415721785123188e-08
Date_2021-09-10,-4.4137694790851505e-08,4.4137694790851505e-08
Date_2011-01-28,-4.4133562075483714e-08,4.4133562075483714e-08
Date_2018-03-11,-4.406980485231673e-08,4.406980485231673e-08
Date_2010-09-03,-4.405544016077552e-08,4.405544016077552e-08
Date_2020-08-15,4.405010956777796e-08,4.405010956777796e-08
Date_2017-05-15,4.404663826317087e-08,4.404663826317087e-08
Date_2011-11-11,-4.404169119481611e-08,4.404169119481611e-08
Date_2018-06-13,4.400930642405513e-08,4.400930642405513e-08
Date_2021-01-06,4.39937666892909e-08,4.39937666892909e-08
Date_2018-10-06,4.399212515352549e-08,4.399212515352549e-08
Date_2017-05-07,4.3985770877562086e-08,4.3985770877562086e-08
Date_2014-04-29,-4.3937340355643466e-08,4.3937340355643466e-08
Date_2018-11-14,-4.391337700977341e-08,4.391337700977341e-08
Date_2012-05-14,4.390995077888894e-08,4.390995077888894e-08
Date_2019-11-20,-4.389402581555877e-08,4.389402581555877e-08
Date_2016-06-04,-4.3805831001071005e-08,4.3805831001071005e-08
Date_2014-03-30,-4.37588038686532e-08,4.37588038686532e-08
Date_2020-09-04,-4.375811659965404e-08,4.375811659965404e-08
Date_2019-05-14,-4.3756074666833367e-08,4.3756074666833367e-08
Date_2015-02-18,-4.373442331338474e-08,4.373442331338474e-08
Date_2021-12-11,4.3722055760957e-08,4.3722055760957e-08
Date_2013-05-06,-4.371994606094031e-08,4.371994606094031e-08
Date_2014-02-03,4.366086828960881e-08,4.366086828960881e-08
Date_2018-10-17,-4.364079512501819e-08,4.364079512501819e-08
Date_2015-07-11,4.362777398407291e-08,4.362777398407291e-08
Date_2022-10-12,4.352819168737014e-08,4.352819168737014e-08
Date_2011-07-11,-4.350355712570852e-08,4.350355712570852e-08
Date_2022-03-02,4.342707758201012e-08,4.342707758201012e-08
Date_2013-06-20,4.3402022820004954e-08,4.3402022820004954e-08
Date_2015-10-30,4.3395740529774596e-08,4.3395740529774596e-08
Date_2020-05-09,-4.3380653568950974e-08,4.3380653568950974e-08
Date_2017-02-08,4.337551973277195e-08,4.337551973277195e-08
Date_2019-01-03,-4.333184310676062e-08,4.333184310676062e-08
Date_2013-02-10,4.331659148614467e-08,4.331659148614467e-08
Date_2018-08-09,-4.3280167663392854e-08,4.3280167663392854e-08
Date_2016-10-24,4.326681005626838e-08,4.326681005626838e-08
Date_2020-10-21,4.326400220174101e-08,4.326400220174101e-08
Date_2015-02-14,-4.320830296896531e-08,4.320830296896531e-08
Date_2022-11-15,4.318110609440832e-08,4.318110609440832e-08
Date_2016-02-08,-4.316218909646094e-08,4.316218909646094e-08
Date_2011-12-05,-4.3142407164569255e-08,4.3142407164569255e-08
Date_2020-11-12,-4.3056245959123643e-08,4.3056245959123643e-08
Date_2012-09-11,4.303422307621835e-08,4.303422307621835e-08
Date_2011-02-13,4.2914532032121594e-08,4.2914532032121594e-08
Date_2016-05-04,4.289266630650045e-08,4.289266630650045e-08
Date_2018-01-24,4.280458796342074e-08,4.280458796342074e-08
Date_2021-04-05,4.2785034613030077e-08,4.2785034613030077e-08
Date_2017-12-17,-4.2739562763033944e-08,4.2739562763033944e-08
Date_2018-02-15,-4.273789070374198e-08,4.273789070374198e-08
Date_2015-04-17,-4.265007346086545e-08,4.265007346086545e-08
Date_2016-01-28,-4.2632166569142025e-08,4.2632166569142025e-08
Date_2016-01-06,-4.261993764654301e-08,4.261993764654301e-08
Date_2019-05-17,-4.261459385334322e-08,4.261459385334322e-08
Date_2011-11-28,-4.260451014257274e-08,4.260451014257274e-08
Date_2022-07-24,4.2594807202454606e-08,4.2594807202454606e-08
Date_2021-11-16,-4.254409764040714e-08,4.254409764040714e-08
Date_2021-08-31,-4.251399770376831e-08,4.251399770376831e-08
Date_2011-11-13,-4.249587778610928e-08,4.249587778610928e-08
Date_2023-01-15,-4.246114968590091e-08,4.246114968590091e-08
Date_2017-10-19,4.235320757850239e-08,4.235320757850239e-08
Date_2013-12-28,-4.229854337471065e-08,4.229854337471065e-08
Date_2021-10-14,-4.2237126642020835e-08,4.2237126642020835e-08
Date_2010-09-11,-4.22109373290344e-08,4.22109373290344e-08
Date_2011-09-09,4.220469637182217e-08,4.220469637182217e-08
Date_2012-11-02,-4.219759972299908e-08,4.219759972299908e-08
Date_2021-11-30,-4.217780296261637e-08,4.217780296261637e-08
Date_2022-02-06,-4.2133112673835846e-08,4.2133112673835846e-08
Date_2014-10-12,-4.213233485616491e-08,4.213233485616491e-08
Date_2021-12-15,-4.2131457398722726e-08,4.2131457398722726e-08
Date_2014-08-18,-4.20674689849556e-08,4.20674689849556e-08
Date_2019-04-16,-4.2002849688155405e-08,4.2002849688155405e-08
Date_2010-09-14,4.194859587069883e-08,4.194859587069883e-08
Date_2016-02-12,-4.185229779474323e-08,4.185229779474323e-08
Date_2013-04-06,4.1843469698812564e-08,4.1843469698812564e-08
Date_2012-04-12,-4.183874432312137e-08,4.183874432312137e-08
Date_2012-10-03,-4.1817577589823616e-08,4.1817577589823616e-08
Date_2020-10-06,4.181325331911489e-08,4.181325331911489e-08
Date_2011-07-08,4.180597288161762e-08,4.180597288161762e-08
Date_2022-09-02,-4.180427350411373e-08,4.180427350411373e-08
Date_2014-02-15,4.161183856404026e-08,4.161183856404026e-08
Date_2020-02-01,4.156088980478486e-08,4.156088980478486e-08
Date_2018-04-04,4.154116173039413e-08,4.154116173039413e-08
Date_2012-03-25,-4.153892746405761e-08,4.153892746405761e-08
Date_2015-06-28,4.1512764475996544e-08,4.1512764475996544e-08
Date_2017-04-02,-4.1462242327985585e-08,4.1462242327985585e-08
Date_2011-01-31,4.145283003986814e-08,4.145283003986814e-08
Date_2011-11-22,-4.144980223059146e-08,4.144980223059146e-08
Date_2022-03-23,-4.1386617380621765e-08,4.1386617380621765e-08
Date_2011-06-23,4.1364905048240955e-08,4.1364905048240955e-08
Date_2014-12-15,-4.1294899992431484e-08,4.1294899992431484e-08
Date_2015-03-21,4.1263179466059436e-08,4.1263179466059436e-08
Date_2018-01-25,-4.1236555222782226e-08,4.1236555222782226e-08
Date_2017-10-17,-4.122635301560172e-08,4.122635301560172e-08
Date_2015-07-22,4.118271962288322e-08,4.118271962288322e-08
Date_2021-02-15,-4.110180930387145e-08,4.110180930387145e-08
Date_2016-03-07,-4.109844636888867e-08,4.109844636888867e-08
Date_2020-11-02,4.109575532184444e-08,4.109575532184444e-08
Date_2011-05-08,-4.1076377624143064e-08,4.1076377624143064e-08
Date_2021-12-01,4.1061461764042304e-08,4.1061461764042304e-08
Date_2021-09-29,4.104055712323533e-08,4.104055712323533e-08
Date_2014-02-16,-4.0995798510837855e-08,4.0995798510837855e-08
Date_2018-04-09,4.095939388413524e-08,4.095939388413524e-08
Date_2013-01-06,4.0958062501143955e-08,4.0958062501143955e-08
Date_2022-02-26,4.0913911049252636e-08,4.0913911049252636e-08
Date_2017-03-21,-4.0912710594829434e-08,4.0912710594829434e-08
Date_2014-03-17,4.0849216180744754e-08,4.0849216180744754e-08
Date_2015-04-27,4.084812366210327e-08,4.084812366210327e-08
Date_2010-10-18,4.083012881401799e-08,4.083012881401799e-08
Date_2014-02-13,4.079880191217406e-08,4.079880191217406e-08
Date_2020-11-05,-4.075729843859721e-08,4.075729843859721e-08
Date_2013-12-26,4.075384966902227e-08,4.075384966902227e-08
Date_2020-10-07,4.07314015251737e-08,4.07314015251737e-08
Date_2010-08-19,-4.069371794890881e-08,4.069371794890881e-08
Date_2011-05-18,4.067585572923216e-08,4.067585572923216e-08
Date_2015-06-24,4.06513480761831e-08,4.06513480761831e-08
Date_2010-08-01,-4.064845394558681e-08,4.064845394558681e-08
Date_2021-12-21,-4.0607216455542945e-08,4.0607216455542945e-08
Date_2015-10-12,-4.059929911791644e-08,4.059929911791644e-08
Date_2022-12-22,-4.055333807554062e-08,4.055333807554062e-08
Date_2012-01-15,-4.0543485620287866e-08,4.0543485620287866e-08
Date_2021-04-26,-4.0523372653192036e-08,4.0523372653192036e-08
Date_2022-11-06,4.05183079078291e-08,4.05183079078291e-08
Date_2010-10-24,4.047112576944265e-08,4.047112576944265e-08
Date_2021-06-23,-4.039985278366744e-08,4.039985278366744e-08
Date_2016-10-03,-4.038551767696842e-08,4.038551767696842e-08
Date_2015-03-20,-4.034252343890042e-08,4.034252343890042e-08
Date_2022-09-11,-4.0333819084816335e-08,4.0333819084816335e-08
Date_2019-05-22,4.02493850247705e-08,4.02493850247705e-08
Date_2010-11-30,4.020663191663402e-08,4.020663191663402e-08
Date_2014-02-20,-4.019970412994737e-08,4.019970412994737e-08
Date_2014-07-18,4.019738893377748e-08,4.019738893377748e-08
Date_2010-12-02,4.017818756327929e-08,4.017818756327929e-08
Date_2010-11-17,-4.0158236966423377e-08,4.0158236966423377e-08
Date_2014-04-13,-4.01224429325605e-08,4.01224429325605e-08
Date_2018-12-21,4.008622020394224e-08,4.008622020394224e-08
Date_2016-01-15,-4.008611981418969e-08,4.008611981418969e-08
Date_2021-06-08,-4.0038843057315846e-08,4.0038843057315846e-08
Date_2017-08-25,-4.0006610205247105e-08,4.0006610205247105e-08
Date_2019-01-01,-3.995924744479092e-08,3.995924744479092e-08
Date_2015-12-17,3.995036448811769e-08,3.995036448811769e-08
Date_2016-03-25,3.987478811534017e-08,3.987478811534017e-08
Date_2017-02-10,3.976918300916551e-08,3.976918300916551e-08
Date_2017-01-03,-3.9745734630095956e-08,3.9745734630095956e-08
Date_2010-10-17,3.9744579453239215e-08,3.9744579453239215e-08
Date_2016-01-14,-3.970430552377141e-08,3.970430552377141e-08
Date_2013-08-09,-3.966994001001012e-08,3.966994001001012e-08
Date_2014-12-11,-3.9649470686604686e-08,3.9649470686604686e-08
Date_2020-02-14,-3.964795913669106e-08,3.964795913669106e-08
Date_2021-10-22,3.9645220853034744e-08,3.9645220853034744e-08
Date_2019-02-11,-3.9629554805989914e-08,3.9629554805989914e-08
Date_2019-02-26,-3.9612764319738456e-08,3.9612764319738456e-08
Date_2021-10-03,-3.9609895986282786e-08,3.9609895986282786e-08
Date_2014-11-05,-3.9493654326471345e-08,3.9493654326471345e-08
Date_2021-04-04,3.9493550762425875e-08,3.9493550762425875e-08
Date_2018-09-17,3.948112646200862e-08,3.948112646200862e-08
Date_2022-04-17,-3.944211595673849e-08,3.944211595673849e-08
Date_2011-10-26,-3.942730667693309e-08,3.942730667693309e-08
Date_2019-10-25,3.942063705705476e-08,3.942063705705476e-08
Date_2013-10-29,-3.937486350361302e-08,3.937486350361302e-08
Date_2022-06-08,-3.936668725353746e-08,3.936668725353746e-08
Date_2019-01-02,3.931534536892999e-08,3.931534536892999e-08
Date_2011-05-14,3.922835216866723e-08,3.922835216866723e-08
Date_2014-01-11,3.920432080333203e-08,3.920432080333203e-08
Date_2016-08-01,-3.919480269368042e-08,3.919480269368042e-08
Date_2010-11-02,-3.919371795575546e-08,3.919371795575546e-08
Date_2012-07-16,-3.915437931965673e-08,3.915437931965673e-08
Date_2020-07-03,-3.9154102290974e-08,3.9154102290974e-08
Date_2017-02-23,3.9152474583353706e-08,3.9152474583353706e-08
Date_2016-12-19,-3.9052188907445996e-08,3.9052188907445996e-08
Date_2016-07-25,-3.900326890698047e-08,3.900326890698047e-08
Date_2023-01-09,-3.897019820202242e-08,3.897019820202242e-08
Date_2016-02-24,3.8956009136033744e-08,3.8956009136033744e-08
Date_2022-01-29,-3.888996841547418e-08,3.888996841547418e-08
Date_2016-09-23,3.887044348948256e-08,3.887044348948256e-08
Date_2020-11-01,3.884720989105009e-08,3.884720989105009e-08
Date_2016-05-08,3.8795913539743225e-08,3.8795913539743225e-08
Date_2017-08-15,3.8785981098926306e-08,3.8785981098926306e-08
Date_2019-07-01,-3.872373335446814e-08,3.872373335446814e-08
Date_2019-10-02,-3.871322450783541e-08,3.871322450783541e-08
Date_2014-07-08,-3.871227627442621e-08,3.871227627442621e-08
Date_2017-05-08,-3.870197934460424e-08,3.870197934460424e-08
Date_2012-02-11,3.867639920785445e-08,3.867639920785445e-08
Date_2012-06-01,-3.8626673360701646e-08,3.8626673360701646e-08
Date_2015-01-17,3.8612435964778407e-08,3.8612435964778407e-08
Date_2016-01-19,3.861105024782809e-08,3.861105024782809e-08
Date_2016-02-13,3.859026593906035e-08,3.859026593906035e-08
Date_2011-10-04,-3.856109383872762e-08,3.856109383872762e-08
Date_2014-09-11,-3.855834538201433e-08,3.855834538201433e-08
Date_2020-10-16,3.8547547805407644e-08,3.8547547805407644e-08
Date_2011-11-16,-3.84197054758374e-08,3.84197054758374e-08
Date_2017-02-13,-3.840658160659011e-08,3.840658160659011e-08
Date_2012-12-11,-3.840337623519212e-08,3.840337623519212e-08
Date_2020-09-16,-3.839471967835892e-08,3.839471967835892e-08
Date_2019-03-14,-3.839322911787793e-08,3.839322911787793e-08
Date_2011-01-24,-3.8366277630551985e-08,3.8366277630551985e-08
Date_2012-09-25,-3.8355997792489483e-08,3.8355997792489483e-08
Date_2012-01-08,3.832817793640111e-08,3.832817793640111e-08
Date_2017-03-11,3.826926413973806e-08,3.826926413973806e-08
Date_2012-04-18,-3.8249737877080164e-08,3.8249737877080164e-08
Date_2020-03-06,3.8243969339909837e-08,3.8243969339909837e-08
Date_2018-02-13,3.821724688933057e-08,3.821724688933057e-08
Date_2016-05-12,-3.8182903988159784e-08,3.8182903988159784e-08
Date_2016-04-21,-3.816615725124831e-08,3.816615725124831e-08
Date_2019-12-17,3.816210130292104e-08,3.816210130292104e-08
Date_2015-01-28,3.811400749770328e-08,3.811400749770328e-08
Date_2022-05-19,-3.809028299970982e-08,3.809028299970982e-08
Date_2022-03-18,-3.807624180261404e-08,3.807624180261404e-08
Date_2017-08-01,3.803108126717719e-08,3.803108126717719e-08
Date_2018-03-03,3.800238966175674e-08,3.800238966175674e-08
Date_2018-07-02,-3.799666396892153e-08,3.799666396892153e-08
Date_2018-04-06,3.7988551410247957e-08,3.7988551410247957e-08
Date_2011-10-03,-3.7975961219106214e-08,3.7975961219106214e-08
Date_2014-08-28,-3.781652850500144e-08,3.781652850500144e-08
Date_2014-07-23,3.776860711682246e-08,3.776860711682246e-08
Date_2011-11-23,-3.772130228184827e-08,3.772130228184827e-08
Date_2022-12-05,-3.772019182033965e-08,3.772019182033965e-08
Date_2011-05-04,-3.7716977027008415e-08,3.7716977027008415e-08
Date_2020-12-19,-3.771543453489011e-08,3.771543453489011e-08
Date_2019-09-26,-3.76937559055975e-08,3.76937559055975e-08
Date_2016-09-25,-3.7683330686773215e-08,3.7683330686773215e-08
Date_2010-08-23,3.767572687030315e-08,3.767572687030315e-08
Date_2010-12-20,-3.759425878978572e-08,3.759425878978572e-08
Date_2013-12-16,3.754673219738093e-08,3.754673219738093e-08
Date_2018-05-13,3.749024263024697e-08,3.749024263024697e-08
Date_2011-11-09,3.7435791440706466e-08,3.7435791440706466e-08
Date_2021-06-16,-3.742033765165028e-08,3.742033765165028e-08
Date_2012-06-28,3.74181628720273e-08,3.74181628720273e-08
Date_2016-05-28,-3.735969925525613e-08,3.735969925525613e-08
Date_2018-12-24,3.722488464741193e-08,3.722488464741193e-08
Date_2014-10-23,-3.722255973856553e-08,3.722255973856553e-08
Date_2015-05-24,-3.7162795672626776e-08,3.7162795672626776e-08
Date_2011-05-26,3.711450928774156e-08,3.711450928774156e-08
Date_2012-10-01,-3.710010148717809e-08,3.710010148717809e-08
Date_2018-05-02,3.70226779513784e-08,3.70226779513784e-08
Date_2017-05-13,3.70027940575711e-08,3.70027940575711e-08
Date_2022-05-20,-3.698378526886353e-08,3.698378526886353e-08
Date_2020-04-14,3.69594410426597e-08,3.69594410426597e-08
Date_2016-07-30,-3.695890462647222e-08,3.695890462647222e-08
Date_2016-03-21,3.69526902345264e-08,3.69526902345264e-08
Date_2014-08-25,3.6950933698027715e-08,3.6950933698027715e-08
Date_2011-03-06,3.6940654300019224e-08,3.6940654300019224e-08
Date_2020-04-22,3.6920772855843285e-08,3.6920772855843285e-08
Date_2018-08-23,3.690870698975015e-08,3.690870698975015e-08
Date_2015-05-23,3.689565015871838e-08,3.689565015871838e-08
Date_2018-06-20,3.6892428610711054e-08,3.6892428610711054e-08
Date_2010-08-12,3.686890040879561e-08,3.686890040879561e-08
Date_2012-05-27,3.682407445285206e-08,3.682407445285206e-08
Date_2019-09-24,-3.678267652719155e-08,3.678267652719155e-08
Date_2015-11-11,-3.677225392180574e-08,3.677225392180574e-08
Date_2016-06-07,3.676856690510285e-08,3.676856690510285e-08
Date_2018-05-30,3.676592995064522e-08,3.676592995064522e-08
Date_2021-10-25,-3.675274235142679e-08,3.675274235142679e-08
Date_2020-02-11,-3.672542067649269e-08,3.672542067649269e-08
Date_2020-02-27,-3.671024792642711e-08,3.671024792642711e-08
Date_2011-01-18,-3.6705629240350736e-08,3.6705629240350736e-08
Date_2020-05-24,-3.669308818886471e-08,3.669308818886471e-08
Date_2012-06-11,-3.6647381257829156e-08,3.6647381257829156e-08
Date_2020-03-31,-3.6470302964195516e-08,3.6470302964195516e-08
Date_2010-11-04,3.646365075678088e-08,3.646365075678088e-08
Date_2021-11-12,-3.6352639248170855e-08,3.6352639248170855e-08
Date_2012-05-25,3.63378080797613e-08,3.63378080797613e-08
Date_2022-04-12,-3.627771243466727e-08,3.627771243466727e-08
Date_2016-02-10,3.6260554089227145e-08,3.6260554089227145e-08
Date_2016-07-03,-3.6248037774993295e-08,3.6248037774993295e-08
Date_2014-12-12,-3.6214264149150724e-08,3.6214264149150724e-08
Date_2011-12-15,-3.6167446851508966e-08,3.6167446851508966e-08
Date_2012-02-25,-3.614528438743513e-08,3.614528438743513e-08
Date_2011-07-04,3.6121133506702324e-08,3.6121133506702324e-08
Date_2018-06-09,3.611328622074307e-08,3.611328622074307e-08
Date_2022-06-18,3.6094295634806874e-08,3.6094295634806874e-08
Date_2020-08-17,3.60499190678498e-08,3.60499190678498e-08
Date_2017-12-21,-3.5951007984715494e-08,3.5951007984715494e-08
Date_2015-08-14,3.591148701518679e-08,3.591148701518679e-08
Date_2017-02-25,3.5900979892421395e-08,3.5900979892421395e-08
Date_2018-12-13,-3.5873659849282886e-08,3.5873659849282886e-08
Date_2012-09-18,3.586337144816819e-08,3.586337144816819e-08
Date_2016-02-17,3.5850357334369834e-08,3.5850357334369834e-08
Date_2013-08-17,3.5829928396858025e-08,3.5829928396858025e-08
Date_2014-06-24,-3.5742724047508016e-08,3.5742724047508016e-08
Date_2018-02-09,-3.57420009469875e-08,3.57420009469875e-08
Date_2011-02-25,-3.573043116652927e-08,3.573043116652927e-08
Date_2012-06-09,3.569747200587544e-08,3.569747200587544e-08
Date_2010-11-25,3.569315893270551e-08,3.569315893270551e-08
Date_2023-01-10,-3.567453002903156e-08,3.567453002903156e-08
Date_2019-04-08,3.5634564444418435e-08,3.5634564444418435e-08
Date_2017-05-09,-3.5553036689889376e-08,3.5553036689889376e-08
Date_2014-03-19,-3.55421046650479e-08,3.55421046650479e-08
Date_2012-08-09,3.5538293398016806e-08,3.5538293398016806e-08
Date_2014-02-10,3.548171219260492e-08,3.548171219260492e-08
Date_2015-02-01,-3.547356992109895e-08,3.547356992109895e-08
Date_2015-10-01,3.5467523142707245e-08,3.5467523142707245e-08
Date_2011-02-18,3.545112769185695e-08,3.545112769185695e-08
Date_2013-05-24,3.544851792935214e-08,3.544851792935214e-08
Date_2012-08-20,3.540751299652603e-08,3.540751299652603e-08
Date_2019-09-13,-3.538269381120642e-08,3.538269381120642e-08
Date_2012-05-13,3.5302489101030855e-08,3.5302489101030855e-08
Date_2012-12-08,3.529002520061462e-08,3.529002520061462e-08
Date_2015-05-15,3.528460737953925e-08,3.528460737953925e-08
Date_2015-09-14,3.518902774210715e-08,3.518902774210715e-08
Date_2022-02-07,-3.5159410747319463e-08,3.5159410747319463e-08
Date_2022-12-04,-3.5118624389812124e-08,3.5118624389812124e-08
Date_2019-04-04,-3.507431280748732e-08,3.507431280748732e-08
Date_2015-01-16,-3.507082895158029e-08,3.507082895158029e-08
Date_2018-06-18,3.506639591074041e-08,3.506639591074041e-08
Date_2016-05-02,3.5047585362556486e-08,3.5047585362556486e-08
Date_2012-01-16,3.503358051354344e-08,3.503358051354344e-08
Date_2017-12-20,3.502333815862207e-08,3.502333815862207e-08
Date_2022-12-29,-3.5007090644137566e-08,3.5007090644137566e-08
Date_2014-09-05,-3.5000401942690695e-08,3.5000401942690695e-08
Date_2020-10-14,-3.497985092901564e-08,3.497985092901564e-08
Date_2021-06-10,3.4911966802454236e-08,3.4911966802454236e-08
Date_2021-10-19,3.490867568835031e-08,3.490867568835031e-08
Date_2020-05-01,-3.4811165337174815e-08,3.4811165337174815e-08
Date_2016-10-09,-3.470794519911772e-08,3.470794519911772e-08
Date_2020-10-23,3.4666040064394324e-08,3.4666040064394324e-08
Date_2021-08-15,3.464816281800737e-08,3.464816281800737e-08
Date_2014-06-17,-3.462196041230702e-08,3.462196041230702e-08
Date_2016-08-17,3.4565338835669366e-08,3.4565338835669366e-08
Date_2020-08-04,-3.456240283628336e-08,3.456240283628336e-08
Date_2020-10-09,-3.453652361770289e-08,3.453652361770289e-08
Date_2016-07-02,3.45086452096549e-08,3.45086452096549e-08
Date_2013-07-30,3.450118709243626e-08,3.450118709243626e-08
Date_2015-10-23,-3.447402470389145e-08,3.447402470389145e-08
Date_2022-06-10,-3.446707510268177e-08,3.446707510268177e-08
Date_2016-03-17,-3.446092768712939e-08,3.446092768712939e-08
Date_2015-09-15,3.4453375065036706e-08,3.4453375065036706e-08
Date_2016-11-04,3.440451368956665e-08,3.440451368956665e-08
Date_2020-11-09,-3.4346680743954034e-08,3.4346680743954034e-08
Date_2011-04-21,-3.433747450637849e-08,3.433747450637849e-08
Date_2018-01-20,-3.432436335834335e-08,3.432436335834335e-08
Date_2019-10-18,-3.429860561968958e-08,3.429860561968958e-08
Date_2020-06-04,3.427246916025604e-08,3.427246916025604e-08
Date_2017-09-20,3.425650038940542e-08,3.425650038940542e-08
Date_2015-12-28,3.425205191305898e-08,3.425205191305898e-08
Date_2015-07-03,3.4248735050233146e-08,3.4248735050233146e-08
Date_2010-07-22,3.4233562941123465e-08,3.4233562941123465e-08
Date_2010-12-01,-3.4215802678833634e-08,3.4215802678833634e-08
Date_2016-01-24,3.420047723214967e-08,3.420047723214967e-08
Date_2016-10-29,-3.419899880681168e-08,3.419899880681168e-08
Date_2011-10-15,-3.411815444903216e-08,3.411815444903216e-08
Date_2019-03-04,-3.4113095553167753e-08,3.4113095553167753e-08
Date_2015-05-08,3.411276294615068e-08,3.411276294615068e-08
Date_2018-08-24,-3.4092788297565174e-08,3.4092788297565174e-08
Date_2015-01-19,-3.4089649163853336e-08,3.4089649163853336e-08
Date_2013-09-15,-3.4074565959347745e-08,3.4074565959347745e-08
Date_2018-09-29,3.3995693349510696e-08,3.3995693349510696e-08
Date_2015-12-30,3.39365461003202e-08,3.39365461003202e-08
Date_2017-12-30,-3.3809022973846414e-08,3.3809022973846414e-08
Date_2019-05-16,-3.378660901561469e-08,3.378660901561469e-08
Date_2010-07-20,-3.369318574207138e-08,3.369318574207138e-08
Date_2022-03-25,-3.365142683046964e-08,3.365142683046964e-08
Date_2013-09-30,3.364599273179887e-08,3.364599273179887e-08
Date_2019-11-05,-3.363091670701005e-08,3.363091670701005e-08
Date_2017-08-18,3.360614117595815e-08,3.360614117595815e-08
Date_2014-07-24,-3.3575065317112174e-08,3.3575065317112174e-08
Date_2017-08-13,3.3459311908448837e-08,3.3459311908448837e-08
Date_2012-07-04,-3.345143594518946e-08,3.345143594518946e-08
Date_2012-08-18,3.342705958940481e-08,3.342705958940481e-08
Date_2012-10-29,-3.3373699440994156e-08,3.3373699440994156e-08
Date_2020-06-07,-3.336137748058396e-08,3.336137748058396e-08
Date_2014-07-02,3.330435946018824e-08,3.330435946018824e-08
Date_2013-08-27,3.321675584063291e-08,3.321675584063291e-08
Date_2018-05-16,3.3189114725576255e-08,3.3189114725576255e-08
Date_2018-08-03,-3.307510953347408e-08,3.307510953347408e-08
Date_2014-06-15,-3.302834394248167e-08,3.302834394248167e-08
Date_2013-01-21,3.300726262669785e-08,3.300726262669785e-08
Date_2015-10-04,-3.29841874997967e-08,3.29841874997967e-08
Date_2018-01-26,-3.297038257568129e-08,3.297038257568129e-08
Date_2019-10-05,3.292879691371024e-08,3.292879691371024e-08
Date_2022-12-14,-3.292833147308871e-08,3.292833147308871e-08
Date_2022-07-27,-3.291341487266518e-08,3.291341487266518e-08
Date_2018-08-04,-3.2896205714812164e-08,3.2896205714812164e-08
Date_2016-06-21,-3.288062275597261e-08,3.288062275597261e-08
Date_2017-03-25,-3.2876515387312245e-08,3.2876515387312245e-08
Date_2012-07-30,3.287490742935469e-08,3.287490742935469e-08
Date_2015-12-07,3.285583249316243e-08,3.285583249316243e-08
Date_2022-11-05,-3.28121013391359e-08,3.28121013391359e-08
Date_2016-03-10,-3.2757310370273676e-08,3.2757310370273676e-08
Date_2019-04-07,3.275357297719773e-08,3.275357297719773e-08
Date_2015-02-24,3.274401400978586e-08,3.274401400978586e-08
Date_2022-08-06,-3.273266967077891e-08,3.273266967077891e-08
Date_2016-10-01,-3.2716854686911004e-08,3.2716854686911004e-08
Date_2017-01-23,3.251339268080225e-08,3.251339268080225e-08
Date_2017-12-01,3.2448416280480436e-08,3.2448416280480436e-08
Date_2021-09-03,-3.2412035077245964e-08,3.2412035077245964e-08
Date_2010-09-19,3.234706506851005e-08,3.234706506851005e-08
Date_2013-01-28,-3.226026944930825e-08,3.226026944930825e-08
Date_2014-05-08,-3.2234281304261987e-08,3.2234281304261987e-08
Date_2021-02-11,3.2167172890897774e-08,3.2167172890897774e-08
Date_2014-03-04,3.216716750406277e-08,3.216716750406277e-08
Date_2018-07-21,-3.2162740991259396e-08,3.2162740991259396e-08
Date_2021-03-16,3.2162610888698627e-08,3.2162610888698627e-08
Date_2012-04-13,-3.213194490717391e-08,3.213194490717391e-08
Date_2014-08-16,3.211508606514982e-08,3.211508606514982e-08
Date_2021-11-19,-3.2081969521644694e-08,3.2081969521644694e-08
Date_2020-11-28,3.20281413029644e-08,3.20281413029644e-08
Date_2015-07-24,-3.200040295855905e-08,3.200040295855905e-08
Date_2020-08-13,-3.198516203304893e-08,3.198516203304893e-08
Date_2014-06-12,3.195743738518749e-08,3.195743738518749e-08
Date_2022-10-27,-3.191756978144351e-08,3.191756978144351e-08
Date_2015-10-25,3.188726157481842e-08,3.188726157481842e-08
Date_2016-05-27,3.184415945123364e-08,3.184415945123364e-08
Date_2020-06-30,-3.182125336057599e-08,3.182125336057599e-08
Date_2017-07-30,3.173970409408477e-08,3.173970409408477e-08
Date_2022-10-19,-3.16647583585379e-08,3.16647583585379e-08
Date_2013-03-27,-3.165923196462825e-08,3.165923196462825e-08
Date_2011-09-07,3.165749979087798e-08,3.165749979087798e-08
Date_2021-07-06,-3.165303570514358e-08,3.165303570514358e-08
Date_2022-05-30,3.1561153151057295e-08,3.1561153151057295e-08
Date_2011-08-18,-3.1560739223255055e-08,3.1560739223255055e-08
Date_2020-07-26,3.1554504006161365e-08,3.1554504006161365e-08
Date_2015-04-03,3.151503276329045e-08,3.151503276329045e-08
Date_2011-03-05,3.144548752899151e-08,3.144548752899151e-08
Date_2019-08-29,3.1437691155549485e-08,3.1437691155549485e-08
Date_2014-04-03,3.136182543462567e-08,3.136182543462567e-08
Date_2021-03-14,3.135746827953888e-08,3.135746827953888e-08
Date_2020-06-06,3.129246556860456e-08,3.129246556860456e-08
Date_2016-03-26,-3.1259836112112755e-08,3.1259836112112755e-08
Date_2017-07-14,-3.120080572031462e-08,3.120080572031462e-08
Date_2017-05-28,3.117630561314465e-08,3.117630561314465e-08
Date_2010-06-29,-3.1153072389617227e-08,3.1153072389617227e-08
Date_2016-03-16,3.1117059704210185e-08,3.1117059704210185e-08
Date_2020-11-10,3.110186300483708e-08,3.110186300483708e-08
Date_2018-10-20,3.1065511680665924e-08,3.1065511680665924e-08
Date_2018-08-29,3.1063561930244447e-08,3.1063561930244447e-08
Date_2018-07-17,3.100282348640311e-08,3.100282348640311e-08
Date_2016-07-19,-3.0982309761265284e-08,3.0982309761265284e-08
Date_2015-09-19,-3.093382279625069e-08,3.093382279625069e-08
Date_2010-09-05,3.0925923318259965e-08,3.0925923318259965e-08
Date_2013-10-25,-3.090730410037937e-08,3.090730410037937e-08
Date_2010-09-23,-3.0901072532561023e-08,3.0901072532561023e-08
Date_2015-12-06,-3.0879987264937257e-08,3.0879987264937257e-08
Date_2019-11-09,3.083770102879397e-08,3.083770102879397e-08
Date_2015-04-26,3.0831573939096324e-08,3.0831573939096324e-08
Date_2016-11-11,3.082363031527199e-08,3.082363031527199e-08
Date_2015-10-13,3.074572919065473e-08,3.074572919065473e-08
Date_2018-08-06,-3.073972435354608e-08,3.073972435354608e-08
Date_2012-10-14,-3.0729933321802137e-08,3.0729933321802137e-08
Date_2021-05-21,3.072883977452306e-08,3.072883977452306e-08
Date_2015-01-08,3.065190838523628e-08,3.065190838523628e-08
Date_2017-01-30,3.0640373370174857e-08,3.0640373370174857e-08
Date_2013-05-20,3.0626560545303644e-08,3.0626560545303644e-08
Date_2010-12-16,3.061484887469884e-08,3.061484887469884e-08
Date_2019-12-30,3.059886815924419e-08,3.059886815924419e-08
Date_2016-08-15,-3.054324737106576e-08,3.054324737106576e-08
Date_2015-03-25,-3.05232366000499e-08,3.05232366000499e-08
Date_2017-07-10,3.0523222697868274e-08,3.0523222697868274e-08
Date_2020-03-07,-3.0492584988729595e-08,3.0492584988729595e-08
Date_2021-11-02,-3.048560426756903e-08,3.048560426756903e-08
Date_2021-12-18,3.046848314383542e-08,3.046848314383542e-08
Date_2021-08-09,3.046392510648606e-08,3.046392510648606e-08
Date_2020-01-13,-3.032768487628829e-08,3.032768487628829e-08
Date_2015-08-05,3.0317664235563846e-08,3.0317664235563846e-08
Date_2022-12-27,-3.028711815145619e-08,3.028711815145619e-08
Date_2018-03-28,-3.025930302415509e-08,3.025930302415509e-08
Date_2018-01-16,-3.0153733363646594e-08,3.0153733363646594e-08
Date_2016-12-11,3.0135754730028104e-08,3.0135754730028104e-08
Date_2018-08-19,-3.012374374538175e-08,3.012374374538175e-08
Date_2021-10-26,3.0073061444880594e-08,3.0073061444880594e-08
Date_2017-06-30,3.002406764866945e-08,3.002406764866945e-08
Date_2016-02-18,-2.9937981029090146e-08,2.9937981029090146e-08
Date_2015-08-06,2.987888415707472e-08,2.987888415707472e-08
Date_2018-11-30,-2.984856879391373e-08,2.984856879391373e-08
Date_2017-05-29,-2.9847564211836644e-08,2.9847564211836644e-08
Date_2011-06-24,2.9788508807977272e-08,2.9788508807977272e-08
Date_2016-02-02,-2.9753903218046644e-08,2.9753903218046644e-08
Date_2014-12-21,-2.9711931534011067e-08,2.9711931534011067e-08
Date_2015-08-24,-2.967454413689677e-08,2.967454413689677e-08
Date_2021-07-31,2.9649109226061263e-08,2.9649109226061263e-08
Date_2022-01-05,2.964803138079482e-08,2.964803138079482e-08
Date_2020-01-04,2.9591879475300126e-08,2.9591879475300126e-08
Date_2017-08-10,2.9534804667642814e-08,2.9534804667642814e-08
Date_2015-04-02,-2.9520324174451603e-08,2.9520324174451603e-08
Date_2015-02-19,2.9513823877446974e-08,2.9513823877446974e-08
Date_2011-02-16,2.9502423172128726e-08,2.9502423172128726e-08
Date_2010-09-04,2.941992562743566e-08,2.941992562743566e-08
Date_2011-12-01,2.940749691897106e-08,2.940749691897106e-08
Date_2018-01-08,2.935538714581453e-08,2.935538714581453e-08
Date_2018-06-27,2.9353861234837133e-08,2.9353861234837133e-08
Date_2014-06-05,2.9311773889052824e-08,2.9311773889052824e-08
Date_2014-11-25,-2.9311656602480855e-08,2.9311656602480855e-08
Date_2014-06-16,-2.927045361522617e-08,2.927045361522617e-08
Date_2017-10-07,2.9185653473820807e-08,2.9185653473820807e-08
Date_2020-11-22,-2.9178138759260183e-08,2.9178138759260183e-08
Date_2015-11-22,-2.91472445074514e-08,2.91472445074514e-08
Date_2017-03-18,-2.9143240868112406e-08,2.9143240868112406e-08
Date_2012-02-02,2.90726124857765e-08,2.90726124857765e-08
Date_2019-02-17,2.906967006032087e-08,2.906967006032087e-08
Date_2012-01-07,-2.904501796608921e-08,2.904501796608921e-08
Date_2010-06-24,-2.9020772870235035e-08,2.9020772870235035e-08
Date_2022-11-20,-2.8975068810358576e-08,2.8975068810358576e-08
Date_2011-09-13,-2.8963944746023278e-08,2.8963944746023278e-08
Date_2014-11-14,2.8961339378542805e-08,2.8961339378542805e-08
Date_2014-07-09,2.89495406496678e-08,2.89495406496678e-08
Date_2019-10-06,-2.893755217080988e-08,2.893755217080988e-08
Date_2019-10-19,-2.8886473190391927e-08,2.8886473190391927e-08
Date_2022-03-12,-2.8875821161324346e-08,2.8875821161324346e-08
Date_2016-03-31,2.8799260795512584e-08,2.8799260795512584e-08
Date_2013-05-31,-2.8714835685304225e-08,2.8714835685304225e-08
Date_2010-11-21,2.8711057940086296e-08,2.8711057940086296e-08
Date_2012-08-10,2.867433254889303e-08,2.867433254889303e-08
Date_2018-05-17,-2.8663101462901933e-08,2.8663101462901933e-08
Date_2021-01-26,2.8662378813099226e-08,2.8662378813099226e-08
Date_2012-03-01,2.8658703161554677e-08,2.8658703161554677e-08
Date_2010-09-30,-2.8656122316796722e-08,2.8656122316796722e-08
Date_2017-05-04,2.865175629703812e-08,2.865175629703812e-08
Date_2016-07-21,-2.862973757082035e-08,2.862973757082035e-08
Date_2021-07-27,2.8626486667834393e-08,2.8626486667834393e-08
Date_2020-06-23,2.860762690896875e-08,2.860762690896875e-08
Date_2013-08-05,-2.8546103847158354e-08,2.8546103847158354e-08
Date_2011-08-23,-2.8538067064486328e-08,2.8538067064486328e-08
Date_2019-10-14,-2.8526964437172686e-08,2.8526964437172686e-08
Date_2013-03-11,-2.842082687190246e-08,2.842082687190246e-08
Date_2012-04-25,2.8360390422543457e-08,2.8360390422543457e-08
Date_2011-12-06,-2.8341808437256286e-08,2.8341808437256286e-08
Date_2011-11-04,-2.830267378665582e-08,2.830267378665582e-08
Date_2020-07-20,-2.828766090569515e-08,2.828766090569515e-08
Date_2014-09-07,-2.8281679558376306e-08,2.8281679558376306e-08
Date_2020-07-09,-2.8232630390576007e-08,2.8232630390576007e-08
Date_2015-06-20,-2.8172741070716012e-08,2.8172741070716012e-08
Date_2018-07-08,2.8108294922865634e-08,2.8108294922865634e-08
Date_2017-10-25,-2.8078928759880274e-08,2.8078928759880274e-08
Date_2017-06-14,2.806411700383383e-08,2.806411700383383e-08
Date_2022-12-17,2.8032113081327487e-08,2.8032113081327487e-08
Date_2017-06-04,-2.8025919414492475e-08,2.8025919414492475e-08
Date_2016-01-17,-2.8007021407808933e-08,2.8007021407808933e-08
Date_2017-10-16,-2.7854373827421377e-08,2.7854373827421377e-08
Date_2017-06-05,2.779557440861982e-08,2.779557440861982e-08
Date_2012-05-16,2.7739285136123686e-08,2.7739285136123686e-08
Date_2018-08-15,-2.753310691953504e-08,2.753310691953504e-08
Date_2010-10-10,-2.752240646809292e-08,2.752240646809292e-08
Date_2012-12-09,-2.74956778184203e-08,2.74956778184203e-08
Date_2014-12-13,-2.7491575723293923e-08,2.7491575723293923e-08
Date_2013-09-22,-2.7432072390032845e-08,2.7432072390032845e-08
Date_2015-11-19,-2.7401394503568163e-08,2.7401394503568163e-08
Date_2022-08-17,2.737913656355244e-08,2.737913656355244e-08
Date_2012-07-26,2.7283236161048524e-08,2.7283236161048524e-08
Date_2012-03-19,2.727525205688874e-08,2.727525205688874e-08
Date_2020-11-18,2.72511275348852e-08,2.72511275348852e-08
Date_2014-12-20,2.7249237340486245e-08,2.7249237340486245e-08
Date_2018-02-27,-2.7234473759992334e-08,2.7234473759992334e-08
Date_2011-03-12,2.7228221535835694e-08,2.7228221535835694e-08
Date_2017-01-06,2.721422382348379e-08,2.721422382348379e-08
Date_2016-06-26,-2.720861420512112e-08,2.720861420512112e-08
Date_2014-06-22,2.715464819596785e-08,2.715464819596785e-08
Date_2012-12-16,-2.7100031835468156e-08,2.7100031835468156e-08
Date_2013-05-17,2.7096582710489658e-08,2.7096582710489658e-08
Date_2011-08-06,2.7096416407983914e-08,2.7096416407983914e-08
Date_2017-07-25,-2.6987252322593924e-08,2.6987252322593924e-08
Date_2020-02-07,-2.6935799019268646e-08,2.6935799019268646e-08
Date_2013-12-14,2.689624990845748e-08,2.689624990845748e-08
Date_2021-11-10,-2.6860090377777547e-08,2.6860090377777547e-08
Date_2018-09-21,-2.6799989523119367e-08,2.6799989523119367e-08
Date_2011-09-28,2.66923097958306e-08,2.66923097958306e-08
Date_2010-10-27,2.660442760851204e-08,2.660442760851204e-08
Date_2020-03-02,-2.6565514835786357e-08,2.6565514835786357e-08
Date_2013-01-09,2.6501376976616065e-08,2.6501376976616065e-08
Date_2019-05-27,2.6449566150161375e-08,2.6449566150161375e-08
Date_2019-06-11,-2.6376079161976135e-08,2.6376079161976135e-08
Date_2014-01-01,2.6369114319560258e-08,2.6369114319560258e-08
Date_2020-06-10,2.62901150879041e-08,2.62901150879041e-08
Date_2010-08-16,-2.6287415178929016e-08,2.6287415178929016e-08
Date_2017-11-29,-2.6241608936737523e-08,2.6241608936737523e-08
Date_2011-12-07,2.610401712494308e-08,2.610401712494308e-08
Date_2019-09-10,-2.6066228961547828e-08,2.6066228961547828e-08
Date_2010-10-09,-2.5998011212749182e-08,2.5998011212749182e-08
Date_2014-05-27,2.5961632513295785e-08,2.5961632513295785e-08
Date_2015-03-13,2.594997944601281e-08,2.594997944601281e-08
Date_2014-05-23,2.591092941528888e-08,2.591092941528888e-08
Date_2013-10-08,-2.582364976802737e-08,2.582364976802737e-08
Date_2011-02-03,-2.581912161436858e-08,2.581912161436858e-08
Date_2011-12-20,-2.575030999268766e-08,2.575030999268766e-08
Date_2019-04-28,-2.5642181601167576e-08,2.5642181601167576e-08
Date_2011-11-15,-2.5633281732571184e-08,2.5633281732571184e-08
Date_2014-02-07,-2.5562121663684056e-08,2.5562121663684056e-08
Date_2012-03-13,-2.5555958704179508e-08,2.5555958704179508e-08
Date_2020-08-29,2.5469209896388136e-08,2.5469209896388136e-08
Date_2021-03-02,2.5431589241838882e-08,2.5431589241838882e-08
Date_2020-06-02,2.5423678717008046e-08,2.5423678717008046e-08
Date_2015-11-13,-2.5415148004056216e-08,2.5415148004056216e-08
Date_2012-05-05,2.540642840040697e-08,2.540642840040697e-08
Date_2017-01-29,-2.53142196069204e-08,2.53142196069204e-08
Date_2010-12-06,-2.5312139814108307e-08,2.5312139814108307e-08
Date_2022-04-04,2.5310547233651433e-08,2.5310547233651433e-08
Date_2021-09-17,2.5290544328653215e-08,2.5290544328653215e-08
Date_2017-12-05,-2.5236022106010434e-08,2.5236022106010434e-08
Date_2011-12-26,-2.5222623187093388e-08,2.5222623187093388e-08
Date_2018-10-19,-2.5166790957905092e-08,2.5166790957905092e-08
Date_2020-07-02,2.5163202051798152e-08,2.5163202051798152e-08
Date_2017-03-16,-2.5156145338248218e-08,2.5156145338248218e-08
Date_2019-01-31,-2.5126352243047438e-08,2.5126352243047438e-08
Date_2022-01-20,-2.5122526988744154e-08,2.5122526988744154e-08
Date_2017-10-23,-2.506330813775631e-08,2.506330813775631e-08
Date_2014-07-22,2.503219108220813e-08,2.503219108220813e-08
Date_2022-01-23,2.5012602540423044e-08,2.5012602540423044e-08
Date_2016-06-24,2.500392073083196e-08,2.500392073083196e-08
Date_2015-02-06,2.4998119416103633e-08,2.4998119416103633e-08
Date_2020-03-04,2.495065200451611e-08,2.495065200451611e-08
Date_2018-08-18,2.4947647757844765e-08,2.4947647757844765e-08
Date_2021-09-18,-2.4936610577965376e-08,2.4936610577965376e-08
Date_2013-06-17,-2.4924811164408155e-08,2.4924811164408155e-08
Date_2011-10-25,-2.4920948607135444e-08,2.4920948607135444e-08
Date_2019-05-07,-2.48901671467912e-08,2.48901671467912e-08
Date_2015-07-23,-2.4882892680595546e-08,2.4882892680595546e-08
Date_2022-01-14,2.484581600547619e-08,2.484581600547619e-08
Date_2020-05-25,2.4837799629185224e-08,2.4837799629185224e-08
Date_2014-01-23,-2.4825380047088442e-08,2.4825380047088442e-08
Date_2019-03-20,2.4807969734906964e-08,2.4807969734906964e-08
Date_2017-09-22,-2.4793927570031816e-08,2.4793927570031816e-08
Date_2021-06-19,2.4746105487371686e-08,2.4746105487371686e-08
Date_2011-03-07,2.46523933962171e-08,2.46523933962171e-08
Date_2019-09-05,2.4618655172304424e-08,2.4618655172304424e-08
Date_2020-04-18,-2.461357569340725e-08,2.461357569340725e-08
Date_2013-07-19,2.45984286782358e-08,2.45984286782358e-08
Date_2019-04-20,2.4570786320926765e-08,2.4570786320926765e-08
Date_2017-10-13,-2.4560148080090383e-08,2.4560148080090383e-08
Date_2019-02-20,2.453215528350551e-08,2.453215528350551e-08
Date_2017-01-17,2.4513540014250584e-08,2.4513540014250584e-08
Date_2014-01-28,-2.4423360047577125e-08,2.4423360047577125e-08
Date_2018-08-14,2.4413315918501206e-08,2.4413315918501206e-08
Date_2017-12-13,-2.440996317564511e-08,2.440996317564511e-08
Date_2021-11-26,-2.4394991412389202e-08,2.4394991412389202e-08
Date_2014-03-23,2.4384780104884297e-08,2.4384780104884297e-08
Date_2013-07-14,-2.4374057609313857e-08,2.4374057609313857e-08
Date_2019-06-04,2.436336298205727e-08,2.436336298205727e-08
Date_2016-08-28,-2.43536272233812e-08,2.43536272233812e-08
Date_2013-11-14,2.4341909545874477e-08,2.4341909545874477e-08
Date_2021-01-16,2.430118105583762e-08,2.430118105583762e-08
Date_2017-08-16,2.427041160316643e-08,2.427041160316643e-08
Date_2016-12-26,-2.4260676094273808e-08,2.4260676094273808e-08
Date_2011-10-06,2.4258779225956453e-08,2.4258779225956453e-08
Date_2012-05-19,2.4091615417596588e-08,2.4091615417596588e-08
Date_2016-11-24,-2.4058342705402907e-08,2.4058342705402907e-08
Date_2019-09-06,-2.404631227179131e-08,2.404631227179131e-08
Date_2016-12-13,2.3940472977462303e-08,2.3940472977462303e-08
Date_2014-06-08,-2.3925138724177666e-08,2.3925138724177666e-08
Date_2019-10-29,2.387497119654199e-08,2.387497119654199e-08
Date_2012-12-21,2.3842624932949464e-08,2.3842624932949464e-08
Date_2021-01-23,2.3838372819822855e-08,2.3838372819822855e-08
Date_2017-02-07,2.3796539117651907e-08,2.3796539117651907e-08
Date_2010-08-05,2.3676583145904016e-08,2.3676583145904016e-08
Date_2014-01-31,2.3671339255122895e-08,2.3671339255122895e-08
Date_2012-08-21,2.3579858130475716e-08,2.3579858130475716e-08
Date_2022-03-28,-2.3507048730609813e-08,2.3507048730609813e-08
Date_2012-06-12,2.350656117349135e-08,2.350656117349135e-08
Date_2011-08-19,2.3479051931406277e-08,2.3479051931406277e-08
Date_2010-11-07,2.346111573746097e-08,2.346111573746097e-08
Date_2020-08-05,2.3421153154074374e-08,2.3421153154074374e-08
Date_2019-05-11,2.3398565584914e-08,2.3398565584914e-08
Date_2017-12-02,-2.334673873259345e-08,2.334673873259345e-08
Date_2017-05-12,2.33348397413066e-08,2.33348397413066e-08
Date_2015-01-06,2.326475509842836e-08,2.326475509842836e-08
Date_2017-03-17,-2.3264658717913402e-08,2.3264658717913402e-08
Date_2012-10-25,2.3234427853473675e-08,2.3234427853473675e-08
Date_2016-12-27,-2.323335756217573e-08,2.323335756217573e-08
Date_2021-06-14,2.3206756283742494e-08,2.3206756283742494e-08
Date_2021-10-02,-2.317931984352014e-08,2.317931984352014e-08
Date_2011-08-13,2.302105177766563e-08,2.302105177766563e-08
Date_2016-05-07,-2.2978713463450224e-08,2.2978713463450224e-08
Date_2011-09-04,2.296678291411846e-08,2.296678291411846e-08
Date_2017-02-11,2.2924975724973508e-08,2.2924975724973508e-08
Date_2019-12-12,2.2913697922004993e-08,2.2913697922004993e-08
Date_2021-02-09,-2.287343568713399e-08,2.287343568713399e-08
Date_2016-12-23,2.286020432511645e-08,2.286020432511645e-08
Date_2022-06-27,-2.2813176552290473e-08,2.2813176552290473e-08
Date_2019-05-02,-2.27975967135601e-08,2.27975967135601e-08
Date_2011-02-01,2.2783955483416062e-08,2.2783955483416062e-08
Date_2011-10-02,-2.2770215818380195e-08,2.2770215818380195e-08
Date_2013-01-02,2.2757358892656572e-08,2.2757358892656572e-08
Date_2022-07-26,2.2726953752808076e-08,2.2726953752808076e-08
Date_2012-04-11,-2.272200814955688e-08,2.272200814955688e-08
Date_2015-03-31,-2.26658696889267e-08,2.26658696889267e-08
Date_2021-03-26,-2.252337055518328e-08,2.252337055518328e-08
Date_2015-03-19,2.2463843882223273e-08,2.2463843882223273e-08
Date_2022-11-22,2.2420772104494662e-08,2.2420772104494662e-08
Date_2016-04-25,2.23297586060909e-08,2.23297586060909e-08
Date_2019-05-18,2.2311426550310017e-08,2.2311426550310017e-08
Date_2015-01-30,2.2266462439693824e-08,2.2266462439693824e-08
Date_2016-01-08,2.222065549924995e-08,2.222065549924995e-08
Date_2017-12-28,2.2200131677553935e-08,2.2200131677553935e-08
Date_2017-01-04,2.2172629398656864e-08,2.2172629398656864e-08
Date_2016-11-16,-2.215509954556446e-08,2.215509954556446e-08
Date_2016-06-27,-2.215381070998195e-08,2.215381070998195e-08
Date_2015-03-08,-2.2116740170208748e-08,2.2116740170208748e-08
Date_2020-02-22,-2.209454924755169e-08,2.209454924755169e-08
Date_2019-07-04,2.2077812765953813e-08,2.2077812765953813e-08
Date_2012-07-12,2.206349460772434e-08,2.206349460772434e-08
Date_2011-04-17,2.2043068068935888e-08,2.2043068068935888e-08
Date_2020-09-12,2.1921431159637265e-08,2.1921431159637265e-08
Date_2021-07-25,-2.1848527020515288e-08,2.1848527020515288e-08
Date_2014-10-21,-2.183380977957611e-08,2.183380977957611e-08
Date_2012-12-28,2.171910388573862e-08,2.171910388573862e-08
Date_2011-10-23,-2.171217583603607e-08,2.171217583603607e-08
Date_2013-05-03,-2.1711729987734883e-08,2.1711729987734883e-08
Date_2012-04-28,2.164415319710182e-08,2.164415319710182e-08
Date_2015-09-24,2.1640122448131175e-08,2.1640122448131175e-08
Date_2015-11-15,-2.1634973580107395e-08,2.1634973580107395e-08
Date_2010-07-03,-2.1616320012178364e-08,2.1616320012178364e-08
Date_2019-02-07,-2.160876746068199e-08,2.160876746068199e-08
Date_2023-02-01,-2.1601598998369847e-08,2.1601598998369847e-08
Date_2014-12-14,-2.1527766767450308e-08,2.1527766767450308e-08
Date_2012-08-08,2.1507538579585234e-08,2.1507538579585234e-08
Date_2013-03-20,2.1460751921681004e-08,2.1460751921681004e-08
Date_2022-01-12,2.1432663393159123e-08,2.1432663393159123e-08
Date_2014-06-26,2.140384063228048e-08,2.140384063228048e-08
Date_2018-07-06,-2.1401418097949873e-08,2.1401418097949873e-08
Date_2021-03-30,-2.137494024012045e-08,2.137494024012045e-08
Date_2012-10-10,-2.1368410598224475e-08,2.1368410598224475e-08
Date_2021-05-24,2.1357094882225407e-08,2.1357094882225407e-08
Date_2019-05-20,-2.1310081672181398e-08,2.1310081672181398e-08
Date_2011-11-05,-2.12783330929199e-08,2.12783330929199e-08
Date_2018-02-14,2.1265197656158194e-08,2.1265197656158194e-08
Date_2020-04-07,-2.1228024644497408e-08,2.1228024644497408e-08
Date_2021-02-23,2.1203082283011824e-08,2.1203082283011824e-08
Date_2021-06-01,-2.1149542808493514e-08,2.1149542808493514e-08
Date_2012-03-07,2.1078498472004655e-08,2.1078498472004655e-08
Date_2022-12-28,-2.10191467758258e-08,2.10191467758258e-08
Date_2020-06-15,-2.100924108980449e-08,2.100924108980449e-08
Date_2014-05-24,-2.0970951497673712e-08,2.0970951497673712e-08
Date_2020-11-03,-2.095864172550246e-08,2.095864172550246e-08
Date_2022-04-19,-2.0912022432313926e-08,2.0912022432313926e-08
Date_2021-04-07,2.0867988445831184e-08,2.0867988445831184e-08
Date_2020-09-17,-2.0780472886848598e-08,2.0780472886848598e-08
Date_2022-05-07,2.0730906848283444e-08,2.0730906848283444e-08
Date_2012-08-29,-2.0582647325266098e-08,2.0582647325266098e-08
Date_2015-03-11,2.055972382360388e-08,2.055972382360388e-08
Date_2018-08-13,2.0535098848148605e-08,2.0535098848148605e-08
Date_2020-03-28,2.052764474514692e-08,2.052764474514692e-08
Date_2018-03-27,-2.0500232667856226e-08,2.0500232667856226e-08
Date_2019-09-04,-2.0456254450388084e-08,2.0456254450388084e-08
Date_2022-07-17,-2.042875125140199e-08,2.042875125140199e-08
Date_2019-11-29,-2.0404994738597723e-08,2.0404994738597723e-08
Date_2020-12-10,2.0384751289666925e-08,2.0384751289666925e-08
Date_2017-05-27,-2.034761709109327e-08,2.034761709109327e-08
Date_2017-09-11,2.0312719356821967e-08,2.0312719356821967e-08
Date_2022-04-28,-2.0263612538521086e-08,2.0263612538521086e-08
Date_2011-07-18,-2.022380842166871e-08,2.022380842166871e-08
Date_2018-02-06,2.0211834282798598e-08,2.0211834282798598e-08
Date_2015-09-13,-2.0179268109182545e-08,2.0179268109182545e-08
Date_2014-02-06,-2.0177487716142785e-08,2.0177487716142785e-08
Date_2011-03-21,2.0175499530495634e-08,2.0175499530495634e-08
Date_2022-12-30,2.017160901605595e-08,2.017160901605595e-08
Date_2015-08-08,-2.0153337678200385e-08,2.0153337678200385e-08
Date_2020-10-29,-2.0077717072099883e-08,2.0077717072099883e-08
Date_2015-07-10,2.0069574768382606e-08,2.0069574768382606e-08
Date_2011-11-06,2.0061287982438065e-08,2.0061287982438065e-08
Date_2011-12-11,-1.9991735248168282e-08,1.9991735248168282e-08
Date_2020-02-21,1.99663113694821e-08,1.99663113694821e-08
Date_2014-09-29,-1.9959424618311003e-08,1.9959424618311003e-08
Date_2019-12-13,-1.992459034095975e-08,1.992459034095975e-08
Date_2016-10-26,-1.9912075840548934e-08,1.9912075840548934e-08
Date_2020-12-08,1.990515494651766e-08,1.990515494651766e-08
Date_2012-11-08,1.9881471073528868e-08,1.9881471073528868e-08
Date_2011-09-18,-1.981498919915557e-08,1.981498919915557e-08
Date_2015-12-24,-1.9810039979841605e-08,1.9810039979841605e-08
Date_2018-05-26,-1.9797701497014436e-08,1.9797701497014436e-08
Date_2022-09-21,1.9770172836263674e-08,1.9770172836263674e-08
Date_2015-09-03,1.9764455025965752e-08,1.9764455025965752e-08
Date_2012-06-14,-1.9741027003084556e-08,1.9741027003084556e-08
Date_2015-06-19,-1.9706137014620538e-08,1.9706137014620538e-08
Date_2019-07-10,-1.970545981694207e-08,1.970545981694207e-08
Date_2011-08-28,1.965059323097768e-08,1.965059323097768e-08
Date_2010-12-23,1.9630213743725506e-08,1.9630213743725506e-08
Date_2012-06-24,1.9617161237381458e-08,1.9617161237381458e-08
Date_2018-08-07,-1.961260468900213e-08,1.961260468900213e-08
Date_2014-08-26,-1.9548685681871092e-08,1.9548685681871092e-08
Date_2022-08-18,1.946838179937746e-08,1.946838179937746e-08
Date_2013-10-26,1.9459042705077987e-08,1.9459042705077987e-08
Date_2013-06-15,-1.9429526031442644e-08,1.9429526031442644e-08
Date_2014-12-16,1.9424296554950004e-08,1.9424296554950004e-08
Date_2017-05-22,1.9361183275657607e-08,1.9361183275657607e-08
Date_2022-02-27,1.936047996063034e-08,1.936047996063034e-08
Date_2022-08-01,-1.9354561375083873e-08,1.9354561375083873e-08
Date_2021-07-07,-1.9322083173499627e-08,1.9322083173499627e-08
Date_2014-08-13,-1.929100351637381e-08,1.929100351637381e-08
Date_2012-10-17,1.9269810347993344e-08,1.9269810347993344e-08
Date_2019-12-01,-1.923724711402533e-08,1.923724711402533e-08
Date_2016-02-01,-1.921728021135468e-08,1.921728021135468e-08
Date_2020-10-08,-1.919371154643098e-08,1.919371154643098e-08
Date_2019-10-21,-1.9189494362003068e-08,1.9189494362003068e-08
Date_2021-02-20,-1.9144836922717757e-08,1.9144836922717757e-08
Date_2022-10-18,-1.914212065589054e-08,1.914212065589054e-08
Date_2015-11-21,-1.912665460705261e-08,1.912665460705261e-08
Date_2015-04-29,-1.9104435379844937e-08,1.9104435379844937e-08
Date_2022-03-11,-1.9052504175936525e-08,1.9052504175936525e-08
Date_2010-12-04,1.9050549441070465e-08,1.9050549441070465e-08
Date_2013-07-09,1.895917919672639e-08,1.895917919672639e-08
Date_2015-05-26,1.886997723000203e-08,1.886997723000203e-08
Date_2012-10-15,1.8806702936433578e-08,1.8806702936433578e-08
Date_2012-03-17,-1.880202143654531e-08,1.880202143654531e-08
Date_2020-07-27,-1.8791839569424148e-08,1.8791839569424148e-08
Date_2014-09-02,1.8664738605089733e-08,1.8664738605089733e-08
Date_2022-03-09,-1.8582503877127683e-08,1.8582503877127683e-08
Date_2019-03-22,-1.846803668516112e-08,1.846803668516112e-08
Date_2015-08-22,1.8462105701105212e-08,1.8462105701105212e-08
Date_2016-03-12,1.8446400754827608e-08,1.8446400754827608e-08
Date_2020-02-24,1.841611498947288e-08,1.841611498947288e-08
Date_2022-10-30,1.840840503824848e-08,1.840840503824848e-08
Date_2016-02-04,-1.8387723930913002e-08,1.8387723930913002e-08
Date_2022-08-26,-1.835209239125844e-08,1.835209239125844e-08
Date_2018-10-24,1.8323324925125853e-08,1.8323324925125853e-08
Date_2020-04-09,1.8241267209869638e-08,1.8241267209869638e-08
Date_2019-04-21,-1.822524336549319e-08,1.822524336549319e-08
Date_2011-01-21,1.8207663700770122e-08,1.8207663700770122e-08
Date_2020-05-17,1.816460541474154e-08,1.816460541474154e-08
Date_2020-04-02,-1.814324879496927e-08,1.814324879496927e-08
Date_2018-01-22,1.808501875217265e-08,1.808501875217265e-08
Date_2015-10-11,1.803029379015146e-08,1.803029379015146e-08
Date_2015-07-21,-1.8005398361146148e-08,1.8005398361146148e-08
Date_2020-10-17,1.797588665050093e-08,1.797588665050093e-08
Date_2011-06-06,-1.7961090751397716e-08,1.7961090751397716e-08
Date_2022-06-09,-1.7935923835895236e-08,1.7935923835895236e-08
Date_2017-10-15,-1.793356629549513e-08,1.793356629549513e-08
Date_2013-08-20,1.7925107657754092e-08,1.7925107657754092e-08
Date_2014-11-15,1.7921014783510072e-08,1.7921014783510072e-08
Date_2018-01-10,1.7920089317251194e-08,1.7920089317251194e-08
Date_2017-01-22,-1.7882004675223572e-08,1.7882004675223572e-08
Date_2014-09-16,1.7840057080172894e-08,1.7840057080172894e-08
Date_2017-04-12,1.7831745930606223e-08,1.7831745930606223e-08
Date_2010-12-03,-1.7806424783091797e-08,1.7806424783091797e-08
Date_2015-08-12,-1.773585469185928e-08,1.773585469185928e-08
Date_2012-03-21,1.7735069517363104e-08,1.7735069517363104e-08
Date_2019-11-27,1.7717966957473953e-08,1.7717966957473953e-08
Date_2015-05-03,-1.7712853799049908e-08,1.7712853799049908e-08
Date_2022-07-22,1.7689018625792385e-08,1.7689018625792385e-08
Date_2011-06-07,1.765777540026416e-08,1.765777540026416e-08
Date_2019-04-19,-1.763813212939224e-08,1.763813212939224e-08
Date_2019-08-08,1.7602336859731036e-08,1.7602336859731036e-08
Date_2015-10-20,-1.759582086294324e-08,1.759582086294324e-08
Date_2014-09-08,-1.7543566027075867e-08,1.7543566027075867e-08
Date_2014-08-08,-1.750598032819214e-08,1.750598032819214e-08
Date_2016-05-29,-1.7483201261560174e-08,1.7483201261560174e-08
Date_2016-08-26,1.7454302919305354e-08,1.7454302919305354e-08
Date_2020-08-16,-1.741125850729539e-08,1.741125850729539e-08
Date_2015-01-14,1.7401346099214705e-08,1.7401346099214705e-08
Date_2017-10-02,1.7390791014007966e-08,1.7390791014007966e-08
Date_2022-03-24,-1.737116446018328e-08,1.737116446018328e-08
Date_2021-05-27,1.7270057274005408e-08,1.7270057274005408e-08
Date_2011-04-20,-1.726634155463538e-08,1.726634155463538e-08
Date_2018-01-28,-1.7261921919222393e-08,1.7261921919222393e-08
Date_2023-01-20,-1.7253035658546173e-08,1.7253035658546173e-08
Date_2016-12-02,-1.7210653083801995e-08,1.7210653083801995e-08
Date_2012-04-14,-1.71623126031208e-08,1.71623126031208e-08
Date_2022-09-06,1.713445738726988e-08,1.713445738726988e-08
Date_2013-07-18,-1.711403679092937e-08,1.711403679092937e-08
Date_2017-09-08,1.707549661597422e-08,1.707549661597422e-08
Date_2020-01-22,-1.706439153665377e-08,1.706439153665377e-08
Date_2019-01-14,1.7031205990219206e-08,1.7031205990219206e-08
Date_2019-05-30,-1.700206701806185e-08,1.700206701806185e-08
Date_2010-10-15,1.6996067921026123e-08,1.6996067921026123e-08
Date_2011-08-10,-1.6975771392103994e-08,1.6975771392103994e-08
Date_2013-11-11,1.6939660399734173e-08,1.6939660399734173e-08
Date_2013-12-12,-1.6931401096611863e-08,1.6931401096611863e-08
Date_2018-05-01,-1.6906513886976848e-08,1.6906513886976848e-08
Date_2021-06-04,1.6811820668838984e-08,1.6811820668838984e-08
Date_2013-03-28,-1.6807009986961595e-08,1.6807009986961595e-08
Date_2015-09-20,-1.67785998749759e-08,1.67785998749759e-08
Date_2019-11-06,-1.6751106921423182e-08,1.6751106921423182e-08
Date_2018-11-06,1.6727171338748192e-08,1.6727171338748192e-08
Date_2022-04-07,1.6694454380412575e-08,1.6694454380412575e-08
Date_2019-05-13,-1.6655825618705354e-08,1.6655825618705354e-08
Date_2011-08-05,-1.6635799052117613e-08,1.6635799052117613e-08
Date_2019-11-19,-1.660797822147581e-08,1.660797822147581e-08
Date_2017-05-11,-1.6567619352811544e-08,1.6567619352811544e-08
Date_2011-02-11,-1.6511755050679795e-08,1.6511755050679795e-08
Date_2015-10-10,-1.6462717709482356e-08,1.6462717709482356e-08
Date_2016-12-16,-1.635050876668787e-08,1.635050876668787e-08
Date_2013-05-16,1.6340427080567746e-08,1.6340427080567746e-08
Date_2011-07-10,-1.6330741492268046e-08,1.6330741492268046e-08
Date_2016-04-26,-1.6327489206207456e-08,1.6327489206207456e-08
Date_2012-11-18,-1.632191062380009e-08,1.632191062380009e-08
Date_2021-11-11,1.6227553959959596e-08,1.6227553959959596e-08
Date_2016-05-10,-1.622254439842849e-08,1.622254439842849e-08
Date_2021-01-20,-1.6140358557983886e-08,1.6140358557983886e-08
Date_2014-05-18,-1.6139189733711222e-08,1.6139189733711222e-08
Date_2018-05-11,1.611653941844018e-08,1.611653941844018e-08
Date_2022-04-08,1.6087891132648135e-08,1.6087891132648135e-08
Date_2012-12-27,1.6087323209972824e-08,1.6087323209972824e-08
Date_2010-08-09,-1.6044921670340254e-08,1.6044921670340254e-08
Date_2013-05-07,-1.604165842034318e-08,1.604165842034318e-08
Date_2021-05-07,1.5944344279733915e-08,1.5944344279733915e-08
Date_2022-02-17,1.587525344083628e-08,1.587525344083628e-08
Date_2021-07-12,1.5760093496773422e-08,1.5760093496773422e-08
Date_2021-06-20,1.5752862469304207e-08,1.5752862469304207e-08
Date_2020-01-19,-1.5677180614859638e-08,1.5677180614859638e-08
Date_2019-04-05,1.5675559712654988e-08,1.5675559712654988e-08
Date_2012-09-20,-1.5662415261849653e-08,1.5662415261849653e-08
Date_2019-12-19,-1.5615417262511463e-08,1.5615417262511463e-08
Date_2022-02-19,-1.5529962047339753e-08,1.5529962047339753e-08
Date_2012-03-14,-1.552325857274248e-08,1.552325857274248e-08
Date_2014-11-24,-1.5521256415000298e-08,1.5521256415000298e-08
Date_2019-06-26,1.5482789936238188e-08,1.5482789936238188e-08
Date_2022-06-25,1.545435665518504e-08,1.545435665518504e-08
Date_2011-03-10,-1.5432288638310038e-08,1.5432288638310038e-08
Date_2018-06-19,-1.5372302727529735e-08,1.5372302727529735e-08
Date_2016-04-30,-1.5368841232583176e-08,1.5368841232583176e-08
Date_2018-08-17,1.5357535294922438e-08,1.5357535294922438e-08
Date_2017-05-26,-1.5334326186354963e-08,1.5334326186354963e-08
Date_2014-08-03,-1.5314395834966385e-08,1.5314395834966385e-08
Date_2014-06-18,-1.5301534240996084e-08,1.5301534240996084e-08
Date_2016-06-09,-1.5297825563710964e-08,1.5297825563710964e-08
Date_2014-10-19,-1.5291876415536916e-08,1.5291876415536916e-08
Date_2023-01-06,1.529176894872212e-08,1.529176894872212e-08
Date_2019-03-07,1.5271941063347864e-08,1.5271941063347864e-08
Date_2014-01-19,-1.5270574273183562e-08,1.5270574273183562e-08
Date_2017-11-24,1.525392717068615e-08,1.525392717068615e-08
Date_2014-08-04,1.5246650151330346e-08,1.5246650151330346e-08
Date_2019-08-14,-1.5243785953086043e-08,1.5243785953086043e-08
Date_2021-03-05,-1.5239861299594006e-08,1.5239861299594006e-08
Date_2020-04-11,-1.516158914056902e-08,1.516158914056902e-08
Date_2023-01-01,-1.512150492102493e-08,1.512150492102493e-08
Date_2017-06-06,-1.5101330090967557e-08,1.5101330090967557e-08
Date_2011-05-27,1.50354168042107e-08,1.50354168042107e-08
Date_2016-04-16,-1.5026837112786616e-08,1.5026837112786616e-08
Date_2015-01-22,1.5001369561393388e-08,1.5001369561393388e-08
Date_2019-05-01,1.4970580684240832e-08,1.4970580684240832e-08
Date_2013-03-09,1.4921180802496024e-08,1.4921180802496024e-08
Date_2017-10-20,-1.4897710074010636e-08,1.4897710074010636e-08
Date_2018-09-12,-1.4894333524218227e-08,1.4894333524218227e-08
Date_2018-01-18,-1.4890395115192806e-08,1.4890395115192806e-08
Date_2015-05-16,1.4873115732551311e-08,1.4873115732551311e-08
Date_2019-03-11,-1.4795993931719184e-08,1.4795993931719184e-08
Date_2021-04-12,-1.4756184549808276e-08,1.4756184549808276e-08
Date_2022-05-10,-1.4742354512438599e-08,1.4742354512438599e-08
Date_2022-08-05,1.4723557359866528e-08,1.4723557359866528e-08
Date_2019-09-25,-1.4708318980014318e-08,1.4708318980014318e-08
Date_2019-09-15,-1.4697669224596254e-08,1.4697669224596254e-08
Date_2020-02-09,1.4655106157005998e-08,1.4655106157005998e-08
Date_2013-11-10,-1.4626268383897812e-08,1.4626268383897812e-08
Date_2016-08-16,1.460972766636265e-08,1.460972766636265e-08
Date_2016-07-22,1.4573197595385607e-08,1.4573197595385607e-08
Date_2021-01-07,1.453672770802285e-08,1.453672770802285e-08
Date_2012-08-24,1.4493922032469523e-08,1.4493922032469523e-08
Date_2010-07-18,1.4486320600920982e-08,1.4486320600920982e-08
Date_2016-03-27,-1.447970491278066e-08,1.447970491278066e-08
Date_2022-09-24,-1.4473322051640924e-08,1.4473322051640924e-08
Date_2020-04-13,-1.4465829167084264e-08,1.4465829167084264e-08
Date_2010-09-13,-1.4429760873219256e-08,1.4429760873219256e-08
Date_2019-10-09,1.4380582365006477e-08,1.4380582365006477e-08
Date_2022-09-16,-1.4379053509864863e-08,1.4379053509864863e-08
Date_2011-09-25,-1.4340676002599799e-08,1.4340676002599799e-08
Date_2021-04-19,1.4271773204465712e-08,1.4271773204465712e-08
Date_2020-12-26,-1.4259255620861595e-08,1.4259255620861595e-08
Date_2016-10-16,-1.4206860416444769e-08,1.4206860416444769e-08
Date_2016-12-09,1.4166924136854548e-08,1.4166924136854548e-08
Date_2022-09-30,1.4143598112876348e-08,1.4143598112876348e-08
Date_2016-08-21,-1.413662357633014e-08,1.413662357633014e-08
Date_2022-09-07,1.4098303533659563e-08,1.4098303533659563e-08
Date_2011-05-09,-1.4094111832679859e-08,1.4094111832679859e-08
Date_2021-09-19,1.4062083268860692e-08,1.4062083268860692e-08
Date_2021-03-15,-1.4034083070407635e-08,1.4034083070407635e-08
Date_2011-09-24,1.4027565563977792e-08,1.4027565563977792e-08
Date_2015-04-10,-1.4019587548022442e-08,1.4019587548022442e-08
Date_2013-07-27,1.394473931832213e-08,1.394473931832213e-08
Date_2021-10-18,1.3939089397500275e-08,1.3939089397500275e-08
Date_2021-10-27,-1.3936922910110279e-08,1.3936922910110279e-08
Date_2015-12-26,1.3912978745875842e-08,1.3912978745875842e-08
Date_2017-06-02,-1.3911373423361315e-08,1.3911373423361315e-08
Date_2021-12-24,-1.3910400136557046e-08,1.3910400136557046e-08
Date_2014-06-21,-1.3907822896856296e-08,1.3907822896856296e-08
Date_2019-03-30,-1.3897987514585332e-08,1.3897987514585332e-08
Date_2022-03-27,-1.385422696383702e-08,1.385422696383702e-08
Date_2019-08-24,1.3718641106781296e-08,1.3718641106781296e-08
Date_2020-10-12,1.3707341008173904e-08,1.3707341008173904e-08
Date_2021-01-09,-1.3697569171917353e-08,1.3697569171917353e-08
Date_2018-10-22,-1.3684146636165355e-08,1.3684146636165355e-08
Date_2021-08-16,1.3676788420669234e-08,1.3676788420669234e-08
Date_2020-10-24,1.3619221243849639e-08,1.3619221243849639e-08
Date_2012-12-06,-1.3586240522393226e-08,1.3586240522393226e-08
Date_2018-09-11,-1.3493266566075207e-08,1.3493266566075207e-08
Date_2017-07-18,-1.3374812759177956e-08,1.3374812759177956e-08
Date_2013-12-17,-1.3338952349835987e-08,1.3338952349835987e-08
Date_2012-02-21,1.3300124432604996e-08,1.3300124432604996e-08
Date_2019-05-15,-1.3279244675119452e-08,1.3279244675119452e-08
Date_2022-12-03,1.3261480663210024e-08,1.3261480663210024e-08
Date_2011-12-23,1.3167042075291799e-08,1.3167042075291799e-08
Date_2021-07-03,1.3139387353623865e-08,1.3139387353623865e-08
Date_2013-09-23,-1.313442897589586e-08,1.313442897589586e-08
Date_2010-09-24,1.3116828109264817e-08,1.3116828109264817e-08
Date_2015-09-23,-1.3109971450352168e-08,1.3109971450352168e-08
Date_2018-06-11,1.298553974041528e-08,1.298553974041528e-08
Date_2014-11-27,-1.2964178870788036e-08,1.2964178870788036e-08
Date_2012-07-05,-1.2959436537667003e-08,1.2959436537667003e-08
Date_2017-11-07,1.2926215696274597e-08,1.2926215696274597e-08
Date_2020-12-20,1.2900598254668646e-08,1.2900598254668646e-08
Date_2017-06-01,-1.2864743832925048e-08,1.2864743832925048e-08
Date_2020-05-20,-1.2831369933724023e-08,1.2831369933724023e-08
Date_2013-04-11,-1.2820295545160399e-08,1.2820295545160399e-08
Date_2019-07-03,-1.281823130124631e-08,1.281823130124631e-08
Date_2019-07-09,-1.2793681312620284e-08,1.2793681312620284e-08
Date_2018-06-07,-1.2778432635035924e-08,1.2778432635035924e-08
Date_2020-04-01,1.2751728395356132e-08,1.2751728395356132e-08
Date_2013-05-29,1.2750861729366578e-08,1.2750861729366578e-08
Date_2021-09-02,-1.2707321465228248e-08,1.2707321465228248e-08
Date_2015-04-09,1.265978760298448e-08,1.265978760298448e-08
Date_2018-12-17,-1.2621773760165397e-08,1.2621773760165397e-08
Date_2015-09-10,1.260704036973136e-08,1.260704036973136e-08
Date_2022-07-14,1.2571958065637726e-08,1.2571958065637726e-08
Date_2011-12-14,1.255002150933496e-08,1.255002150933496e-08
Date_2011-12-29,1.2521887845808626e-08,1.2521887845808626e-08
Date_2011-06-28,-1.2494137603972148e-08,1.2494137603972148e-08
Date_2021-01-02,1.2451552677611908e-08,1.2451552677611908e-08
Date_2012-05-09,-1.244017819597067e-08,1.244017819597067e-08
Date_2018-01-21,-1.243353177785131e-08,1.243353177785131e-08
Date_2015-01-05,1.2370150036338697e-08,1.2370150036338697e-08
Date_2015-02-03,1.2329043416552468e-08,1.2329043416552468e-08
Date_2018-09-30,1.2275512880790213e-08,1.2275512880790213e-08
Date_2019-05-25,-1.2236599756220282e-08,1.2236599756220282e-08
Date_2013-01-29,1.2235276718243262e-08,1.2235276718243262e-08
Date_2015-10-15,-1.2148595342722072e-08,1.2148595342722072e-08
Date_2012-03-24,-1.2116392167528703e-08,1.2116392167528703e-08
Date_2014-07-25,1.209748653495861e-08,1.209748653495861e-08
Date_2014-11-28,-1.2087090878219708e-08,1.2087090878219708e-08
Date_2019-06-23,-1.2077396308122386e-08,1.2077396308122386e-08
Date_2013-03-29,-1.2030534377904966e-08,1.2030534377904966e-08
Date_2019-09-17,-1.1958958036937177e-08,1.1958958036937177e-08
Date_2017-11-10,1.194750010738449e-08,1.194750010738449e-08
Date_2017-01-27,-1.172778841463059e-08,1.172778841463059e-08
Date_2019-10-23,-1.1721596744925348e-08,1.1721596744925348e-08
Date_2017-07-27,-1.1632644168683127e-08,1.1632644168683127e-08
Date_2022-03-03,-1.1609222660809464e-08,1.1609222660809464e-08
Date_2014-08-21,-1.1556416244144435e-08,1.1556416244144435e-08
Date_2020-05-05,1.1548054537646187e-08,1.1548054537646187e-08
Date_2011-10-18,-1.1521156890010666e-08,1.1521156890010666e-08
Date_2021-04-25,-1.1445068727180311e-08,1.1445068727180311e-08
Date_2020-05-28,-1.1396538480496019e-08,1.1396538480496019e-08
Date_2015-04-07,1.1343724539422621e-08,1.1343724539422621e-08
Date_2013-01-05,1.1338243029452408e-08,1.1338243029452408e-08
Date_2019-03-12,1.1314387663256927e-08,1.1314387663256927e-08
Date_2015-12-20,-1.1275602412108493e-08,1.1275602412108493e-08
Date_2020-03-21,1.1266541320537768e-08,1.1266541320537768e-08
Date_2021-01-31,-1.12536700712573e-08,1.12536700712573e-08
Date_2021-10-16,1.1235469121757295e-08,1.1235469121757295e-08
Date_2011-07-03,1.1231318476711478e-08,1.1231318476711478e-08
Date_2018-02-07,-1.1192537118811832e-08,1.1192537118811832e-08
Date_2018-04-25,1.1076621269892914e-08,1.1076621269892914e-08
Date_2014-01-10,-1.1047322269649913e-08,1.1047322269649913e-08
Date_2010-11-03,-1.1031306367261321e-08,1.1031306367261321e-08
Date_2013-03-03,-1.1029449332855994e-08,1.1029449332855994e-08
Date_2017-12-29,-1.0985351507843791e-08,1.0985351507843791e-08
Date_2021-07-10,-1.0964204033505029e-08,1.0964204033505029e-08
Date_2020-11-13,1.0944644609360057e-08,1.0944644609360057e-08
Date_2019-04-01,-1.0903320733058243e-08,1.0903320733058243e-08
Date_2016-09-08,-1.0871097114891603e-08,1.0871097114891603e-08
Date_2020-03-10,1.0794498158595139e-08,1.0794498158595139e-08
Date_2017-04-08,-1.0770879006726385e-08,1.0770879006726385e-08
Date_2010-10-05,1.0737434200766927e-08,1.0737434200766927e-08
Date_2011-07-25,1.0700143601621804e-08,1.0700143601621804e-08
Date_2012-03-31,1.0640632182264527e-08,1.0640632182264527e-08
Date_2012-06-05,-1.0631191665195017e-08,1.0631191665195017e-08
Date_2019-05-26,-1.0551901377657953e-08,1.0551901377657953e-08
Date_2021-08-02,1.0494849256545781e-08,1.0494849256545781e-08
Date_2011-10-09,-1.0479160221229612e-08,1.0479160221229612e-08
Date_2018-11-10,-1.0453430978026006e-08,1.0453430978026006e-08
Date_2022-01-19,1.0432180958501176e-08,1.0432180958501176e-08
Date_2011-08-01,1.0372907182128665e-08,1.0372907182128665e-08
Date_2021-07-05,1.0342644071109466e-08,1.0342644071109466e-08
Date_2013-10-17,-1.0321660428798328e-08,1.0321660428798328e-08
Date_2020-04-08,1.0302013818885186e-08,1.0302013818885186e-08
Date_2015-12-18,1.0254540505029201e-08,1.0254540505029201e-08
Date_2014-04-07,-1.0250411357249188e-08,1.0250411357249188e-08
Date_2011-06-19,-1.0208664638909376e-08,1.0208664638909376e-08
Date_2020-01-01,-1.0208204627229087e-08,1.0208204627229087e-08
Date_2014-08-15,1.0198077384027139e-08,1.0198077384027139e-08
Date_2016-11-18,1.0155258266198214e-08,1.0155258266198214e-08
Date_2021-01-11,1.0130533514347876e-08,1.0130533514347876e-08
Date_2015-09-07,1.008573845365121e-08,1.008573845365121e-08
Date_2020-03-08,-1.0068353625924591e-08,1.0068353625924591e-08
Date_2022-06-24,-1.005369675874484e-08,1.005369675874484e-08
Date_2015-02-23,-1.0045199225410559e-08,1.0045199225410559e-08
Date_2015-07-28,1.0031916881822609e-08,1.0031916881822609e-08
Date_2015-05-17,9.987510728539031e-09,9.987510728539031e-09
Date_2015-07-30,-9.954744077291106e-09,9.954744077291106e-09
Date_2014-09-10,9.913996696784244e-09,9.913996696784244e-09
Date_2021-05-26,-9.906990570979785e-09,9.906990570979785e-09
Date_2012-11-19,9.829849391537235e-09,9.829849391537235e-09
Date_2010-09-16,-9.777914425138102e-09,9.777914425138102e-09
Date_2018-06-04,9.776667867748796e-09,9.776667867748796e-09
Date_2011-07-30,9.713015894138443e-09,9.713015894138443e-09
Date_2014-04-17,-9.684246888641047e-09,9.684246888641047e-09
Date_2013-05-23,9.665248739325749e-09,9.665248739325749e-09
Date_2013-06-10,-9.639562716810444e-09,9.639562716810444e-09
Date_2017-11-18,-9.632550950843563e-09,9.632550950843563e-09
Date_2021-12-02,9.584511193223307e-09,9.584511193223307e-09
Date_2020-03-17,-9.514346645686889e-09,9.514346645686889e-09
Date_2015-08-16,9.479335586444784e-09,9.479335586444784e-09
Date_2019-12-20,-9.447700033686245e-09,9.447700033686245e-09
Date_2014-09-09,-9.42009931192676e-09,9.42009931192676e-09
Date_2023-01-03,-9.415966782262458e-09,9.415966782262458e-09
Date_2018-07-29,-9.342985121288512e-09,9.342985121288512e-09
Date_2019-02-09,9.335246250685321e-09,9.335246250685321e-09
Date_2020-06-28,9.33430776431321e-09,9.33430776431321e-09
Date_2016-11-09,9.29373515096665e-09,9.29373515096665e-09
Date_2022-06-22,9.292785612470183e-09,9.292785612470183e-09
Date_2013-06-13,-9.287886490755011e-09,9.287886490755011e-09
Date_2015-12-22,9.281328047137733e-09,9.281328047137733e-09
Date_2015-12-05,9.264776484300359e-09,9.264776484300359e-09
Date_2014-10-11,9.21546396843265e-09,9.21546396843265e-09
Date_2018-10-28,9.194053370509388e-09,9.194053370509388e-09
Date_2021-08-21,9.191637962754495e-09,9.191637962754495e-09
Date_2012-03-22,9.189925608708282e-09,9.189925608708282e-09
Date_2014-04-06,-9.118886598521195e-09,9.118886598521195e-09
Date_2014-05-12,9.095483823055067e-09,9.095483823055067e-09
Date_2011-06-10,9.067281132808337e-09,9.067281132808337e-09
Date_2015-09-25,-9.049168752563236e-09,9.049168752563236e-09
Date_2012-07-10,-9.041995212452351e-09,9.041995212452351e-09
Date_2018-09-10,8.95970235701686e-09,8.95970235701686e-09
Date_2015-11-17,8.938899551750802e-09,8.938899551750802e-09
Date_2011-03-01,-8.937360280141465e-09,8.937360280141465e-09
Date_2015-02-12,-8.908329148699415e-09,8.908329148699415e-09
Date_2013-02-07,-8.788437033570878e-09,8.788437033570878e-09
Date_2011-10-07,-8.773143315896841e-09,8.773143315896841e-09
Date_2012-07-19,-8.75410455787581e-09,8.75410455787581e-09
Date_2021-02-27,8.673767141666757e-09,8.673767141666757e-09
Date_2013-12-08,-8.660340368233573e-09,8.660340368233573e-09
Date_2014-07-01,8.654290308794923e-09,8.654290308794923e-09
Date_2020-06-13,8.615790705558866e-09,8.615790705558866e-09
Date_2021-11-09,8.513058611544107e-09,8.513058611544107e-09
Date_2011-03-29,-8.423747414631955e-09,8.423747414631955e-09
Date_2022-01-15,8.415503266425715e-09,8.415503266425715e-09
Date_2021-01-21,8.374834887693267e-09,8.374834887693267e-09
Date_2011-11-10,-8.359113330061205e-09,8.359113330061205e-09
Date_2022-08-09,-8.259159352376928e-09,8.259159352376928e-09
Date_2011-06-11,-8.192071428834847e-09,8.192071428834847e-09
Date_2015-11-01,-8.169758797877907e-09,8.169758797877907e-09
Date_2020-06-19,8.129191585265615e-09,8.129191585265615e-09
Date_2015-10-17,8.082197983190981e-09,8.082197983190981e-09
Date_2015-08-15,-8.071977732222763e-09,8.071977732222763e-09
Date_2019-02-15,8.01824364973097e-09,8.01824364973097e-09
Date_2022-01-07,-7.99445391407401e-09,7.99445391407401e-09
Date_2021-06-13,7.98842022259189e-09,7.98842022259189e-09
Date_2022-08-20,-7.956350376257358e-09,7.956350376257358e-09
Date_2012-01-24,7.943990626550968e-09,7.943990626550968e-09
Date_2016-05-03,7.917974468585148e-09,7.917974468585148e-09
Date_2011-09-12,7.865476251342893e-09,7.865476251342893e-09
Date_2016-09-09,-7.852169886511248e-09,7.852169886511248e-09
Date_2011-07-13,-7.814307414058897e-09,7.814307414058897e-09
Date_2011-07-01,7.791740679721561e-09,7.791740679721561e-09
Date_2015-03-10,-7.764778399280501e-09,7.764778399280501e-09
Date_2021-04-06,-7.641709079576307e-09,7.641709079576307e-09
Date_2022-05-15,-7.584375023754861e-09,7.584375023754861e-09
Date_2014-02-25,7.541519664196183e-09,7.541519664196183e-09
Date_2020-06-08,-7.534162954867853e-09,7.534162954867853e-09
Date_2017-09-27,7.494267136953988e-09,7.494267136953988e-09
Date_2012-02-14,-7.4794441668787e-09,7.4794441668787e-09
Date_2012-05-18,7.4450272986110135e-09,7.4450272986110135e-09
Date_2022-10-14,7.442484782246088e-09,7.442484782246088e-09
Date_2017-06-24,-7.436878442505362e-09,7.436878442505362e-09
Date_2012-12-13,-7.433917573380652e-09,7.433917573380652e-09
Date_2010-06-20,-7.42692143447231e-09,7.42692143447231e-09
Date_2019-09-12,7.416669700189192e-09,7.416669700189192e-09
Date_2016-04-08,7.401759992378002e-09,7.401759992378002e-09
Date_2022-03-29,7.393383515049808e-09,7.393383515049808e-09
Date_2022-04-23,-7.336276886773676e-09,7.336276886773676e-09
Date_2020-04-17,7.327673714544554e-09,7.327673714544554e-09
Date_2017-02-12,-7.32575486985584e-09,7.32575486985584e-09
Date_2015-01-01,-7.307773897591598e-09,7.307773897591598e-09
Date_2010-11-09,-7.261421075014952e-09,7.261421075014952e-09
Date_2013-03-16,7.225981992201419e-09,7.225981992201419e-09
Date_2019-08-09,-7.222879262557151e-09,7.222879262557151e-09
Date_2017-07-08,7.163809750810776e-09,7.163809750810776e-09
Date_2010-08-29,7.1475384719066235e-09,7.1475384719066235e-09
Date_2015-10-16,7.112421489266404e-09,7.112421489266404e-09
Date_2014-12-26,7.078858546918315e-09,7.078858546918315e-09
Date_2014-03-05,-7.071232765509189e-09,7.071232765509189e-09
Date_2020-04-20,-7.028242736131143e-09,7.028242736131143e-09
Date_2020-09-30,7.0196364779267235e-09,7.0196364779267235e-09
Date_2020-08-27,6.948934841633676e-09,6.948934841633676e-09
Date_2021-06-03,-6.905881803033761e-09,6.905881803033761e-09
Date_2014-08-17,6.773654848226946e-09,6.773654848226946e-09
Date_2010-07-04,6.752484691440475e-09,6.752484691440475e-09
Date_2013-10-16,6.68124498839082e-09,6.68124498839082e-09
Date_2022-12-20,-6.668927677095637e-09,6.668927677095637e-09
Date_2016-04-12,6.657932208081541e-09,6.657932208081541e-09
Date_2022-11-18,6.4434380852988375e-09,6.4434380852988375e-09
Date_2014-02-17,-6.423283685731658e-09,6.423283685731658e-09
Date_2020-03-29,-6.412119521924495e-09,6.412119521924495e-09
Date_2013-12-18,-6.36439793134743e-09,6.36439793134743e-09
Date_2020-10-02,6.362054475480627e-09,6.362054475480627e-09
Date_2018-07-19,6.311840972485375e-09,6.311840972485375e-09
Date_2014-01-12,-6.310897601075279e-09,6.310897601075279e-09
Date_2013-12-01,6.2905334797856465e-09,6.2905334797856465e-09
Date_2022-08-15,-6.237982632357621e-09,6.237982632357621e-09
Date_2013-11-19,6.204908008395248e-09,6.204908008395248e-09
Date_2017-04-19,6.175606925373295e-09,6.175606925373295e-09
Date_2015-08-13,-6.12275177750516e-09,6.12275177750516e-09
Date_2022-02-11,-6.111801551126766e-09,6.111801551126766e-09
Date_2016-04-24,6.097488232226791e-09,6.097488232226791e-09
Date_2019-04-18,-6.093812421185933e-09,6.093812421185933e-09
Date_2013-07-25,-6.0850520909527315e-09,6.0850520909527315e-09
Date_2018-10-01,-6.027697276921873e-09,6.027697276921873e-09
Date_2020-12-16,-6.0185783053408765e-09,6.0185783053408765e-09
Date_2013-12-21,5.982793546813385e-09,5.982793546813385e-09
Date_2022-07-04,5.9489445596259965e-09,5.9489445596259965e-09
Date_2010-06-18,5.929687749371806e-09,5.929687749371806e-09
Date_2018-11-21,-5.9136238385195744e-09,5.9136238385195744e-09
Date_2016-05-06,5.884632006586772e-09,5.884632006586772e-09
Date_2019-11-10,-5.8754243477783146e-09,5.8754243477783146e-09
Date_2016-08-09,-5.7600154673602305e-09,5.7600154673602305e-09
Date_2022-09-18,-5.749715111319474e-09,5.749715111319474e-09
Date_2019-09-19,-5.744587147288397e-09,5.744587147288397e-09
Date_2018-02-20,-5.730637276103324e-09,5.730637276103324e-09
Date_2017-02-24,-5.728215697897374e-09,5.728215697897374e-09
Date_2018-11-18,5.713532648895114e-09,5.713532648895114e-09
Date_2021-06-07,-5.698751719003166e-09,5.698751719003166e-09
Date_2022-03-04,5.593372822868344e-09,5.593372822868344e-09
Date_2016-08-25,5.581146561394455e-09,5.581146561394455e-09
Date_2015-11-18,5.560573935414245e-09,5.560573935414245e-09
Date_2021-04-03,-5.529204394276493e-09,5.529204394276493e-09
Date_2018-12-04,5.508266381843644e-09,5.508266381843644e-09
Date_2022-03-06,-5.5052855687561206e-09,5.5052855687561206e-09
Date_2018-09-15,5.47070648378782e-09,5.47070648378782e-09
Date_2015-10-07,-5.432273443818839e-09,5.432273443818839e-09
Date_2013-01-03,5.4316660218364255e-09,5.4316660218364255e-09
Date_2016-05-23,-5.403618750761603e-09,5.403618750761603e-09
Date_2013-02-05,-5.365772259882275e-09,5.365772259882275e-09
Date_2021-02-05,-5.354869653932125e-09,5.354869653932125e-09
Date_2011-06-04,5.3475578372163495e-09,5.3475578372163495e-09
Date_2012-05-03,5.292782781123681e-09,5.292782781123681e-09
Date_2012-05-01,5.251314404477442e-09,5.251314404477442e-09
Date_2014-11-09,5.224310402979237e-09,5.224310402979237e-09
Date_2018-07-01,5.204567796742541e-09,5.204567796742541e-09
Date_2017-04-05,-5.112298030161784e-09,5.112298030161784e-09
Date_2020-12-13,-5.076418777045845e-09,5.076418777045845e-09
Date_2021-08-08,-5.040783771247408e-09,5.040783771247408e-09
Date_2011-12-28,-5.020636969485864e-09,5.020636969485864e-09
Date_2020-11-15,4.96803428297594e-09,4.96803428297594e-09
Date_2016-05-26,4.962770737281373e-09,4.962770737281373e-09
Date_2013-02-18,4.9551805934005314e-09,4.9551805934005314e-09
Date_2013-06-22,-4.942767026262776e-09,4.942767026262776e-09
Date_2011-04-30,-4.928107971526242e-09,4.928107971526242e-09
Date_2013-12-15,4.910881542156793e-09,4.910881542156793e-09
Date_2018-06-26,4.9059162092815695e-09,4.9059162092815695e-09
Date_2018-02-24,4.866411460164951e-09,4.866411460164951e-09
Date_2022-04-09,4.866120723700613e-09,4.866120723700613e-09
Date_2017-02-06,4.825092559207349e-09,4.825092559207349e-09
Date_2014-12-29,-4.7899027755575895e-09,4.7899027755575895e-09
Date_2018-03-20,4.75459123060783e-09,4.75459123060783e-09
Date_2015-12-10,4.743102197403244e-09,4.743102197403244e-09
Date_2016-07-09,4.673629179339499e-09,4.673629179339499e-09
Date_2021-05-28,4.6318687841495495e-09,4.6318687841495495e-09
Date_2022-06-07,4.593289915802694e-09,4.593289915802694e-09
Date_2021-11-22,4.567068838426472e-09,4.567068838426472e-09
Date_2017-06-07,4.4917789035918445e-09,4.4917789035918445e-09
Date_2022-02-14,4.459919427973161e-09,4.459919427973161e-09
Date_2021-08-06,4.4323625620413e-09,4.4323625620413e-09
Date_2020-06-26,4.36572707358733e-09,4.36572707358733e-09
Date_2013-10-13,4.310440067718182e-09,4.310440067718182e-09
Date_2010-12-11,-4.280723795937265e-09,4.280723795937265e-09
Date_2014-03-06,-4.244062902005768e-09,4.244062902005768e-09
Date_2011-05-11,-4.242320882450873e-09,4.242320882450873e-09
Date_2020-06-24,4.226911784574728e-09,4.226911784574728e-09
Date_2016-03-15,-4.179873683885153e-09,4.179873683885153e-09
Date_2016-05-14,4.169807051152266e-09,4.169807051152266e-09
Date_2015-08-07,-4.0973067128142176e-09,4.0973067128142176e-09
Date_2016-01-16,4.088670102812793e-09,4.088670102812793e-09
Date_2010-08-11,3.9131829388381915e-09,3.9131829388381915e-09
Date_2010-08-08,3.8455380215726356e-09,3.8455380215726356e-09
Date_2021-02-24,3.8195395774541776e-09,3.8195395774541776e-09
Date_2019-10-24,-3.762656092725223e-09,3.762656092725223e-09
Date_2016-01-22,3.758058210567583e-09,3.758058210567583e-09
Date_2022-10-03,-3.740482308788766e-09,3.740482308788766e-09
Date_2018-08-08,3.724257180614187e-09,3.724257180614187e-09
Date_2018-05-28,-3.614855895518825e-09,3.614855895518825e-09
Date_2014-12-27,3.597576682909577e-09,3.597576682909577e-09
Date_2011-05-07,-3.547532522719398e-09,3.547532522719398e-09
Date_2011-06-26,-3.4900501090995314e-09,3.4900501090995314e-09
Date_2016-03-02,3.3884135727169164e-09,3.3884135727169164e-09
Date_2012-03-08,-3.2543778905245293e-09,3.2543778905245293e-09
Date_2018-05-03,-3.17269808448979e-09,3.17269808448979e-09
Date_2013-01-11,3.1571905849414778e-09,3.1571905849414778e-09
Date_2021-05-20,3.15034369242132e-09,3.15034369242132e-09
Date_2010-10-19,-3.1277380983779472e-09,3.1277380983779472e-09
Date_2013-07-02,3.1227301334256614e-09,3.1227301334256614e-09
Date_2018-12-25,-3.1177645300884818e-09,3.1177645300884818e-09
Date_2020-03-27,3.058262078430579e-09,3.058262078430579e-09
Date_2015-07-19,-3.0005185015732035e-09,3.0005185015732035e-09
Date_2022-01-10,2.929751347252811e-09,2.929751347252811e-09
Date_2020-02-06,2.8190865223471203e-09,2.8190865223471203e-09
Date_2019-01-25,2.777691078758812e-09,2.777691078758812e-09
Date_2019-08-18,2.7566424858081744e-09,2.7566424858081744e-09
Date_2015-02-16,2.7534098797890083e-09,2.7534098797890083e-09
Date_2021-05-12,-2.731793902329055e-09,2.731793902329055e-09
Date_2014-07-20,-2.7020336346765155e-09,2.7020336346765155e-09
Date_2020-08-09,2.675603779605985e-09,2.675603779605985e-09
Date_2021-08-17,-2.6633724143408013e-09,2.6633724143408013e-09
Date_2022-03-05,2.5565667933529422e-09,2.5565667933529422e-09
Date_2012-09-14,2.538757911107381e-09,2.538757911107381e-09
Date_2011-02-04,-2.490404707767074e-09,2.490404707767074e-09
Date_2021-11-08,2.4651522421391192e-09,2.4651522421391192e-09
Date_2010-11-14,-2.4087391933289028e-09,2.4087391933289028e-09
Date_2017-04-10,-2.377427370433119e-09,2.377427370433119e-09
Date_2021-06-25,2.3691413504974867e-09,2.3691413504974867e-09
Date_2014-03-31,-2.2745737334717562e-09,2.2745737334717562e-09
Date_2011-03-18,-2.191113611597381e-09,2.191113611597381e-09
Date_2010-08-27,-2.167941300881075e-09,2.167941300881075e-09
Date_2015-05-29,-2.16006249538712e-09,2.16006249538712e-09
Date_2022-12-09,2.148557368123054e-09,2.148557368123054e-09
Date_2021-03-07,2.1348426090137404e-09,2.1348426090137404e-09
Date_2015-05-20,-2.134658240862513e-09,2.134658240862513e-09
Date_2014-06-11,-2.114884202744547e-09,2.114884202744547e-09
Date_2014-12-28,2.1022257633988465e-09,2.1022257633988465e-09
Date_2020-07-30,2.1012846568308784e-09,2.1012846568308784e-09
Date_2020-06-12,-2.0973641191394543e-09,2.0973641191394543e-09
Date_2014-11-06,-2.0785775641135654e-09,2.0785775641135654e-09
Date_2015-01-27,-2.066830249069656e-09,2.066830249069656e-09
Date_2011-11-19,2.065179942421438e-09,2.065179942421438e-09
Date_2014-01-22,2.024028152292601e-09,2.024028152292601e-09
Date_2021-07-08,-2.0171348118154e-09,2.0171348118154e-09
Date_2015-06-30,1.9831138528251214e-09,1.9831138528251214e-09
Date_2015-04-19,-1.9536719054043636e-09,1.9536719054043636e-09
Date_2017-05-03,1.922543980081253e-09,1.922543980081253e-09
Date_2021-07-19,-1.8722220057917915e-09,1.8722220057917915e-09
Date_2012-04-21,1.8141611022889552e-09,1.8141611022889552e-09
Date_2014-10-05,1.738533929495281e-09,1.738533929495281e-09
Date_2017-11-04,1.7331159704635271e-09,1.7331159704635271e-09
Date_2014-10-10,-1.6924911891326132e-09,1.6924911891326132e-09
Date_2019-03-28,-1.6782540096927807e-09,1.6782540096927807e-09
Date_2016-07-17,-1.6577802940320963e-09,1.6577802940320963e-09
Date_2021-06-02,-1.638756601468895e-09,1.638756601468895e-09
Date_2019-02-06,-1.5718933657869546e-09,1.5718933657869546e-09
Date_2018-01-07,1.5371768735226607e-09,1.5371768735226607e-09
Date_2015-09-30,-1.4725747322120576e-09,1.4725747322120576e-09
Date_2014-09-23,-1.4490116521684282e-09,1.4490116521684282e-09
Date_2022-05-17,1.3388036530691431e-09,1.3388036530691431e-09
Date_2018-03-08,-1.3355932097364989e-09,1.3355932097364989e-09
Date_2019-08-12,-1.2331928751072982e-09,1.2331928751072982e-09
Date_2017-07-05,-1.0285835639110711e-09,1.0285835639110711e-09
Date_2022-06-30,1.0055966265084105e-09,1.0055966265084105e-09
Date_2012-12-17,-9.755965762526502e-10,9.755965762526502e-10
Date_2020-09-02,9.67426244962708e-10,9.67426244962708e-10
Date_2011-01-04,-9.614386362419978e-10,9.614386362419978e-10
Date_2017-06-18,9.277502205615155e-10,9.277502205615155e-10
Date_2021-11-06,-8.959822710621103e-10,8.959822710621103e-10
Date_2020-09-20,8.751329994519586e-10,8.751329994519586e-10
Date_2015-11-27,-8.532591792240828e-10,8.532591792240828e-10
Date_2016-09-10,7.954847724268474e-10,7.954847724268474e-10
Date_2021-12-26,7.60916655239346e-10,7.60916655239346e-10
Date_2014-12-02,7.346800940109557e-10,7.346800940109557e-10
Date_2022-10-28,7.133688023958947e-10,7.133688023958947e-10
Date_2014-09-04,7.053079520309792e-10,7.053079520309792e-10
Date_2020-07-13,6.996586906208131e-10,6.996586906208131e-10
Date_2019-06-29,-6.742667449826455e-10,6.742667449826455e-10
Date_2018-06-16,-6.415795240879918e-10,6.415795240879918e-10
Date_2013-09-29,6.393832541308154e-10,6.393832541308154e-10
Date_2013-02-20,-6.194002305479845e-10,6.194002305479845e-10
Date_2020-09-22,-6.044219782817353e-10,6.044219782817353e-10
Date_2012-08-04,5.88416852427881e-10,5.88416852427881e-10
Date_2011-04-22,5.759022625039491e-10,5.759022625039491e-10
Date_2020-06-14,-5.654854926519006e-10,5.654854926519006e-10
Date_2022-08-16,3.5129144773600716e-10,3.5129144773600716e-10
Date_2011-09-27,-3.4841522430590494e-10,3.4841522430590494e-10
Date_2018-10-18,-3.387099687339258e-10,3.387099687339258e-10
Date_2013-02-27,-3.3114269724881945e-10,3.3114269724881945e-10
Date_2016-03-18,3.2894220908356507e-10,3.2894220908356507e-10
Date_2014-11-02,3.1844920199146237e-10,3.1844920199146237e-10
Date_2016-01-03,3.1151868210999975e-10,3.1151868210999975e-10
Date_2010-09-10,-2.893174680601567e-10,2.893174680601567e-10
Date_2020-12-02,2.474430209548757e-10,2.474430209548757e-10
Date_2014-01-27,-2.338327143477598e-10,2.338327143477598e-10
Date_2012-02-20,2.299533299701574e-10,2.299533299701574e-10
Date_2011-04-10,1.8533148254284057e-10,1.8533148254284057e-10
Date_2017-12-24,1.5014490375737004e-10,1.5014490375737004e-10
Date_2013-04-26,6.120587452856341e-11,6.120587452856341e-11
Date_2022-08-13,5.3610214652314467e-11,5.3610214652314467e-11
Unnamed: 0,-3.4228175849193576e-13,3.4228175849193576e-13
Date_2010-08-13,1.27500585643158e-20,1.27500585643158e-20
Date_2010-08-03,-1.0380199034048446e-20,1.0380199034048446e-20
Date_2010-07-02,-3.560146582337018e-21,3.560146582337018e-21
Date_2010-07-06,2.093232238853721e-21,2.093232238853721e-21
Date_2010-07-12,-1.9509442487975292e-21,1.9509442487975292e-21
Date_2010-06-27,1.671551072210673e-21,1.671551072210673e-21
Date_2010-07-16,1.616491862687612e-21,1.616491862687612e-21
Date_2010-06-21,-1.3019774373970639e-21,1.3019774373970639e-21
Date_2010-07-09,-4.241368590865649e-22,4.241368590865649e-22
Date_2010-06-30,-2.1382618834495765e-22,2.1382618834495765e-22
Date_2010-06-25,1.0079648128356132e-22,1.0079648128356132e-22
Date_2010-07-28,-4.707156995328614e-23,4.707156995328614e-23
Date_2010-11-27,-9.919705002100762e-25,9.919705002100762e-25
Date_2010-09-17,8.271806125530277e-25,8.271806125530277e-25
Date_2010-12-18,-7.690194757328929e-25,7.690194757328929e-25
Date_2012-03-20,7.140895131805434e-25,7.140895131805434e-25
Date_2010-08-21,-7.140895131805434e-25,7.140895131805434e-25
Date_2010-12-07,-6.979336418416171e-25,6.979336418416171e-25
Date_2010-08-22,-6.623907248959792e-25,6.623907248959792e-25
Date_2011-10-17,6.462348535570529e-25,6.462348535570529e-25
Date_2011-06-25,6.405802985884287e-25,6.405802985884287e-25
Date_2012-07-15,6.333101564859118e-25,6.333101564859118e-25
Date_2012-03-03,-6.268478079503413e-25,6.268478079503413e-25
Date_2011-04-25,-6.074607623436297e-25,6.074607623436297e-25
Date_2014-09-17,-5.888815103038644e-25,5.888815103038644e-25
Date_2012-02-10,-5.840347489021865e-25,5.840347489021865e-25
Date_2012-11-03,-5.751490196657771e-25,5.751490196657771e-25
Date_2011-09-15,5.686866711302065e-25,5.686866711302065e-25
Date_2014-09-06,5.686866711302065e-25,5.686866711302065e-25
Date_2012-09-02,-5.686866711302065e-25,5.686866711302065e-25
Date_2011-03-30,5.62224322594636e-25,5.62224322594636e-25
Date_2011-09-30,-5.371827220193002e-25,5.371827220193002e-25
Date_2010-10-11,5.299125799167834e-25,5.299125799167834e-25
Date_2015-06-23,-5.234502313812128e-25,5.234502313812128e-25
Date_2015-09-22,-5.234502313812128e-25,5.234502313812128e-25
Date_2011-12-10,-5.186034699795349e-25,5.186034699795349e-25
Date_2013-05-26,-5.169878828456423e-25,5.169878828456423e-25
Date_2014-07-16,5.169878828456423e-25,5.169878828456423e-25
Date_2011-04-01,-5.169878828456423e-25,5.169878828456423e-25
Date_2014-09-12,-5.105255343100718e-25,5.105255343100718e-25
Date_2012-12-14,4.911384887033602e-25,4.911384887033602e-25
Date_2016-06-16,4.8467614016778965e-25,4.8467614016778965e-25
Date_2016-05-16,-4.782137916322191e-25,4.782137916322191e-25
Date_2016-10-30,-4.717514430966486e-25,4.717514430966486e-25
Date_2013-05-09,-4.652890945610781e-25,4.652890945610781e-25
Date_2014-07-13,4.652890945610781e-25,4.652890945610781e-25
Date_2013-11-08,-4.652890945610781e-25,4.652890945610781e-25
Date_2014-10-26,4.652890945610781e-25,4.652890945610781e-25
Date_2011-08-03,-4.652890945610781e-25,4.652890945610781e-25
Date_2010-10-23,4.588267460255075e-25,4.588267460255075e-25
Date_2012-04-04,4.52364397489937e-25,4.52364397489937e-25
Date_2012-10-26,4.426708746865812e-25,4.426708746865812e-25
Date_2015-06-25,4.422669779031081e-25,4.422669779031081e-25
Date_2012-01-18,-4.3943970041879595e-25,4.3943970041879595e-25
Date_2017-09-07,4.3943970041879595e-25,4.3943970041879595e-25
Date_2011-08-17,4.265150033476549e-25,4.265150033476549e-25
Date_2010-10-26,4.1359030627651384e-25,4.1359030627651384e-25
Date_2017-02-01,4.1359030627651384e-25,4.1359030627651384e-25
Date_2011-09-08,4.1359030627651384e-25,4.1359030627651384e-25
Date_2014-07-19,4.1359030627651384e-25,4.1359030627651384e-25
Date_2010-09-06,-4.1359030627651384e-25,4.1359030627651384e-25
Date_2016-10-21,4.1359030627651384e-25,4.1359030627651384e-25
Date_2011-02-07,4.1359030627651384e-25,4.1359030627651384e-25
Date_2012-11-15,-4.1359030627651384e-25,4.1359030627651384e-25
Date_2015-07-08,4.1359030627651384e-25,4.1359030627651384e-25
Date_2013-08-25,-4.1359030627651384e-25,4.1359030627651384e-25
Date_2014-11-18,4.071279577409433e-25,4.071279577409433e-25
Date_2013-09-27,4.0470457704010436e-25,4.0470457704010436e-25
Date_2011-07-06,4.006656092053728e-25,4.006656092053728e-25
Date_2011-04-24,-4.006656092053728e-25,4.006656092053728e-25
Date_2013-08-10,-4.006656092053728e-25,4.006656092053728e-25
Date_2012-10-23,3.877409121342317e-25,3.877409121342317e-25
Date_2014-08-11,-3.877409121342317e-25,3.877409121342317e-25
Date_2012-01-03,3.877409121342317e-25,3.877409121342317e-25
Date_2016-08-02,-3.877409121342317e-25,3.877409121342317e-25
Date_2010-09-22,3.877409121342317e-25,3.877409121342317e-25
Date_2011-02-09,3.7602790541351014e-25,3.7602790541351014e-25
Date_2011-01-20,3.7481621506309067e-25,3.7481621506309067e-25
Date_2011-01-30,3.6835386652752014e-25,3.6835386652752014e-25
Date_2013-03-24,-3.618915179919496e-25,3.618915179919496e-25
Date_2012-08-23,-3.618915179919496e-25,3.618915179919496e-25
Date_2012-04-27,3.618915179919496e-25,3.618915179919496e-25
Date_2017-10-03,-3.618915179919496e-25,3.618915179919496e-25
Date_2016-03-01,3.618915179919496e-25,3.618915179919496e-25
Date_2015-04-20,3.618915179919496e-25,3.618915179919496e-25
Date_2015-12-13,-3.618915179919496e-25,3.618915179919496e-25
Date_2013-01-10,3.618915179919496e-25,3.618915179919496e-25
Date_2013-02-02,3.5813022919585582e-25,3.5813022919585582e-25
Date_2014-04-25,-3.554291694563791e-25,3.554291694563791e-25
Date_2013-06-06,3.5381358232248645e-25,3.5381358232248645e-25
Date_2014-03-01,3.4896682092080855e-25,3.4896682092080855e-25
Date_2013-05-05,-3.457356466530233e-25,3.457356466530233e-25
Date_2010-12-29,-3.457356466530233e-25,3.457356466530233e-25
Date_2012-02-26,-3.3927329811745276e-25,3.3927329811745276e-25
Date_2011-04-28,-3.3765771098356013e-25,3.3765771098356013e-25
Date_2011-08-21,3.360421238496675e-25,3.360421238496675e-25
Date_2015-03-09,3.360421238496675e-25,3.360421238496675e-25
Date_2017-06-10,-3.360421238496675e-25,3.360421238496675e-25
Date_2016-03-06,-3.360421238496675e-25,3.360421238496675e-25
Date_2017-08-09,-3.2957977531409696e-25,3.2957977531409696e-25
Date_2013-09-14,-3.2311742677852644e-25,3.2311742677852644e-25
Date_2017-01-25,3.2311742677852644e-25,3.2311742677852644e-25
Date_2014-07-30,3.2311742677852644e-25,3.2311742677852644e-25
Date_2011-05-30,-3.166550782429559e-25,3.166550782429559e-25
Date_2016-09-07,-3.101927297073854e-25,3.101927297073854e-25
Date_2012-08-31,3.101927297073854e-25,3.101927297073854e-25
Date_2015-07-06,3.101927297073854e-25,3.101927297073854e-25
Date_2011-05-12,3.101927297073854e-25,3.101927297073854e-25
Date_2013-08-23,3.101927297073854e-25,3.101927297073854e-25
Date_2010-11-05,-3.101927297073854e-25,3.101927297073854e-25
Date_2011-11-02,-3.101927297073854e-25,3.101927297073854e-25
Date_2013-02-06,3.101927297073854e-25,3.101927297073854e-25
Date_2012-04-24,3.101927297073854e-25,3.101927297073854e-25
Date_2017-07-21,3.101927297073854e-25,3.101927297073854e-25
Date_2012-11-27,-3.101927297073854e-25,3.101927297073854e-25
Date_2010-12-26,-3.0373038117181485e-25,3.0373038117181485e-25
Date_2018-05-23,-2.972680326362443e-25,2.972680326362443e-25
Date_2015-03-07,2.972680326362443e-25,2.972680326362443e-25
Date_2013-09-03,-2.972680326362443e-25,2.972680326362443e-25
Date_2013-09-18,-2.972680326362443e-25,2.972680326362443e-25
Date_2015-02-05,2.916134776676201e-25,2.916134776676201e-25
Date_2013-07-07,2.908056841006738e-25,2.908056841006738e-25
Date_2017-02-26,-2.908056841006738e-25,2.908056841006738e-25
Date_2012-11-23,2.8838230339983484e-25,2.8838230339983484e-25
Date_2012-07-07,2.8757450983288853e-25,2.8757450983288853e-25
Date_2012-11-13,2.8434333556510326e-25,2.8434333556510326e-25
Date_2013-11-12,-2.8434333556510326e-25,2.8434333556510326e-25
Date_2012-02-23,-2.8434333556510326e-25,2.8434333556510326e-25
Date_2017-01-02,-2.8434333556510326e-25,2.8434333556510326e-25
Date_2015-06-27,-2.8434333556510326e-25,2.8434333556510326e-25
Date_2012-01-04,2.8434333556510326e-25,2.8434333556510326e-25
Date_2010-11-13,-2.8434333556510326e-25,2.8434333556510326e-25
Date_2012-01-25,-2.8434333556510326e-25,2.8434333556510326e-25
Date_2016-04-27,2.8434333556510326e-25,2.8434333556510326e-25
Date_2011-07-21,-2.8434333556510326e-25,2.8434333556510326e-25
Date_2015-03-03,2.8434333556510326e-25,2.8434333556510326e-25
Date_2015-01-20,-2.8434333556510326e-25,2.8434333556510326e-25
Date_2014-03-24,-2.81112161297318e-25,2.81112161297318e-25
Date_2017-11-15,2.7788098702953273e-25,2.7788098702953273e-25
Date_2017-03-19,2.7788098702953273e-25,2.7788098702953273e-25
Date_2011-02-02,2.7384201919480115e-25,2.7384201919480115e-25
Date_2014-11-17,2.714186384939622e-25,2.714186384939622e-25
Date_2013-09-28,-2.714186384939622e-25,2.714186384939622e-25
Date_2014-09-30,-2.714186384939622e-25,2.714186384939622e-25
Date_2015-02-08,-2.714186384939622e-25,2.714186384939622e-25
Date_2011-03-11,2.714186384939622e-25,2.714186384939622e-25
Date_2011-08-04,2.714186384939622e-25,2.714186384939622e-25
Date_2011-08-14,2.714186384939622e-25,2.714186384939622e-25
Date_2015-05-04,-2.649562899583917e-25,2.649562899583917e-25
Date_2012-05-10,2.649562899583917e-25,2.649562899583917e-25
Date_2012-05-08,-2.649562899583917e-25,2.649562899583917e-25
Date_2010-11-18,-2.617251156906064e-25,2.617251156906064e-25
Date_2016-08-24,-2.5849394142282115e-25,2.5849394142282115e-25
Date_2011-11-08,-2.5849394142282115e-25,2.5849394142282115e-25
Date_2014-09-03,2.5849394142282115e-25,2.5849394142282115e-25
Date_2017-03-23,2.5849394142282115e-25,2.5849394142282115e-25
Date_2012-11-30,2.5849394142282115e-25,2.5849394142282115e-25
Date_2017-11-22,2.5849394142282115e-25,2.5849394142282115e-25
Date_2016-07-29,-2.5849394142282115e-25,2.5849394142282115e-25
Date_2011-03-28,2.5849394142282115e-25,2.5849394142282115e-25
Date_2011-09-29,2.5849394142282115e-25,2.5849394142282115e-25
Date_2012-11-11,2.5849394142282115e-25,2.5849394142282115e-25
Date_2016-09-21,2.5849394142282115e-25,2.5849394142282115e-25
Date_2016-06-20,-2.5849394142282115e-25,2.5849394142282115e-25
Date_2017-12-12,-2.5849394142282115e-25,2.5849394142282115e-25
Date_2015-09-18,2.5849394142282115e-25,2.5849394142282115e-25
Date_2013-07-20,2.5849394142282115e-25,2.5849394142282115e-25
Date_2011-02-23,2.5849394142282115e-25,2.5849394142282115e-25
Date_2017-04-11,-2.568783542889285e-25,2.568783542889285e-25
Date_2012-06-04,2.5445497358808957e-25,2.5445497358808957e-25
Date_2011-05-31,-2.520315928872506e-25,2.520315928872506e-25
Date_2017-08-29,-2.520315928872506e-25,2.520315928872506e-25
Date_2016-10-06,-2.520315928872506e-25,2.520315928872506e-25
Date_2011-09-19,-2.50416005753358e-25,2.50416005753358e-25
Date_2014-11-04,-2.4880041861946536e-25,2.4880041861946536e-25
Date_2011-10-24,-2.4880041861946536e-25,2.4880041861946536e-25
Date_2015-05-07,2.455692443516801e-25,2.455692443516801e-25
Date_2010-12-05,2.455692443516801e-25,2.455692443516801e-25
Date_2015-08-25,2.4233807008389483e-25,2.4233807008389483e-25
Date_2011-11-27,2.407224829500022e-25,2.407224829500022e-25
Date_2013-09-01,2.3910689581610956e-25,2.3910689581610956e-25
Date_2013-05-28,2.3910689581610956e-25,2.3910689581610956e-25
Date_2013-10-28,2.3749130868221693e-25,2.3749130868221693e-25
Date_2011-11-30,-2.35067927981378e-25,2.35067927981378e-25
Date_2011-03-20,2.3264454728053903e-25,2.3264454728053903e-25
Date_2015-12-16,2.3264454728053903e-25,2.3264454728053903e-25
Date_2019-01-24,-2.3264454728053903e-25,2.3264454728053903e-25
Date_2013-06-28,-2.3264454728053903e-25,2.3264454728053903e-25
Date_2019-04-23,-2.3264454728053903e-25,2.3264454728053903e-25
Date_2015-03-24,-2.3264454728053903e-25,2.3264454728053903e-25
Date_2015-06-07,-2.3264454728053903e-25,2.3264454728053903e-25
Date_2016-07-12,-2.3264454728053903e-25,2.3264454728053903e-25
Date_2017-07-20,-2.3264454728053903e-25,2.3264454728053903e-25
Date_2018-01-09,2.3264454728053903e-25,2.3264454728053903e-25
Date_2012-09-05,2.3264454728053903e-25,2.3264454728053903e-25
Date_2013-07-15,2.3264454728053903e-25,2.3264454728053903e-25
Date_2010-09-01,2.3264454728053903e-25,2.3264454728053903e-25
Date_2016-07-11,-2.2941337301275377e-25,2.2941337301275377e-25
Date_2015-05-05,-2.2941337301275377e-25,2.2941337301275377e-25
Date_2013-08-19,2.2941337301275377e-25,2.2941337301275377e-25
Date_2014-10-16,2.261821987449685e-25,2.261821987449685e-25
Date_2011-09-03,-2.261821987449685e-25,2.261821987449685e-25
Date_2017-04-28,-2.1971985020939798e-25,2.1971985020939798e-25
Date_2012-04-17,-2.1971985020939798e-25,2.1971985020939798e-25
Date_2013-11-23,2.1971985020939798e-25,2.1971985020939798e-25
Date_2017-09-19,2.1971985020939798e-25,2.1971985020939798e-25
Date_2017-08-23,2.1971985020939798e-25,2.1971985020939798e-25
Date_2015-03-16,2.1971985020939798e-25,2.1971985020939798e-25
Date_2018-08-21,2.1971985020939798e-25,2.1971985020939798e-25
Date_2018-09-23,-2.1971985020939798e-25,2.1971985020939798e-25
Date_2011-04-06,-2.1971985020939798e-25,2.1971985020939798e-25
Date_2011-06-16,-2.193159534259248e-25,2.193159534259248e-25
Date_2015-04-01,-2.0921853383909587e-25,2.0921853383909587e-25
Date_2016-06-01,-2.0841074027214955e-25,2.0841074027214955e-25
Date_2018-10-16,2.0760294670520323e-25,2.0760294670520323e-25
Date_2017-09-10,2.0679515313825692e-25,2.0679515313825692e-25
Date_2012-02-04,-2.0679515313825692e-25,2.0679515313825692e-25
Date_2012-08-25,-2.0679515313825692e-25,2.0679515313825692e-25
Date_2019-06-21,-2.0679515313825692e-25,2.0679515313825692e-25
Date_2018-10-30,2.0679515313825692e-25,2.0679515313825692e-25
Date_2013-11-05,-2.0679515313825692e-25,2.0679515313825692e-25
Date_2015-10-24,-2.0679515313825692e-25,2.0679515313825692e-25
Date_2017-09-23,-2.0679515313825692e-25,2.0679515313825692e-25
Date_2010-12-10,-2.0679515313825692e-25,2.0679515313825692e-25
Date_2013-10-12,2.0679515313825692e-25,2.0679515313825692e-25
Date_2014-10-29,2.0679515313825692e-25,2.0679515313825692e-25
Date_2015-01-10,-2.0679515313825692e-25,2.0679515313825692e-25
Date_2016-02-27,-2.0679515313825692e-25,2.0679515313825692e-25
Date_2016-10-14,2.0679515313825692e-25,2.0679515313825692e-25
Date_2013-05-21,-2.0679515313825692e-25,2.0679515313825692e-25
Date_2014-08-07,-2.0679515313825692e-25,2.0679515313825692e-25
Date_2017-02-28,2.003328046026864e-25,2.003328046026864e-25
Date_2010-11-10,2.003328046026864e-25,2.003328046026864e-25
Date_2011-02-21,-2.003328046026864e-25,2.003328046026864e-25
Date_2017-04-26,-1.9710163033490113e-25,1.9710163033490113e-25
Date_2013-07-05,1.9387045606711586e-25,1.9387045606711586e-25
Date_2010-08-25,1.9387045606711586e-25,1.9387045606711586e-25
Date_2013-01-18,-1.9387045606711586e-25,1.9387045606711586e-25
Date_2017-03-30,-1.9387045606711586e-25,1.9387045606711586e-25
Date_2013-08-07,-1.9387045606711586e-25,1.9387045606711586e-25
Date_2013-04-08,-1.9387045606711586e-25,1.9387045606711586e-25
Date_2015-03-27,1.906392817993306e-25,1.906392817993306e-25
Date_2011-08-20,1.8740810753154533e-25,1.8740810753154533e-25
Date_2019-02-22,-1.8417693326376007e-25,1.8417693326376007e-25
Date_2016-10-22,1.809457589959748e-25,1.809457589959748e-25
Date_2014-12-22,1.809457589959748e-25,1.809457589959748e-25
Date_2013-12-03,1.809457589959748e-25,1.809457589959748e-25
Date_2013-06-25,-1.809457589959748e-25,1.809457589959748e-25
Date_2012-08-28,-1.809457589959748e-25,1.809457589959748e-25
Date_2019-01-29,-1.809457589959748e-25,1.809457589959748e-25
Date_2011-10-05,1.809457589959748e-25,1.809457589959748e-25
Date_2011-04-07,-1.809457589959748e-25,1.809457589959748e-25
Date_2013-02-11,-1.809457589959748e-25,1.809457589959748e-25
Date_2011-02-08,1.809457589959748e-25,1.809457589959748e-25
Date_2014-04-30,-1.809457589959748e-25,1.809457589959748e-25
Date_2010-11-29,1.809457589959748e-25,1.809457589959748e-25
Date_2016-09-24,-1.809457589959748e-25,1.809457589959748e-25
Date_2013-08-22,1.809457589959748e-25,1.809457589959748e-25
Date_2013-10-09,1.809457589959748e-25,1.809457589959748e-25
Date_2013-05-08,-1.809457589959748e-25,1.809457589959748e-25
Date_2012-09-24,-1.809457589959748e-25,1.809457589959748e-25
Date_2017-11-11,1.809457589959748e-25,1.809457589959748e-25
Date_2015-04-24,-1.809457589959748e-25,1.809457589959748e-25
Date_2018-12-11,1.809457589959748e-25,1.809457589959748e-25
Date_2016-09-04,1.7933017186208217e-25,1.7933017186208217e-25
Date_2011-06-05,-1.7771458472818954e-25,1.7771458472818954e-25
Date_2013-04-25,-1.7771458472818954e-25,1.7771458472818954e-25
Date_2016-10-11,-1.7448341046040428e-25,1.7448341046040428e-25
Date_2015-04-11,1.7448341046040428e-25,1.7448341046040428e-25
Date_2016-12-28,1.7286782332651164e-25,1.7286782332651164e-25
Date_2018-08-31,1.71252236192619e-25,1.71252236192619e-25
Date_2017-03-12,1.6802106192483375e-25,1.6802106192483375e-25
Date_2011-04-19,1.6478988765704848e-25,1.6478988765704848e-25
Date_2017-07-15,-1.6478988765704848e-25,1.6478988765704848e-25
Date_2015-05-28,1.6478988765704848e-25,1.6478988765704848e-25
Date_2011-03-15,1.6155871338926322e-25,1.6155871338926322e-25
Date_2010-12-22,1.6155871338926322e-25,1.6155871338926322e-25
Date_2010-12-09,-1.6155871338926322e-25,1.6155871338926322e-25
Date_2012-10-02,1.5832753912147795e-25,1.5832753912147795e-25
Date_2011-08-02,-1.550963648536927e-25,1.550963648536927e-25
Date_2016-02-19,-1.550963648536927e-25,1.550963648536927e-25
Date_2016-04-09,1.550963648536927e-25,1.550963648536927e-25
Date_2012-03-04,-1.550963648536927e-25,1.550963648536927e-25
Date_2013-04-12,1.550963648536927e-25,1.550963648536927e-25
Date_2017-12-27,1.550963648536927e-25,1.550963648536927e-25
Date_2019-08-04,1.550963648536927e-25,1.550963648536927e-25
Date_2015-06-14,1.550963648536927e-25,1.550963648536927e-25
Date_2013-10-22,-1.550963648536927e-25,1.550963648536927e-25
Date_2010-10-02,-1.550963648536927e-25,1.550963648536927e-25
Date_2015-11-04,-1.550963648536927e-25,1.550963648536927e-25
Date_2017-03-29,-1.550963648536927e-25,1.550963648536927e-25
Date_2015-11-20,-1.550963648536927e-25,1.550963648536927e-25
Date_2013-05-27,1.550963648536927e-25,1.550963648536927e-25
Date_2016-03-03,-1.550963648536927e-25,1.550963648536927e-25
Date_2017-08-26,-1.550963648536927e-25,1.550963648536927e-25
Date_2013-07-08,1.550963648536927e-25,1.550963648536927e-25
Date_2018-07-05,1.550963648536927e-25,1.550963648536927e-25
Date_2018-05-18,1.550963648536927e-25,1.550963648536927e-25
Date_2017-01-05,-1.550963648536927e-25,1.550963648536927e-25
Date_2017-12-11,1.550963648536927e-25,1.550963648536927e-25
Date_2019-08-06,-1.550963648536927e-25,1.550963648536927e-25
Date_2016-10-07,1.550963648536927e-25,1.550963648536927e-25
Date_2014-07-15,1.550963648536927e-25,1.550963648536927e-25
Date_2011-08-26,-1.550963648536927e-25,1.550963648536927e-25
Date_2012-08-15,-1.550963648536927e-25,1.550963648536927e-25
Date_2011-04-08,-1.5186519058590742e-25,1.5186519058590742e-25
Date_2014-12-18,-1.510573970189611e-25,1.510573970189611e-25
Date_2018-12-22,-1.4944180988506848e-25,1.4944180988506848e-25
Date_2013-03-13,-1.4863401631812216e-25,1.4863401631812216e-25
Date_2013-04-24,-1.4863401631812216e-25,1.4863401631812216e-25
Date_2016-07-28,-1.454028420503369e-25,1.454028420503369e-25
Date_2017-05-20,-1.454028420503369e-25,1.454028420503369e-25
Date_2020-02-04,1.454028420503369e-25,1.454028420503369e-25
Date_2019-08-31,1.4297946134949795e-25,1.4297946134949795e-25
Date_2019-06-09,-1.4217166778255163e-25,1.4217166778255163e-25
Date_2011-10-22,-1.4217166778255163e-25,1.4217166778255163e-25
Date_2010-11-12,1.4217166778255163e-25,1.4217166778255163e-25
Date_2014-09-25,-1.4217166778255163e-25,1.4217166778255163e-25
Date_2011-01-05,1.4217166778255163e-25,1.4217166778255163e-25
Date_2014-04-21,1.4217166778255163e-25,1.4217166778255163e-25
Date_2015-03-15,-1.4217166778255163e-25,1.4217166778255163e-25
Date_2016-04-06,1.4217166778255163e-25,1.4217166778255163e-25
Date_2014-06-13,-1.4217166778255163e-25,1.4217166778255163e-25
Date_2011-07-29,-1.4217166778255163e-25,1.4217166778255163e-25
Date_2017-07-31,-1.4217166778255163e-25,1.4217166778255163e-25
Date_2013-11-25,1.4217166778255163e-25,1.4217166778255163e-25
Date_2020-03-01,1.4217166778255163e-25,1.4217166778255163e-25
Date_2010-10-30,-1.4217166778255163e-25,1.4217166778255163e-25
Date_2013-09-05,-1.4217166778255163e-25,1.4217166778255163e-25
Date_2019-03-31,1.40556080648659e-25,1.40556080648659e-25
Date_2012-10-07,-1.357093192469811e-25,1.357093192469811e-25
Date_2012-06-07,1.357093192469811e-25,1.357093192469811e-25
Date_2017-03-09,1.357093192469811e-25,1.357093192469811e-25
Date_2017-10-10,1.357093192469811e-25,1.357093192469811e-25
Date_2016-12-25,-1.3247814497919584e-25,1.3247814497919584e-25
Date_2015-10-08,-1.300547642783569e-25,1.300547642783569e-25
Date_2016-06-17,-1.2924697071141057e-25,1.2924697071141057e-25
Date_2014-09-01,1.2924697071141057e-25,1.2924697071141057e-25
Date_2018-11-09,1.2924697071141057e-25,1.2924697071141057e-25
Date_2013-12-11,1.2924697071141057e-25,1.2924697071141057e-25
Date_2014-05-10,1.2924697071141057e-25,1.2924697071141057e-25
Date_2017-10-21,1.2924697071141057e-25,1.2924697071141057e-25
Date_2017-11-25,1.2924697071141057e-25,1.2924697071141057e-25
Date_2013-12-09,-1.2924697071141057e-25,1.2924697071141057e-25
Date_2013-06-24,-1.2924697071141057e-25,1.2924697071141057e-25
Date_2011-10-21,-1.2924697071141057e-25,1.2924697071141057e-25
Date_2014-11-21,-1.2924697071141057e-25,1.2924697071141057e-25
Date_2011-12-21,-1.2924697071141057e-25,1.2924697071141057e-25
Date_2015-04-28,1.2924697071141057e-25,1.2924697071141057e-25
Date_2015-02-13,1.2924697071141057e-25,1.2924697071141057e-25
Date_2017-12-06,-1.2924697071141057e-25,1.2924697071141057e-25
Date_2019-02-19,-1.2924697071141057e-25,1.2924697071141057e-25
Date_2016-07-24,1.2924697071141057e-25,1.2924697071141057e-25
Date_2017-07-01,1.2924697071141057e-25,1.2924697071141057e-25
Date_2017-07-09,-1.2924697071141057e-25,1.2924697071141057e-25
Date_2019-11-15,1.2924697071141057e-25,1.2924697071141057e-25
Date_2018-06-10,-1.2924697071141057e-25,1.2924697071141057e-25
Date_2010-11-11,1.2924697071141057e-25,1.2924697071141057e-25
Date_2013-04-30,1.2924697071141057e-25,1.2924697071141057e-25
Date_2019-07-17,1.2924697071141057e-25,1.2924697071141057e-25
Date_2014-01-02,-1.2924697071141057e-25,1.2924697071141057e-25
Date_2017-05-10,1.2924697071141057e-25,1.2924697071141057e-25
Date_2017-02-03,-1.2924697071141057e-25,1.2924697071141057e-25
Date_2013-09-12,-1.2924697071141057e-25,1.2924697071141057e-25
Date_2018-10-13,1.2924697071141057e-25,1.2924697071141057e-25
Date_2018-09-03,-1.2924697071141057e-25,1.2924697071141057e-25
Date_2015-12-15,1.2924697071141057e-25,1.2924697071141057e-25
Date_2016-07-08,1.260157964436253e-25,1.260157964436253e-25
Date_2010-09-02,-1.25208002876679e-25,1.25208002876679e-25
Date_2010-12-21,1.2278462217584005e-25,1.2278462217584005e-25
Date_2015-10-09,-1.2278462217584005e-25,1.2278462217584005e-25
Date_2018-08-10,-1.1955344790805478e-25,1.1955344790805478e-25
Date_2014-03-12,-1.1955344790805478e-25,1.1955344790805478e-25
Date_2010-10-04,1.1955344790805478e-25,1.1955344790805478e-25
Date_2013-12-27,-1.1955344790805478e-25,1.1955344790805478e-25
Date_2016-12-05,1.1955344790805478e-25,1.1955344790805478e-25
Date_2013-07-21,-1.1793786077416215e-25,1.1793786077416215e-25
Date_2015-04-25,-1.1793786077416215e-25,1.1793786077416215e-25
Date_2013-04-07,1.1632227364026952e-25,1.1632227364026952e-25
Date_2017-07-28,1.1632227364026952e-25,1.1632227364026952e-25
Date_2010-10-13,1.1632227364026952e-25,1.1632227364026952e-25
Date_2018-06-05,1.1632227364026952e-25,1.1632227364026952e-25
Date_2016-07-31,1.1632227364026952e-25,1.1632227364026952e-25
Date_2017-10-29,1.1632227364026952e-25,1.1632227364026952e-25
Date_2015-01-11,1.1632227364026952e-25,1.1632227364026952e-25
Date_2011-06-15,-1.1632227364026952e-25,1.1632227364026952e-25
Date_2014-11-20,-1.1632227364026952e-25,1.1632227364026952e-25
Date_2013-07-11,1.1632227364026952e-25,1.1632227364026952e-25
Date_2011-10-13,-1.1632227364026952e-25,1.1632227364026952e-25
Date_2015-03-18,-1.1632227364026952e-25,1.1632227364026952e-25
Date_2019-03-15,-1.1632227364026952e-25,1.1632227364026952e-25
Date_2012-04-02,1.1632227364026952e-25,1.1632227364026952e-25
Date_2017-07-11,1.1632227364026952e-25,1.1632227364026952e-25
Date_2013-06-16,-1.1632227364026952e-25,1.1632227364026952e-25
Date_2015-07-13,-1.1632227364026952e-25,1.1632227364026952e-25
Date_2018-03-18,-1.1632227364026952e-25,1.1632227364026952e-25
Date_2019-02-04,-1.1470668650637688e-25,1.1470668650637688e-25
Date_2018-09-19,-1.1309109937248425e-25,1.1309109937248425e-25
Date_2016-06-14,-1.1309109937248425e-25,1.1309109937248425e-25
Date_2012-10-20,1.0985992510469899e-25,1.0985992510469899e-25
Date_2018-01-12,1.0985992510469899e-25,1.0985992510469899e-25
Date_2011-09-21,1.0985992510469899e-25,1.0985992510469899e-25
Date_2018-04-12,-1.0662875083691372e-25,1.0662875083691372e-25
Date_2016-09-16,1.0662875083691372e-25,1.0662875083691372e-25
Date_2014-06-14,-1.0339757656912846e-25,1.0339757656912846e-25
Date_2015-11-07,-1.0339757656912846e-25,1.0339757656912846e-25
Date_2014-05-25,-1.0339757656912846e-25,1.0339757656912846e-25
Date_2010-09-12,1.0339757656912846e-25,1.0339757656912846e-25
Date_2013-11-01,1.0339757656912846e-25,1.0339757656912846e-25
Date_2019-11-22,1.0339757656912846e-25,1.0339757656912846e-25
Date_2018-02-19,1.0339757656912846e-25,1.0339757656912846e-25
Date_2016-05-30,1.0339757656912846e-25,1.0339757656912846e-25
Date_2015-08-29,-1.0339757656912846e-25,1.0339757656912846e-25
Date_2011-06-03,1.0339757656912846e-25,1.0339757656912846e-25
Date_2012-10-06,-1.0339757656912846e-25,1.0339757656912846e-25
Date_2015-09-21,-1.0339757656912846e-25,1.0339757656912846e-25
Date_2019-07-26,-1.0339757656912846e-25,1.0339757656912846e-25
Date_2012-09-26,1.0339757656912846e-25,1.0339757656912846e-25
Date_2019-05-28,1.0339757656912846e-25,1.0339757656912846e-25
Date_2015-10-29,1.0339757656912846e-25,1.0339757656912846e-25
Date_2016-05-17,1.0339757656912846e-25,1.0339757656912846e-25
Date_2019-10-26,1.0339757656912846e-25,1.0339757656912846e-25
Date_2017-09-14,-1.0339757656912846e-25,1.0339757656912846e-25
Date_2016-11-26,-1.0339757656912846e-25,1.0339757656912846e-25
Date_2011-01-03,-1.0339757656912846e-25,1.0339757656912846e-25
Date_2019-11-01,-1.0339757656912846e-25,1.0339757656912846e-25
Date_2016-05-21,-1.0339757656912846e-25,1.0339757656912846e-25
Date_2017-11-09,1.0339757656912846e-25,1.0339757656912846e-25
Date_2013-03-10,-1.0339757656912846e-25,1.0339757656912846e-25
Date_2012-04-15,-1.0339757656912846e-25,1.0339757656912846e-25
Date_2015-11-14,1.0339757656912846e-25,1.0339757656912846e-25
Date_2011-04-15,1.0339757656912846e-25,1.0339757656912846e-25
Date_2011-11-03,9.855081516745056e-26,9.855081516745056e-26
Date_2019-09-09,-9.693522803355793e-26,9.693522803355793e-26
Date_2016-03-24,-9.693522803355793e-26,9.693522803355793e-26
Date_2018-11-28,-9.693522803355793e-26,9.693522803355793e-26
Date_2016-09-17,9.693522803355793e-26,9.693522803355793e-26
Date_2017-09-04,9.53196408996653e-26,9.53196408996653e-26
Date_2018-08-22,9.451184733271898e-26,9.451184733271898e-26
Date_2019-05-08,-9.370405376577267e-26,9.370405376577267e-26
Date_2014-01-18,-9.370405376577267e-26,9.370405376577267e-26
Date_2015-09-06,-9.370405376577267e-26,9.370405376577267e-26
Date_2015-03-22,-9.370405376577267e-26,9.370405376577267e-26
Date_2014-10-25,9.208846663188003e-26,9.208846663188003e-26
Date_2016-11-02,9.04728794979874e-26,9.04728794979874e-26
Date_2014-06-09,9.04728794979874e-26,9.04728794979874e-26
Date_2013-03-08,-9.04728794979874e-26,9.04728794979874e-26
Date_2019-01-06,-9.04728794979874e-26,9.04728794979874e-26
Date_2013-04-03,-9.04728794979874e-26,9.04728794979874e-26
Date_2018-07-07,-9.04728794979874e-26,9.04728794979874e-26
Date_2015-04-13,9.04728794979874e-26,9.04728794979874e-26
Date_2019-12-11,9.04728794979874e-26,9.04728794979874e-26
Date_2019-01-13,9.04728794979874e-26,9.04728794979874e-26
Date_2013-01-22,-9.04728794979874e-26,9.04728794979874e-26
Date_2018-12-16,-9.04728794979874e-26,9.04728794979874e-26
Date_2018-03-22,9.04728794979874e-26,9.04728794979874e-26
Date_2015-03-14,-9.04728794979874e-26,9.04728794979874e-26
Date_2015-12-27,9.04728794979874e-26,9.04728794979874e-26
Date_2016-11-23,9.04728794979874e-26,9.04728794979874e-26
Date_2016-11-12,-9.04728794979874e-26,9.04728794979874e-26
Date_2011-05-02,-8.724170523020214e-26,8.724170523020214e-26
Date_2018-12-15,8.724170523020214e-26,8.724170523020214e-26
Date_2019-07-25,8.401053096241687e-26,8.401053096241687e-26
Date_2013-04-01,8.401053096241687e-26,8.401053096241687e-26
Date_2012-09-06,-8.401053096241687e-26,8.401053096241687e-26
Date_2017-01-20,8.320273739547056e-26,8.320273739547056e-26
Date_2012-08-14,-8.077935669463161e-26,8.077935669463161e-26
Date_2018-02-12,8.077935669463161e-26,8.077935669463161e-26
Date_2013-05-04,-7.997156312768529e-26,7.997156312768529e-26
Date_2019-09-14,-7.754818242684634e-26,7.754818242684634e-26
Date_2015-11-25,-7.754818242684634e-26,7.754818242684634e-26
Date_2014-01-30,-7.754818242684634e-26,7.754818242684634e-26
Date_2011-09-26,-7.754818242684634e-26,7.754818242684634e-26
Date_2016-11-25,7.754818242684634e-26,7.754818242684634e-26
Date_2019-05-29,7.754818242684634e-26,7.754818242684634e-26
Date_2011-09-01,-7.754818242684634e-26,7.754818242684634e-26
Date_2016-03-08,7.754818242684634e-26,7.754818242684634e-26
Date_2012-06-17,-7.754818242684634e-26,7.754818242684634e-26
Date_2018-05-27,-7.754818242684634e-26,7.754818242684634e-26
Date_2017-10-14,-7.754818242684634e-26,7.754818242684634e-26
Date_2018-09-01,-7.754818242684634e-26,7.754818242684634e-26
Date_2016-09-19,7.754818242684634e-26,7.754818242684634e-26
Date_2017-06-19,7.754818242684634e-26,7.754818242684634e-26
Date_2019-06-02,-7.754818242684634e-26,7.754818242684634e-26
Date_2012-03-11,-7.754818242684634e-26,7.754818242684634e-26
Date_2016-12-18,7.754818242684634e-26,7.754818242684634e-26
Date_2012-06-06,-7.754818242684634e-26,7.754818242684634e-26
Date_2011-01-14,-7.754818242684634e-26,7.754818242684634e-26
Date_2018-11-27,-7.754818242684634e-26,7.754818242684634e-26
Date_2018-05-15,7.754818242684634e-26,7.754818242684634e-26
Date_2018-12-05,7.754818242684634e-26,7.754818242684634e-26
Date_2012-08-12,-7.754818242684634e-26,7.754818242684634e-26
Date_2017-05-01,-7.593259529295371e-26,7.593259529295371e-26
Date_2014-05-21,-7.431700815906108e-26,7.431700815906108e-26
Date_2012-02-07,-7.108583389127582e-26,7.108583389127582e-26
Date_2012-01-30,7.108583389127582e-26,7.108583389127582e-26
Date_2014-12-07,-7.108583389127582e-26,7.108583389127582e-26
Date_2016-10-04,7.108583389127582e-26,7.108583389127582e-26
Date_2013-02-19,-6.947024675738318e-26,6.947024675738318e-26
Date_2019-02-13,6.785465962349055e-26,6.785465962349055e-26
Date_2018-12-01,-6.462348535570529e-26,6.462348535570529e-26
Date_2014-12-25,-6.462348535570529e-26,6.462348535570529e-26
Date_2019-02-12,6.462348535570529e-26,6.462348535570529e-26
Date_2017-10-22,-6.462348535570529e-26,6.462348535570529e-26
Date_2019-09-08,-6.462348535570529e-26,6.462348535570529e-26
Date_2020-05-14,-6.462348535570529e-26,6.462348535570529e-26
Date_2018-02-28,-6.462348535570529e-26,6.462348535570529e-26
Date_2020-03-18,6.462348535570529e-26,6.462348535570529e-26
Date_2019-01-21,6.462348535570529e-26,6.462348535570529e-26
Date_2018-11-03,-6.462348535570529e-26,6.462348535570529e-26
Date_2011-12-27,-6.462348535570529e-26,6.462348535570529e-26
Date_2018-05-10,-6.462348535570529e-26,6.462348535570529e-26
Date_2017-10-18,-6.462348535570529e-26,6.462348535570529e-26
Date_2018-01-02,6.462348535570529e-26,6.462348535570529e-26
Date_2012-08-01,6.462348535570529e-26,6.462348535570529e-26
Date_2013-01-17,-6.462348535570529e-26,6.462348535570529e-26
Date_2012-07-20,-6.139231108792002e-26,6.139231108792002e-26
Date_2015-01-29,6.139231108792002e-26,6.139231108792002e-26
Date_2010-09-15,-5.816113682013476e-26,5.816113682013476e-26
Date_2017-07-17,-5.816113682013476e-26,5.816113682013476e-26
Date_2020-02-16,5.816113682013476e-26,5.816113682013476e-26
Date_2017-02-16,5.816113682013476e-26,5.816113682013476e-26
Date_2011-09-10,-5.816113682013476e-26,5.816113682013476e-26
Date_2017-04-03,5.816113682013476e-26,5.816113682013476e-26
Date_2010-09-18,-5.816113682013476e-26,5.816113682013476e-26
Date_2014-08-02,5.816113682013476e-26,5.816113682013476e-26
Date_2019-04-27,5.816113682013476e-26,5.816113682013476e-26
Date_2016-02-09,5.816113682013476e-26,5.816113682013476e-26
Date_2019-06-27,5.816113682013476e-26,5.816113682013476e-26
Date_2019-06-28,-5.492996255234949e-26,5.492996255234949e-26
Date_2018-01-29,-5.492996255234949e-26,5.492996255234949e-26
Date_2012-04-30,-5.371827220193002e-26,5.371827220193002e-26
Date_2014-11-12,5.169878828456423e-26,5.169878828456423e-26
Date_2020-07-12,-5.169878828456423e-26,5.169878828456423e-26
Date_2019-10-13,-5.169878828456423e-26,5.169878828456423e-26
Date_2015-09-05,-5.169878828456423e-26,5.169878828456423e-26
Date_2010-09-21,5.169878828456423e-26,5.169878828456423e-26
Date_2013-10-04,-5.169878828456423e-26,5.169878828456423e-26
Date_2012-09-28,5.169878828456423e-26,5.169878828456423e-26
Date_2011-06-09,5.169878828456423e-26,5.169878828456423e-26
Date_2017-05-16,5.169878828456423e-26,5.169878828456423e-26
Date_2020-05-21,-5.169878828456423e-26,5.169878828456423e-26
Date_2014-07-11,-5.169878828456423e-26,5.169878828456423e-26
Date_2019-12-23,-5.169878828456423e-26,5.169878828456423e-26
Date_2017-03-15,5.169878828456423e-26,5.169878828456423e-26
Date_2011-12-04,5.169878828456423e-26,5.169878828456423e-26
Date_2012-07-02,-5.169878828456423e-26,5.169878828456423e-26
Date_2019-12-10,5.169878828456423e-26,5.169878828456423e-26
Date_2017-04-23,5.169878828456423e-26,5.169878828456423e-26
Date_2013-04-15,-5.169878828456423e-26,5.169878828456423e-26
Date_2017-01-19,-5.169878828456423e-26,5.169878828456423e-26
Date_2017-01-13,5.169878828456423e-26,5.169878828456423e-26
Date_2012-02-01,5.169878828456423e-26,5.169878828456423e-26
Date_2019-07-28,5.169878828456423e-26,5.169878828456423e-26
Date_2011-02-20,5.169878828456423e-26,5.169878828456423e-26
Date_2017-08-08,-5.169878828456423e-26,5.169878828456423e-26
Date_2010-12-14,5.169878828456423e-26,5.169878828456423e-26
Date_2014-02-22,-5.169878828456423e-26,5.169878828456423e-26
Date_2018-01-04,-5.00832011506716e-26,5.00832011506716e-26
Date_2015-06-01,-4.6448130099413175e-26,4.6448130099413175e-26
Date_2016-10-28,4.52364397489937e-26,4.52364397489937e-26
Date_2012-08-27,-4.52364397489937e-26,4.52364397489937e-26
Date_2016-08-19,-4.52364397489937e-26,4.52364397489937e-26
Date_2016-03-22,4.52364397489937e-26,4.52364397489937e-26
Date_2015-11-03,4.52364397489937e-26,4.52364397489937e-26
Date_2019-06-12,-4.52364397489937e-26,4.52364397489937e-26
Date_2015-11-09,4.52364397489937e-26,4.52364397489937e-26
Date_2015-05-13,4.4428646182047385e-26,4.4428646182047385e-26
Date_2019-02-24,4.362085261510107e-26,4.362085261510107e-26
Date_2016-01-10,-4.334317357646327e-26,4.334317357646327e-26
Date_2019-06-03,-4.281305904815475e-26,4.281305904815475e-26
Date_2019-10-15,-4.2005265481208437e-26,4.2005265481208437e-26
Date_2012-01-01,-3.9985781563842646e-26,3.9985781563842646e-26
Date_2018-04-21,3.877409121342317e-26,3.877409121342317e-26
Date_2019-04-14,-3.877409121342317e-26,3.877409121342317e-26
Date_2019-12-26,3.877409121342317e-26,3.877409121342317e-26
Date_2020-07-19,-3.877409121342317e-26,3.877409121342317e-26
Date_2020-03-03,-3.877409121342317e-26,3.877409121342317e-26
Date_2014-08-10,3.877409121342317e-26,3.877409121342317e-26
Date_2014-08-09,3.877409121342317e-26,3.877409121342317e-26
Date_2012-12-10,3.877409121342317e-26,3.877409121342317e-26
Date_2019-02-18,3.877409121342317e-26,3.877409121342317e-26
Date_2014-04-12,-3.877409121342317e-26,3.877409121342317e-26
Date_2019-11-16,-3.877409121342317e-26,3.877409121342317e-26
Date_2015-07-26,3.877409121342317e-26,3.877409121342317e-26
Date_2018-03-24,3.877409121342317e-26,3.877409121342317e-26
Date_2013-09-11,-3.877409121342317e-26,3.877409121342317e-26
Date_2011-12-17,3.877409121342317e-26,3.877409121342317e-26
Date_2014-10-14,-3.877409121342317e-26,3.877409121342317e-26
Date_2016-01-23,3.877409121342317e-26,3.877409121342317e-26
Date_2015-07-01,-3.877409121342317e-26,3.877409121342317e-26
Date_2017-06-22,3.877409121342317e-26,3.877409121342317e-26
Date_2019-08-16,-3.877409121342317e-26,3.877409121342317e-26
Date_2018-01-11,3.877409121342317e-26,3.877409121342317e-26
Date_2013-12-20,3.877409121342317e-26,3.877409121342317e-26
Date_2015-05-02,3.877409121342317e-26,3.877409121342317e-26
Date_2018-07-15,3.877409121342317e-26,3.877409121342317e-26
Date_2020-05-02,3.877409121342317e-26,3.877409121342317e-26
Date_2019-07-20,3.877409121342317e-26,3.877409121342317e-26
Date_2018-09-27,-3.877409121342317e-26,3.877409121342317e-26
Date_2017-09-26,-3.8269220234081725e-26,3.8269220234081725e-26
Date_2015-01-04,3.554291694563791e-26,3.554291694563791e-26
Date_2015-05-09,-3.554291694563791e-26,3.554291694563791e-26
Date_2018-02-01,3.2311742677852644e-26,3.2311742677852644e-26
Date_2013-09-20,3.2311742677852644e-26,3.2311742677852644e-26
Date_2018-10-08,-3.2311742677852644e-26,3.2311742677852644e-26
Date_2016-04-19,3.2311742677852644e-26,3.2311742677852644e-26
Date_2016-04-13,-3.2311742677852644e-26,3.2311742677852644e-26
Date_2018-02-11,3.2311742677852644e-26,3.2311742677852644e-26
Date_2011-04-18,-3.2311742677852644e-26,3.2311742677852644e-26
Date_2019-03-26,-3.2311742677852644e-26,3.2311742677852644e-26
Date_2018-05-20,-2.908056841006738e-26,2.908056841006738e-26
Date_2020-02-23,2.908056841006738e-26,2.908056841006738e-26
Date_2017-07-07,-2.7464981276174747e-26,2.7464981276174747e-26
Date_2014-11-16,2.5849394142282115e-26,2.5849394142282115e-26
Date_2020-01-29,-2.5849394142282115e-26,2.5849394142282115e-26
Date_2015-06-08,2.5849394142282115e-26,2.5849394142282115e-26
Date_2011-09-23,-2.5849394142282115e-26,2.5849394142282115e-26
Date_2019-11-26,-2.5849394142282115e-26,2.5849394142282115e-26
Date_2014-08-12,2.5849394142282115e-26,2.5849394142282115e-26
Date_2013-04-27,2.5849394142282115e-26,2.5849394142282115e-26
Date_2013-04-10,2.5849394142282115e-26,2.5849394142282115e-26
Date_2020-04-23,-2.5849394142282115e-26,2.5849394142282115e-26
Date_2020-04-12,2.5849394142282115e-26,2.5849394142282115e-26
Date_2014-05-02,2.5849394142282115e-26,2.5849394142282115e-26
Date_2018-05-07,-2.5849394142282115e-26,2.5849394142282115e-26
Date_2014-08-19,-2.5849394142282115e-26,2.5849394142282115e-26
Date_2019-12-09,-2.5849394142282115e-26,2.5849394142282115e-26
Date_2017-01-31,-2.5849394142282115e-26,2.5849394142282115e-26
Date_2013-09-17,-2.5849394142282115e-26,2.5849394142282115e-26
Date_2011-03-31,2.5849394142282115e-26,2.5849394142282115e-26
Date_2018-10-07,-2.5849394142282115e-26,2.5849394142282115e-26
Date_2012-12-18,2.5849394142282115e-26,2.5849394142282115e-26
Date_2013-03-15,-2.5849394142282115e-26,2.5849394142282115e-26
Date_2018-08-12,2.5849394142282115e-26,2.5849394142282115e-26
Date_2014-04-26,-2.5849394142282115e-26,2.5849394142282115e-26
Date_2020-05-13,2.5849394142282115e-26,2.5849394142282115e-26
Date_2011-07-12,2.5849394142282115e-26,2.5849394142282115e-26
Date_2015-06-12,-2.5849394142282115e-26,2.5849394142282115e-26
Date_2020-06-05,-2.5849394142282115e-26,2.5849394142282115e-26
Date_2019-02-28,-2.5849394142282115e-26,2.5849394142282115e-26
Date_2019-03-05,-2.5849394142282115e-26,2.5849394142282115e-26
Date_2020-06-27,-2.5849394142282115e-26,2.5849394142282115e-26
Date_2014-07-10,-2.5849394142282115e-26,2.5849394142282115e-26
Date_2012-09-07,2.5849394142282115e-26,2.5849394142282115e-26
Date_2019-10-16,-2.5849394142282115e-26,2.5849394142282115e-26
Date_2017-03-10,-2.5849394142282115e-26,2.5849394142282115e-26
Date_2012-05-22,-2.5849394142282115e-26,2.5849394142282115e-26
Date_2019-05-03,-2.5849394142282115e-26,2.5849394142282115e-26
Date_2015-08-10,-2.5849394142282115e-26,2.5849394142282115e-26
Date_2019-10-20,2.5849394142282115e-26,2.5849394142282115e-26
Date_2016-04-23,-2.5849394142282115e-26,2.5849394142282115e-26
Date_2015-03-12,-2.5849394142282115e-26,2.5849394142282115e-26
Date_2020-05-30,2.5849394142282115e-26,2.5849394142282115e-26
Date_2019-03-25,2.5849394142282115e-26,2.5849394142282115e-26
Date_2019-03-23,-2.5849394142282115e-26,2.5849394142282115e-26
Date_2020-05-29,2.5849394142282115e-26,2.5849394142282115e-26
Date_2020-03-22,-2.5849394142282115e-26,2.5849394142282115e-26
Date_2016-06-05,-2.5849394142282115e-26,2.5849394142282115e-26
Date_2016-06-08,-2.5849394142282115e-26,2.5849394142282115e-26
Date_2014-04-11,2.5849394142282115e-26,2.5849394142282115e-26
Date_2016-06-02,2.5849394142282115e-26,2.5849394142282115e-26
Date_2013-06-30,2.50416005753358e-26,2.50416005753358e-26
Date_2018-03-12,2.4233807008389483e-26,2.4233807008389483e-26
Date_2020-07-14,-2.261821987449685e-26,2.261821987449685e-26
Date_2013-11-28,2.261821987449685e-26,2.261821987449685e-26
Date_2014-02-18,-1.9387045606711586e-26,1.9387045606711586e-26
Date_2020-07-31,1.9387045606711586e-26,1.9387045606711586e-26
Date_2020-05-11,1.9387045606711586e-26,1.9387045606711586e-26
Date_2011-01-11,1.7771458472818954e-26,1.7771458472818954e-26
Date_2019-02-21,1.7771458472818954e-26,1.7771458472818954e-26
Date_2014-03-11,1.6155871338926322e-26,1.6155871338926322e-26
Date_2020-04-29,-1.2924697071141057e-26,1.2924697071141057e-26
Date_2011-06-20,-1.2924697071141057e-26,1.2924697071141057e-26
Date_2020-01-26,-1.2924697071141057e-26,1.2924697071141057e-26
Date_2013-06-12,1.2924697071141057e-26,1.2924697071141057e-26
Date_2014-05-09,1.2924697071141057e-26,1.2924697071141057e-26
Date_2019-04-03,1.2924697071141057e-26,1.2924697071141057e-26
Date_2013-05-10,1.2924697071141057e-26,1.2924697071141057e-26
Date_2016-11-20,-1.2924697071141057e-26,1.2924697071141057e-26
Date_2016-10-23,-1.2924697071141057e-26,1.2924697071141057e-26
Date_2012-03-28,-1.2924697071141057e-26,1.2924697071141057e-26
Date_2019-01-11,1.2924697071141057e-26,1.2924697071141057e-26
Date_2019-04-09,-1.2924697071141057e-26,1.2924697071141057e-26
Date_2013-09-06,-1.2924697071141057e-26,1.2924697071141057e-26
Date_2015-04-15,-1.2924697071141057e-26,1.2924697071141057e-26
Date_2012-06-20,-1.2924697071141057e-26,1.2924697071141057e-26
Date_2017-06-26,-1.2924697071141057e-26,1.2924697071141057e-26
Date_2017-09-24,1.2924697071141057e-26,1.2924697071141057e-26
Date_2020-03-30,1.2924697071141057e-26,1.2924697071141057e-26
Date_2010-10-25,-9.693522803355793e-27,9.693522803355793e-27
Date_2020-07-10,8.077935669463161e-27,8.077935669463161e-27
Date_2018-04-07,6.462348535570529e-27,6.462348535570529e-27
Date_2020-06-17,6.462348535570529e-27,6.462348535570529e-27
Date_2020-04-05,6.462348535570529e-27,6.462348535570529e-27
Date_2017-04-04,-6.462348535570529e-27,6.462348535570529e-27
Date_2017-03-24,6.462348535570529e-27,6.462348535570529e-27
Date_2012-01-22,6.462348535570529e-27,6.462348535570529e-27
Date_2014-11-22,-6.462348535570529e-27,6.462348535570529e-27
Date_2015-01-15,-6.462348535570529e-27,6.462348535570529e-27
Date_2018-11-16,-6.462348535570529e-27,6.462348535570529e-27
Date_2020-01-31,-3.2311742677852644e-27,3.2311742677852644e-27
Date_2012-02-03,-3.2311742677852644e-27,3.2311742677852644e-27
Date_2016-08-31,-3.2311742677852644e-27,3.2311742677852644e-27
Date_2019-04-10,-3.2311742677852644e-27,3.2311742677852644e-27
Date_2017-06-12,-3.2311742677852644e-27,3.2311742677852644e-27
Date_2019-11-21,1.6155871338926322e-27,1.6155871338926322e-27
Date_2020-05-19,1.6155871338926322e-27,1.6155871338926322e-27
Date_2022-02-23,0.0,0.0
Date_2022-02-09,0.0,0.0
Date_2022-02-18,0.0,0.0
Date_2022-04-13,0.0,0.0
Date_2022-04-11,0.0,0.0
Date_2022-04-03,0.0,0.0
Date_2019-06-18,0.0,0.0
Date_2012-01-20,0.0,0.0
Date_2022-01-11,0.0,0.0
Date_2022-04-18,0.0,0.0
Date_2022-02-08,0.0,0.0
Date_2023-01-30,0.0,0.0
Date_2022-12-11,0.0,0.0
Date_2022-11-26,0.0,0.0
Date_2022-12-26,0.0,0.0
Date_2021-11-25,0.0,0.0
Date_2021-11-28,0.0,0.0
Date_2017-10-11,0.0,0.0
Date_2022-04-29,0.0,0.0
Date_2017-10-06,0.0,0.0
Date_2022-01-02,0.0,0.0
Date_2022-01-08,0.0,0.0
Date_2022-01-09,0.0,0.0
Date_2021-12-27,0.0,0.0
Date_2021-12-25,0.0,0.0
Date_2021-12-23,0.0,0.0
Date_2022-01-01,0.0,0.0
Date_2021-12-08,0.0,0.0
Date_2022-04-22,0.0,0.0
Date_2022-04-25,0.0,0.0
Date_2013-01-04,0.0,0.0
Date_2022-05-25,0.0,0.0
Date_2022-05-22,0.0,0.0
Date_2022-05-18,0.0,0.0
Date_2020-05-06,0.0,0.0
Date_2021-10-11,0.0,0.0
Date_2013-04-21,0.0,0.0
Date_2021-10-28,0.0,0.0
Date_2021-10-20,0.0,0.0
Date_2021-11-23,0.0,0.0
Date_2022-04-30,0.0,0.0
Date_2022-05-11,0.0,0.0
Date_2022-05-04,0.0,0.0
Date_2022-05-12,0.0,0.0
Date_2021-11-04,0.0,0.0
Date_2021-11-21,0.0,0.0
Date_2021-11-01,0.0,0.0
Date_2021-09-01,0.0,0.0
Date_2021-08-26,0.0,0.0
Date_2021-08-25,0.0,0.0
Date_2022-05-29,0.0,0.0
Date_2022-05-27,0.0,0.0
Date_2021-10-13,0.0,0.0
Date_2021-09-26,0.0,0.0
Date_2021-09-27,0.0,0.0
Date_2021-10-10,0.0,0.0
Date_2021-09-30,0.0,0.0
Date_2020-05-07,0.0,0.0
Date_2022-04-15,0.0,0.0
Date_2022-04-21,0.0,0.0
Date_2022-01-28,0.0,0.0
Date_2022-02-25,0.0,0.0
Date_2022-03-01,0.0,0.0
Date_2023-01-25,0.0,0.0
Date_2023-02-03,0.0,0.0
Date_2022-03-07,0.0,0.0
Date_2020-02-13,0.0,0.0
Date_2022-03-26,0.0,0.0
Date_2022-03-30,0.0,0.0
Date_2022-03-31,0.0,0.0
Date_2022-03-19,0.0,0.0
Date_2022-04-02,0.0,0.0
Date_2023-01-31,0.0,0.0
Date_2022-11-23,0.0,0.0
Date_2023-01-11,0.0,0.0
Date_2023-01-08,0.0,0.0
Date_2023-01-05,0.0,0.0
Date_2023-01-13,0.0,0.0
Date_2022-11-29,0.0,0.0
Date_2021-07-17,0.0,0.0
Date_2021-07-16,0.0,0.0
Date_2021-07-09,0.0,0.0
Date_2021-06-28,0.0,0.0
Date_2021-06-27,0.0,0.0
Date_2020-05-31,0.0,0.0
Date_2022-07-01,0.0,0.0
Date_2021-08-10,0.0,0.0
Date_2021-07-20,0.0,0.0
Date_2021-08-04,0.0,0.0
Date_2021-07-21,0.0,0.0
Date_2021-07-26,0.0,0.0
Date_2022-06-04,0.0,0.0
Date_2022-06-14,0.0,0.0
Date_2022-06-20,0.0,0.0
Date_2022-06-29,0.0,0.0
Date_2021-09-22,0.0,0.0
Date_2021-09-15,0.0,0.0
Date_2021-09-09,0.0,0.0
Date_2021-09-25,0.0,0.0
Date_2014-02-08,0.0,0.0
Date_2012-11-05,0.0,0.0
Date_2021-06-15,0.0,0.0
Date_2019-03-16,0.0,0.0
Date_2021-06-09,0.0,0.0
Date_2021-05-22,0.0,0.0
Date_2021-05-14,0.0,0.0
Date_2022-07-19,0.0,0.0
Date_2018-04-01,0.0,0.0
Date_2021-06-24,0.0,0.0
Date_2022-07-18,0.0,0.0
Date_2021-06-18,0.0,0.0
Date_2022-07-29,0.0,0.0
Date_2019-12-22,0.0,0.0
Date_2021-05-04,0.0,0.0
Date_2020-07-17,0.0,0.0
Date_2021-04-10,0.0,0.0
Date_2021-04-17,0.0,0.0
Date_2021-03-28,0.0,0.0
Date_2021-03-24,0.0,0.0
Date_2022-08-03,0.0,0.0
Date_2022-08-12,0.0,0.0
Date_2022-08-23,0.0,0.0
Date_2022-08-14,0.0,0.0
Date_2022-08-24,0.0,0.0
Date_2022-08-25,0.0,0.0
Date_2022-08-02,0.0,0.0
Date_2021-04-02,0.0,0.0
Date_2020-07-29,0.0,0.0
Date_2022-08-27,0.0,0.0
Date_2021-02-19,0.0,0.0
Date_2018-06-29,0.0,0.0
Date_2021-03-06,0.0,0.0
Date_2021-03-11,0.0,0.0
Date_2021-03-13,0.0,0.0
Date_2021-06-11,0.0,0.0
Date_2021-04-22,0.0,0.0
Date_2020-06-25,0.0,0.0
Date_2020-06-22,0.0,0.0
Date_2021-05-01,0.0,0.0
Date_2021-05-06,0.0,0.0
Date_2018-03-16,0.0,0.0
Date_2021-07-18,0.0,0.0
Date_2021-06-17,0.0,0.0
Date_2021-01-29,0.0,0.0
Date_2021-01-27,0.0,0.0
Date_2012-09-23,0.0,0.0
Date_2022-09-01,0.0,0.0
Date_2022-08-31,0.0,0.0
Date_2020-08-10,0.0,0.0
Date_2020-08-07,0.0,0.0
Date_2021-03-19,0.0,0.0
Date_2021-02-18,0.0,0.0
Date_2020-08-14,0.0,0.0
Date_2021-01-12,0.0,0.0
Date_2021-02-06,0.0,0.0
Date_2022-09-09,0.0,0.0
Date_2022-09-12,0.0,0.0
Date_2021-01-13,0.0,0.0
Date_2021-01-18,0.0,0.0
Date_2020-09-10,0.0,0.0
Date_2020-09-06,0.0,0.0
Date_2020-12-28,0.0,0.0
Date_2019-01-18,0.0,0.0
Date_2015-03-26,0.0,0.0
Date_2020-12-29,0.0,0.0
Date_2020-12-30,0.0,0.0
Date_2021-01-05,0.0,0.0
Date_2022-09-28,0.0,0.0
Date_2022-09-29,0.0,0.0
Date_2020-08-25,0.0,0.0
Date_2020-08-26,0.0,0.0
Date_2020-09-01,0.0,0.0
Date_2020-09-03,0.0,0.0
Date_2022-09-26,0.0,0.0
Date_2022-09-27,0.0,0.0
Date_2020-11-23,0.0,0.0
Date_2022-10-15,0.0,0.0
Date_2022-10-13,0.0,0.0
Date_2022-10-09,0.0,0.0
Date_2022-10-06,0.0,0.0
Date_2022-10-04,0.0,0.0
Date_2020-12-03,0.0,0.0
Date_2020-11-25,0.0,0.0
Date_2020-12-21,0.0,0.0
Date_2022-10-23,0.0,0.0
Date_2022-10-24,0.0,0.0
Date_2020-11-27,0.0,0.0
Date_2020-12-09,0.0,0.0
Date_2020-12-14,0.0,0.0
Date_2020-12-17,0.0,0.0
Date_2020-12-07,0.0,0.0
Date_2019-01-19,0.0,0.0
Date_2022-11-17,0.0,0.0
Date_2022-11-14,0.0,0.0
Date_2022-11-11,0.0,0.0
Date_2022-10-26,0.0,0.0
Date_2020-11-14,0.0,0.0
Date_2020-09-18,0.0,0.0
Date_2019-01-23,0.0,0.0
Date_2018-12-27,0.0,0.0
Date_2020-09-23,0.0,0.0
Date_2020-11-17,0.0,0.0
Date_2020-09-25,0.0,0.0
Date_2020-10-25,0.0,0.0
Date_2020-09-29,0.0,0.0
Date_2019-11-12,0.0,0.0
Date_2022-11-19,0.0,0.0
